TM,STN,TA,POP,is_precip,WD_sin,WD_cos,SKY
202101010000,104,-5.4,0,0,-0.9396926207859084,-0.34202014332566855,DB01
202101010100,104,-4.8,0,0,-0.9396926207859084,-0.34202014332566855,DB01
202101010200,104,-5.1,0,0,-0.9396926207859084,-0.34202014332566855,DB01
202101010300,104,-5.3,0,0,-1.0,-1.8369701987210297e-16,DB01
202101010400,104,-7.3,0,0,1.2246467991473532e-16,-1.0,DB01
202101010500,104,-6.9,0,0,-0.9396926207859084,-0.34202014332566855,DB01
202101010600,104,-4.9,0,0,-1.0,-1.8369701987210297e-16,DB01
202101010700,104,-7.3,0,0,0.9396926207859084,-0.3420201433256687,DB01
202101010800,104,-7.7,0,0,0.9396926207859084,-0.3420201433256687,DB01
202101010900,104,-5.5,0,0,1.2246467991473532e-16,-1.0,DB01
202101011000,104,-2.5,0,0,0.6427876096865395,-0.7660444431189779,DB01
202101011100,104,-1.2,0,0,1.0,6.123233995736766e-17,DB01
202101011200,104,1.1,0,0,-0.3420201433256686,0.9396926207859084,DB01
202101011300,104,1.5,0,0,-1.0,-1.8369701987210297e-16,DB01
202101011400,104,2.3,0,0,-1.0,-1.8369701987210297e-16,DB01
202101011500,104,2.6,0,0,-0.6427876096865396,0.7660444431189778,DB01
202101011600,104,1.6,0,0,-0.9396926207859084,-0.34202014332566855,DB01
202101011700,104,-0.2,0,0,-1.0,-1.8369701987210297e-16,DB01
202101011800,104,-2.4,0,0,1.0,6.123233995736766e-17,DB01
202101011900,104,-3.1,0,0,-0.6427876096865396,0.7660444431189778,DB01
202101012000,104,-2.3,0,0,1.2246467991473532e-16,-1.0,DB01
202101012100,104,-3.1,0,0,0.0,1.0,DB01
202101012200,104,-4.1,0,0,-1.0,-1.8369701987210297e-16,DB02
202101012300,104,-4.0,0,0,-1.0,-1.8369701987210297e-16,DB02
202101020000,104,-3.4,0,0,-0.7660444431189779,-0.6427876096865395,DB02
202101020100,104,-3.3,0,0,-1.0,-1.8369701987210297e-16,DB02
202101020200,104,-3.3,0,0,-1.0,-1.8369701987210297e-16,DB02
202101020300,104,-3.2,0,0,-0.9396926207859084,-0.34202014332566855,DB01
202101020400,104,-3.2,0,0,-0.6427876096865396,0.7660444431189778,DB01
202101020500,104,-4.3,0,0,0.0,1.0,DB01
202101020600,104,-6.0,0,0,-0.7660444431189779,-0.6427876096865395,DB01
202101020700,104,-6.8,0,0,0.6427876096865395,-0.7660444431189779,DB01
202101020800,104,-4.7,0,0,-1.0,-1.8369701987210297e-16,DB01
202101020900,104,-3.7,0,0,0.6427876096865395,-0.7660444431189779,DB01
202101021000,104,-1.5,0,0,-0.7660444431189779,-0.6427876096865395,DB01
202101021100,104,-0.8,0,0,0.9396926207859084,-0.3420201433256687,DB01
202101021200,104,0.7,0,0,-1.0,-1.8369701987210297e-16,DB01
202101021300,104,1.3,0,0,-1.0,-1.8369701987210297e-16,DB01
202101021400,104,1.5,0,0,-1.0,-1.8369701987210297e-16,DB01
202101021500,104,1.8,0,0,-1.0,-1.8369701987210297e-16,DB01
202101021600,104,1.0,0,0,-0.9396926207859083,0.342020143325669,DB01
202101021700,104,-0.8,0,0,0.9396926207859083,0.3420201433256688,DB01
202101021800,104,-2.1,0,0,0.9396926207859083,0.3420201433256688,DB01
202101021900,104,-3.5,0,0,0.6427876096865395,-0.7660444431189779,DB01
202101022000,104,-3.4,0,0,0.9396926207859084,-0.3420201433256687,DB01
202101022100,104,-3.9,0,0,0.9396926207859084,-0.3420201433256687,DB01
202101022200,104,-3.9,0,0,0.9396926207859084,-0.3420201433256687,DB01
202101022300,104,-5.0,0,0,-1.0,-1.8369701987210297e-16,DB01
202101030000,104,-5.3,0,0,-0.7660444431189779,-0.6427876096865395,DB01
202101030100,104,-4.9,0,0,0.3420201433256689,-0.9396926207859083,DB01
202101030200,104,-5.7,0,0,-0.34202014332566866,-0.9396926207859084,DB01
202101030300,104,-6.3,0,0,0.9396926207859084,-0.3420201433256687,DB01
202101030400,104,-6.5,0,0,0.9396926207859084,-0.3420201433256687,DB01
202101030500,104,-7.6,0,0,0.3420201433256689,-0.9396926207859083,DB01
202101030600,104,-6.8,0,0,0.6427876096865395,-0.7660444431189779,DB01
202101030700,104,-4.2,0,0,-0.7660444431189779,-0.6427876096865395,DB01
202101030800,104,-3.8,0,0,-1.0,-1.8369701987210297e-16,DB01
202101030900,104,-4.6,0,0,1.0,6.123233995736766e-17,DB01
202101031000,104,-2.5,0,0,0.6427876096865395,-0.7660444431189779,DB01
202101031100,104,-1.0,0,0,-1.0,-1.8369701987210297e-16,DB01
202101031200,104,0.3,0,0,-1.0,-1.8369701987210297e-16,DB01
202101031300,104,1.0,0,0,-1.0,-1.8369701987210297e-16,DB02
202101031400,104,1.0,0,0,-1.0,-1.8369701987210297e-16,DB03
202101031500,104,1.2,0,0,-1.0,-1.8369701987210297e-16,DB04
202101031600,104,0.5,0,0,-1.0,-1.8369701987210297e-16,DB04
202101031700,104,-0.7,0,0,0.0,1.0,DB04
202101031800,104,-1.9,0,0,0.0,1.0,DB04
202101031900,104,-2.7,0,0,0.9396926207859083,0.3420201433256688,DB02
202101032000,104,-2.5,0,0,-0.34202014332566866,-0.9396926207859084,DB01
202101032100,104,-3.5,0,0,0.3420201433256689,-0.9396926207859083,DB01
202101032200,104,-3.2,0,0,0.6427876096865395,-0.7660444431189779,DB01
202101032300,104,-4.1,0,0,0.9396926207859084,-0.3420201433256687,DB01
202101040000,104,-4.3,0,0,0.9396926207859084,-0.3420201433256687,DB01
202101040100,104,-5.1,0,0,0.6427876096865395,-0.7660444431189779,DB01
202101040200,104,-5.1,0,0,0.6427876096865395,-0.7660444431189779,DB01
202101040300,104,-5.6,0,0,1.2246467991473532e-16,-1.0,DB01
202101040400,104,-5.8,0,0,0.3420201433256689,-0.9396926207859083,DB01
202101040500,104,-5.5,0,0,0.6427876096865395,-0.7660444431189779,DB01
202101040600,104,-4.9,0,0,1.2246467991473532e-16,-1.0,DB01
202101040700,104,-5.4,0,0,0.6427876096865395,-0.7660444431189779,DB02
202101040800,104,-6.2,0,0,0.6427876096865395,-0.7660444431189779,DB01
202101040900,104,-3.3,0,0,0.3420201433256689,-0.9396926207859083,DB01
202101041000,104,-0.2,0,0,0.3420201433256689,-0.9396926207859083,DB01
202101041100,104,1.9,0,0,-1.0,-1.8369701987210297e-16,DB01
202101041200,104,3.6,0,0,0.766044443118978,0.6427876096865394,DB01
202101041300,104,3.5,0,0,1.0,6.123233995736766e-17,DB03
202101041400,104,4.1,0,0,1.0,6.123233995736766e-17,DB03
202101041500,104,3.7,0,0,1.0,6.123233995736766e-17,DB03
202101041600,104,3.1,0,0,-0.3420201433256686,0.9396926207859084,DB03
202101041700,104,2.5,0,0,0.0,1.0,DB04
202101041800,104,2.2,0,0,0.6427876096865395,-0.7660444431189779,DB04
202101041900,104,1.4,0,0,-0.7660444431189779,-0.6427876096865395,DB03
202101042000,104,0.9,0,0,-0.7660444431189779,-0.6427876096865395,DB03
202101042100,104,0.1,0,0,1.2246467991473532e-16,-1.0,DB03
202101042200,104,0.2,0,0,0.9396926207859084,-0.3420201433256687,DB04
202101042300,104,0.0,0,0,-0.9396926207859083,0.342020143325669,DB04
202101050000,104,-0.7,0,0,-0.9396926207859083,0.342020143325669,DB04
202101050100,104,-0.2,0,0,-0.6427876096865396,0.7660444431189778,DB04
202101050200,104,-0.8,0,0,-0.9396926207859084,-0.34202014332566855,DB04
202101050300,104,-1.6,0,0,0.0,1.0,DB04
202101050400,104,-2.6,0,0,-1.0,-1.8369701987210297e-16,DB02
202101050500,104,-3.3,0,0,-0.9396926207859083,0.342020143325669,DB02
202101050600,104,-3.3,0,0,0.0,1.0,DB01
202101050700,104,-3.1,0,0,0.0,1.0,DB01
202101050800,104,-3.2,0,0,0.6427876096865395,-0.7660444431189779,DB02
202101050900,104,-1.2,0,0,0.0,1.0,DB01
202101051000,104,0.2,0,0,-0.7660444431189779,-0.6427876096865395,DB01
202101051100,104,0.5,0,0,-0.7660444431189779,-0.6427876096865395,DB01
202101051200,104,1.2,0,0,-1.0,-1.8369701987210297e-16,DB01
202101051300,104,1.1,0,0,-1.0,-1.8369701987210297e-16,DB01
202101051400,104,1.3,0,0,-0.9396926207859083,0.342020143325669,DB01
202101051500,104,0.6,0,0,-1.0,-1.8369701987210297e-16,DB02
202101051600,104,0.2,0,0,-0.6427876096865396,0.7660444431189778,DB02
202101051700,104,-1.7,0,0,-0.9396926207859084,-0.34202014332566855,DB01
202101051800,104,-2.7,0,0,-1.0,-1.8369701987210297e-16,DB01
202101051900,104,-3.8,0,0,-1.0,-1.8369701987210297e-16,DB01
202101052000,104,-4.2,0,0,-0.7660444431189779,-0.6427876096865395,DB01
202101052100,104,-4.8,0,0,-0.34202014332566866,-0.9396926207859084,DB01
202101052200,104,-6.2,0,0,-0.34202014332566866,-0.9396926207859084,DB01
202101052300,104,-6.7,0,0,0.3420201433256689,-0.9396926207859083,DB01
202101060000,104,-7.2,0,0,0.3420201433256689,-0.9396926207859083,DB01
202101060100,104,-7.1,0,0,1.2246467991473532e-16,-1.0,DB01
202101060200,104,-7.3,0,0,0.3420201433256689,-0.9396926207859083,DB01
202101060300,104,-7.5,0,0,1.2246467991473532e-16,-1.0,DB01
202101060400,104,-8.0,0,0,1.2246467991473532e-16,-1.0,DB01
202101060500,104,-7.4,0,0,-0.34202014332566866,-0.9396926207859084,DB01
202101060600,104,-8.6,0,0,0.3420201433256689,-0.9396926207859083,DB01
202101060700,104,-8.6,0,0,0.6427876096865395,-0.7660444431189779,DB01
202101060800,104,-8.2,0,0,0.3420201433256689,-0.9396926207859083,DB01
202101060900,104,-6.4,0,0,0.6427876096865395,-0.7660444431189779,DB01
202101061000,104,-4.3,0,0,0.3420201433256689,-0.9396926207859083,DB01
202101061100,104,-3.8,0,0,-0.34202014332566866,-0.9396926207859084,DB01
202101061200,104,-2.4,0,0,-1.0,-1.8369701987210297e-16,DB01
202101061300,104,-2.1,0,0,-0.9396926207859083,0.342020143325669,DB01
202101061400,104,-1.7,0,0,-0.9396926207859084,-0.34202014332566855,DB01
202101061500,104,-1.2,0,0,-1.0,-1.8369701987210297e-16,DB01
202101061600,104,-1.2,0,0,-1.0,-1.8369701987210297e-16,DB01
202101061700,104,-2.8,0,0,-0.34202014332566866,-0.9396926207859084,DB01
202101061800,104,-3.7,0,0,-0.34202014332566866,-0.9396926207859084,DB01
202101061900,104,-5.0,0,0,-0.7660444431189779,-0.6427876096865395,DB01
202101062000,104,-5.7,0,0,1.2246467991473532e-16,-1.0,DB01
202101062100,104,-5.3,0,0,0.3420201433256689,-0.9396926207859083,DB02
202101062200,104,-4.8,0,0,-0.34202014332566866,-0.9396926207859084,DB02
202101062300,104,-5.1,0,0,-0.9396926207859084,-0.34202014332566855,DB03
202101070000,104,-5.7,0,0,0.6427876096865395,-0.7660444431189779,DB04
202101070100,104,-6.0,0,0,0.6427876096865395,-0.7660444431189779,DB04
202101070200,104,-6.0,0,0,-0.34202014332566866,-0.9396926207859084,DB03
202101070300,104,-5.4,0,0,-0.9396926207859084,-0.34202014332566855,DB03
202101070400,104,-8.2,0,0,-0.7660444431189779,-0.6427876096865395,DB03
202101070500,104,-9.6,0,0,-0.9396926207859084,-0.34202014332566855,DB02
202101070600,104,-10.6,0,0,-0.7660444431189779,-0.6427876096865395,DB01
202101070700,104,-11.9,0,0,-0.9396926207859083,0.342020143325669,DB01
202101070800,104,-12.6,0,0,-1.0,-1.8369701987210297e-16,DB01
202101070900,104,-11.7,0,0,-0.9396926207859084,-0.34202014332566855,DB01
202101071000,104,-11.0,0,0,-1.0,-1.8369701987210297e-16,DB01
202101071100,104,-10.8,0,0,-0.9396926207859084,-0.34202014332566855,DB01
202101071200,104,-10.2,0,0,-1.0,-1.8369701987210297e-16,DB01
202101071300,104,-9.6,0,0,-1.0,-1.8369701987210297e-16,DB01
202101071400,104,-8.7,0,0,-1.0,-1.8369701987210297e-16,DB01
202101071500,104,-8.7,0,0,-0.9396926207859084,-0.34202014332566855,DB01
202101071600,104,-9.1,0,0,-0.9396926207859083,0.342020143325669,DB01
202101071700,104,-10.2,0,0,-0.7660444431189779,-0.6427876096865395,DB01
202101071800,104,-11.4,0,0,0.6427876096865395,-0.7660444431189779,DB01
202101071900,104,-11.5,0,0,-0.9396926207859084,-0.34202014332566855,DB01
202101072000,104,-11.9,0,0,-0.6427876096865396,0.7660444431189778,DB01
202101072100,104,-13.5,0,0,0.9396926207859084,-0.3420201433256687,DB01
202101072200,104,-13.8,0,0,0.9396926207859084,-0.3420201433256687,DB01
202101072300,104,-14.2,0,0,0.9396926207859084,-0.3420201433256687,DB01
202101080000,104,-15.0,0,0,0.0,1.0,DB01
202101080100,104,-16.3,0,0,0.0,1.0,DB01
202101080200,104,-15.8,0,0,0.0,1.0,DB01
202101080300,104,-15.9,0,0,-0.34202014332566866,-0.9396926207859084,DB01
202101080400,104,-14.3,0,0,-0.7660444431189779,-0.6427876096865395,DB01
202101080500,104,-16.3,0,0,0.6427876096865395,-0.7660444431189779,DB01
202101080600,104,-15.6,0,0,0.6427876096865395,-0.7660444431189779,DB01
202101080700,104,-15.8,0,0,0.3420201433256689,-0.9396926207859083,DB01
202101080800,104,-15.8,0,0,0.6427876096865395,-0.7660444431189779,DB01
202101080900,104,-13.8,0,0,0.3420201433256689,-0.9396926207859083,DB01
202101081000,104,-12.1,0,0,1.0,6.123233995736766e-17,DB01
202101081100,104,-10.3,0,0,0.9396926207859083,0.3420201433256688,DB01
202101081200,104,-9.1,0,0,0.6427876096865395,-0.7660444431189779,DB01
202101081300,104,-7.8,0,0,-1.0,-1.8369701987210297e-16,DB01
202101081400,104,-7.8,0,0,-0.9396926207859083,0.342020143325669,DB01
202101081500,104,-7.0,0,0,-1.0,-1.8369701987210297e-16,DB01
202101081600,104,-7.5,0,0,-1.0,-1.8369701987210297e-16,DB01
202101081800,104,-10.0,0,0,0.0,1.0,DB01
202101081900,104,-9.5,0,0,-0.9396926207859083,0.342020143325669,DB01
202101082000,104,-10.9,0,0,-0.3420201433256686,0.9396926207859084,DB01
202101082100,104,-11.5,0,0,0.9396926207859084,-0.3420201433256687,DB01
202101082200,104,-12.4,0,0,0.9396926207859084,-0.3420201433256687,DB01
202101082300,104,-12.4,0,0,0.3420201433256689,-0.9396926207859083,DB01
202101090000,104,-13.9,0,0,0.6427876096865395,-0.7660444431189779,DB01
202101090100,104,-14.5,0,0,0.6427876096865395,-0.7660444431189779,DB01
202101090200,104,-12.6,0,0,-0.34202014332566866,-0.9396926207859084,DB01
202101090300,104,-13.7,0,0,1.2246467991473532e-16,-1.0,DB01
202101090400,104,-14.5,0,0,0.9396926207859083,0.3420201433256688,DB01
202101090500,104,-13.9,0,0,1.2246467991473532e-16,-1.0,DB01
202101090600,104,-13.6,0,0,0.6427876096865395,-0.7660444431189779,DB01
202101090700,104,-13.3,0,0,-0.7660444431189779,-0.6427876096865395,DB01
202101090800,104,-13.3,0,0,0.6427876096865395,-0.7660444431189779,DB01
202101090900,104,-10.0,0,0,-0.9396926207859084,-0.34202014332566855,DB01
202101091000,104,-9.2,0,0,0.6427876096865395,-0.7660444431189779,DB01
202101091100,104,-6.5,0,0,-1.0,-1.8369701987210297e-16,DB01
202101091200,104,-5.6,0,0,-0.9396926207859083,0.342020143325669,DB01
202101091300,104,-5.3,0,0,-1.0,-1.8369701987210297e-16,DB01
202101091400,104,-5.1,0,0,-1.0,-1.8369701987210297e-16,DB01
202101091500,104,-5.5,0,0,-1.0,-1.8369701987210297e-16,DB01
202101091600,104,-5.2,0,0,-0.9396926207859084,-0.34202014332566855,DB01
202101091700,104,-6.5,0,0,-0.7660444431189779,-0.6427876096865395,DB01
202101091800,104,-7.5,0,0,-0.7660444431189779,-0.6427876096865395,DB01
202101091900,104,-9.6,0,0,0.9396926207859084,-0.3420201433256687,DB01
202101092000,104,-10.2,0,0,0.3420201433256689,-0.9396926207859083,DB01
202101092100,104,-9.9,0,0,0.6427876096865395,-0.7660444431189779,DB01
202101092200,104,-10.8,0,0,0.6427876096865395,-0.7660444431189779,DB01
202101092300,104,-10.5,0,0,0.3420201433256689,-0.9396926207859083,DB01
202101100000,104,-11.8,0,0,0.6427876096865395,-0.7660444431189779,DB01
202101100100,104,-12.0,0,0,0.6427876096865395,-0.7660444431189779,DB01
202101100200,104,-11.7,0,0,0.3420201433256689,-0.9396926207859083,DB01
202101100300,104,-12.1,0,0,0.6427876096865395,-0.7660444431189779,DB01
202101100400,104,-11.6,0,0,0.3420201433256689,-0.9396926207859083,DB01
202101100500,104,-11.0,0,0,0.3420201433256689,-0.9396926207859083,DB01
202101100600,104,-10.6,0,0,0.3420201433256689,-0.9396926207859083,DB01
202101100700,104,-10.8,0,0,1.2246467991473532e-16,-1.0,DB01
202101100800,104,-10.5,0,0,0.6427876096865395,-0.7660444431189779,DB01
202101100900,104,-6.8,0,0,0.6427876096865395,-0.7660444431189779,DB01
202101101000,104,-4.2,0,0,0.9396926207859084,-0.3420201433256687,DB01
202101101100,104,-3.0,0,0,0.6427876096865395,-0.7660444431189779,DB01
202101101200,104,-2.3,0,0,0.6427876096865395,-0.7660444431189779,DB01
202101101300,104,-1.2,0,0,-1.0,-1.8369701987210297e-16,DB02
202101101400,104,-0.1,0,0,-1.0,-1.8369701987210297e-16,DB02
202101101500,104,0.3,0,0,-0.9396926207859084,-0.34202014332566855,DB01
202101101600,104,-0.6,0,0,-1.0,-1.8369701987210297e-16,DB02
202101101700,104,-1.9,0,0,-0.9396926207859083,0.342020143325669,DB01
202101101800,104,-2.9,0,0,-1.0,-1.8369701987210297e-16,DB01
202101101900,104,-4.1,0,0,0.9396926207859083,0.3420201433256688,DB01
202101102000,104,-4.2,0,0,0.0,1.0,DB01
202101102100,104,-6.4,0,0,0.0,1.0,DB01
202101102200,104,-6.4,0,0,0.6427876096865395,-0.7660444431189779,DB01
202101102300,104,-6.9,0,0,-0.9396926207859083,0.342020143325669,DB01
202101110000,104,-7.1,0,0,-0.9396926207859084,-0.34202014332566855,DB01
202101110100,104,-5.9,0,0,-0.9396926207859084,-0.34202014332566855,DB01
202101110200,104,-6.7,0,0,0.3420201433256689,-0.9396926207859083,DB01
202101110300,104,-6.9,0,0,0.6427876096865395,-0.7660444431189779,DB01
202101110400,104,-6.9,0,0,-0.34202014332566866,-0.9396926207859084,DB01
202101110500,104,-7.6,0,0,0.3420201433256689,-0.9396926207859083,DB01
202101110600,104,-7.4,0,0,0.3420201433256689,-0.9396926207859083,DB01
202101110700,104,-7.1,0,0,0.6427876096865395,-0.7660444431189779,DB02
202101110800,104,-6.6,0,0,0.6427876096865395,-0.7660444431189779,DB03
202101110900,104,-5.4,0,0,1.2246467991473532e-16,-1.0,DB03
202101111000,104,-3.7,0,0,0.3420201433256689,-0.9396926207859083,DB04
202101111100,104,-2.8,0,0,0.3420201433256689,-0.9396926207859083,DB04
202101111200,104,-1.2,0,0,0.3420201433256689,-0.9396926207859083,DB04
202101111300,104,-0.5,0,0,1.2246467991473532e-16,-1.0,DB04
202101111400,104,-0.3,0,0,0.6427876096865395,-0.7660444431189779,DB04
202101111500,104,0.1,0,0,-0.9396926207859084,-0.34202014332566855,DB04
202101111600,104,-0.1,0,0,-1.0,-1.8369701987210297e-16,DB04
202101111700,104,-0.5,0,0,0.0,1.0,DB04
202101111800,104,-1.3,0,0,0.6427876096865395,-0.7660444431189779,DB04
202101111900,104,-1.8,0,0,0.6427876096865395,-0.7660444431189779,DB04
202101112000,104,-2.5,0,0,0.6427876096865395,-0.7660444431189779,DB03
202101112100,104,-2.6,0,0,0.3420201433256689,-0.9396926207859083,DB03
202101112200,104,-3.1,0,0,0.3420201433256689,-0.9396926207859083,DB03
202101112300,104,-2.9,0,0,0.3420201433256689,-0.9396926207859083,DB03
202101120000,104,-3.2,0,0,0.6427876096865395,-0.7660444431189779,DB03
202101120100,104,-4.1,0,0,0.6427876096865395,-0.7660444431189779,DB03
202101120200,104,-4.1,0,0,0.9396926207859084,-0.3420201433256687,DB04
202101120300,104,-3.3,0,0,-1.0,-1.8369701987210297e-16,DB02
202101120400,104,-4.2,0,0,-0.7660444431189779,-0.6427876096865395,DB01
202101120500,104,-4.9,0,0,1.2246467991473532e-16,-1.0,DB01
202101120600,104,-5.5,0,0,-0.34202014332566866,-0.9396926207859084,DB01
202101120700,104,-6.5,0,0,0.3420201433256689,-0.9396926207859083,DB01
202101120800,104,-4.4,0,0,0.3420201433256689,-0.9396926207859083,DB01
202101120900,104,-3.2,0,0,0.6427876096865395,-0.7660444431189779,DB01
202101121000,104,-0.4,0,0,0.6427876096865395,-0.7660444431189779,DB01
202101121100,104,1.0,0,0,0.3420201433256689,-0.9396926207859083,DB01
202101121200,104,2.4,0,0,-0.7660444431189779,-0.6427876096865395,DB01
202101121300,104,3.2,0,0,-0.34202014332566866,-0.9396926207859084,DB02
202101121400,104,3.0,0,0,-0.34202014332566866,-0.9396926207859084,DB02
202101121500,104,2.6,0,0,-0.9396926207859084,-0.34202014332566855,DB03
202101121600,104,2.0,0,0,1.2246467991473532e-16,-1.0,DB02
202101121700,104,0.7,0,0,0.3420201433256689,-0.9396926207859083,DB03
202101121800,104,0.8,0,0,1.2246467991473532e-16,-1.0,DB04
202101121900,104,0.4,0,0,0.3420201433256689,-0.9396926207859083,DB04
202101122000,104,0.5,0,0,0.3420201433256689,-0.9396926207859083,DB03
202101122100,104,-0.2,0,0,0.9396926207859084,-0.3420201433256687,DB03
202101122200,104,-0.4,0,0,0.6427876096865395,-0.7660444431189779,DB03
202101122300,104,-0.3,0,0,0.6427876096865395,-0.7660444431189779,DB03
202101130000,104,-0.6,0,0,0.9396926207859084,-0.3420201433256687,DB01
202101130100,104,-1.3,0,0,1.2246467991473532e-16,-1.0,DB01
202101130200,104,-2.0,0,0,-0.9396926207859084,-0.34202014332566855,DB02
202101130300,104,0.6,0,0,0.6427876096865395,-0.7660444431189779,DB01
202101130400,104,1.5,0,0,-0.9396926207859084,-0.34202014332566855,DB01
202101130500,104,1.5,0,0,0.3420201433256689,-0.9396926207859083,DB01
202101130600,104,1.0,0,0,0.3420201433256689,-0.9396926207859083,DB01
202101130700,104,1.5,0,0,-0.34202014332566866,-0.9396926207859084,DB01
202101130800,104,1.9,0,0,0.3420201433256689,-0.9396926207859083,DB01
202101130900,104,3.9,0,0,1.2246467991473532e-16,-1.0,DB01
202101131000,104,5.4,0,0,0.3420201433256689,-0.9396926207859083,DB01
202101131100,104,6.9,0,0,-0.34202014332566866,-0.9396926207859084,DB02
202101131200,104,6.9,0,0,-0.7660444431189779,-0.6427876096865395,DB02
202101131300,104,7.8,0,0,-0.34202014332566866,-0.9396926207859084,DB01
202101131400,104,8.7,0,0,-0.34202014332566866,-0.9396926207859084,DB01
202101131500,104,8.5,0,0,1.2246467991473532e-16,-1.0,DB01
202101131600,104,8.8,0,0,-0.34202014332566866,-0.9396926207859084,DB01
202101131700,104,8.2,0,0,-0.34202014332566866,-0.9396926207859084,DB01
202101131800,104,8.1,0,0,-0.34202014332566866,-0.9396926207859084,DB02
202101131900,104,7.8,0,0,-0.34202014332566866,-0.9396926207859084,DB02
202101132000,104,8.0,0,0,-0.34202014332566866,-0.9396926207859084,DB01
202101132100,104,7.3,0,0,-1.0,-1.8369701987210297e-16,DB01
202101132200,104,5.7,0,0,0.0,1.0,DB01
202101132300,104,6.2,0,0,0.0,1.0,DB01
202101140000,104,3.9,0,0,-0.9396926207859083,0.342020143325669,DB01
202101140100,104,3.7,0,0,0.0,1.0,DB01
202101140200,104,4.0,0,0,-1.0,-1.8369701987210297e-16,DB01
202101140300,104,3.8,0,0,-0.9396926207859084,-0.34202014332566855,DB01
202101140400,104,2.8,0,0,1.2246467991473532e-16,-1.0,DB01
202101140500,104,-0.4,0,0,0.9396926207859083,0.3420201433256688,DB01
202101140600,104,-1.7,0,0,0.0,1.0,DB01
202101140700,104,-1.2,0,0,-0.34202014332566866,-0.9396926207859084,DB01
202101140800,104,-1.8,0,0,0.3420201433256689,-0.9396926207859083,DB01
202101140900,104,2.3,0,0,0.3420201433256689,-0.9396926207859083,DB01
202101141000,104,5.1,0,0,0.9396926207859084,-0.3420201433256687,DB01
202101141100,104,6.4,0,0,0.9396926207859083,0.3420201433256688,DB01
202101141200,104,6.8,0,0,0.3420201433256687,0.9396926207859084,DB01
202101141300,104,7.3,0,0,0.766044443118978,0.6427876096865394,DB01
202101141400,104,6.7,0,0,0.3420201433256687,0.9396926207859084,DB01
202101141500,104,6.6,0,0,0.9396926207859083,0.3420201433256688,DB01
202101141600,104,6.1,0,0,0.3420201433256687,0.9396926207859084,DB01
202101141700,104,5.0,0,0,1.0,6.123233995736766e-17,DB01
202101141800,104,2.9,0,0,-0.9396926207859084,-0.34202014332566855,DB01
202101141900,104,2.0,0,0,-0.7660444431189779,-0.6427876096865395,DB01
202101142000,104,2.4,0,0,-0.7660444431189779,-0.6427876096865395,DB01
202101142100,104,1.5,0,0,-0.9396926207859084,-0.34202014332566855,DB01
202101142200,104,1.7,0,0,-0.9396926207859084,-0.34202014332566855,DB02
202101142300,104,1.1,0,0,-0.9396926207859084,-0.34202014332566855,DB02
202101150000,104,0.4,0,0,-0.7660444431189779,-0.6427876096865395,DB01
202101150100,104,-0.1,0,0,1.2246467991473532e-16,-1.0,DB01
202101150200,104,0.3,0,0,1.2246467991473532e-16,-1.0,DB01
202101150300,104,0.3,0,0,0.6427876096865395,-0.7660444431189779,DB02
202101150400,104,-0.8,0,0,0.6427876096865395,-0.7660444431189779,DB02
202101150500,104,3.2,0,0,0.3420201433256689,-0.9396926207859083,DB02
202101150600,104,-1.1,0,0,-1.0,-1.8369701987210297e-16,DB02
202101150700,104,0.7,0,0,0.0,1.0,DB02
202101150800,104,1.4,0,0,-1.0,-1.8369701987210297e-16,DB03
202101150900,104,3.5,0,0,-0.9396926207859083,0.342020143325669,DB03
202101151000,104,3.7,0,0,-0.6427876096865396,0.7660444431189778,DB03
202101151100,104,4.5,0,0,-0.9396926207859083,0.342020143325669,DB03
202101151200,104,6.5,0,0,0.3420201433256687,0.9396926207859084,DB03
202101151300,104,13.1,0,0,-0.6427876096865396,0.7660444431189778,DB03
202101151400,104,12.8,0,0,-1.0,-1.8369701987210297e-16,DB03
202101151500,104,9.0,0,0,-0.6427876096865396,0.7660444431189778,DB02
202101151600,104,9.3,0,0,-0.9396926207859083,0.342020143325669,DB03
202101151700,104,11.8,0,0,-0.7660444431189779,-0.6427876096865395,DB03
202101151800,104,11.8,0,0,-0.7660444431189779,-0.6427876096865395,DB03
202101151900,104,10.3,0,0,-0.7660444431189779,-0.6427876096865395,DB03
202101152000,104,9.6,0,0,-0.7660444431189779,-0.6427876096865395,DB03
202101152100,104,8.5,0,0,-0.7660444431189779,-0.6427876096865395,DB03
202101152200,104,7.9,0,0,-0.9396926207859084,-0.34202014332566855,DB03
202101152300,104,7.1,0,0,-0.7660444431189779,-0.6427876096865395,DB03
202101160000,104,6.3,0,0,-0.7660444431189779,-0.6427876096865395,DB03
202101160100,104,5.7,0,0,-0.9396926207859084,-0.34202014332566855,DB04
202101160200,104,5.3,0,0,-0.34202014332566866,-0.9396926207859084,DB03
202101160300,104,3.8,0,0,0.6427876096865395,-0.7660444431189779,DB01
202101160400,104,1.7,0,0,0.6427876096865395,-0.7660444431189779,DB01
202101160500,104,2.0,0,0,0.0,1.0,DB01
202101160600,104,-0.9,0,0,0.0,1.0,DB01
202101160700,104,-0.8,0,0,0.3420201433256689,-0.9396926207859083,DB01
202101160800,104,-0.7,0,0,-0.9396926207859083,0.342020143325669,DB01
202101160900,104,0.4,0,0,-0.9396926207859084,-0.34202014332566855,DB01
202101161000,104,1.7,0,0,-1.0,-1.8369701987210297e-16,DB01
202101161100,104,2.5,0,0,-0.9396926207859083,0.342020143325669,DB01
202101161200,104,3.3,0,0,-0.3420201433256686,0.9396926207859084,DB01
202101161300,104,2.7,0,0,0.9396926207859084,-0.3420201433256687,DB01
202101161400,104,3.5,0,0,0.3420201433256687,0.9396926207859084,DB02
202101161500,104,3.1,0,0,-0.34202014332566866,-0.9396926207859084,DB02
202101161600,104,2.4,0,0,-0.34202014332566866,-0.9396926207859084,DB01
202101161700,104,0.0,0,0,1.2246467991473532e-16,-1.0,DB01
202101161800,104,-1.1,0,0,-0.34202014332566866,-0.9396926207859084,DB01
202101161900,104,-1.6,0,0,-0.7660444431189779,-0.6427876096865395,DB01
202101162000,104,-3.4,0,0,1.0,6.123233995736766e-17,DB01
202101162100,104,-2.6,0,0,0.6427876096865395,-0.7660444431189779,DB01
202101162200,104,-3.1,0,0,1.2246467991473532e-16,-1.0,DB01
202101162300,104,-3.3,0,0,-0.9396926207859084,-0.34202014332566855,DB02
202101170000,104,-4.0,0,0,-0.7660444431189779,-0.6427876096865395,DB02
202101170100,104,-4.5,0,0,-0.34202014332566866,-0.9396926207859084,DB03
202101170200,104,-4.7,0,0,-0.7660444431189779,-0.6427876096865395,DB03
202101170300,104,-5.5,0,0,1.2246467991473532e-16,-1.0,DB01
202101170400,104,-5.8,0,0,0.3420201433256689,-0.9396926207859083,DB01
202101170500,104,-6.4,0,0,1.2246467991473532e-16,-1.0,DB01
202101170600,104,-6.6,0,0,1.2246467991473532e-16,-1.0,DB01
202101170700,104,-7.6,0,0,0.3420201433256689,-0.9396926207859083,DB01
202101170800,104,-7.9,0,0,0.6427876096865395,-0.7660444431189779,DB01
202101170900,104,-5.6,0,0,0.3420201433256689,-0.9396926207859083,DB01
202101171000,104,-2.6,0,0,-0.9396926207859083,0.342020143325669,DB01
202101171100,104,-1.9,0,0,-1.0,-1.8369701987210297e-16,DB01
202101171200,104,-0.8,0,0,-0.9396926207859083,0.342020143325669,DB01
202101171300,104,-0.9,0,0,-1.0,-1.8369701987210297e-16,DB01
202101171400,104,-0.5,0,0,-1.0,-1.8369701987210297e-16,DB01
202101171500,104,-0.3,0,0,-0.9396926207859083,0.342020143325669,DB01
202101171600,104,0.2,0,0,-0.9396926207859084,-0.34202014332566855,DB01
202101171700,104,-1.3,0,0,-0.9396926207859084,-0.34202014332566855,DB01
202101171800,104,-2.1,0,0,-0.7660444431189779,-0.6427876096865395,DB01
202101171900,104,-2.7,0,0,-0.7660444431189779,-0.6427876096865395,DB01
202101172000,104,-2.8,0,0,-0.7660444431189779,-0.6427876096865395,DB01
202101172100,104,-3.1,0,0,-0.7660444431189779,-0.6427876096865395,DB01
202101172200,104,-3.2,0,0,-0.34202014332566866,-0.9396926207859084,DB01
202101172300,104,-2.8,0,0,-0.7660444431189779,-0.6427876096865395,DB03
202101180000,104,-2.7,0,0,-0.7660444431189779,-0.6427876096865395,DB02
202101180100,104,-2.8,0,0,-0.9396926207859084,-0.34202014332566855,DB03
202101180200,104,-2.6,0,0,-0.7660444431189779,-0.6427876096865395,DB03
202101180300,104,-3.4,0,0,0.6427876096865395,-0.7660444431189779,DB02
202101180400,104,-4.0,0,0,0.9396926207859084,-0.3420201433256687,DB03
202101180500,104,-3.2,0,0,0.6427876096865395,-0.7660444431189779,DB03
202101180600,104,-3.1,0,0,0.6427876096865395,-0.7660444431189779,DB03
202101180700,104,-2.9,0,0,0.6427876096865395,-0.7660444431189779,DB03
202101180800,104,-2.9,0,0,0.0,1.0,DB02
202101180900,104,-1.2,0,0,0.6427876096865395,-0.7660444431189779,DB01
202101181000,104,0.8,0,0,-0.34202014332566866,-0.9396926207859084,DB01
202101181100,104,1.1,0,0,-0.34202014332566866,-0.9396926207859084,DB01
202101181200,104,1.3,0,0,-0.34202014332566866,-0.9396926207859084,DB03
202101181300,104,2.3,0,0,-0.9396926207859084,-0.34202014332566855,DB03
202101181400,104,1.6,0,0,-0.7660444431189779,-0.6427876096865395,DB04
202101181500,104,0.3,0,0,-0.6427876096865396,0.7660444431189778,DB04
202101181600,104,-1.8,0,0,-0.9396926207859083,0.342020143325669,DB04
202101181700,104,-0.3,0,0,-1.0,-1.8369701987210297e-16,DB03
202101181800,104,-2.5,0,0,-0.6427876096865396,0.7660444431189778,DB03
202101181900,104,-2.4,0,0,-0.9396926207859083,0.342020143325669,DB01
202101182000,104,-2.4,0,0,-1.0,-1.8369701987210297e-16,DB01
202101182100,104,-3.7,0,0,-0.9396926207859084,-0.34202014332566855,DB01
202101182200,104,-4.3,0,0,-1.0,-1.8369701987210297e-16,DB01
202101182300,104,-5.4,0,0,-0.9396926207859084,-0.34202014332566855,DB02
202101190000,104,-5.6,0,0,-1.0,-1.8369701987210297e-16,DB01
202101190100,104,-7.0,0,0,1.2246467991473532e-16,-1.0,DB02
202101190200,104,-7.7,0,0,-0.9396926207859084,-0.34202014332566855,DB02
202101190300,104,-7.8,0,0,1.2246467991473532e-16,-1.0,DB01
202101190400,104,-9.2,0,0,0.3420201433256689,-0.9396926207859083,DB01
202101190500,104,-9.6,0,0,0.3420201433256689,-0.9396926207859083,DB01
202101190600,104,-8.9,0,0,0.3420201433256689,-0.9396926207859083,DB01
202101190700,104,-8.7,0,0,0.3420201433256689,-0.9396926207859083,DB01
202101190800,104,-8.5,0,0,0.3420201433256689,-0.9396926207859083,DB01
202101190900,104,-6.3,0,0,0.6427876096865395,-0.7660444431189779,DB01
202101191000,104,-4.3,0,0,0.0,1.0,DB01
202101191100,104,-3.5,0,0,-0.6427876096865396,0.7660444431189778,DB01
202101191200,104,-2.5,0,0,-0.3420201433256686,0.9396926207859084,DB01
202101191300,104,-1.7,0,0,-0.6427876096865396,0.7660444431189778,DB01
202101191400,104,-1.8,0,0,-0.3420201433256686,0.9396926207859084,DB01
202101191500,104,-1.2,0,0,0.3420201433256687,0.9396926207859084,DB01
202101191600,104,-1.7,0,0,0.9396926207859083,0.3420201433256688,DB01
202101191700,104,-2.1,0,0,1.0,6.123233995736766e-17,DB01
202101191800,104,-3.3,0,0,0.0,1.0,DB01
202101191900,104,-4.0,0,0,-0.7660444431189779,-0.6427876096865395,DB01
202101192000,104,-4.0,0,0,-0.34202014332566866,-0.9396926207859084,DB01
202101192100,104,-5.0,0,0,0.0,1.0,DB01
202101192200,104,-6.4,0,0,0.0,1.0,DB01
202101192300,104,-6.0,0,0,0.6427876096865395,-0.7660444431189779,DB01
202101200000,104,-3.3,0,0,0.6427876096865395,-0.7660444431189779,DB01
202101200100,104,-3.3,0,0,0.6427876096865395,-0.7660444431189779,DB01
202101200200,104,-2.2,0,0,0.3420201433256689,-0.9396926207859083,DB01
202101200300,104,-3.3,0,0,0.3420201433256689,-0.9396926207859083,DB01
202101200400,104,-3.9,0,0,0.6427876096865395,-0.7660444431189779,DB01
202101200500,104,-2.8,0,0,0.3420201433256689,-0.9396926207859083,DB01
202101200600,104,-3.8,0,0,0.3420201433256689,-0.9396926207859083,DB01
202101200700,104,-3.7,0,0,0.6427876096865395,-0.7660444431189779,DB01
202101200800,104,-1.5,0,0,0.6427876096865395,-0.7660444431189779,DB01
202101200900,104,0.5,0,0,0.3420201433256689,-0.9396926207859083,DB01
202101201000,104,3.8,0,0,0.6427876096865395,-0.7660444431189779,DB01
202101201100,104,6.2,0,0,0.6427876096865395,-0.7660444431189779,DB01
202101201200,104,7.6,0,0,1.0,6.123233995736766e-17,DB01
202101201300,104,7.9,0,0,0.9396926207859083,0.3420201433256688,DB01
202101201400,104,8.3,0,0,0.9396926207859083,0.3420201433256688,DB01
202101201500,104,8.6,0,0,0.9396926207859083,0.3420201433256688,DB01
202101201600,104,8.4,0,0,0.9396926207859083,0.3420201433256688,DB01
202101201700,104,7.0,0,0,-0.9396926207859084,-0.34202014332566855,DB01
202101201800,104,5.3,0,0,-0.9396926207859083,0.342020143325669,DB01
202101201900,104,6.2,0,0,-0.34202014332566866,-0.9396926207859084,DB03
202101202000,104,5.7,0,0,0.3420201433256689,-0.9396926207859083,DB02
202101202100,104,5.9,0,0,0.3420201433256689,-0.9396926207859083,DB02
202101202200,104,5.9,0,0,0.3420201433256689,-0.9396926207859083,DB03
202101202300,104,5.7,0,0,1.2246467991473532e-16,-1.0,DB02
202101210000,104,6.1,0,0,0.3420201433256689,-0.9396926207859083,DB01
202101210100,104,4.2,0,0,0.6427876096865395,-0.7660444431189779,DB02
202101210200,104,4.9,0,0,-1.0,-1.8369701987210297e-16,DB01
202101210300,104,4.7,0,0,-0.7660444431189779,-0.6427876096865395,DB01
202101210400,104,2.8,0,0,0.9396926207859084,-0.3420201433256687,DB01
202101210500,104,2.8,0,0,1.2246467991473532e-16,-1.0,DB01
202101210600,104,6.8,0,0,-0.34202014332566866,-0.9396926207859084,DB01
202101210700,104,5.5,0,0,-0.34202014332566866,-0.9396926207859084,DB01
202101210800,104,4.0,0,0,0.0,1.0,DB02
202101210900,104,7.6,0,0,0.0,1.0,DB03
202101211000,104,8.4,0,0,0.766044443118978,0.6427876096865394,DB03
202101211100,104,9.0,0,0,0.3420201433256687,0.9396926207859084,DB03
202101211200,104,10.1,0,0,0.9396926207859083,0.3420201433256688,DB04
202101211300,104,10.2,0,0,1.0,6.123233995736766e-17,DB04
202101211400,104,10.8,0,0,0.9396926207859083,0.3420201433256688,DB04
202101211500,104,10.6,0,0,1.0,6.123233995736766e-17,DB04
202101211600,104,10.7,0,0,0.9396926207859083,0.3420201433256688,DB04
202101211700,104,9.9,0,0,-1.0,-1.8369701987210297e-16,DB04
202101211800,104,9.0,0,0,-0.7660444431189779,-0.6427876096865395,DB04
202101211900,104,8.4,0,0,0.0,1.0,DB04
202101212000,104,8.5,0,0,0.6427876096865395,-0.7660444431189779,DB04
202101212100,104,7.9,0,0,0.6427876096865395,-0.7660444431189779,DB03
202101212200,104,7.2,0,0,0.0,1.0,DB04
202101212300,104,7.1,0,0,0.9396926207859083,0.3420201433256688,DB04
202101220000,104,7.6,0,0,0.9396926207859084,-0.3420201433256687,DB04
202101220100,104,7.5,0,0,0.6427876096865395,-0.7660444431189779,DB04
202101220200,104,7.4,0,0,0.6427876096865395,-0.7660444431189779,DB04
202101220300,104,6.7,0,0,0.0,1.0,DB04
202101220400,104,6.7,0,0,-0.9396926207859083,0.342020143325669,DB04
202101220500,104,6.3,0,0,0.6427876096865395,-0.7660444431189779,DB04
202101220600,104,7.1,0,0,0.0,1.0,DB04
202101220700,104,6.3,0,0,0.6427876096865395,-0.7660444431189779,DB04
202101220800,104,7.1,0,0,0.0,1.0,DB03
202101220900,104,6.9,0,0,-0.6427876096865396,0.7660444431189778,DB03
202101221000,104,7.5,0,0,-0.6427876096865396,0.7660444431189778,DB03
202101221100,104,8.3,0,0,-0.6427876096865396,0.7660444431189778,DB02
202101221200,104,8.2,0,0,-0.3420201433256686,0.9396926207859084,DB03
202101221300,104,7.9,0,0,-0.3420201433256686,0.9396926207859084,DB04
202101221400,104,7.9,0,0,-0.3420201433256686,0.9396926207859084,DB04
202101221500,104,7.4,0,0,-0.6427876096865396,0.7660444431189778,DB04
202101221600,104,7.3,0,0,-0.9396926207859083,0.342020143325669,DB04
202101221700,104,6.2,0,0,-1.0,-1.8369701987210297e-16,DB04
202101221800,104,5.7,100,1,-1.0,-1.8369701987210297e-16,DB04
202101221900,104,5.3,0,0,-1.0,-1.8369701987210297e-16,DB04
202101222000,104,5.1,0,0,-1.0,-1.8369701987210297e-16,DB04
202101222100,104,5.0,100,1,-1.0,-1.8369701987210297e-16,DB04
202101222200,104,4.8,0,0,-0.9396926207859083,0.342020143325669,DB04
202101222300,104,4.7,0,0,-1.0,-1.8369701987210297e-16,DB04
202101230000,104,4.8,100,1,-1.0,-1.8369701987210297e-16,DB04
202101230100,104,4.9,0,0,-1.0,-1.8369701987210297e-16,DB04
202101230200,104,5.0,0,0,-1.0,-1.8369701987210297e-16,DB04
202101230300,104,4.7,100,1,-1.0,-1.8369701987210297e-16,DB04
202101230400,104,4.1,0,0,-1.0,-1.8369701987210297e-16,DB04
202101230500,104,3.4,0,0,-0.9396926207859083,0.342020143325669,DB04
202101230600,104,3.0,100,1,-0.9396926207859083,0.342020143325669,DB04
202101230700,104,2.6,0,0,-1.0,-1.8369701987210297e-16,DB04
202101230800,104,2.4,0,0,-1.0,-1.8369701987210297e-16,DB04
202101230900,104,2.3,100,1,-1.0,-1.8369701987210297e-16,DB04
202101231000,104,2.3,0,0,-1.0,-1.8369701987210297e-16,DB04
202101231100,104,2.5,0,0,-1.0,-1.8369701987210297e-16,DB04
202101231200,104,2.5,100,1,-1.0,-1.8369701987210297e-16,DB04
202101231300,104,2.5,0,0,-1.0,-1.8369701987210297e-16,DB04
202101231400,104,2.4,0,0,-1.0,-1.8369701987210297e-16,DB04
202101231500,104,2.4,100,1,-1.0,-1.8369701987210297e-16,DB04
202101231600,104,2.3,0,0,-1.0,-1.8369701987210297e-16,DB04
202101231700,104,2.3,0,0,-1.0,-1.8369701987210297e-16,DB04
202101231800,104,2.2,100,1,-1.0,-1.8369701987210297e-16,DB04
202101231900,104,2.3,0,0,-1.0,-1.8369701987210297e-16,DB04
202101232000,104,2.3,0,0,-0.9396926207859083,0.342020143325669,DB04
202101232100,104,2.3,100,1,-0.9396926207859083,0.342020143325669,DB04
202101232200,104,2.3,0,0,-0.9396926207859083,0.342020143325669,DB04
202101232300,104,2.3,0,0,-0.9396926207859083,0.342020143325669,DB04
202101240000,104,2.5,100,1,-1.0,-1.8369701987210297e-16,DB04
202101240100,104,2.5,0,0,-1.0,-1.8369701987210297e-16,DB04
202101240200,104,2.5,0,0,-0.9396926207859083,0.342020143325669,DB04
202101240300,104,2.4,100,1,-1.0,-1.8369701987210297e-16,DB04
202101240400,104,2.5,0,0,-0.9396926207859083,0.342020143325669,DB04
202101240500,104,2.6,0,0,-1.0,-1.8369701987210297e-16,DB04
202101240600,104,2.7,100,1,-0.9396926207859083,0.342020143325669,DB04
202101240700,104,2.7,0,0,-0.9396926207859083,0.342020143325669,DB04
202101240800,104,3.0,0,0,-1.0,-1.8369701987210297e-16,DB04
202101240900,104,3.2,100,1,-1.0,-1.8369701987210297e-16,DB04
202101241000,104,3.7,0,0,-1.0,-1.8369701987210297e-16,DB04
202101241100,104,4.3,0,0,0.6427876096865395,-0.7660444431189779,DB04
202101241200,104,6.1,0,0,-0.9396926207859083,0.342020143325669,DB03
202101241300,104,6.2,0,0,0.0,1.0,DB03
202101241400,104,6.5,0,0,0.0,1.0,DB03
202101241500,104,6.2,0,0,0.3420201433256687,0.9396926207859084,DB03
202101241600,104,6.2,0,0,0.3420201433256687,0.9396926207859084,DB04
202101241700,104,6.2,0,0,1.0,6.123233995736766e-17,DB04
202101241800,104,5.6,0,0,0.0,1.0,DB04
202101241900,104,5.7,0,0,0.0,1.0,DB03
202101242000,104,5.2,0,0,0.6427876096865395,-0.7660444431189779,DB03
202101242100,104,4.0,0,0,-0.7660444431189779,-0.6427876096865395,DB03
202101242200,104,3.6,0,0,-0.7660444431189779,-0.6427876096865395,DB03
202101242300,104,3.4,0,0,1.2246467991473532e-16,-1.0,DB03
202101250000,104,2.3,0,0,-0.7660444431189779,-0.6427876096865395,DB02
202101250100,104,1.9,0,0,0.3420201433256689,-0.9396926207859083,DB02
202101250200,104,2.4,0,0,0.0,1.0,DB01
202101250300,104,2.2,0,0,-0.7660444431189779,-0.6427876096865395,DB01
202101250400,104,1.6,0,0,0.0,1.0,DB03
202101250500,104,1.2,0,0,0.0,1.0,DB01
202101250600,104,1.0,0,0,0.3420201433256689,-0.9396926207859083,DB02
202101250700,104,1.7,0,0,0.0,1.0,DB03
202101250800,104,2.1,0,0,0.0,1.0,DB03
202101250900,104,3.3,0,0,0.6427876096865395,-0.7660444431189779,DB03
202101251000,104,6.4,0,0,0.9396926207859084,-0.3420201433256687,DB03
202101251100,104,8.2,0,0,0.9396926207859084,-0.3420201433256687,DB03
202101251200,104,9.7,0,0,0.9396926207859083,0.3420201433256688,DB02
202101251300,104,10.4,0,0,0.9396926207859083,0.3420201433256688,DB02
202101251400,104,10.5,0,0,0.9396926207859083,0.3420201433256688,DB02
202101251500,104,9.8,0,0,0.9396926207859083,0.3420201433256688,DB02
202101251600,104,9.5,0,0,1.0,6.123233995736766e-17,DB03
202101251700,104,8.5,0,0,0.9396926207859083,0.3420201433256688,DB03
202101251800,104,6.9,0,0,1.0,6.123233995736766e-17,DB02
202101251900,104,5.5,0,0,-0.34202014332566866,-0.9396926207859084,DB03
202101252000,104,4.8,0,0,0.0,1.0,DB04
202101252100,104,3.7,0,0,0.0,1.0,DB03
202101252200,104,4.7,0,0,0.0,1.0,DB03
202101252300,104,5.1,0,0,-0.9396926207859083,0.342020143325669,DB04
202101260000,104,4.4,0,0,-0.9396926207859084,-0.34202014332566855,DB03
202101260100,104,4.3,0,0,-1.0,-1.8369701987210297e-16,DB04
202101260200,104,4.4,0,0,-1.0,-1.8369701987210297e-16,DB04
202101260300,104,4.2,0,0,-0.3420201433256686,0.9396926207859084,DB04
202101260400,104,3.7,0,0,0.0,1.0,DB04
202101260500,104,3.4,0,0,0.0,1.0,DB04
202101260600,104,3.5,0,0,0.0,1.0,DB04
202101260700,104,3.2,0,0,0.0,1.0,DB04
202101260800,104,3.7,0,0,-0.9396926207859084,-0.34202014332566855,DB04
202101260900,104,4.5,0,0,-0.9396926207859083,0.342020143325669,DB04
202101261000,104,5.2,0,0,0.0,1.0,DB04
202101261100,104,5.5,0,0,-0.6427876096865396,0.7660444431189778,DB04
202101261200,104,6.1,0,0,1.0,6.123233995736766e-17,DB04
202101261300,104,6.0,0,0,-1.0,-1.8369701987210297e-16,DB04
202101261400,104,6.7,0,0,-0.6427876096865396,0.7660444431189778,DB04
202101261500,104,7.7,100,1,0.0,1.0,DB04
202101261600,104,8.3,0,0,0.0,1.0,DB01
202101261700,104,7.0,0,0,0.6427876096865395,-0.7660444431189779,DB01
202101261800,104,6.3,0,0,0.0,1.0,DB02
202101261900,104,5.8,0,0,0.9396926207859084,-0.3420201433256687,DB03
202101262000,104,5.2,0,0,0.9396926207859083,0.3420201433256688,DB01
202101262100,104,4.0,0,0,-0.6427876096865396,0.7660444431189778,DB02
202101262200,104,3.5,0,0,0.3420201433256689,-0.9396926207859083,DB02
202101262300,104,3.9,0,0,0.0,1.0,DB01
202101270000,104,4.7,0,0,0.3420201433256687,0.9396926207859084,DB02
202101270100,104,3.2,0,0,-0.3420201433256686,0.9396926207859084,DB02
202101270200,104,4.2,0,0,-0.34202014332566866,-0.9396926207859084,DB02
202101270300,104,5.3,0,0,0.0,1.0,DB03
202101270400,104,3.2,0,0,-1.0,-1.8369701987210297e-16,DB02
202101270500,104,4.4,0,0,-1.0,-1.8369701987210297e-16,DB03
202101270600,104,2.8,0,0,1.0,6.123233995736766e-17,DB02
202101270700,104,2.7,0,0,-0.34202014332566866,-0.9396926207859084,DB03
202101270800,104,1.0,0,0,0.6427876096865395,-0.7660444431189779,DB03
202101270900,104,4.0,0,0,-0.9396926207859084,-0.34202014332566855,DB03
202101271000,104,5.2,0,0,-1.0,-1.8369701987210297e-16,DB02
202101271100,104,6.3,0,0,-0.9396926207859083,0.342020143325669,DB01
202101271200,104,6.5,0,0,0.3420201433256687,0.9396926207859084,DB01
202101271300,104,6.7,0,0,0.0,1.0,DB01
202101271400,104,6.4,0,0,-0.3420201433256686,0.9396926207859084,DB01
202101271500,104,5.1,0,0,0.3420201433256687,0.9396926207859084,DB03
202101271600,104,5.4,0,0,-0.6427876096865396,0.7660444431189778,DB03
202101271700,104,4.8,0,0,0.3420201433256687,0.9396926207859084,DB02
202101271800,104,2.5,0,0,0.0,1.0,DB02
202101271900,104,1.8,0,0,-0.7660444431189779,-0.6427876096865395,DB03
202101272000,104,1.7,0,0,1.2246467991473532e-16,-1.0,DB04
202101272100,104,1.4,0,0,0.6427876096865395,-0.7660444431189779,DB03
202101272200,104,1.0,0,0,0.6427876096865395,-0.7660444431189779,DB03
202101272300,104,-0.4,0,0,0.3420201433256689,-0.9396926207859083,DB03
202101280000,104,0.6,0,0,1.2246467991473532e-16,-1.0,DB02
202101280100,104,-0.1,0,0,0.0,1.0,DB03
202101280200,104,1.3,0,0,0.6427876096865395,-0.7660444431189779,DB04
202101280300,104,2.4,0,0,0.6427876096865395,-0.7660444431189779,DB03
202101280400,104,2.7,0,0,0.6427876096865395,-0.7660444431189779,DB04
202101280500,104,2.7,0,0,0.6427876096865395,-0.7660444431189779,DB03
202101280600,104,2.6,0,0,1.2246467991473532e-16,-1.0,DB03
202101280700,104,1.6,0,0,0.6427876096865395,-0.7660444431189779,DB03
202101280800,104,2.5,0,0,0.3420201433256689,-0.9396926207859083,DB02
202101280900,104,4.3,0,0,0.6427876096865395,-0.7660444431189779,DB02
202101281000,104,6.4,0,0,1.0,6.123233995736766e-17,DB02
202101281100,104,7.1,0,0,-0.34202014332566866,-0.9396926207859084,DB02
202101281200,104,4.7,0,0,-0.7660444431189779,-0.6427876096865395,DB04
202101281300,104,2.1,0,0,-0.34202014332566866,-0.9396926207859084,DB04
202101281400,104,1.6,0,0,-0.34202014332566866,-0.9396926207859084,DB04
202101281500,104,2.2,0,0,-0.7660444431189779,-0.6427876096865395,DB03
202101281600,104,0.8,0,0,-0.9396926207859084,-0.34202014332566855,DB03
202101281700,104,-0.9,0,0,-0.9396926207859084,-0.34202014332566855,DB03
202101281800,104,-1.9,0,0,-0.9396926207859084,-0.34202014332566855,DB02
202101281900,104,-3.1,0,0,-0.7660444431189779,-0.6427876096865395,DB01
202101282000,104,-4.3,0,0,0.766044443118978,0.6427876096865394,DB01
202101282100,104,-4.7,0,0,-0.9396926207859084,-0.34202014332566855,DB01
202101282200,104,-5.3,0,0,-1.0,-1.8369701987210297e-16,DB01
202101282300,104,-5.7,0,0,-1.0,-1.8369701987210297e-16,DB01
202101290000,104,-6.0,0,0,-0.9396926207859084,-0.34202014332566855,DB01
202101290100,104,-6.5,0,0,-0.7660444431189779,-0.6427876096865395,DB01
202101290200,104,-7.1,0,0,-0.9396926207859084,-0.34202014332566855,DB01
202101290300,104,-8.1,0,0,-0.7660444431189779,-0.6427876096865395,DB01
202101290400,104,-8.2,0,0,-0.7660444431189779,-0.6427876096865395,DB01
202101290500,104,-7.9,0,0,-0.9396926207859084,-0.34202014332566855,DB01
202101290600,104,-7.3,0,0,-1.0,-1.8369701987210297e-16,DB01
202101290700,104,-7.9,0,0,-0.7660444431189779,-0.6427876096865395,DB01
202101290800,104,-7.4,0,0,-0.9396926207859084,-0.34202014332566855,DB01
202101290900,104,-6.1,0,0,-0.9396926207859084,-0.34202014332566855,DB01
202101291000,104,-5.0,0,0,-1.0,-1.8369701987210297e-16,DB01
202101291100,104,-4.1,0,0,-1.0,-1.8369701987210297e-16,DB01
202101291200,104,-3.4,0,0,-0.6427876096865396,0.7660444431189778,DB01
202101291300,104,-2.6,0,0,-1.0,-1.8369701987210297e-16,DB01
202101291400,104,-1.8,0,0,-1.0,-1.8369701987210297e-16,DB01
202101291500,104,-2.3,0,0,-1.0,-1.8369701987210297e-16,DB01
202101291600,104,-1.5,0,0,-0.9396926207859084,-0.34202014332566855,DB01
202101291700,104,-1.9,0,0,-0.9396926207859084,-0.34202014332566855,DB01
202101291800,104,-2.8,0,0,-0.9396926207859084,-0.34202014332566855,DB01
202101291900,104,-3.0,0,0,-1.0,-1.8369701987210297e-16,DB01
202101292000,104,-4.6,0,0,0.9396926207859084,-0.3420201433256687,DB01
202101292100,104,-5.3,0,0,0.6427876096865395,-0.7660444431189779,DB01
202101292200,104,-6.2,0,0,0.9396926207859084,-0.3420201433256687,DB01
202101292300,104,-6.0,0,0,0.9396926207859084,-0.3420201433256687,DB01
202101300000,104,-5.9,0,0,0.6427876096865395,-0.7660444431189779,DB01
202101300100,104,-6.3,0,0,0.6427876096865395,-0.7660444431189779,DB01
202101300200,104,-5.9,0,0,1.2246467991473532e-16,-1.0,DB03
202101300300,104,-5.3,0,0,0.9396926207859084,-0.3420201433256687,DB03
202101300400,104,-5.1,0,0,1.0,6.123233995736766e-17,DB03
202101300500,104,-6.1,0,0,0.3420201433256689,-0.9396926207859083,DB03
202101300600,104,-5.0,0,0,0.6427876096865395,-0.7660444431189779,DB02
202101300700,104,-3.4,0,0,0.766044443118978,0.6427876096865394,DB02
202101300800,104,-2.6,0,0,0.9396926207859084,-0.3420201433256687,DB03
202101300900,104,-0.1,0,0,1.0,6.123233995736766e-17,DB03
202101301000,104,0.3,0,0,0.0,1.0,DB03
202101301100,104,0.8,0,0,0.0,1.0,DB04
202101301200,104,2.8,0,0,0.6427876096865395,-0.7660444431189779,DB03
202101301300,104,4.1,0,0,0.3420201433256687,0.9396926207859084,DB02
202101301400,104,6.4,0,0,-0.9396926207859083,0.342020143325669,DB01
202101301500,104,5.8,0,0,-0.9396926207859083,0.342020143325669,DB01
202101301600,104,4.9,0,0,-0.9396926207859083,0.342020143325669,DB01
202101301700,104,4.1,0,0,-1.0,-1.8369701987210297e-16,DB01
202101301800,104,3.5,0,0,-1.0,-1.8369701987210297e-16,DB01
202101301900,104,3.1,0,0,-1.0,-1.8369701987210297e-16,DB01
202101302000,104,3.1,0,0,-0.9396926207859083,0.342020143325669,DB01
202101302100,104,2.8,0,0,-0.9396926207859084,-0.34202014332566855,DB01
202101302200,104,2.3,0,0,-1.0,-1.8369701987210297e-16,DB01
202101302300,104,-0.4,0,0,0.9396926207859084,-0.3420201433256687,DB01
202101310000,104,-1.3,0,0,0.9396926207859084,-0.3420201433256687,DB01
202101310100,104,-1.3,0,0,0.9396926207859084,-0.3420201433256687,DB01
202101310200,104,-1.0,0,0,0.6427876096865395,-0.7660444431189779,DB01
202101310300,104,-0.4,0,0,0.0,1.0,DB01
202101310400,104,-2.5,0,0,0.3420201433256689,-0.9396926207859083,DB01
202101310500,104,-0.9,0,0,0.3420201433256689,-0.9396926207859083,DB01
202101310600,104,-1.5,0,0,0.6427876096865395,-0.7660444431189779,DB01
202101310700,104,-0.9,0,0,0.3420201433256689,-0.9396926207859083,DB01
202101310800,104,-1.4,0,0,0.6427876096865395,-0.7660444431189779,DB01
202101310900,104,1.6,0,0,0.3420201433256689,-0.9396926207859083,DB02
202101311000,104,4.0,0,0,0.6427876096865395,-0.7660444431189779,DB02
202101311100,104,5.0,0,0,0.766044443118978,0.6427876096865394,DB02
202101311200,104,7.1,0,0,0.9396926207859084,-0.3420201433256687,DB02
202101311300,104,7.7,0,0,0.9396926207859083,0.3420201433256688,DB02
202101311400,104,9.3,0,0,0.9396926207859083,0.3420201433256688,DB01
202101311500,104,11.1,0,0,0.6427876096865395,-0.7660444431189779,DB01
202101311600,104,10.4,0,0,-0.7660444431189779,-0.6427876096865395,DB01
202101311700,104,9.6,0,0,-0.34202014332566866,-0.9396926207859084,DB01
202101311800,104,8.8,0,0,-0.7660444431189779,-0.6427876096865395,DB01
202101311900,104,5.4,0,0,-0.7660444431189779,-0.6427876096865395,DB01
202101312000,104,4.9,0,0,-0.34202014332566866,-0.9396926207859084,DB02
202101312100,104,3.2,0,0,0.6427876096865395,-0.7660444431189779,DB02
202101312200,104,2.9,0,0,0.3420201433256689,-0.9396926207859083,DB02
202101312300,104,3.6,0,0,0.6427876096865395,-0.7660444431189779,DB02
202102010000,104,4.2,0,0,0.3420201433256689,-0.9396926207859083,DB03
202102010100,104,4.1,0,0,0.3420201433256689,-0.9396926207859083,DB04
202102010200,104,5.9,0,0,0.6427876096865395,-0.7660444431189779,DB03
202102010300,104,7.7,0,0,0.3420201433256689,-0.9396926207859083,DB03
202102010400,104,7.2,0,0,0.3420201433256689,-0.9396926207859083,DB03
202102010500,104,7.8,0,0,0.6427876096865395,-0.7660444431189779,DB03
202102010600,104,9.0,0,0,0.6427876096865395,-0.7660444431189779,DB03
202102010700,104,9.0,0,0,0.6427876096865395,-0.7660444431189779,DB03
202102010800,104,9.6,0,0,0.3420201433256689,-0.9396926207859083,DB04
202102010900,104,9.6,0,0,0.6427876096865395,-0.7660444431189779,DB03
202102011000,104,11.4,0,0,0.6427876096865395,-0.7660444431189779,DB02
202102011100,104,12.5,0,0,0.6427876096865395,-0.7660444431189779,DB01
202102011200,104,12.1,0,0,1.2246467991473532e-16,-1.0,DB03
202102011300,104,12.0,0,0,1.2246467991473532e-16,-1.0,DB02
202102011400,104,12.1,0,0,-0.34202014332566866,-0.9396926207859084,DB02
202102011500,104,12.2,0,0,-0.7660444431189779,-0.6427876096865395,DB02
202102011600,104,11.9,0,0,-0.34202014332566866,-0.9396926207859084,DB02
202102011700,104,10.7,0,0,-0.7660444431189779,-0.6427876096865395,DB02
202102011800,104,10.4,0,0,-1.0,-1.8369701987210297e-16,DB03
202102011900,104,9.8,0,0,0.9396926207859084,-0.3420201433256687,DB02
202102012000,104,9.3,0,0,-0.9396926207859084,-0.34202014332566855,DB03
202102012100,104,8.4,0,0,-0.7660444431189779,-0.6427876096865395,DB03
202102012200,104,7.0,0,0,-0.9396926207859084,-0.34202014332566855,DB03
202102012300,104,6.2,0,0,-0.9396926207859084,-0.34202014332566855,DB01
202102020000,104,5.6,0,0,-1.0,-1.8369701987210297e-16,DB01
202102020100,104,4.2,0,0,-1.0,-1.8369701987210297e-16,DB01
202102020200,104,2.2,0,0,-1.0,-1.8369701987210297e-16,DB01
202102020300,104,1.0,0,0,-1.0,-1.8369701987210297e-16,DB01
202102020400,104,-0.3,0,0,-1.0,-1.8369701987210297e-16,DB01
202102020500,104,-1.6,0,0,-0.9396926207859084,-0.34202014332566855,DB01
202102020600,104,-2.4,0,0,-0.9396926207859084,-0.34202014332566855,DB01
202102020700,104,-2.9,0,0,-0.6427876096865396,0.7660444431189778,DB01
202102020800,104,-3.8,0,0,-0.7660444431189779,-0.6427876096865395,DB01
202102020900,104,-2.3,0,0,0.6427876096865395,-0.7660444431189779,DB01
202102021000,104,-1.2,0,0,0.6427876096865395,-0.7660444431189779,DB01
202102021100,104,0.6,0,0,-0.6427876096865396,0.7660444431189778,DB01
202102021200,104,1.3,0,0,-0.9396926207859083,0.342020143325669,DB01
202102021300,104,1.4,0,0,-0.34202014332566866,-0.9396926207859084,DB01
202102021400,104,1.8,0,0,-0.7660444431189779,-0.6427876096865395,DB01
202102021500,104,0.8,0,0,-0.7660444431189779,-0.6427876096865395,DB01
202102021600,104,0.2,0,0,-0.7660444431189779,-0.6427876096865395,DB01
202102021700,104,-1.0,0,0,0.3420201433256687,0.9396926207859084,DB01
202102021800,104,-2.0,0,0,-0.6427876096865396,0.7660444431189778,DB01
202102021900,104,-2.6,0,0,-1.0,-1.8369701987210297e-16,DB01
202102022000,104,-3.3,0,0,-0.9396926207859084,-0.34202014332566855,DB01
202102022100,104,-3.9,0,0,-0.9396926207859083,0.342020143325669,DB01
202102022200,104,-5.1,0,0,-0.6427876096865396,0.7660444431189778,DB01
202102022300,104,-5.0,0,0,0.0,1.0,DB01
202102030000,104,-4.5,0,0,-0.34202014332566866,-0.9396926207859084,DB01
202102030100,104,-5.3,0,0,-0.9396926207859084,-0.34202014332566855,DB01
202102030200,104,-5.5,0,0,-0.9396926207859084,-0.34202014332566855,DB01
202102030300,104,-5.7,0,0,-0.7660444431189779,-0.6427876096865395,DB01
202102030400,104,-6.7,0,0,0.9396926207859084,-0.3420201433256687,DB01
202102030500,104,-5.7,0,0,-0.7660444431189779,-0.6427876096865395,DB01
202102030600,104,-5.3,0,0,-0.9396926207859084,-0.34202014332566855,DB01
202102030700,104,-6.0,0,0,-0.34202014332566866,-0.9396926207859084,DB01
202102030800,104,-6.8,0,0,0.6427876096865395,-0.7660444431189779,DB01
202102030900,104,-4.4,0,0,1.0,6.123233995736766e-17,DB01
202102031000,104,-2.8,0,0,0.9396926207859084,-0.3420201433256687,DB01
202102031100,104,-1.4,0,0,0.9396926207859084,-0.3420201433256687,DB01
202102031200,104,0.9,0,0,-1.0,-1.8369701987210297e-16,DB01
202102031300,104,2.1,0,0,-1.0,-1.8369701987210297e-16,DB02
202102031400,104,2.8,0,0,-1.0,-1.8369701987210297e-16,DB02
202102031500,104,2.4,0,0,0.9396926207859084,-0.3420201433256687,DB02
202102031600,104,2.4,0,0,0.9396926207859084,-0.3420201433256687,DB01
202102031700,104,1.5,0,0,-0.34202014332566866,-0.9396926207859084,DB02
202102031800,104,0.5,0,0,-0.7660444431189779,-0.6427876096865395,DB01
202102031900,104,0.2,0,0,-0.7660444431189779,-0.6427876096865395,DB01
202102032000,104,-0.1,0,0,1.0,6.123233995736766e-17,DB01
202102032100,104,0.1,0,0,-0.3420201433256686,0.9396926207859084,DB01
202102032200,104,0.2,0,0,1.2246467991473532e-16,-1.0,DB02
202102032300,104,0.3,0,0,1.2246467991473532e-16,-1.0,DB01
202102040000,104,-0.3,0,0,0.6427876096865395,-0.7660444431189779,DB03
202102040100,104,-0.7,0,0,0.6427876096865395,-0.7660444431189779,DB03
202102040200,104,-0.3,0,0,0.6427876096865395,-0.7660444431189779,DB03
202102040300,104,-1.2,0,0,-0.7660444431189779,-0.6427876096865395,DB03
202102040400,104,1.0,0,0,-1.0,-1.8369701987210297e-16,DB02
202102040500,104,0.8,0,0,-1.0,-1.8369701987210297e-16,DB01
202102040600,104,0.0,0,0,-0.9396926207859084,-0.34202014332566855,DB01
202102040700,104,-0.2,0,0,-0.9396926207859084,-0.34202014332566855,DB01
202102040800,104,-1.4,0,0,-0.9396926207859084,-0.34202014332566855,DB01
202102040900,104,0.4,0,0,-1.0,-1.8369701987210297e-16,DB01
202102041000,104,1.2,0,0,-1.0,-1.8369701987210297e-16,DB01
202102041100,104,2.2,0,0,-1.0,-1.8369701987210297e-16,DB01
202102041200,104,3.1,0,0,-1.0,-1.8369701987210297e-16,DB01
202102041300,104,4.3,0,0,-1.0,-1.8369701987210297e-16,DB01
202102041400,104,4.3,0,0,-1.0,-1.8369701987210297e-16,DB01
202102041500,104,4.2,0,0,-1.0,-1.8369701987210297e-16,DB01
202102041600,104,3.9,0,0,-0.9396926207859083,0.342020143325669,DB01
202102041700,104,3.2,0,0,-0.9396926207859084,-0.34202014332566855,DB01
202102041800,104,1.8,0,0,-0.7660444431189779,-0.6427876096865395,DB01
202102041900,104,0.2,0,0,0.3420201433256689,-0.9396926207859083,DB01
202102042000,104,-1.0,0,0,0.6427876096865395,-0.7660444431189779,DB01
202102042100,104,-1.0,0,0,0.6427876096865395,-0.7660444431189779,DB01
202102042200,104,-0.7,0,0,0.6427876096865395,-0.7660444431189779,DB01
202102042300,104,-1.8,0,0,1.0,6.123233995736766e-17,DB01
202102050000,104,-0.9,0,0,0.3420201433256689,-0.9396926207859083,DB01
202102050100,104,-0.8,0,0,1.2246467991473532e-16,-1.0,DB01
202102050200,104,-0.3,0,0,0.3420201433256689,-0.9396926207859083,DB02
202102050300,104,-0.4,0,0,1.2246467991473532e-16,-1.0,DB01
202102050400,104,0.3,0,0,0.6427876096865395,-0.7660444431189779,DB01
202102050500,104,0.0,0,0,1.2246467991473532e-16,-1.0,DB01
202102050600,104,1.0,0,0,0.3420201433256689,-0.9396926207859083,DB01
202102050700,104,1.9,0,0,0.6427876096865395,-0.7660444431189779,DB01
202102050800,104,1.5,0,0,0.3420201433256689,-0.9396926207859083,DB01
202102050900,104,2.5,0,0,0.3420201433256689,-0.9396926207859083,DB02
202102051000,104,4.3,0,0,0.3420201433256689,-0.9396926207859083,DB02
202102051100,104,6.0,0,0,0.3420201433256689,-0.9396926207859083,DB02
202102051200,104,7.2,0,0,0.9396926207859084,-0.3420201433256687,DB03
202102051300,104,8.1,0,0,-0.6427876096865396,0.7660444431189778,DB04
202102051400,104,8.8,0,0,0.3420201433256689,-0.9396926207859083,DB03
202102051500,104,7.7,0,0,0.6427876096865395,-0.7660444431189779,DB03
202102051600,104,8.5,0,0,1.2246467991473532e-16,-1.0,DB03
202102051700,104,7.7,0,0,0.3420201433256689,-0.9396926207859083,DB03
202102051800,104,7.3,0,0,1.2246467991473532e-16,-1.0,DB02
202102051900,104,6.6,0,0,-0.7660444431189779,-0.6427876096865395,DB03
202102052000,104,6.0,0,0,0.6427876096865395,-0.7660444431189779,DB03
202102052100,104,5.9,0,0,1.2246467991473532e-16,-1.0,DB03
202102052200,104,5.5,0,0,1.2246467991473532e-16,-1.0,DB03
202102052300,104,5.6,0,0,-0.34202014332566866,-0.9396926207859084,DB02
202102060000,104,5.0,0,0,1.2246467991473532e-16,-1.0,DB01
202102060100,104,4.5,0,0,1.2246467991473532e-16,-1.0,DB01
202102060200,104,3.0,0,0,0.0,1.0,DB01
202102060300,104,3.0,0,0,0.3420201433256689,-0.9396926207859083,DB01
202102060400,104,1.5,0,0,0.3420201433256689,-0.9396926207859083,DB01
202102060500,104,1.1,0,0,0.0,1.0,DB01
202102060600,104,1.2,0,0,-0.34202014332566866,-0.9396926207859084,DB01
202102060700,104,1.8,0,0,0.0,1.0,DB02
202102060800,104,1.2,0,0,0.0,1.0,DB01
202102060900,104,5.1,0,0,0.0,1.0,DB01
202102061000,104,7.8,0,0,-0.6427876096865396,0.7660444431189778,DB01
202102061100,104,10.0,0,0,-0.6427876096865396,0.7660444431189778,DB01
202102061200,104,11.5,0,0,-0.7660444431189779,-0.6427876096865395,DB01
202102061300,104,12.2,0,0,-0.34202014332566866,-0.9396926207859084,DB01
202102061400,104,12.6,0,0,-0.34202014332566866,-0.9396926207859084,DB01
202102061500,104,11.0,0,0,0.6427876096865395,-0.7660444431189779,DB01
202102061600,104,11.0,0,0,0.6427876096865395,-0.7660444431189779,DB01
202102061700,104,10.1,0,0,0.6427876096865395,-0.7660444431189779,DB01
202102061800,104,9.0,0,0,1.2246467991473532e-16,-1.0,DB01
202102061900,104,9.1,0,0,0.3420201433256689,-0.9396926207859083,DB01
202102062000,104,8.8,0,0,0.6427876096865395,-0.7660444431189779,DB01
202102062100,104,8.6,0,0,0.9396926207859084,-0.3420201433256687,DB01
202102062200,104,8.5,0,0,0.0,1.0,DB01
202102062300,104,8.3,0,0,0.9396926207859084,-0.3420201433256687,DB01
202102070000,104,4.1,0,0,0.3420201433256687,0.9396926207859084,DB01
202102070100,104,4.8,0,0,0.0,1.0,DB01
202102070200,104,6.1,0,0,-0.9396926207859084,-0.34202014332566855,DB03
202102070300,104,6.3,0,0,-0.7660444431189779,-0.6427876096865395,DB03
202102070400,104,5.8,0,0,-0.6427876096865396,0.7660444431189778,DB04
202102070500,104,5.4,0,0,-1.0,-1.8369701987210297e-16,DB04
202102070600,104,5.1,0,0,-0.9396926207859083,0.342020143325669,DB04
202102070700,104,4.9,0,0,-0.9396926207859083,0.342020143325669,DB04
202102070800,104,4.8,0,0,-0.9396926207859084,-0.34202014332566855,DB04
202102070900,104,5.0,0,0,-0.9396926207859084,-0.34202014332566855,DB04
202102071000,104,5.7,0,0,0.0,1.0,DB03
202102071100,104,6.5,0,0,-0.3420201433256686,0.9396926207859084,DB03
202102071200,104,7.2,0,0,0.3420201433256687,0.9396926207859084,DB02
202102071300,104,7.5,0,0,0.0,1.0,DB02
202102071400,104,6.3,0,0,-0.3420201433256686,0.9396926207859084,DB02
202102071500,104,5.9,0,0,-0.3420201433256686,0.9396926207859084,DB03
202102071600,104,5.3,0,0,-0.6427876096865396,0.7660444431189778,DB04
202102071700,104,4.0,0,0,0.0,1.0,DB04
202102071800,104,3.5,100,1,-1.0,-1.8369701987210297e-16,DB04
202102071900,104,3.6,0,0,-0.6427876096865396,0.7660444431189778,DB04
202102072000,104,2.1,0,0,-0.9396926207859084,-0.34202014332566855,DB04
202102072100,104,1.2,0,0,-0.9396926207859084,-0.34202014332566855,DB03
202102072200,104,0.6,0,0,-0.9396926207859084,-0.34202014332566855,DB03
202102072300,104,0.2,0,0,-0.9396926207859084,-0.34202014332566855,DB02
202102080000,104,0.6,0,0,-0.9396926207859084,-0.34202014332566855,DB01
202102080100,104,-0.4,0,0,-0.9396926207859083,0.342020143325669,DB02
202102080200,104,-0.9,0,0,-1.0,-1.8369701987210297e-16,DB02
202102080300,104,-0.8,0,0,-0.9396926207859084,-0.34202014332566855,DB01
202102080400,104,-1.5,0,0,-0.34202014332566866,-0.9396926207859084,DB01
202102080500,104,-1.8,0,0,-0.7660444431189779,-0.6427876096865395,DB01
202102080600,104,-1.2,0,0,-0.9396926207859084,-0.34202014332566855,DB01
202102080700,104,-2.6,0,0,-0.34202014332566866,-0.9396926207859084,DB01
202102080800,104,-2.9,0,0,0.9396926207859084,-0.3420201433256687,DB01
202102080900,104,0.0,0,0,-1.0,-1.8369701987210297e-16,DB01
202102081000,104,0.7,0,0,-1.0,-1.8369701987210297e-16,DB01
202102081100,104,1.7,0,0,-1.0,-1.8369701987210297e-16,DB01
202102081200,104,1.1,0,0,-0.3420201433256686,0.9396926207859084,DB01
202102081300,104,1.2,0,0,-0.6427876096865396,0.7660444431189778,DB01
202102081400,104,0.7,0,0,-0.6427876096865396,0.7660444431189778,DB01
202102081500,104,0.5,0,0,-0.6427876096865396,0.7660444431189778,DB01
202102081600,104,0.8,0,0,-0.6427876096865396,0.7660444431189778,DB01
202102081700,104,0.8,0,0,-0.6427876096865396,0.7660444431189778,DB01
202102081800,104,-1.0,0,0,-0.7660444431189779,-0.6427876096865395,DB01
202102081900,104,-1.6,0,0,-0.7660444431189779,-0.6427876096865395,DB01
202102082000,104,-1.0,0,0,-0.9396926207859084,-0.34202014332566855,DB01
202102082100,104,-1.1,0,0,-0.34202014332566866,-0.9396926207859084,DB01
202102082200,104,-1.6,0,0,-0.9396926207859084,-0.34202014332566855,DB01
202102082300,104,-2.3,0,0,0.0,1.0,DB01
202102090000,104,-3.5,0,0,0.0,1.0,DB01
202102090100,104,-3.6,0,0,0.3420201433256689,-0.9396926207859083,DB01
202102090200,104,-3.9,0,0,0.3420201433256689,-0.9396926207859083,DB01
202102090300,104,-4.4,0,0,0.9396926207859084,-0.3420201433256687,DB01
202102090400,104,-4.8,0,0,0.9396926207859084,-0.3420201433256687,DB01
202102090500,104,-4.5,0,0,0.9396926207859084,-0.3420201433256687,DB01
202102090600,104,-5.2,0,0,0.6427876096865395,-0.7660444431189779,DB01
202102090700,104,-5.2,0,0,0.9396926207859084,-0.3420201433256687,DB01
202102090800,104,-4.6,0,0,0.3420201433256689,-0.9396926207859083,DB01
202102090900,104,-1.2,0,0,0.6427876096865395,-0.7660444431189779,DB01
202102091000,104,1.1,0,0,1.0,6.123233995736766e-17,DB01
202102091100,104,3.6,0,0,0.3420201433256687,0.9396926207859084,DB01
202102091200,104,4.5,0,0,-0.3420201433256686,0.9396926207859084,DB01
202102091300,104,6.4,0,0,-1.0,-1.8369701987210297e-16,DB01
202102091400,104,6.0,0,0,1.0,6.123233995736766e-17,DB01
202102091500,104,6.4,0,0,0.9396926207859083,0.3420201433256688,DB01
202102091600,104,6.9,0,0,-0.9396926207859083,0.342020143325669,DB01
202102091700,104,5.9,0,0,-0.34202014332566866,-0.9396926207859084,DB01
202102091800,104,4.2,0,0,-0.34202014332566866,-0.9396926207859084,DB01
202102091900,104,2.7,0,0,0.6427876096865395,-0.7660444431189779,DB01
202102092000,104,2.9,0,0,-0.34202014332566866,-0.9396926207859084,DB01
202102092100,104,2.4,0,0,-0.34202014332566866,-0.9396926207859084,DB01
202102092200,104,2.2,0,0,0.3420201433256689,-0.9396926207859083,DB01
202102092300,104,1.9,0,0,1.2246467991473532e-16,-1.0,DB01
202102100000,104,2.0,0,0,1.2246467991473532e-16,-1.0,DB01
202102100100,104,1.7,0,0,0.3420201433256689,-0.9396926207859083,DB01
202102100200,104,1.9,0,0,0.3420201433256689,-0.9396926207859083,DB01
202102100300,104,1.8,0,0,0.6427876096865395,-0.7660444431189779,DB01
202102100400,104,1.3,0,0,0.6427876096865395,-0.7660444431189779,DB01
202102100500,104,0.8,0,0,0.0,1.0,DB01
202102100600,104,-0.3,0,0,0.6427876096865395,-0.7660444431189779,DB01
202102100700,104,0.2,0,0,0.6427876096865395,-0.7660444431189779,DB01
202102100800,104,1.4,0,0,0.6427876096865395,-0.7660444431189779,DB01
202102100900,104,4.0,0,0,0.3420201433256689,-0.9396926207859083,DB01
202102101000,104,6.5,0,0,1.0,6.123233995736766e-17,DB01
202102101100,104,8.1,0,0,0.3420201433256689,-0.9396926207859083,DB01
202102101200,104,9.2,0,0,-0.9396926207859084,-0.34202014332566855,DB01
202102101300,104,9.6,0,0,-1.0,-1.8369701987210297e-16,DB01
202102101400,104,10.2,0,0,-0.9396926207859083,0.342020143325669,DB01
202102101500,104,10.2,0,0,-0.9396926207859084,-0.34202014332566855,DB01
202102101600,104,10.1,0,0,-0.7660444431189779,-0.6427876096865395,DB01
202102101700,104,8.3,0,0,-0.34202014332566866,-0.9396926207859084,DB01
202102101800,104,6.5,0,0,-0.34202014332566866,-0.9396926207859084,DB01
202102101900,104,6.7,0,0,-0.7660444431189779,-0.6427876096865395,DB01
202102102000,104,5.7,0,0,-0.7660444431189779,-0.6427876096865395,DB01
202102102100,104,5.0,0,0,0.0,1.0,DB01
202102102200,104,5.0,0,0,-0.7660444431189779,-0.6427876096865395,DB01
202102102300,104,4.5,0,0,0.9396926207859084,-0.3420201433256687,DB01
202102110000,104,6.2,0,0,-0.7660444431189779,-0.6427876096865395,DB01
202102110100,104,4.0,0,0,0.3420201433256689,-0.9396926207859083,DB02
202102110200,104,4.2,0,0,0.6427876096865395,-0.7660444431189779,DB01
202102110300,104,3.8,0,0,0.3420201433256689,-0.9396926207859083,DB01
202102110400,104,3.5,0,0,0.6427876096865395,-0.7660444431189779,DB01
202102110500,104,3.4,0,0,0.6427876096865395,-0.7660444431189779,DB01
202102110600,104,3.4,0,0,0.6427876096865395,-0.7660444431189779,DB01
202102110700,104,3.5,0,0,0.6427876096865395,-0.7660444431189779,DB01
202102110800,104,3.8,0,0,0.6427876096865395,-0.7660444431189779,DB01
202102110900,104,6.0,0,0,0.6427876096865395,-0.7660444431189779,DB02
202102111000,104,8.6,0,0,0.9396926207859084,-0.3420201433256687,DB02
202102111100,104,9.5,0,0,1.0,6.123233995736766e-17,DB02
202102111200,104,10.3,0,0,0.9396926207859083,0.3420201433256688,DB02
202102111300,104,10.9,0,0,1.0,6.123233995736766e-17,DB02
202102111400,104,11.6,0,0,1.0,6.123233995736766e-17,DB03
202102111500,104,11.7,0,0,0.9396926207859083,0.3420201433256688,DB03
202102111600,104,11.2,0,0,0.9396926207859083,0.3420201433256688,DB03
202102111700,104,10.5,0,0,0.9396926207859083,0.3420201433256688,DB03
202102111800,104,8.7,0,0,0.0,1.0,DB03
202102111900,104,6.9,0,0,0.0,1.0,DB03
202102112000,104,6.5,0,0,0.0,1.0,DB03
202102112100,104,4.8,0,0,0.6427876096865395,-0.7660444431189779,DB03
202102112200,104,5.3,0,0,0.0,1.0,DB03
202102112300,104,4.7,0,0,-0.7660444431189779,-0.6427876096865395,DB02
202102120000,104,5.8,0,0,0.0,1.0,DB02
202102120100,104,4.8,0,0,0.6427876096865395,-0.7660444431189779,DB01
202102120200,104,4.9,0,0,0.6427876096865395,-0.7660444431189779,DB02
202102120300,104,6.7,0,0,0.3420201433256689,-0.9396926207859083,DB02
202102120400,104,6.0,0,0,0.0,1.0,DB03
202102120500,104,4.9,0,0,0.9396926207859084,-0.3420201433256687,DB03
202102120600,104,5.6,0,0,0.6427876096865395,-0.7660444431189779,DB03
202102120700,104,5.7,0,0,-0.34202014332566866,-0.9396926207859084,DB03
202102120800,104,7.1,0,0,0.6427876096865395,-0.7660444431189779,DB03
202102120900,104,9.4,0,0,0.6427876096865395,-0.7660444431189779,DB03
202102121000,104,12.1,0,0,0.9396926207859084,-0.3420201433256687,DB02
202102121100,104,13.7,0,0,0.9396926207859084,-0.3420201433256687,DB03
202102121200,104,12.8,0,0,0.766044443118978,0.6427876096865394,DB03
202102121300,104,12.5,0,0,1.0,6.123233995736766e-17,DB03
202102121400,104,12.0,0,0,1.0,6.123233995736766e-17,DB02
202102121500,104,12.2,0,0,1.0,6.123233995736766e-17,DB01
202102121600,104,12.1,0,0,1.0,6.123233995736766e-17,DB01
202102121700,104,11.8,0,0,0.9396926207859083,0.3420201433256688,DB01
202102121800,104,8.6,0,0,0.0,1.0,DB01
202102121900,104,7.9,0,0,0.0,1.0,DB02
202102122000,104,8.3,0,0,-0.9396926207859084,-0.34202014332566855,DB03
202102122100,104,6.2,0,0,0.6427876096865395,-0.7660444431189779,DB01
202102122200,104,6.1,0,0,-0.9396926207859083,0.342020143325669,DB02
202102122300,104,6.0,0,0,0.0,1.0,DB02
202102130000,104,7.2,0,0,-0.7660444431189779,-0.6427876096865395,DB01
202102130100,104,6.8,0,0,0.3420201433256689,-0.9396926207859083,DB01
202102130200,104,7.0,0,0,0.6427876096865395,-0.7660444431189779,DB01
202102130300,104,6.9,0,0,0.6427876096865395,-0.7660444431189779,DB01
202102130400,104,7.3,0,0,0.6427876096865395,-0.7660444431189779,DB01
202102130500,104,4.3,0,0,0.0,1.0,DB01
202102130600,104,3.8,0,0,-0.9396926207859084,-0.34202014332566855,DB01
202102130700,104,4.0,0,0,1.2246467991473532e-16,-1.0,DB01
202102130800,104,3.9,0,0,-1.0,-1.8369701987210297e-16,DB01
202102130900,104,7.1,0,0,-0.9396926207859083,0.342020143325669,DB01
202102131000,104,8.3,0,0,-0.6427876096865396,0.7660444431189778,DB01
202102131100,104,9.7,0,0,0.0,1.0,DB01
202102131200,104,9.7,0,0,0.3420201433256687,0.9396926207859084,DB01
202102131300,104,10.5,0,0,0.0,1.0,DB01
202102131400,104,9.9,0,0,-0.3420201433256686,0.9396926207859084,DB01
202102131500,104,10.7,0,0,0.9396926207859083,0.3420201433256688,DB01
202102131600,104,9.3,0,0,0.0,1.0,DB01
202102131700,104,7.5,0,0,0.0,1.0,DB01
202102131800,104,5.7,0,0,-0.3420201433256686,0.9396926207859084,DB01
202102131900,104,4.2,0,0,0.0,1.0,DB01
202102132000,104,3.5,0,0,0.0,1.0,DB01
202102132100,104,3.6,0,0,0.3420201433256689,-0.9396926207859083,DB01
202102132200,104,4.0,0,0,0.6427876096865395,-0.7660444431189779,DB02
202102132300,104,4.0,0,0,1.2246467991473532e-16,-1.0,DB03
202102140000,104,4.2,0,0,0.0,1.0,DB03
202102140100,104,3.6,0,0,0.0,1.0,DB03
202102140200,104,3.5,0,0,0.0,1.0,DB03
202102140300,104,3.1,0,0,0.0,1.0,DB03
202102140400,104,3.8,0,0,0.0,1.0,DB03
202102140500,104,4.7,0,0,0.3420201433256687,0.9396926207859084,DB04
202102140600,104,5.9,0,0,1.2246467991473532e-16,-1.0,DB04
202102140700,104,6.6,0,0,0.766044443118978,0.6427876096865394,DB04
202102140800,104,7.1,0,0,1.2246467991473532e-16,-1.0,DB04
202102140900,104,9.1,0,0,-1.0,-1.8369701987210297e-16,DB04
202102141000,104,11.4,0,0,0.6427876096865395,-0.7660444431189779,DB04
202102141100,104,13.0,0,0,0.0,1.0,DB04
202102141200,104,13.8,0,0,0.0,1.0,DB04
202102141300,104,14.1,0,0,0.3420201433256687,0.9396926207859084,DB04
202102141400,104,13.3,0,0,0.0,1.0,DB04
202102141500,104,13.1,0,0,-0.6427876096865396,0.7660444431189778,DB04
202102141600,104,13.2,0,0,-0.3420201433256686,0.9396926207859084,DB04
202102141700,104,11.8,0,0,0.0,1.0,DB04
202102141800,104,9.2,0,0,-0.6427876096865396,0.7660444431189778,DB04
202102141900,104,8.5,0,0,-0.6427876096865396,0.7660444431189778,DB04
202102142000,104,7.9,0,0,-0.6427876096865396,0.7660444431189778,DB03
202102142100,104,7.0,0,0,-0.6427876096865396,0.7660444431189778,DB04
202102142200,104,6.6,0,0,-1.0,-1.8369701987210297e-16,DB04
202102142300,104,6.4,0,0,0.0,1.0,DB04
202102150000,104,6.3,0,0,-1.0,-1.8369701987210297e-16,DB04
202102150100,104,6.2,0,0,-1.0,-1.8369701987210297e-16,DB04
202102150200,104,6.0,0,0,-0.9396926207859083,0.342020143325669,DB04
202102150300,104,5.8,0,0,-0.6427876096865396,0.7660444431189778,DB03
202102150400,104,5.5,0,0,-0.9396926207859083,0.342020143325669,DB04
202102150500,104,5.4,0,0,-1.0,-1.8369701987210297e-16,DB04
202102150600,104,4.5,0,0,0.0,1.0,DB03
202102150700,104,4.8,0,0,-0.9396926207859083,0.342020143325669,DB03
202102150800,104,4.6,0,0,-1.0,-1.8369701987210297e-16,DB03
202102150900,104,6.3,0,0,-0.6427876096865396,0.7660444431189778,DB03
202102151000,104,7.2,0,0,0.0,1.0,DB03
202102151100,104,8.2,0,0,1.2246467991473532e-16,-1.0,DB03
202102151200,104,10.3,0,0,1.2246467991473532e-16,-1.0,DB02
202102151300,104,8.0,0,0,-0.7660444431189779,-0.6427876096865395,DB02
202102151400,104,7.4,0,0,-0.7660444431189779,-0.6427876096865395,DB02
202102151500,104,6.0,0,0,-0.9396926207859084,-0.34202014332566855,DB01
202102151600,104,4.7,0,0,-0.9396926207859084,-0.34202014332566855,DB01
202102151700,104,3.3,0,0,-0.7660444431189779,-0.6427876096865395,DB01
202102151800,104,2.5,0,0,-0.7660444431189779,-0.6427876096865395,DB01
202102151900,104,1.7,0,0,-0.7660444431189779,-0.6427876096865395,DB01
202102152000,104,0.7,0,0,-0.9396926207859084,-0.34202014332566855,DB01
202102152100,104,0.3,0,0,-0.7660444431189779,-0.6427876096865395,DB01
202102152200,104,-0.5,0,0,0.3420201433256689,-0.9396926207859083,DB01
202102152300,104,-1.3,0,0,-1.0,-1.8369701987210297e-16,DB01
202102160000,104,-1.7,0,0,-0.9396926207859083,0.342020143325669,DB01
202102160100,104,-2.1,0,0,-0.6427876096865396,0.7660444431189778,DB01
202102160200,104,-2.7,0,0,-0.6427876096865396,0.7660444431189778,DB01
202102160300,104,-2.9,0,0,-0.6427876096865396,0.7660444431189778,DB01
202102160400,104,-3.2,0,0,-0.6427876096865396,0.7660444431189778,DB01
202102160500,104,-3.1,0,0,-0.9396926207859083,0.342020143325669,DB01
202102160600,104,-4.0,0,0,-0.6427876096865396,0.7660444431189778,DB01
202102160700,104,-2.8,0,0,-0.9396926207859083,0.342020143325669,DB01
202102160800,104,-2.1,0,0,-1.0,-1.8369701987210297e-16,DB01
202102160900,104,-1.6,0,0,-1.0,-1.8369701987210297e-16,DB01
202102161000,104,-1.8,0,0,-0.9396926207859084,-0.34202014332566855,DB01
202102161100,104,-0.9,0,0,-0.9396926207859084,-0.34202014332566855,DB01
202102161200,104,0.0,0,0,-1.0,-1.8369701987210297e-16,DB01
202102161300,104,0.6,0,0,-0.9396926207859084,-0.34202014332566855,DB02
202102161400,104,0.0,0,0,-0.9396926207859084,-0.34202014332566855,DB03
202102161500,104,-0.8,0,0,-0.9396926207859084,-0.34202014332566855,DB04
202102161600,104,-1.4,0,0,-0.9396926207859084,-0.34202014332566855,DB04
202102161700,104,-1.6,0,0,-0.34202014332566866,-0.9396926207859084,DB02
202102161800,104,-2.5,0,0,-0.7660444431189779,-0.6427876096865395,DB01
202102161900,104,-3.0,0,0,-0.7660444431189779,-0.6427876096865395,DB01
202102162000,104,-3.2,0,0,-0.9396926207859084,-0.34202014332566855,DB01
202102162100,104,-2.9,0,0,-0.9396926207859084,-0.34202014332566855,DB01
202102162200,104,-3.6,0,0,-1.0,-1.8369701987210297e-16,DB01
202102162300,104,-4.2,0,0,-0.9396926207859084,-0.34202014332566855,DB01
202102170000,104,-5.9,0,0,0.9396926207859083,0.3420201433256688,DB01
202102170100,104,-5.8,0,0,-0.9396926207859084,-0.34202014332566855,DB04
202102170200,104,-6.6,0,0,-0.7660444431189779,-0.6427876096865395,DB01
202102170300,104,-7.1,0,0,-1.0,-1.8369701987210297e-16,DB01
202102170400,104,-7.2,0,0,-0.9396926207859084,-0.34202014332566855,DB01
202102170500,104,-8.1,0,0,1.0,6.123233995736766e-17,DB01
202102170600,104,-8.6,0,0,1.2246467991473532e-16,-1.0,DB01
202102170700,104,-8.5,0,0,-1.0,-1.8369701987210297e-16,DB01
202102170800,104,-8.7,0,0,-0.9396926207859084,-0.34202014332566855,DB01
202102170900,104,-7.6,0,0,-0.9396926207859084,-0.34202014332566855,DB01
202102171000,104,-6.4,0,0,-0.9396926207859083,0.342020143325669,DB01
202102171100,104,-5.7,0,0,-1.0,-1.8369701987210297e-16,DB01
202102171200,104,-5.0,0,0,-0.9396926207859083,0.342020143325669,DB01
202102171300,104,-4.2,0,0,-0.9396926207859084,-0.34202014332566855,DB01
202102171400,104,-4.3,0,0,-1.0,-1.8369701987210297e-16,DB01
202102171500,104,-4.2,0,0,-1.0,-1.8369701987210297e-16,DB01
202102171600,104,-3.7,0,0,-1.0,-1.8369701987210297e-16,DB01
202102171700,104,-4.3,0,0,-1.0,-1.8369701987210297e-16,DB01
202102171800,104,-5.4,0,0,-1.0,-1.8369701987210297e-16,DB01
202102171900,104,-5.6,0,0,-0.9396926207859084,-0.34202014332566855,DB01
202102172000,104,-6.0,0,0,-0.9396926207859084,-0.34202014332566855,DB01
202102172100,104,-6.5,0,0,-0.9396926207859084,-0.34202014332566855,DB01
202102172200,104,-6.9,0,0,-0.9396926207859084,-0.34202014332566855,DB01
202102172300,104,-8.0,0,0,-0.7660444431189779,-0.6427876096865395,DB01
202102180000,104,-8.2,0,0,-0.7660444431189779,-0.6427876096865395,DB01
202102180100,104,-8.8,0,0,1.2246467991473532e-16,-1.0,DB02
202102180200,104,-9.7,0,0,0.6427876096865395,-0.7660444431189779,DB01
202102180300,104,-9.1,0,0,-0.34202014332566866,-0.9396926207859084,DB01
202102180400,104,-9.2,0,0,1.2246467991473532e-16,-1.0,DB01
202102180500,104,-9.3,0,0,-0.34202014332566866,-0.9396926207859084,DB01
202102180600,104,-9.1,0,0,-0.7660444431189779,-0.6427876096865395,DB01
202102180700,104,-10.9,0,0,0.6427876096865395,-0.7660444431189779,DB01
202102180800,104,-9.3,0,0,0.3420201433256689,-0.9396926207859083,DB01
202102180900,104,-6.7,0,0,0.9396926207859084,-0.3420201433256687,DB01
202102181000,104,-4.1,0,0,1.2246467991473532e-16,-1.0,DB01
202102181100,104,-1.7,0,0,-0.3420201433256686,0.9396926207859084,DB01
202102181200,104,-1.6,0,0,0.0,1.0,DB01
202102181300,104,-0.7,0,0,0.766044443118978,0.6427876096865394,DB01
202102181400,104,-0.9,0,0,0.9396926207859083,0.3420201433256688,DB01
202102181500,104,1.0,0,0,-0.6427876096865396,0.7660444431189778,DB01
202102181600,104,1.6,0,0,0.0,1.0,DB01
202102181700,104,1.3,0,0,0.3420201433256687,0.9396926207859084,DB01
202102181800,104,-0.5,0,0,-0.34202014332566866,-0.9396926207859084,DB01
202102181900,104,-2.3,0,0,0.6427876096865395,-0.7660444431189779,DB01
202102182000,104,-2.6,0,0,0.6427876096865395,-0.7660444431189779,DB01
202102182100,104,-2.4,0,0,0.6427876096865395,-0.7660444431189779,DB01
202102182200,104,-2.7,0,0,0.6427876096865395,-0.7660444431189779,DB01
202102182300,104,-2.6,0,0,0.6427876096865395,-0.7660444431189779,DB01
202102190000,104,-2.7,0,0,0.6427876096865395,-0.7660444431189779,DB01
202102190100,104,-2.6,0,0,0.6427876096865395,-0.7660444431189779,DB01
202102190200,104,-2.6,0,0,0.6427876096865395,-0.7660444431189779,DB01
202102190300,104,-2.8,0,0,0.6427876096865395,-0.7660444431189779,DB01
202102190400,104,-2.4,0,0,0.6427876096865395,-0.7660444431189779,DB01
202102190500,104,-2.8,0,0,0.6427876096865395,-0.7660444431189779,DB01
202102190600,104,-1.2,0,0,0.6427876096865395,-0.7660444431189779,DB01
202102190700,104,-0.8,0,0,0.6427876096865395,-0.7660444431189779,DB01
202102190800,104,0.7,0,0,0.3420201433256689,-0.9396926207859083,DB01
202102190900,104,2.6,0,0,0.3420201433256689,-0.9396926207859083,DB01
202102191000,104,5.2,0,0,0.3420201433256689,-0.9396926207859083,DB01
202102191100,104,7.7,0,0,0.6427876096865395,-0.7660444431189779,DB01
202102191200,104,10.0,0,0,0.9396926207859084,-0.3420201433256687,DB01
202102191300,104,12.3,0,0,-0.9396926207859083,0.342020143325669,DB01
202102191400,104,11.8,0,0,-0.34202014332566866,-0.9396926207859084,DB01
202102191500,104,11.0,0,0,-0.7660444431189779,-0.6427876096865395,DB03
202102191600,104,9.7,0,0,0.6427876096865395,-0.7660444431189779,DB03
202102191700,104,9.2,0,0,-0.7660444431189779,-0.6427876096865395,DB03
202102191800,104,7.5,0,0,0.6427876096865395,-0.7660444431189779,DB02
202102191900,104,7.7,0,0,1.0,6.123233995736766e-17,DB03
202102192000,104,8.3,0,0,0.9396926207859084,-0.3420201433256687,DB03
202102192100,104,8.5,0,0,1.2246467991473532e-16,-1.0,DB03
202102192200,104,8.4,0,0,0.6427876096865395,-0.7660444431189779,DB04
202102192300,104,7.7,0,0,0.6427876096865395,-0.7660444431189779,DB04
202102200000,104,7.8,0,0,1.2246467991473532e-16,-1.0,DB02
202102200100,104,8.2,0,0,0.3420201433256689,-0.9396926207859083,DB02
202102200200,104,9.0,0,0,-0.34202014332566866,-0.9396926207859084,DB01
202102200300,104,9.0,0,0,0.3420201433256689,-0.9396926207859083,DB01
202102200400,104,6.9,0,0,1.0,6.123233995736766e-17,DB01
202102200500,104,6.0,0,0,0.6427876096865395,-0.7660444431189779,DB01
202102200600,104,5.5,0,0,-0.34202014332566866,-0.9396926207859084,DB01
202102200700,104,6.7,0,0,0.9396926207859084,-0.3420201433256687,DB01
202102200800,104,6.9,0,0,0.9396926207859084,-0.3420201433256687,DB02
202102200900,104,9.8,0,0,0.9396926207859084,-0.3420201433256687,DB01
202102201000,104,11.8,0,0,0.0,1.0,DB01
202102201100,104,14.4,0,0,0.9396926207859084,-0.3420201433256687,DB01
202102201200,104,16.6,0,0,-0.9396926207859084,-0.34202014332566855,DB01
202102201300,104,16.7,0,0,-0.9396926207859083,0.342020143325669,DB01
202102201400,104,17.0,0,0,-1.0,-1.8369701987210297e-16,DB01
202102201500,104,17.5,0,0,-0.9396926207859084,-0.34202014332566855,DB03
202102201600,104,17.7,0,0,-0.9396926207859084,-0.34202014332566855,DB03
202102201700,104,16.8,0,0,-1.0,-1.8369701987210297e-16,DB03
202102201800,104,15.0,0,0,0.3420201433256689,-0.9396926207859083,DB03
202102201900,104,13.7,0,0,-0.34202014332566866,-0.9396926207859084,DB03
202102202000,104,12.7,0,0,0.3420201433256689,-0.9396926207859083,DB01
202102202100,104,13.3,0,0,0.3420201433256689,-0.9396926207859083,DB01
202102202200,104,12.3,0,0,0.766044443118978,0.6427876096865394,DB03
202102202300,104,12.9,0,0,0.9396926207859083,0.3420201433256688,DB03
202102210000,104,13.2,0,0,0.9396926207859083,0.3420201433256688,DB03
202102210100,104,12.6,0,0,1.0,6.123233995736766e-17,DB04
202102210200,104,13.3,0,0,-0.9396926207859084,-0.34202014332566855,DB04
202102210300,104,12.1,0,0,-0.34202014332566866,-0.9396926207859084,DB04
202102210400,104,12.3,0,0,-0.34202014332566866,-0.9396926207859084,DB04
202102210500,104,12.1,0,0,0.3420201433256689,-0.9396926207859083,DB03
202102210600,104,11.4,0,0,1.2246467991473532e-16,-1.0,DB03
202102210700,104,11.5,0,0,0.6427876096865395,-0.7660444431189779,DB03
202102210800,104,11.6,0,0,1.0,6.123233995736766e-17,DB02
202102210900,104,12.6,0,0,0.9396926207859084,-0.3420201433256687,DB02
202102211000,104,15.3,0,0,0.6427876096865395,-0.7660444431189779,DB01
202102211100,104,18.0,0,0,1.2246467991473532e-16,-1.0,DB01
202102211200,104,15.1,0,0,-0.3420201433256686,0.9396926207859084,DB01
202102211300,104,11.7,0,0,-0.3420201433256686,0.9396926207859084,DB01
202102211400,104,10.4,0,0,-0.3420201433256686,0.9396926207859084,DB01
202102211500,104,9.6,0,0,-0.3420201433256686,0.9396926207859084,DB01
202102211600,104,8.6,0,0,-0.6427876096865396,0.7660444431189778,DB01
202102211700,104,8.4,0,0,-0.6427876096865396,0.7660444431189778,DB01
202102211800,104,5.4,0,0,-0.6427876096865396,0.7660444431189778,DB01
202102211900,104,4.5,0,0,-0.9396926207859083,0.342020143325669,DB03
202102212000,104,3.8,0,0,-0.9396926207859083,0.342020143325669,DB01
202102212100,104,2.7,0,0,0.0,1.0,DB01
202102212200,104,2.4,0,0,-0.9396926207859084,-0.34202014332566855,DB03
202102212300,104,2.4,0,0,0.0,1.0,DB03
202102220000,104,3.5,0,0,-0.9396926207859083,0.342020143325669,DB03
202102220100,104,3.1,0,0,-1.0,-1.8369701987210297e-16,DB04
202102220200,104,3.2,0,0,0.0,1.0,DB03
202102220300,104,3.3,0,0,-0.9396926207859084,-0.34202014332566855,DB03
202102220400,104,3.6,0,0,-1.0,-1.8369701987210297e-16,DB03
202102220500,104,3.5,0,0,-0.9396926207859084,-0.34202014332566855,DB03
202102220600,104,3.4,0,0,-0.9396926207859084,-0.34202014332566855,DB03
202102220700,104,3.4,0,0,-0.9396926207859084,-0.34202014332566855,DB03
202102220800,104,3.6,0,0,0.3420201433256689,-0.9396926207859083,DB04
202102220900,104,4.1,0,0,-1.0,-1.8369701987210297e-16,DB04
202102221000,104,5.1,0,0,-0.9396926207859084,-0.34202014332566855,DB04
202102221100,104,5.6,0,0,-0.7660444431189779,-0.6427876096865395,DB04
202102221200,104,7.3,0,0,0.9396926207859083,0.3420201433256688,DB04
202102221300,104,8.9,0,0,0.9396926207859084,-0.3420201433256687,DB02
202102221400,104,7.8,0,0,-0.3420201433256686,0.9396926207859084,DB03
202102221500,104,6.0,0,0,-0.6427876096865396,0.7660444431189778,DB04
202102221600,104,6.2,0,0,-0.3420201433256686,0.9396926207859084,DB04
202102221700,104,6.1,0,0,-0.9396926207859083,0.342020143325669,DB04
202102221800,104,6.0,0,0,-0.9396926207859083,0.342020143325669,DB04
202102221900,104,5.7,0,0,-1.0,-1.8369701987210297e-16,DB04
202102222000,104,3.8,0,0,-1.0,-1.8369701987210297e-16,DB04
202102222100,104,4.4,0,0,-1.0,-1.8369701987210297e-16,DB03
202102222200,104,4.8,0,0,-0.9396926207859083,0.342020143325669,DB03
202102222300,104,4.5,0,0,-1.0,-1.8369701987210297e-16,DB03
202102230000,104,3.8,0,0,-1.0,-1.8369701987210297e-16,DB03
202102230100,104,3.4,0,0,-1.0,-1.8369701987210297e-16,DB03
202102230200,104,2.9,0,0,-1.0,-1.8369701987210297e-16,DB02
202102230300,104,2.7,0,0,-1.0,-1.8369701987210297e-16,DB02
202102230400,104,2.4,0,0,-0.6427876096865396,0.7660444431189778,DB02
202102230500,104,1.6,0,0,-0.9396926207859084,-0.34202014332566855,DB02
202102230600,104,0.7,0,0,-1.0,-1.8369701987210297e-16,DB01
202102230700,104,-0.1,0,0,-0.9396926207859084,-0.34202014332566855,DB01
202102230800,104,1.1,0,0,-0.9396926207859084,-0.34202014332566855,DB01
202102230900,104,2.4,0,0,-1.0,-1.8369701987210297e-16,DB01
202102231000,104,3.6,0,0,-0.9396926207859083,0.342020143325669,DB01
202102231100,104,4.1,0,0,-0.6427876096865396,0.7660444431189778,DB01
202102231200,104,4.3,0,0,-0.3420201433256686,0.9396926207859084,DB02
202102231300,104,4.3,0,0,-0.6427876096865396,0.7660444431189778,DB01
202102231400,104,5.1,0,0,-0.3420201433256686,0.9396926207859084,DB01
202102231500,104,4.2,0,0,0.0,1.0,DB01
202102231600,104,3.8,0,0,-0.3420201433256686,0.9396926207859084,DB01
202102231700,104,3.4,0,0,0.0,1.0,DB01
202102231800,104,2.4,0,0,0.0,1.0,DB01
202102231900,104,0.8,0,0,-0.7660444431189779,-0.6427876096865395,DB01
202102232000,104,-0.2,0,0,-0.7660444431189779,-0.6427876096865395,DB01
202102232100,104,-0.3,0,0,-0.9396926207859084,-0.34202014332566855,DB01
202102232200,104,-0.7,0,0,-0.7660444431189779,-0.6427876096865395,DB01
202102232300,104,-0.2,0,0,-0.7660444431189779,-0.6427876096865395,DB01
202102240000,104,-0.5,0,0,-0.7660444431189779,-0.6427876096865395,DB02
202102240100,104,-0.7,0,0,-0.7660444431189779,-0.6427876096865395,DB02
202102240200,104,-0.3,0,0,-0.7660444431189779,-0.6427876096865395,DB02
202102240300,104,0.1,0,0,-0.7660444431189779,-0.6427876096865395,DB03
202102240400,104,-0.3,0,0,-0.34202014332566866,-0.9396926207859084,DB03
202102240500,104,-1.1,0,0,-0.7660444431189779,-0.6427876096865395,DB02
202102240600,104,-2.2,0,0,0.3420201433256689,-0.9396926207859083,DB03
202102240700,104,-1.5,0,0,-0.9396926207859084,-0.34202014332566855,DB03
202102240800,104,-0.6,0,0,-0.9396926207859084,-0.34202014332566855,DB03
202102240900,104,1.8,0,0,-1.0,-1.8369701987210297e-16,DB03
202102241000,104,3.0,0,0,-0.6427876096865396,0.7660444431189778,DB03
202102241100,104,4.1,0,0,-1.0,-1.8369701987210297e-16,DB03
202102241200,104,4.3,0,0,-0.3420201433256686,0.9396926207859084,DB02
202102241300,104,5.1,0,0,0.0,1.0,DB01
202102241400,104,5.4,0,0,-0.3420201433256686,0.9396926207859084,DB01
202102241500,104,4.9,0,0,0.0,1.0,DB01
202102241600,104,4.8,0,0,0.9396926207859083,0.3420201433256688,DB01
202102241700,104,4.4,0,0,0.766044443118978,0.6427876096865394,DB01
202102241800,104,2.9,0,0,1.0,6.123233995736766e-17,DB01
202102241900,104,1.8,0,0,0.6427876096865395,-0.7660444431189779,DB01
202102242000,104,0.1,0,0,0.0,1.0,DB01
202102242100,104,-0.1,0,0,1.2246467991473532e-16,-1.0,DB01
202102242200,104,0.5,0,0,-0.34202014332566866,-0.9396926207859084,DB02
202102242300,104,0.3,0,0,-0.7660444431189779,-0.6427876096865395,DB03
202102250000,104,-0.1,0,0,1.2246467991473532e-16,-1.0,DB02
202102250100,104,-1.0,0,0,0.6427876096865395,-0.7660444431189779,DB03
202102250200,104,1.0,0,0,0.6427876096865395,-0.7660444431189779,DB03
202102250300,104,-0.6,0,0,0.0,1.0,DB03
202102250400,104,0.0,0,0,-1.0,-1.8369701987210297e-16,DB03
202102250500,104,0.7,0,0,-1.0,-1.8369701987210297e-16,DB03
202102250600,104,0.4,0,0,-0.9396926207859084,-0.34202014332566855,DB03
202102250700,104,0.3,0,0,-0.9396926207859084,-0.34202014332566855,DB03
202102250800,104,2.6,0,0,-1.0,-1.8369701987210297e-16,DB03
202102250900,104,3.8,0,0,-1.0,-1.8369701987210297e-16,DB04
202102251000,104,5.0,0,0,-0.9396926207859083,0.342020143325669,DB04
202102251100,104,6.1,0,0,0.9396926207859083,0.3420201433256688,DB04
202102251200,104,7.1,0,0,0.9396926207859083,0.3420201433256688,DB04
202102251300,104,6.9,0,0,0.3420201433256687,0.9396926207859084,DB04
202102251400,104,7.1,0,0,1.0,6.123233995736766e-17,DB04
202102251500,104,7.1,0,0,0.0,1.0,DB04
202102251600,104,7.5,0,0,1.0,6.123233995736766e-17,DB04
202102251700,104,7.2,0,0,1.0,6.123233995736766e-17,DB04
202102251800,104,6.0,0,0,0.6427876096865395,-0.7660444431189779,DB04
202102251900,104,5.0,0,0,0.0,1.0,DB04
202102252000,104,4.1,0,0,0.0,1.0,DB04
202102252100,104,4.3,0,0,-0.7660444431189779,-0.6427876096865395,DB03
202102252200,104,4.0,0,0,0.0,1.0,DB03
202102252300,104,3.1,0,0,-0.7660444431189779,-0.6427876096865395,DB03
202102260000,104,2.9,0,0,0.0,1.0,DB03
202102260100,104,3.0,0,0,0.0,1.0,DB03
202102260200,104,3.5,0,0,0.0,1.0,DB02
202102260300,104,2.9,0,0,-0.7660444431189779,-0.6427876096865395,DB03
202102260400,104,2.2,0,0,-0.7660444431189779,-0.6427876096865395,DB03
202102260500,104,2.9,0,0,-0.9396926207859084,-0.34202014332566855,DB03
202102260600,104,2.1,0,0,-0.9396926207859084,-0.34202014332566855,DB03
202102260700,104,2.7,0,0,-0.9396926207859084,-0.34202014332566855,DB02
202102260800,104,3.5,0,0,-0.9396926207859084,-0.34202014332566855,DB02
202102260900,104,5.9,0,0,-0.6427876096865396,0.7660444431189778,DB02
202102261000,104,7.6,0,0,-0.9396926207859083,0.342020143325669,DB02
202102261100,104,8.1,0,0,-0.3420201433256686,0.9396926207859084,DB02
202102261200,104,7.7,0,0,-0.3420201433256686,0.9396926207859084,DB02
202102261300,104,8.3,0,0,0.0,1.0,DB03
202102261400,104,8.1,0,0,0.3420201433256687,0.9396926207859084,DB02
202102261500,104,8.5,0,0,0.3420201433256687,0.9396926207859084,DB02
202102261600,104,8.0,0,0,0.3420201433256687,0.9396926207859084,DB02
202102261700,104,7.5,0,0,0.0,1.0,DB03
202102261800,104,6.7,0,0,-0.6427876096865396,0.7660444431189778,DB03
202102261900,104,5.8,0,0,-1.0,-1.8369701987210297e-16,DB03
202102262000,104,5.5,0,0,-1.0,-1.8369701987210297e-16,DB04
202102262100,104,5.6,0,0,-1.0,-1.8369701987210297e-16,DB04
202102262200,104,5.2,0,0,-0.9396926207859083,0.342020143325669,DB04
202102262300,104,5.0,0,0,-1.0,-1.8369701987210297e-16,DB04
202102270000,104,4.8,0,0,-1.0,-1.8369701987210297e-16,DB04
202102270100,104,4.1,0,0,-0.9396926207859083,0.342020143325669,DB04
202102270200,104,4.0,0,0,-0.9396926207859083,0.342020143325669,DB04
202102270300,104,3.5,100,1,-1.0,-1.8369701987210297e-16,DB04
202102270400,104,3.3,0,0,-0.9396926207859083,0.342020143325669,DB04
202102270500,104,3.4,0,0,0.0,1.0,DB04
202102270600,104,3.5,100,1,-1.0,-1.8369701987210297e-16,DB04
202102270700,104,3.7,0,0,-1.0,-1.8369701987210297e-16,DB04
202102270800,104,3.9,0,0,-0.9396926207859084,-0.34202014332566855,DB04
202102270900,104,4.2,100,1,0.0,1.0,DB04
202102271000,104,4.7,0,0,0.0,1.0,DB04
202102271100,104,4.8,0,0,0.6427876096865395,-0.7660444431189779,DB04
202102271200,104,5.0,100,1,0.9396926207859084,-0.3420201433256687,DB04
202102271300,104,5.3,0,0,0.9396926207859084,-0.3420201433256687,DB04
202102271400,104,6.6,0,0,1.0,6.123233995736766e-17,DB04
202102271500,104,6.7,0,0,1.0,6.123233995736766e-17,DB04
202102271600,104,6.3,0,0,1.0,6.123233995736766e-17,DB04
202102271700,104,6.0,0,0,1.0,6.123233995736766e-17,DB03
202102271800,104,5.4,0,0,1.0,6.123233995736766e-17,DB03
202102271900,104,4.8,0,0,1.0,6.123233995736766e-17,DB03
202102272000,104,3.0,0,0,0.9396926207859084,-0.3420201433256687,DB03
202102272100,104,2.3,0,0,0.9396926207859084,-0.3420201433256687,DB02
202102272200,104,0.4,0,0,0.6427876096865395,-0.7660444431189779,DB01
202102272300,104,0.7,0,0,1.2246467991473532e-16,-1.0,DB01
202102280000,104,0.8,0,0,-0.7660444431189779,-0.6427876096865395,DB01
202102280100,104,0.7,0,0,0.0,1.0,DB01
202102280200,104,-0.5,0,0,1.2246467991473532e-16,-1.0,DB01
202102280300,104,0.0,0,0,-0.9396926207859084,-0.34202014332566855,DB01
202102280400,104,-1.1,0,0,0.6427876096865395,-0.7660444431189779,DB01
202102280500,104,-1.5,0,0,0.6427876096865395,-0.7660444431189779,DB01
202102280600,104,-0.5,0,0,-0.7660444431189779,-0.6427876096865395,DB01
202102280700,104,-0.8,0,0,0.3420201433256689,-0.9396926207859083,DB01
202102280800,104,0.7,0,0,0.0,1.0,DB01
202102280900,104,4.5,0,0,0.0,1.0,DB01
202102281000,104,5.9,0,0,-0.9396926207859083,0.342020143325669,DB01
202102281100,104,8.1,0,0,0.9396926207859084,-0.3420201433256687,DB01
202102281200,104,9.8,0,0,0.0,1.0,DB01
202102281300,104,11.4,0,0,-0.3420201433256686,0.9396926207859084,DB03
202102281400,104,12.0,0,0,-0.3420201433256686,0.9396926207859084,DB03
202102281500,104,11.7,0,0,-0.3420201433256686,0.9396926207859084,DB03
202102281600,104,10.6,0,0,-0.3420201433256686,0.9396926207859084,DB03
202102281700,104,10.0,0,0,-0.6427876096865396,0.7660444431189778,DB03
202102281800,104,9.0,0,0,-0.9396926207859084,-0.34202014332566855,DB04
202102281900,104,8.8,0,0,0.6427876096865395,-0.7660444431189779,DB04
202102282000,104,10.6,0,0,0.3420201433256689,-0.9396926207859083,DB04
202102282100,104,11.4,0,0,0.6427876096865395,-0.7660444431189779,DB03
202102282200,104,11.5,0,0,0.6427876096865395,-0.7660444431189779,DB04
202102282300,104,10.4,0,0,0.0,1.0,DB04
202103010000,104,11.2,0,0,0.6427876096865395,-0.7660444431189779,DB04
202103010100,104,10.6,0,0,0.6427876096865395,-0.7660444431189779,DB04
202103010200,104,11.1,0,0,0.3420201433256689,-0.9396926207859083,DB04
202103010300,104,9.8,0,0,-1.0,-1.8369701987210297e-16,DB04
202103010400,104,9.4,0,0,-0.9396926207859083,0.342020143325669,DB04
202103010500,104,6.8,0,0,-0.9396926207859084,-0.34202014332566855,DB04
202103010600,104,6.4,100,1,-0.7660444431189779,-0.6427876096865395,DB04
202103010700,104,5.8,0,0,0.3420201433256689,-0.9396926207859083,DB04
202103010800,104,5.7,0,0,0.0,1.0,DB04
202103010900,104,5.6,100,1,-0.9396926207859084,-0.34202014332566855,DB04
202103011000,104,5.3,0,0,-0.6427876096865396,0.7660444431189778,DB04
202103011100,104,2.8,0,0,-0.9396926207859083,0.342020143325669,DB04
202103011200,104,2.1,100,1,-0.9396926207859083,0.342020143325669,DB04
202103011300,104,0.8,0,0,-0.9396926207859083,0.342020143325669,DB04
202103011400,104,0.2,0,0,-1.0,-1.8369701987210297e-16,DB04
202103011500,104,0.2,100,1,-1.0,-1.8369701987210297e-16,DB04
202103011600,104,0.2,0,0,-0.9396926207859083,0.342020143325669,DB04
202103011700,104,0.2,0,0,-0.6427876096865396,0.7660444431189778,DB04
202103011800,104,0.2,100,1,-0.3420201433256686,0.9396926207859084,DB04
202103011900,104,0.1,0,0,-0.6427876096865396,0.7660444431189778,DB04
202103012000,104,0.1,0,0,0.0,1.0,DB04
202103012100,104,0.0,100,1,0.0,1.0,DB04
202103012200,104,0.0,0,0,0.0,1.0,DB04
202103012300,104,-0.1,0,0,0.0,1.0,DB04
202103020000,104,-0.1,100,1,0.0,1.0,DB04
202103020100,104,-0.2,0,0,0.0,1.0,DB04
202103020200,104,-0.2,0,0,0.0,1.0,DB04
202103020300,104,-0.3,100,1,0.0,1.0,DB04
202103020400,104,-0.6,0,0,0.0,1.0,DB04
202103020500,104,-0.5,0,0,0.0,1.0,DB04
202103020600,104,-0.4,100,1,0.0,1.0,DB04
202103020700,104,-0.7,0,0,0.0,1.0,DB04
202103020800,104,-0.7,0,0,-0.3420201433256686,0.9396926207859084,DB04
202103020900,104,-1.0,100,1,-0.9396926207859083,0.342020143325669,DB04
202103021000,104,-1.5,0,0,-0.9396926207859084,-0.34202014332566855,DB04
202103021100,104,-1.1,0,0,-1.0,-1.8369701987210297e-16,DB04
202103021200,104,0.0,100,1,-1.0,-1.8369701987210297e-16,DB04
202103021300,104,0.2,0,0,-0.9396926207859083,0.342020143325669,DB04
202103021400,104,-0.2,0,0,-0.6427876096865396,0.7660444431189778,DB04
202103021500,104,-0.1,100,1,-0.9396926207859084,-0.34202014332566855,DB04
202103021600,104,0.3,0,0,-1.0,-1.8369701987210297e-16,DB04
202103021700,104,0.1,0,0,-0.7660444431189779,-0.6427876096865395,DB04
202103021800,104,0.0,0,0,0.6427876096865395,-0.7660444431189779,DB03
202103021900,104,-0.6,0,0,0.0,1.0,DB04
202103022000,104,-1.2,0,0,0.6427876096865395,-0.7660444431189779,DB03
202103022100,104,-1.8,0,0,0.6427876096865395,-0.7660444431189779,DB01
202103022200,104,-2.3,0,0,-0.34202014332566866,-0.9396926207859084,DB01
202103022300,104,-2.3,0,0,1.2246467991473532e-16,-1.0,DB01
202103030000,104,-2.5,0,0,0.3420201433256689,-0.9396926207859083,DB01
202103030100,104,-3.1,0,0,0.6427876096865395,-0.7660444431189779,DB01
202103030200,104,-2.5,0,0,0.3420201433256689,-0.9396926207859083,DB01
202103030300,104,-3.9,0,0,0.3420201433256689,-0.9396926207859083,DB01
202103030400,104,-2.8,0,0,0.3420201433256689,-0.9396926207859083,DB01
202103030500,104,-2.5,0,0,0.3420201433256689,-0.9396926207859083,DB01
202103030600,104,-2.5,0,0,0.3420201433256689,-0.9396926207859083,DB01
202103030700,104,-3.1,0,0,0.6427876096865395,-0.7660444431189779,DB01
202103030800,104,-1.4,0,0,0.6427876096865395,-0.7660444431189779,DB01
202103030900,104,0.3,0,0,0.6427876096865395,-0.7660444431189779,DB01
202103031000,104,2.4,0,0,0.6427876096865395,-0.7660444431189779,DB01
202103031100,104,4.2,0,0,0.6427876096865395,-0.7660444431189779,DB01
202103031200,104,5.0,0,0,0.9396926207859084,-0.3420201433256687,DB01
202103031300,104,5.8,0,0,0.9396926207859084,-0.3420201433256687,DB01
202103031400,104,6.1,0,0,1.0,6.123233995736766e-17,DB02
202103031500,104,6.7,0,0,0.9396926207859083,0.3420201433256688,DB02
202103031600,104,6.9,0,0,0.9396926207859084,-0.3420201433256687,DB03
202103031700,104,6.8,0,0,-1.0,-1.8369701987210297e-16,DB02
202103031800,104,3.9,0,0,-0.34202014332566866,-0.9396926207859084,DB03
202103031900,104,3.4,0,0,0.0,1.0,DB03
202103032000,104,4.4,0,0,0.6427876096865395,-0.7660444431189779,DB04
202103032100,104,3.9,0,0,0.6427876096865395,-0.7660444431189779,DB03
202103032200,104,4.8,0,0,-0.7660444431189779,-0.6427876096865395,DB03
202103032300,104,5.6,0,0,1.2246467991473532e-16,-1.0,DB03
202103040000,104,5.3,0,0,1.2246467991473532e-16,-1.0,DB03
202103040100,104,5.5,0,0,1.2246467991473532e-16,-1.0,DB02
202103040200,104,5.1,0,0,0.3420201433256689,-0.9396926207859083,DB02
202103040300,104,3.9,0,0,0.6427876096865395,-0.7660444431189779,DB03
202103040400,104,3.0,0,0,0.6427876096865395,-0.7660444431189779,DB03
202103040500,104,5.5,0,0,1.2246467991473532e-16,-1.0,DB03
202103040600,104,5.4,0,0,1.2246467991473532e-16,-1.0,DB03
202103040700,104,4.6,0,0,0.3420201433256689,-0.9396926207859083,DB03
202103040800,104,6.2,0,0,0.3420201433256689,-0.9396926207859083,DB04
202103040900,104,6.2,0,0,0.9396926207859084,-0.3420201433256687,DB04
202103041000,104,6.3,0,0,-1.0,-1.8369701987210297e-16,DB04
202103041100,104,8.4,0,0,1.0,6.123233995736766e-17,DB04
202103041200,104,8.9,0,0,0.0,1.0,DB04
202103041300,104,9.0,0,0,0.3420201433256687,0.9396926207859084,DB04
202103041400,104,9.6,0,0,0.0,1.0,DB04
202103041500,104,9.7,0,0,-0.9396926207859083,0.342020143325669,DB04
202103041600,104,9.0,0,0,0.0,1.0,DB04
202103041700,104,8.9,0,0,-0.6427876096865396,0.7660444431189778,DB04
202103041800,104,7.7,0,0,0.0,1.0,DB03
202103041900,104,6.5,0,0,-0.9396926207859084,-0.34202014332566855,DB04
202103042000,104,6.7,0,0,-0.34202014332566866,-0.9396926207859084,DB04
202103042100,104,5.4,0,0,-0.9396926207859084,-0.34202014332566855,DB03
202103042200,104,4.6,0,0,0.3420201433256689,-0.9396926207859083,DB02
202103042300,104,4.4,0,0,1.2246467991473532e-16,-1.0,DB01
202103050000,104,4.7,0,0,0.6427876096865395,-0.7660444431189779,DB01
202103050100,104,6.0,0,0,0.6427876096865395,-0.7660444431189779,DB01
202103050200,104,5.7,0,0,0.3420201433256689,-0.9396926207859083,DB01
202103050300,104,5.1,0,0,0.3420201433256689,-0.9396926207859083,DB01
202103050400,104,5.7,0,0,1.2246467991473532e-16,-1.0,DB01
202103050500,104,4.8,0,0,0.3420201433256689,-0.9396926207859083,DB01
202103050600,104,5.9,0,0,0.3420201433256689,-0.9396926207859083,DB01
202103050700,104,3.8,0,0,-0.34202014332566866,-0.9396926207859084,DB01
202103050800,104,6.4,0,0,-1.0,-1.8369701987210297e-16,DB01
202103050900,104,8.3,0,0,0.9396926207859084,-0.3420201433256687,DB01
202103051000,104,11.4,0,0,0.6427876096865395,-0.7660444431189779,DB01
202103051100,104,12.3,0,0,0.9396926207859084,-0.3420201433256687,DB01
202103051200,104,13.1,0,0,1.0,6.123233995736766e-17,DB01
202103051300,104,14.9,0,0,0.9396926207859084,-0.3420201433256687,DB01
202103051400,104,15.5,0,0,-0.3420201433256686,0.9396926207859084,DB01
202103051500,104,14.5,0,0,-1.0,-1.8369701987210297e-16,DB01
202103051600,104,14.7,0,0,-1.0,-1.8369701987210297e-16,DB01
202103051700,104,13.8,0,0,-0.9396926207859084,-0.34202014332566855,DB01
202103051800,104,10.9,0,0,0.6427876096865395,-0.7660444431189779,DB01
202103051900,104,10.1,0,0,-0.34202014332566866,-0.9396926207859084,DB01
202103052000,104,14.4,0,0,-0.7660444431189779,-0.6427876096865395,DB01
202103052100,104,8.5,0,0,-0.6427876096865396,0.7660444431189778,DB02
202103052200,104,8.1,0,0,0.9396926207859084,-0.3420201433256687,DB03
202103052300,104,9.6,0,0,0.3420201433256689,-0.9396926207859083,DB03
202103060000,104,9.6,0,0,-0.7660444431189779,-0.6427876096865395,DB03
202103060100,104,7.7,0,0,-0.3420201433256686,0.9396926207859084,DB03
202103060200,104,7.7,0,0,-0.6427876096865396,0.7660444431189778,DB02
202103060300,104,6.1,0,0,-0.3420201433256686,0.9396926207859084,DB04
202103060400,104,4.1,0,0,0.3420201433256687,0.9396926207859084,DB04
202103060500,104,3.0,0,0,-0.3420201433256686,0.9396926207859084,DB04
202103060600,104,2.5,100,1,-0.6427876096865396,0.7660444431189778,DB04
202103060700,104,1.3,0,0,-0.9396926207859083,0.342020143325669,DB04
202103060800,104,1.2,0,0,0.0,1.0,DB04
202103060900,104,0.7,100,1,-0.3420201433256686,0.9396926207859084,DB04
202103061000,104,0.5,0,0,0.3420201433256687,0.9396926207859084,DB04
202103061100,104,0.3,0,0,0.3420201433256687,0.9396926207859084,DB04
202103061200,104,0.4,100,1,0.3420201433256687,0.9396926207859084,DB04
202103061300,104,0.1,0,0,0.0,1.0,DB04
202103061400,104,0.4,0,0,0.3420201433256687,0.9396926207859084,DB04
202103061500,104,0.0,100,1,0.3420201433256687,0.9396926207859084,DB04
202103061600,104,0.0,0,0,0.0,1.0,DB04
202103061700,104,-0.2,0,0,0.0,1.0,DB04
202103061800,104,-0.4,100,1,0.0,1.0,DB04
202103061900,104,-0.6,0,0,-0.7660444431189779,-0.6427876096865395,DB04
202103062000,104,-0.6,0,0,0.0,1.0,DB04
202103062100,104,-0.6,100,1,-1.0,-1.8369701987210297e-16,DB04
202103062200,104,-0.5,0,0,0.0,1.0,DB04
202103062300,104,-0.5,0,0,-0.9396926207859083,0.342020143325669,DB04
202103070000,104,-0.5,100,1,-0.9396926207859084,-0.34202014332566855,DB04
202103070100,104,-0.3,0,0,0.0,1.0,DB04
202103070200,104,-0.2,0,0,0.0,1.0,DB04
202103070300,104,0.0,100,1,-0.7660444431189779,-0.6427876096865395,DB04
202103070400,104,0.0,0,0,0.0,1.0,DB04
202103070500,104,0.1,0,0,0.0,1.0,DB04
202103070600,104,-0.1,0,0,-0.7660444431189779,-0.6427876096865395,DB04
202103070700,104,-0.2,0,0,1.2246467991473532e-16,-1.0,DB04
202103070800,104,0.4,0,0,0.3420201433256689,-0.9396926207859083,DB04
202103070900,104,1.5,0,0,0.6427876096865395,-0.7660444431189779,DB04
202103071000,104,2.7,0,0,0.6427876096865395,-0.7660444431189779,DB04
202103071100,104,4.4,0,0,0.9396926207859084,-0.3420201433256687,DB03
202103071200,104,5.4,0,0,1.0,6.123233995736766e-17,DB03
202103071300,104,6.1,0,0,0.3420201433256687,0.9396926207859084,DB02
202103071400,104,5.9,0,0,0.9396926207859083,0.3420201433256688,DB03
202103071500,104,5.8,0,0,0.766044443118978,0.6427876096865394,DB03
202103071600,104,5.3,0,0,0.9396926207859083,0.3420201433256688,DB03
202103071700,104,5.6,0,0,0.9396926207859083,0.3420201433256688,DB03
202103071800,104,5.0,0,0,1.0,6.123233995736766e-17,DB03
202103071900,104,3.4,0,0,0.6427876096865395,-0.7660444431189779,DB03
202103072000,104,2.8,0,0,0.3420201433256689,-0.9396926207859083,DB03
202103072100,104,1.9,0,0,0.0,1.0,DB03
202103072200,104,2.2,0,0,0.0,1.0,DB02
202103072300,104,1.6,0,0,0.0,1.0,DB02
202103080000,104,0.9,0,0,-0.7660444431189779,-0.6427876096865395,DB01
202103080100,104,1.3,0,0,-0.7660444431189779,-0.6427876096865395,DB01
202103080200,104,0.1,0,0,0.9396926207859084,-0.3420201433256687,DB01
202103080300,104,0.5,0,0,0.3420201433256689,-0.9396926207859083,DB01
202103080400,104,0.0,0,0,0.0,1.0,DB01
202103080500,104,1.4,0,0,-0.9396926207859084,-0.34202014332566855,DB01
202103080600,104,0.4,0,0,-0.9396926207859084,-0.34202014332566855,DB01
202103080700,104,1.3,0,0,-0.7660444431189779,-0.6427876096865395,DB01
202103080800,104,3.5,0,0,0.0,1.0,DB01
202103080900,104,4.5,0,0,-0.9396926207859083,0.342020143325669,DB01
202103081000,104,5.7,0,0,-0.9396926207859083,0.342020143325669,DB01
202103081100,104,5.9,0,0,-0.3420201433256686,0.9396926207859084,DB01
202103081200,104,6.8,0,0,-0.3420201433256686,0.9396926207859084,DB02
202103081300,104,6.1,0,0,-0.3420201433256686,0.9396926207859084,DB04
202103081400,104,6.1,0,0,-0.3420201433256686,0.9396926207859084,DB04
202103081500,104,6.0,0,0,-0.6427876096865396,0.7660444431189778,DB04
202103081600,104,5.6,0,0,-0.6427876096865396,0.7660444431189778,DB04
202103081700,104,5.0,0,0,-0.6427876096865396,0.7660444431189778,DB04
202103081800,104,4.7,0,0,-0.9396926207859083,0.342020143325669,DB04
202103081900,104,4.4,0,0,-1.0,-1.8369701987210297e-16,DB04
202103082000,104,4.2,0,0,-0.9396926207859083,0.342020143325669,DB04
202103082100,104,3.6,0,0,0.0,1.0,DB03
202103082200,104,3.0,0,0,0.3420201433256689,-0.9396926207859083,DB03
202103082300,104,2.3,0,0,0.0,1.0,DB01
202103090000,104,2.2,0,0,-0.7660444431189779,-0.6427876096865395,DB01
202103090100,104,1.2,0,0,1.2246467991473532e-16,-1.0,DB01
202103090200,104,1.0,0,0,0.3420201433256689,-0.9396926207859083,DB01
202103090300,104,0.6,0,0,-0.7660444431189779,-0.6427876096865395,DB01
202103090400,104,0.2,0,0,0.0,1.0,DB01
202103090500,104,0.7,0,0,0.0,1.0,DB01
202103090600,104,1.1,0,0,0.0,1.0,DB02
202103090700,104,1.2,0,0,1.2246467991473532e-16,-1.0,DB02
202103090800,104,4.0,0,0,0.3420201433256689,-0.9396926207859083,DB02
202103090900,104,6.2,0,0,0.0,1.0,DB02
202103091000,104,8.6,0,0,-0.9396926207859083,0.342020143325669,DB02
202103091100,104,11.5,0,0,1.0,6.123233995736766e-17,DB03
202103091200,104,12.1,0,0,1.0,6.123233995736766e-17,DB02
202103091300,104,13.1,0,0,0.9396926207859083,0.3420201433256688,DB02
202103091400,104,12.5,0,0,1.0,6.123233995736766e-17,DB02
202103091500,104,13.4,0,0,0.9396926207859083,0.3420201433256688,DB03
202103091600,104,12.9,0,0,0.766044443118978,0.6427876096865394,DB03
202103091700,104,14.9,0,0,-1.0,-1.8369701987210297e-16,DB03
202103091800,104,11.7,0,0,0.9396926207859083,0.3420201433256688,DB03
202103091900,104,12.5,0,0,-0.7660444431189779,-0.6427876096865395,DB03
202103092000,104,11.5,0,0,1.2246467991473532e-16,-1.0,DB02
202103092100,104,9.4,0,0,0.9396926207859084,-0.3420201433256687,DB01
202103092200,104,7.5,0,0,0.6427876096865395,-0.7660444431189779,DB01
202103092300,104,9.2,0,0,0.3420201433256689,-0.9396926207859083,DB01
202103100000,104,8.4,0,0,0.6427876096865395,-0.7660444431189779,DB01
202103100100,104,7.2,0,0,0.6427876096865395,-0.7660444431189779,DB01
202103100200,104,7.5,0,0,0.6427876096865395,-0.7660444431189779,DB01
202103100300,104,7.1,0,0,0.766044443118978,0.6427876096865394,DB01
202103100400,104,6.5,0,0,0.0,1.0,DB02
202103100500,104,5.7,0,0,1.0,6.123233995736766e-17,DB02
202103100600,104,4.5,0,0,0.0,1.0,DB01
202103100700,104,3.9,0,0,0.0,1.0,DB01
202103100800,104,5.7,0,0,0.6427876096865395,-0.7660444431189779,DB01
202103100900,104,7.9,0,0,0.9396926207859083,0.3420201433256688,DB01
202103101000,104,8.1,0,0,0.766044443118978,0.6427876096865394,DB01
202103101100,104,9.3,0,0,0.9396926207859083,0.3420201433256688,DB01
202103101200,104,9.4,0,0,0.9396926207859083,0.3420201433256688,DB01
202103101300,104,9.8,0,0,0.9396926207859083,0.3420201433256688,DB01
202103101400,104,9.6,0,0,0.9396926207859083,0.3420201433256688,DB01
202103101500,104,10.0,0,0,0.9396926207859083,0.3420201433256688,DB01
202103101600,104,9.8,0,0,0.9396926207859083,0.3420201433256688,DB01
202103101700,104,9.1,0,0,1.0,6.123233995736766e-17,DB01
202103101800,104,7.9,0,0,1.0,6.123233995736766e-17,DB01
202103101900,104,6.7,0,0,0.9396926207859084,-0.3420201433256687,DB01
202103102000,104,4.9,0,0,-0.9396926207859084,-0.34202014332566855,DB01
202103102100,104,4.4,0,0,-0.7660444431189779,-0.6427876096865395,DB01
202103102200,104,3.7,0,0,0.6427876096865395,-0.7660444431189779,DB01
202103102300,104,3.7,0,0,0.6427876096865395,-0.7660444431189779,DB01
202103110000,104,3.1,0,0,0.6427876096865395,-0.7660444431189779,DB01
202103110100,104,2.3,0,0,0.0,1.0,DB01
202103110200,104,2.4,0,0,-0.6427876096865396,0.7660444431189778,DB01
202103110300,104,3.5,0,0,0.0,1.0,DB02
202103110400,104,6.7,0,0,0.6427876096865395,-0.7660444431189779,DB03
202103110500,104,7.6,0,0,0.3420201433256689,-0.9396926207859083,DB03
202103110600,104,7.2,0,0,0.6427876096865395,-0.7660444431189779,DB02
202103110700,104,9.0,0,0,0.6427876096865395,-0.7660444431189779,DB02
202103110800,104,10.3,0,0,1.2246467991473532e-16,-1.0,DB02
202103110900,104,13.5,0,0,0.6427876096865395,-0.7660444431189779,DB01
202103111000,104,15.8,0,0,1.0,6.123233995736766e-17,DB01
202103111100,104,17.1,0,0,0.9396926207859084,-0.3420201433256687,DB01
202103111200,104,18.2,0,0,0.6427876096865395,-0.7660444431189779,DB01
202103111300,104,18.6,0,0,0.9396926207859083,0.3420201433256688,DB01
202103111400,104,17.8,0,0,0.9396926207859083,0.3420201433256688,DB02
202103111500,104,17.1,0,0,0.9396926207859083,0.3420201433256688,DB03
202103111600,104,16.0,0,0,1.0,6.123233995736766e-17,DB03
202103111700,104,15.5,0,0,1.0,6.123233995736766e-17,DB03
202103111800,104,13.9,0,0,0.9396926207859084,-0.3420201433256687,DB03
202103111900,104,11.7,0,0,0.0,1.0,DB03
202103112000,104,10.7,0,0,0.0,1.0,DB04
202103112100,104,11.6,0,0,0.0,1.0,DB04
202103112200,104,10.4,0,0,0.9396926207859084,-0.3420201433256687,DB04
202103112300,104,9.0,0,0,1.0,6.123233995736766e-17,DB03
202103120000,104,8.9,0,0,1.2246467991473532e-16,-1.0,DB04
202103120100,104,9.2,0,0,0.9396926207859084,-0.3420201433256687,DB04
202103120200,104,8.6,0,0,0.9396926207859084,-0.3420201433256687,DB04
202103120300,104,9.4,0,0,0.3420201433256689,-0.9396926207859083,DB04
202103120400,104,8.7,0,0,-0.9396926207859084,-0.34202014332566855,DB04
202103120500,104,8.5,0,0,0.0,1.0,DB04
202103120600,104,9.2,0,0,-0.9396926207859083,0.342020143325669,DB04
202103120700,104,9.6,0,0,-0.6427876096865396,0.7660444431189778,DB04
202103120800,104,8.9,0,0,-0.6427876096865396,0.7660444431189778,DB04
202103120900,104,8.9,0,0,-0.6427876096865396,0.7660444431189778,DB04
202103121000,104,7.8,0,0,-1.0,-1.8369701987210297e-16,DB04
202103121100,104,7.2,0,0,-0.6427876096865396,0.7660444431189778,DB04
202103121200,104,7.6,100,1,-0.9396926207859083,0.342020143325669,DB04
202103121300,104,8.2,0,0,-0.6427876096865396,0.7660444431189778,DB04
202103121400,104,7.8,0,0,-0.9396926207859083,0.342020143325669,DB04
202103121500,104,7.1,0,0,-0.9396926207859083,0.342020143325669,DB04
202103121600,104,6.3,0,0,-0.9396926207859083,0.342020143325669,DB04
202103121700,104,6.0,0,0,-0.9396926207859083,0.342020143325669,DB04
202103121800,104,5.7,100,1,-0.9396926207859083,0.342020143325669,DB04
202103121900,104,5.6,0,0,-1.0,-1.8369701987210297e-16,DB04
202103122000,104,5.6,0,0,-1.0,-1.8369701987210297e-16,DB04
202103122100,104,5.6,100,1,-0.9396926207859083,0.342020143325669,DB04
202103122200,104,5.7,0,0,-1.0,-1.8369701987210297e-16,DB04
202103122300,104,5.8,0,0,-1.0,-1.8369701987210297e-16,DB04
202103130000,104,5.8,0,0,-1.0,-1.8369701987210297e-16,DB04
202103130100,104,5.5,0,0,-1.0,-1.8369701987210297e-16,DB04
202103130200,104,5.1,0,0,-1.0,-1.8369701987210297e-16,DB03
202103130300,104,5.3,0,0,-1.0,-1.8369701987210297e-16,DB03
202103130400,104,5.0,0,0,-0.9396926207859083,0.342020143325669,DB03
202103130500,104,4.3,0,0,-0.9396926207859083,0.342020143325669,DB03
202103130600,104,2.9,0,0,-0.9396926207859084,-0.34202014332566855,DB02
202103130700,104,2.8,0,0,-0.34202014332566866,-0.9396926207859084,DB01
202103130800,104,4.0,0,0,0.0,1.0,DB01
202103130900,104,6.1,0,0,-1.0,-1.8369701987210297e-16,DB01
202103131000,104,7.1,0,0,-0.6427876096865396,0.7660444431189778,DB01
202103131100,104,8.5,0,0,-0.3420201433256686,0.9396926207859084,DB02
202103131200,104,8.4,0,0,-0.3420201433256686,0.9396926207859084,DB02
202103131300,104,9.0,0,0,-0.3420201433256686,0.9396926207859084,DB03
202103131400,104,8.6,0,0,0.0,1.0,DB03
202103131500,104,9.5,0,0,0.0,1.0,DB03
202103131600,104,9.0,0,0,-0.6427876096865396,0.7660444431189778,DB03
202103131700,104,8.4,0,0,0.3420201433256687,0.9396926207859084,DB03
202103131800,104,7.3,0,0,0.6427876096865395,-0.7660444431189779,DB03
202103131900,104,6.3,0,0,0.9396926207859084,-0.3420201433256687,DB03
202103132000,104,6.0,0,0,0.0,1.0,DB03
202103132100,104,5.2,0,0,0.0,1.0,DB02
202103132200,104,4.3,0,0,0.0,1.0,DB01
202103132300,104,3.6,0,0,0.6427876096865395,-0.7660444431189779,DB01
202103140000,104,3.6,0,0,0.3420201433256689,-0.9396926207859083,DB01
202103140100,104,3.5,0,0,1.2246467991473532e-16,-1.0,DB01
202103140200,104,5.1,0,0,0.0,1.0,DB02
202103140300,104,5.5,0,0,0.0,1.0,DB03
202103140400,104,5.2,0,0,0.0,1.0,DB01
202103140500,104,4.8,0,0,-0.34202014332566866,-0.9396926207859084,DB01
202103140600,104,5.0,0,0,0.0,1.0,DB01
202103140700,104,5.8,0,0,-0.7660444431189779,-0.6427876096865395,DB01
202103140800,104,7.6,0,0,0.0,1.0,DB01
202103140900,104,9.9,0,0,0.9396926207859084,-0.3420201433256687,DB01
202103141000,104,12.1,0,0,0.766044443118978,0.6427876096865394,DB01
202103141100,104,11.6,0,0,0.3420201433256687,0.9396926207859084,DB01
202103141200,104,12.6,0,0,0.9396926207859083,0.3420201433256688,DB01
202103141300,104,12.4,0,0,0.3420201433256687,0.9396926207859084,DB01
202103141400,104,13.3,0,0,0.766044443118978,0.6427876096865394,DB01
202103141500,104,12.3,0,0,0.766044443118978,0.6427876096865394,DB01
202103141600,104,12.1,0,0,0.9396926207859083,0.3420201433256688,DB01
202103141700,104,11.3,0,0,1.0,6.123233995736766e-17,DB02
202103141800,104,10.3,0,0,1.0,6.123233995736766e-17,DB01
202103141900,104,8.9,0,0,0.0,1.0,DB01
202103142000,104,7.9,0,0,-0.9396926207859084,-0.34202014332566855,DB01
202103142100,104,7.0,0,0,-0.34202014332566866,-0.9396926207859084,DB02
202103142200,104,5.8,0,0,0.6427876096865395,-0.7660444431189779,DB01
202103142300,104,5.5,0,0,-0.34202014332566866,-0.9396926207859084,DB03
202103150000,104,8.0,0,0,0.6427876096865395,-0.7660444431189779,DB01
202103150100,104,7.8,0,0,0.6427876096865395,-0.7660444431189779,DB01
202103150200,104,8.4,0,0,0.3420201433256689,-0.9396926207859083,DB01
202103150300,104,8.0,0,0,0.6427876096865395,-0.7660444431189779,DB01
202103150400,104,7.5,0,0,0.6427876096865395,-0.7660444431189779,DB01
202103150500,104,6.9,0,0,0.6427876096865395,-0.7660444431189779,DB01
202103150600,104,6.9,0,0,0.6427876096865395,-0.7660444431189779,DB01
202103150700,104,7.3,0,0,0.6427876096865395,-0.7660444431189779,DB01
202103150800,104,9.2,0,0,0.6427876096865395,-0.7660444431189779,DB01
202103150900,104,11.7,0,0,0.6427876096865395,-0.7660444431189779,DB01
202103151000,104,13.7,0,0,0.9396926207859084,-0.3420201433256687,DB02
202103151100,104,13.8,0,0,-1.0,-1.8369701987210297e-16,DB02
202103151200,104,15.3,0,0,-0.34202014332566866,-0.9396926207859084,DB03
202103151300,104,15.0,0,0,0.0,1.0,DB03
202103151400,104,13.0,0,0,0.3420201433256687,0.9396926207859084,DB03
202103151500,104,13.1,0,0,0.766044443118978,0.6427876096865394,DB03
202103151600,104,13.3,0,0,0.9396926207859083,0.3420201433256688,DB04
202103151700,104,14.1,0,0,0.766044443118978,0.6427876096865394,DB03
202103151800,104,12.6,0,0,0.0,1.0,DB03
202103151900,104,11.1,0,0,0.9396926207859084,-0.3420201433256687,DB04
202103152000,104,14.0,0,0,-0.34202014332566866,-0.9396926207859084,DB03
202103152100,104,14.3,0,0,-0.34202014332566866,-0.9396926207859084,DB03
202103152200,104,14.4,0,0,1.2246467991473532e-16,-1.0,DB04
202103152300,104,14.3,0,0,1.2246467991473532e-16,-1.0,DB04
202103160000,104,13.9,0,0,0.3420201433256689,-0.9396926207859083,DB04
202103160100,104,12.6,0,0,0.6427876096865395,-0.7660444431189779,DB04
202103160200,104,12.2,0,0,0.3420201433256689,-0.9396926207859083,DB04
202103160300,104,12.0,0,0,0.9396926207859084,-0.3420201433256687,DB04
202103160400,104,11.4,0,0,0.3420201433256687,0.9396926207859084,DB04
202103160500,104,10.2,0,0,0.0,1.0,DB04
202103160600,104,9.9,0,0,-0.7660444431189779,-0.6427876096865395,DB03
202103160700,104,11.9,0,0,-0.7660444431189779,-0.6427876096865395,DB03
202103160800,104,12.6,0,0,-0.9396926207859083,0.342020143325669,DB03
202103160900,104,14.0,0,0,-1.0,-1.8369701987210297e-16,DB01
202103161000,104,15.3,0,0,-0.9396926207859083,0.342020143325669,DB01
202103161100,104,16.6,0,0,-1.0,-1.8369701987210297e-16,DB01
202103161200,104,12.2,0,0,0.0,1.0,DB01
202103161300,104,11.9,0,0,0.0,1.0,DB01
202103161400,104,12.0,0,0,0.0,1.0,DB01
202103161500,104,11.5,0,0,0.766044443118978,0.6427876096865394,DB01
202103161600,104,11.1,0,0,0.766044443118978,0.6427876096865394,DB01
202103161700,104,10.4,0,0,0.9396926207859083,0.3420201433256688,DB01
202103161800,104,9.0,0,0,1.0,6.123233995736766e-17,DB01
202103161900,104,7.4,0,0,0.9396926207859084,-0.3420201433256687,DB01
202103162000,104,6.6,0,0,-0.9396926207859084,-0.34202014332566855,DB01
202103162100,104,5.9,0,0,0.0,1.0,DB01
202103162200,104,5.5,0,0,-0.9396926207859084,-0.34202014332566855,DB01
202103162300,104,5.2,0,0,-0.9396926207859084,-0.34202014332566855,DB01
202103170000,104,4.1,0,0,0.6427876096865395,-0.7660444431189779,DB01
202103170100,104,3.9,0,0,0.0,1.0,DB02
202103170200,104,3.3,0,0,0.6427876096865395,-0.7660444431189779,DB02
202103170300,104,3.9,0,0,-0.9396926207859084,-0.34202014332566855,DB01
202103170400,104,5.0,0,0,-0.7660444431189779,-0.6427876096865395,DB01
202103170500,104,4.4,0,0,-0.7660444431189779,-0.6427876096865395,DB01
202103170600,104,5.0,0,0,-1.0,-1.8369701987210297e-16,DB01
202103170700,104,4.7,0,0,-0.9396926207859084,-0.34202014332566855,DB01
202103170800,104,7.1,0,0,-1.0,-1.8369701987210297e-16,DB01
202103170900,104,8.3,0,0,-0.9396926207859083,0.342020143325669,DB01
202103171000,104,9.5,0,0,-0.6427876096865396,0.7660444431189778,DB01
202103171100,104,10.0,0,0,-0.6427876096865396,0.7660444431189778,DB01
202103171200,104,10.2,0,0,-0.3420201433256686,0.9396926207859084,DB01
202103171300,104,10.6,0,0,0.0,1.0,DB01
202103171400,104,10.2,0,0,-0.3420201433256686,0.9396926207859084,DB01
202103171500,104,10.0,0,0,0.0,1.0,DB01
202103171600,104,10.0,0,0,-0.3420201433256686,0.9396926207859084,DB01
202103171700,104,9.7,0,0,0.9396926207859083,0.3420201433256688,DB01
202103171800,104,9.2,0,0,0.3420201433256687,0.9396926207859084,DB03
202103171900,104,8.6,0,0,0.0,1.0,DB03
202103172000,104,7.7,0,0,1.2246467991473532e-16,-1.0,DB03
202103172100,104,7.1,0,0,0.0,1.0,DB04
202103172200,104,6.5,0,0,-0.7660444431189779,-0.6427876096865395,DB01
202103172300,104,6.6,0,0,-0.7660444431189779,-0.6427876096865395,DB01
202103180000,104,6.1,0,0,-0.7660444431189779,-0.6427876096865395,DB01
202103180100,104,5.2,0,0,-1.0,-1.8369701987210297e-16,DB01
202103180200,104,5.2,0,0,-0.9396926207859084,-0.34202014332566855,DB03
202103180300,104,5.5,0,0,-0.9396926207859084,-0.34202014332566855,DB03
202103180400,104,6.0,0,0,0.0,1.0,DB04
202103180500,104,6.1,0,0,0.0,1.0,DB04
202103180600,104,7.3,0,0,-0.6427876096865396,0.7660444431189778,DB04
202103180700,104,7.1,0,0,-1.0,-1.8369701987210297e-16,DB04
202103180800,104,7.3,0,0,-0.9396926207859083,0.342020143325669,DB04
202103180900,104,8.1,0,0,0.0,1.0,DB03
202103181000,104,9.1,0,0,0.0,1.0,DB03
202103181100,104,9.2,0,0,0.3420201433256687,0.9396926207859084,DB03
202103181200,104,9.6,0,0,0.0,1.0,DB04
202103181300,104,9.0,0,0,-0.3420201433256686,0.9396926207859084,DB04
202103181400,104,9.4,0,0,-0.6427876096865396,0.7660444431189778,DB04
202103181500,104,8.4,0,0,-1.0,-1.8369701987210297e-16,DB04
202103181600,104,7.8,0,0,-0.9396926207859083,0.342020143325669,DB04
202103181700,104,7.3,0,0,-0.9396926207859083,0.342020143325669,DB04
202103181800,104,6.9,0,0,-1.0,-1.8369701987210297e-16,DB04
202103181900,104,6.9,0,0,-1.0,-1.8369701987210297e-16,DB04
202103182000,104,6.8,0,0,0.0,1.0,DB04
202103182100,104,6.4,0,0,0.0,1.0,DB04
202103182200,104,6.6,0,0,-1.0,-1.8369701987210297e-16,DB04
202103182300,104,6.8,0,0,-0.7660444431189779,-0.6427876096865395,DB04
202103190000,104,7.0,0,0,-0.7660444431189779,-0.6427876096865395,DB04
202103190100,104,6.8,0,0,0.6427876096865395,-0.7660444431189779,DB04
202103190200,104,7.0,0,0,-1.0,-1.8369701987210297e-16,DB04
202103190300,104,7.2,0,0,-1.0,-1.8369701987210297e-16,DB04
202103190400,104,6.9,0,0,-0.9396926207859084,-0.34202014332566855,DB04
202103190500,104,6.9,0,0,0.0,1.0,DB04
202103190600,104,6.7,0,0,0.0,1.0,DB04
202103190700,104,6.7,0,0,0.0,1.0,DB04
202103190800,104,7.4,0,0,0.0,1.0,DB03
202103190900,104,9.0,0,0,0.0,1.0,DB02
202103191000,104,9.7,0,0,0.3420201433256687,0.9396926207859084,DB03
202103191100,104,9.9,0,0,0.766044443118978,0.6427876096865394,DB03
202103191200,104,10.3,0,0,0.766044443118978,0.6427876096865394,DB04
202103191300,104,10.7,0,0,0.9396926207859083,0.3420201433256688,DB04
202103191400,104,11.0,0,0,0.9396926207859083,0.3420201433256688,DB04
202103191500,104,11.2,0,0,0.9396926207859083,0.3420201433256688,DB04
202103191600,104,11.4,0,0,1.0,6.123233995736766e-17,DB04
202103191700,104,11.0,0,0,1.0,6.123233995736766e-17,DB03
202103191800,104,10.1,0,0,1.0,6.123233995736766e-17,DB03
202103191900,104,8.9,0,0,0.6427876096865395,-0.7660444431189779,DB02
202103192000,104,7.3,0,0,0.0,1.0,DB02
202103192100,104,6.6,0,0,-0.9396926207859084,-0.34202014332566855,DB01
202103192200,104,6.7,0,0,-0.7660444431189779,-0.6427876096865395,DB01
202103192300,104,7.2,0,0,0.0,1.0,DB03
202103200000,104,7.2,0,0,0.0,1.0,DB03
202103200100,104,6.8,0,0,0.6427876096865395,-0.7660444431189779,DB04
202103200200,104,7.4,0,0,-0.9396926207859083,0.342020143325669,DB04
202103200300,104,6.9,0,0,0.0,1.0,DB04
202103200400,104,7.1,0,0,-0.7660444431189779,-0.6427876096865395,DB04
202103200500,104,6.7,0,0,0.0,1.0,DB04
202103200600,104,6.8,0,0,0.0,1.0,DB04
202103200700,104,7.1,0,0,-1.0,-1.8369701987210297e-16,DB04
202103200800,104,8.6,0,0,0.0,1.0,DB04
202103200900,104,9.4,0,0,0.9396926207859084,-0.3420201433256687,DB04
202103201000,104,9.5,0,0,0.9396926207859084,-0.3420201433256687,DB04
202103201100,104,9.6,0,0,0.0,1.0,DB04
202103201200,104,8.1,100,1,-1.0,-1.8369701987210297e-16,DB04
202103201300,104,8.3,0,0,-1.0,-1.8369701987210297e-16,DB04
202103201400,104,9.4,0,0,-0.9396926207859083,0.342020143325669,DB04
202103201500,104,9.3,0,0,-0.9396926207859083,0.342020143325669,DB04
202103201600,104,9.7,0,0,-1.0,-1.8369701987210297e-16,DB04
202103201700,104,9.8,0,0,-1.0,-1.8369701987210297e-16,DB04
202103201800,104,9.1,0,0,-0.3420201433256686,0.9396926207859084,DB03
202103201900,104,8.7,0,0,-0.6427876096865396,0.7660444431189778,DB04
202103202000,104,8.1,0,0,-0.9396926207859083,0.342020143325669,DB04
202103202100,104,7.3,0,0,-0.9396926207859083,0.342020143325669,DB04
202103202200,104,7.0,0,0,-0.9396926207859083,0.342020143325669,DB04
202103202300,104,6.9,0,0,-0.6427876096865396,0.7660444431189778,DB03
202103210000,104,6.8,0,0,-1.0,-1.8369701987210297e-16,DB04
202103210100,104,6.7,0,0,-0.9396926207859084,-0.34202014332566855,DB04
202103210200,104,6.8,0,0,-1.0,-1.8369701987210297e-16,DB02
202103210300,104,6.7,0,0,-1.0,-1.8369701987210297e-16,DB04
202103210400,104,6.6,0,0,-1.0,-1.8369701987210297e-16,DB04
202103210500,104,6.6,0,0,-1.0,-1.8369701987210297e-16,DB04
202103210600,104,5.7,0,0,-1.0,-1.8369701987210297e-16,DB03
202103210700,104,6.0,0,0,-0.9396926207859084,-0.34202014332566855,DB03
202103210800,104,6.7,0,0,0.0,1.0,DB04
202103210900,104,9.6,0,0,-1.0,-1.8369701987210297e-16,DB03
202103211000,104,9.7,0,0,-1.0,-1.8369701987210297e-16,DB04
202103211100,104,9.6,0,0,-1.0,-1.8369701987210297e-16,DB04
202103211200,104,9.6,0,0,-1.0,-1.8369701987210297e-16,DB03
202103211300,104,9.7,0,0,-0.9396926207859084,-0.34202014332566855,DB03
202103211400,104,10.6,0,0,-0.7660444431189779,-0.6427876096865395,DB02
202103211500,104,11.0,0,0,-0.9396926207859084,-0.34202014332566855,DB01
202103211600,104,9.9,0,0,-0.7660444431189779,-0.6427876096865395,DB02
202103211700,104,9.6,0,0,-1.0,-1.8369701987210297e-16,DB01
202103211800,104,8.9,0,0,-1.0,-1.8369701987210297e-16,DB02
202103211900,104,7.7,0,0,-1.0,-1.8369701987210297e-16,DB01
202103212000,104,7.0,0,0,-1.0,-1.8369701987210297e-16,DB01
202103212100,104,6.1,0,0,-1.0,-1.8369701987210297e-16,DB01
202103212200,104,5.9,0,0,-0.9396926207859084,-0.34202014332566855,DB01
202103212300,104,5.7,0,0,-0.9396926207859084,-0.34202014332566855,DB01
202103220000,104,5.1,0,0,-0.34202014332566866,-0.9396926207859084,DB01
202103220100,104,4.9,0,0,-0.34202014332566866,-0.9396926207859084,DB01
202103220200,104,4.8,0,0,-0.34202014332566866,-0.9396926207859084,DB01
202103220300,104,4.7,0,0,-0.34202014332566866,-0.9396926207859084,DB01
202103220400,104,4.7,0,0,-0.9396926207859084,-0.34202014332566855,DB01
202103220500,104,3.7,0,0,-0.9396926207859084,-0.34202014332566855,DB01
202103220600,104,3.9,0,0,-1.0,-1.8369701987210297e-16,DB01
202103220700,104,4.1,0,0,-1.0,-1.8369701987210297e-16,DB01
202103220800,104,4.9,0,0,-0.9396926207859083,0.342020143325669,DB01
202103220900,104,5.8,0,0,-1.0,-1.8369701987210297e-16,DB01
202103221000,104,7.5,0,0,-1.0,-1.8369701987210297e-16,DB01
202103221100,104,8.4,0,0,-0.9396926207859084,-0.34202014332566855,DB01
202103221200,104,9.4,0,0,-1.0,-1.8369701987210297e-16,DB01
202103221300,104,11.1,0,0,-1.0,-1.8369701987210297e-16,DB01
202103221400,104,11.6,0,0,-0.9396926207859084,-0.34202014332566855,DB01
202103221500,104,11.7,0,0,-0.7660444431189779,-0.6427876096865395,DB01
202103221600,104,12.0,0,0,-0.9396926207859084,-0.34202014332566855,DB01
202103221700,104,11.5,0,0,-0.9396926207859084,-0.34202014332566855,DB02
202103221800,104,10.3,0,0,-0.9396926207859084,-0.34202014332566855,DB02
202103221900,104,8.8,0,0,-0.7660444431189779,-0.6427876096865395,DB01
202103222000,104,8.0,0,0,-0.7660444431189779,-0.6427876096865395,DB01
202103222100,104,6.6,0,0,0.0,1.0,DB01
202103222200,104,7.3,0,0,-0.7660444431189779,-0.6427876096865395,DB01
202103222300,104,7.5,0,0,-0.34202014332566866,-0.9396926207859084,DB03
202103230000,104,7.2,0,0,-0.34202014332566866,-0.9396926207859084,DB01
202103230100,104,6.8,0,0,-0.7660444431189779,-0.6427876096865395,DB03
202103230200,104,6.5,0,0,1.2246467991473532e-16,-1.0,DB01
202103230300,104,6.4,0,0,1.2246467991473532e-16,-1.0,DB01
202103230400,104,4.6,0,0,0.6427876096865395,-0.7660444431189779,DB01
202103230500,104,6.4,0,0,0.6427876096865395,-0.7660444431189779,DB01
202103230600,104,6.5,0,0,1.2246467991473532e-16,-1.0,DB01
202103230700,104,6.9,0,0,0.3420201433256689,-0.9396926207859083,DB01
202103230800,104,9.3,0,0,0.6427876096865395,-0.7660444431189779,DB01
202103230900,104,11.5,0,0,-0.7660444431189779,-0.6427876096865395,DB01
202103231000,104,12.9,0,0,-0.7660444431189779,-0.6427876096865395,DB01
202103231100,104,14.3,0,0,1.2246467991473532e-16,-1.0,DB01
202103231200,104,16.2,0,0,1.2246467991473532e-16,-1.0,DB01
202103231300,104,17.3,0,0,1.2246467991473532e-16,-1.0,DB01
202103231400,104,17.2,0,0,1.2246467991473532e-16,-1.0,DB01
202103231500,104,18.1,0,0,-0.9396926207859084,-0.34202014332566855,DB01
202103231600,104,17.4,0,0,-0.7660444431189779,-0.6427876096865395,DB02
202103231700,104,17.3,0,0,-0.34202014332566866,-0.9396926207859084,DB03
202103231800,104,16.4,0,0,-0.34202014332566866,-0.9396926207859084,DB03
202103231900,104,14.2,0,0,1.0,6.123233995736766e-17,DB02
202103232000,104,13.8,0,0,-0.7660444431189779,-0.6427876096865395,DB01
202103232100,104,13.7,0,0,-0.7660444431189779,-0.6427876096865395,DB02
202103232200,104,12.8,0,0,1.2246467991473532e-16,-1.0,DB03
202103232300,104,10.1,0,0,0.0,1.0,DB03
202103240000,104,11.6,0,0,1.2246467991473532e-16,-1.0,DB02
202103240100,104,11.6,0,0,1.2246467991473532e-16,-1.0,DB02
202103240200,104,10.9,0,0,-0.34202014332566866,-0.9396926207859084,DB02
202103240300,104,10.5,0,0,0.3420201433256689,-0.9396926207859083,DB02
202103240400,104,9.7,0,0,1.2246467991473532e-16,-1.0,DB01
202103240500,104,10.1,0,0,-0.34202014332566866,-0.9396926207859084,DB02
202103240600,104,10.2,0,0,-0.34202014332566866,-0.9396926207859084,DB03
202103240700,104,9.9,0,0,1.2246467991473532e-16,-1.0,DB03
202103240800,104,11.5,0,0,1.2246467991473532e-16,-1.0,DB03
202103240900,104,13.6,0,0,0.6427876096865395,-0.7660444431189779,DB03
202103241000,104,14.8,0,0,0.3420201433256689,-0.9396926207859083,DB03
202103241100,104,15.8,0,0,0.9396926207859083,0.3420201433256688,DB03
202103241200,104,16.5,0,0,0.766044443118978,0.6427876096865394,DB03
202103241300,104,17.3,0,0,1.2246467991473532e-16,-1.0,DB03
202103241400,104,15.8,0,0,0.0,1.0,DB02
202103241500,104,18.4,0,0,0.3420201433256687,0.9396926207859084,DB01
202103241600,104,17.1,0,0,0.3420201433256687,0.9396926207859084,DB01
202103241700,104,15.8,0,0,-0.9396926207859083,0.342020143325669,DB01
202103241800,104,14.5,0,0,-0.9396926207859084,-0.34202014332566855,DB01
202103241900,104,13.5,0,0,-0.7660444431189779,-0.6427876096865395,DB01
202103242000,104,13.8,0,0,1.2246467991473532e-16,-1.0,DB02
202103242100,104,12.6,0,0,1.2246467991473532e-16,-1.0,DB02
202103242200,104,13.6,0,0,1.2246467991473532e-16,-1.0,DB03
202103242300,104,13.7,0,0,-0.7660444431189779,-0.6427876096865395,DB04
202103250000,104,13.5,0,0,-0.9396926207859084,-0.34202014332566855,DB03
202103250100,104,13.2,0,0,-0.7660444431189779,-0.6427876096865395,DB04
202103250200,104,12.2,0,0,-0.7660444431189779,-0.6427876096865395,DB03
202103250300,104,9.3,0,0,0.6427876096865395,-0.7660444431189779,DB01
202103250400,104,9.2,0,0,0.6427876096865395,-0.7660444431189779,DB01
202103250500,104,8.8,0,0,1.2246467991473532e-16,-1.0,DB01
202103250600,104,8.3,0,0,0.6427876096865395,-0.7660444431189779,DB01
202103250700,104,7.9,0,0,0.6427876096865395,-0.7660444431189779,DB01
202103250800,104,10.7,0,0,0.6427876096865395,-0.7660444431189779,DB01
202103250900,104,13.8,0,0,0.6427876096865395,-0.7660444431189779,DB01
202103251000,104,15.4,0,0,0.6427876096865395,-0.7660444431189779,DB01
202103251100,104,16.2,0,0,0.766044443118978,0.6427876096865394,DB01
202103251200,104,16.2,0,0,0.766044443118978,0.6427876096865394,DB01
202103251300,104,15.6,0,0,0.766044443118978,0.6427876096865394,DB01
202103251400,104,15.6,0,0,0.9396926207859083,0.3420201433256688,DB01
202103251500,104,15.6,0,0,0.9396926207859083,0.3420201433256688,DB01
202103251600,104,16.3,0,0,0.9396926207859083,0.3420201433256688,DB01
202103251700,104,16.0,0,0,1.0,6.123233995736766e-17,DB01
202103251800,104,15.3,0,0,0.6427876096865395,-0.7660444431189779,DB01
202103251900,104,17.6,0,0,1.2246467991473532e-16,-1.0,DB01
202103252000,104,17.2,0,0,1.2246467991473532e-16,-1.0,DB01
202103252100,104,15.8,0,0,0.6427876096865395,-0.7660444431189779,DB01
202103252200,104,16.7,0,0,-0.9396926207859083,0.342020143325669,DB01
202103252300,104,17.0,0,0,-1.0,-1.8369701987210297e-16,DB01
202103260000,104,15.5,0,0,-0.6427876096865396,0.7660444431189778,DB01
202103260100,104,13.6,0,0,1.2246467991473532e-16,-1.0,DB01
202103260200,104,12.4,0,0,-0.9396926207859084,-0.34202014332566855,DB01
202103260300,104,14.7,0,0,-0.9396926207859084,-0.34202014332566855,DB01
202103260400,104,11.2,0,0,0.6427876096865395,-0.7660444431189779,DB01
202103260500,104,10.2,0,0,0.3420201433256689,-0.9396926207859083,DB01
202103260600,104,10.6,0,0,1.2246467991473532e-16,-1.0,DB01
202103260700,104,10.9,0,0,0.3420201433256689,-0.9396926207859083,DB01
202103260800,104,12.6,0,0,0.9396926207859084,-0.3420201433256687,DB01
202103260900,104,14.6,0,0,1.0,6.123233995736766e-17,DB03
202103261000,104,15.9,0,0,0.9396926207859083,0.3420201433256688,DB03
202103261100,104,16.8,0,0,0.9396926207859083,0.3420201433256688,DB01
202103261200,104,15.9,0,0,0.9396926207859083,0.3420201433256688,DB03
202103261300,104,16.9,0,0,1.0,6.123233995736766e-17,DB01
202103261400,104,15.8,0,0,0.9396926207859083,0.3420201433256688,DB03
202103261500,104,15.3,0,0,1.0,6.123233995736766e-17,DB03
202103261600,104,15.6,0,0,1.0,6.123233995736766e-17,DB04
202103261700,104,15.7,0,0,1.0,6.123233995736766e-17,DB03
202103261800,104,13.8,0,0,1.0,6.123233995736766e-17,DB03
202103261900,104,12.8,0,0,0.9396926207859084,-0.3420201433256687,DB03
202103262000,104,11.3,0,0,-0.7660444431189779,-0.6427876096865395,DB03
202103262100,104,10.3,0,0,0.0,1.0,DB03
202103262200,104,10.5,0,0,0.0,1.0,DB04
202103262300,104,11.0,0,0,0.3420201433256689,-0.9396926207859083,DB04
202103270000,104,9.6,0,0,0.0,1.0,DB03
202103270100,104,9.6,0,0,-1.0,-1.8369701987210297e-16,DB03
202103270200,104,10.0,0,0,0.0,1.0,DB03
202103270300,104,9.0,0,0,0.0,1.0,DB03
202103270400,104,8.1,0,0,0.6427876096865395,-0.7660444431189779,DB03
202103270500,104,7.9,0,0,0.0,1.0,DB04
202103270600,104,8.0,0,0,-0.7660444431189779,-0.6427876096865395,DB04
202103270700,104,9.3,0,0,-0.9396926207859084,-0.34202014332566855,DB04
202103270800,104,9.4,0,0,0.0,1.0,DB04
202103270900,104,10.1,0,0,0.9396926207859084,-0.3420201433256687,DB04
202103271000,104,10.6,0,0,0.0,1.0,DB04
202103271100,104,11.2,0,0,-0.9396926207859083,0.342020143325669,DB04
202103271200,104,11.2,0,0,-0.9396926207859083,0.342020143325669,DB04
202103271300,104,11.7,0,0,-0.3420201433256686,0.9396926207859084,DB04
202103271400,104,11.2,0,0,-0.3420201433256686,0.9396926207859084,DB04
202103271500,104,11.0,0,0,-0.9396926207859083,0.342020143325669,DB04
202103271600,104,10.7,0,0,-0.9396926207859083,0.342020143325669,DB04
202103271700,104,10.3,0,0,0.766044443118978,0.6427876096865394,DB04
202103271800,104,9.6,100,1,-0.3420201433256686,0.9396926207859084,DB04
202103271900,104,9.4,0,0,-0.9396926207859084,-0.34202014332566855,DB04
202103272000,104,9.1,0,0,-1.0,-1.8369701987210297e-16,DB04
202103272100,104,9.0,100,1,-1.0,-1.8369701987210297e-16,DB04
202103272200,104,9.0,0,0,0.0,1.0,DB04
202103272300,104,8.7,0,0,0.0,1.0,DB04
202103280000,104,8.7,100,1,0.0,1.0,DB04
202103280100,104,8.7,0,0,0.0,1.0,DB04
202103280200,104,8.6,0,0,-0.9396926207859083,0.342020143325669,DB04
202103280300,104,8.5,100,1,-0.9396926207859084,-0.34202014332566855,DB04
202103280400,104,8.6,0,0,-0.9396926207859084,-0.34202014332566855,DB04
202103280500,104,8.6,0,0,-0.9396926207859084,-0.34202014332566855,DB04
202103280600,104,8.6,100,1,-0.7660444431189779,-0.6427876096865395,DB04
202103280700,104,8.7,0,0,0.0,1.0,DB04
202103280800,104,9.1,0,0,-0.6427876096865396,0.7660444431189778,DB02
202103280900,104,14.9,100,1,-0.34202014332566866,-0.9396926207859084,DB02
202103281000,104,15.3,0,0,-0.34202014332566866,-0.9396926207859084,DB02
202103281100,104,16.2,0,0,-0.9396926207859084,-0.34202014332566855,DB03
202103281200,104,14.7,0,0,-0.34202014332566866,-0.9396926207859084,DB03
202103281300,104,17.0,0,0,0.3420201433256689,-0.9396926207859083,DB02
202103281400,104,17.3,0,0,-0.7660444431189779,-0.6427876096865395,DB01
202103281500,104,16.7,0,0,1.2246467991473532e-16,-1.0,DB01
202103281600,104,15.7,0,0,-0.34202014332566866,-0.9396926207859084,DB01
202103281700,104,15.9,0,0,-0.7660444431189779,-0.6427876096865395,DB03
202103281800,104,14.4,0,0,-0.7660444431189779,-0.6427876096865395,DB02
202103281900,104,13.2,0,0,-0.7660444431189779,-0.6427876096865395,DB03
202103282000,104,12.5,0,0,-0.34202014332566866,-0.9396926207859084,DB03
202103282100,104,12.9,0,0,-0.34202014332566866,-0.9396926207859084,DB03
202103282200,104,13.0,0,0,-0.34202014332566866,-0.9396926207859084,DB01
202103282300,104,12.7,0,0,1.2246467991473532e-16,-1.0,DB01
202103290000,104,13.4,0,0,1.2246467991473532e-16,-1.0,DB04
202103290100,104,12.7,0,0,-0.34202014332566866,-0.9396926207859084,DB04
202103290200,104,13.6,0,0,-0.34202014332566866,-0.9396926207859084,DB03
202103290300,104,13.7,0,0,-0.34202014332566866,-0.9396926207859084,DB03
202103290400,104,13.6,0,0,-0.9396926207859084,-0.34202014332566855,DB02
202103290500,104,12.6,0,0,-0.9396926207859084,-0.34202014332566855,DB03
202103290600,104,12.7,0,0,-1.0,-1.8369701987210297e-16,DB02
202103290700,104,11.0,0,0,0.0,1.0,DB01
202103290800,104,12.4,0,0,-0.7660444431189779,-0.6427876096865395,DB01
202103290900,104,13.5,0,0,-1.0,-1.8369701987210297e-16,DB01
202103291000,104,14.2,0,0,-0.9396926207859084,-0.34202014332566855,DB01
202103291100,104,16.2,0,0,-0.7660444431189779,-0.6427876096865395,DB01
202103291200,104,17.0,0,0,-0.7660444431189779,-0.6427876096865395,DB01
202103291300,104,17.2,0,0,-0.9396926207859084,-0.34202014332566855,DB02
202103291400,104,17.7,0,0,-0.7660444431189779,-0.6427876096865395,DB02
202103291500,104,17.7,0,0,-0.34202014332566866,-0.9396926207859084,DB01
202103291600,104,17.1,0,0,-0.7660444431189779,-0.6427876096865395,DB03
202103291700,104,16.9,0,0,-0.7660444431189779,-0.6427876096865395,DB02
202103291800,104,14.8,0,0,-0.34202014332566866,-0.9396926207859084,DB03
202103291900,104,13.3,0,0,1.2246467991473532e-16,-1.0,DB03
202103292000,104,12.3,0,0,-0.7660444431189779,-0.6427876096865395,DB03
202103292100,104,12.2,0,0,-0.7660444431189779,-0.6427876096865395,DB03
202103292200,104,12.1,0,0,-1.0,-1.8369701987210297e-16,DB04
202103292300,104,10.9,0,0,-0.34202014332566866,-0.9396926207859084,DB03
202103300000,104,10.5,0,0,-0.34202014332566866,-0.9396926207859084,DB03
202103300100,104,10.1,0,0,-0.7660444431189779,-0.6427876096865395,DB03
202103300200,104,9.4,0,0,-0.7660444431189779,-0.6427876096865395,DB03
202103300300,104,8.5,0,0,-0.7660444431189779,-0.6427876096865395,DB02
202103300400,104,8.9,0,0,-0.34202014332566866,-0.9396926207859084,DB01
202103300500,104,8.4,0,0,-0.34202014332566866,-0.9396926207859084,DB01
202103300600,104,7.6,0,0,1.2246467991473532e-16,-1.0,DB01
202103300700,104,6.8,0,0,0.6427876096865395,-0.7660444431189779,DB02
202103300800,104,11.0,0,0,0.3420201433256689,-0.9396926207859083,DB02
202103300900,104,13.0,0,0,-0.34202014332566866,-0.9396926207859084,DB02
202103301000,104,14.7,0,0,-1.0,-1.8369701987210297e-16,DB01
202103301100,104,15.2,0,0,-1.0,-1.8369701987210297e-16,DB01
202103301200,104,16.0,0,0,0.0,1.0,DB01
202103301300,104,16.7,0,0,0.9396926207859083,0.3420201433256688,DB01
202103301400,104,15.3,0,0,0.3420201433256687,0.9396926207859084,DB01
202103301500,104,16.2,0,0,0.9396926207859083,0.3420201433256688,DB01
202103301600,104,15.1,0,0,1.0,6.123233995736766e-17,DB01
202103301700,104,14.6,0,0,1.0,6.123233995736766e-17,DB01
202103301800,104,13.5,0,0,0.9396926207859083,0.3420201433256688,DB01
202103301900,104,10.6,0,0,0.0,1.0,DB01
202103302000,104,10.0,0,0,0.0,1.0,DB01
202103302100,104,9.1,0,0,0.0,1.0,DB01
202103302200,104,7.7,0,0,1.2246467991473532e-16,-1.0,DB01
202103302300,104,7.2,0,0,0.0,1.0,DB01
202103310000,104,7.2,0,0,0.0,1.0,DB01
202103310100,104,7.4,0,0,0.0,1.0,DB01
202103310200,104,8.2,0,0,-0.34202014332566866,-0.9396926207859084,DB01
202103310300,104,7.9,0,0,0.3420201433256689,-0.9396926207859083,DB01
202103310400,104,8.3,0,0,0.3420201433256689,-0.9396926207859083,DB01
202103310500,104,8.2,0,0,1.2246467991473532e-16,-1.0,DB01
202103310600,104,7.7,0,0,0.3420201433256689,-0.9396926207859083,DB01
202103310700,104,8.8,0,0,0.0,1.0,DB01
202103310800,104,12.7,0,0,0.0,1.0,DB01
202103310900,104,14.8,0,0,0.9396926207859084,-0.3420201433256687,DB01
202103311000,104,15.2,0,0,0.9396926207859083,0.3420201433256688,DB01
202103311100,104,15.8,0,0,0.0,1.0,DB01
202103311200,104,15.0,0,0,-0.3420201433256686,0.9396926207859084,DB02
202103311300,104,15.0,0,0,-0.3420201433256686,0.9396926207859084,DB01
202103311400,104,14.8,0,0,0.0,1.0,DB01
202103311500,104,15.2,0,0,0.766044443118978,0.6427876096865394,DB01
202103311600,104,15.1,0,0,0.9396926207859083,0.3420201433256688,DB01
202103311700,104,14.4,0,0,0.9396926207859083,0.3420201433256688,DB01
202103311800,104,13.2,0,0,0.9396926207859083,0.3420201433256688,DB01
202103311900,104,11.7,0,0,0.0,1.0,DB01
202103312000,104,10.8,0,0,0.0,1.0,DB01
202103312100,104,10.2,0,0,1.0,6.123233995736766e-17,DB01
202103312200,104,9.0,0,0,0.0,1.0,DB02
202103312300,104,9.1,0,0,0.0,1.0,DB03
202104010000,104,9.1,0,0,-0.9396926207859084,-0.34202014332566855,DB02
202104010100,104,8.0,0,0,-0.7660444431189779,-0.6427876096865395,DB02
202104010200,104,8.6,0,0,-0.9396926207859084,-0.34202014332566855,DB02
202104010300,104,8.4,0,0,0.0,1.0,DB02
202104010400,104,7.1,0,0,0.3420201433256689,-0.9396926207859083,DB02
202104010500,104,7.2,0,0,0.0,1.0,DB03
202104010600,104,7.1,0,0,-0.9396926207859084,-0.34202014332566855,DB03
202104010700,104,8.0,0,0,-0.7660444431189779,-0.6427876096865395,DB02
202104010800,104,9.5,0,0,0.6427876096865395,-0.7660444431189779,DB02
202104010900,104,11.2,0,0,0.0,1.0,DB03
202104011000,104,11.5,0,0,-0.9396926207859083,0.342020143325669,DB02
202104011100,104,12.3,0,0,0.0,1.0,DB03
202104011200,104,12.5,0,0,-0.6427876096865396,0.7660444431189778,DB03
202104011300,104,13.7,0,0,0.0,1.0,DB03
202104011400,104,12.9,0,0,-0.3420201433256686,0.9396926207859084,DB03
202104011500,104,13.7,0,0,0.0,1.0,DB03
202104011600,104,12.5,0,0,0.3420201433256687,0.9396926207859084,DB03
202104011700,104,13.0,0,0,-0.3420201433256686,0.9396926207859084,DB03
202104011800,104,12.7,0,0,0.3420201433256687,0.9396926207859084,DB03
202104011900,104,11.3,0,0,1.0,6.123233995736766e-17,DB02
202104012000,104,9.9,0,0,0.0,1.0,DB03
202104012100,104,9.2,0,0,-0.9396926207859084,-0.34202014332566855,DB03
202104012200,104,9.1,0,0,-0.7660444431189779,-0.6427876096865395,DB03
202104012300,104,8.6,0,0,-0.7660444431189779,-0.6427876096865395,DB03
202104020000,104,8.2,0,0,0.6427876096865395,-0.7660444431189779,DB03
202104020100,104,8.5,0,0,0.0,1.0,DB03
202104020200,104,8.1,0,0,-0.7660444431189779,-0.6427876096865395,DB01
202104020300,104,8.3,0,0,-0.7660444431189779,-0.6427876096865395,DB02
202104020400,104,8.4,0,0,-0.34202014332566866,-0.9396926207859084,DB03
202104020500,104,8.4,0,0,-0.34202014332566866,-0.9396926207859084,DB02
202104020600,104,8.5,0,0,0.0,1.0,DB02
202104020700,104,8.5,0,0,-0.7660444431189779,-0.6427876096865395,DB02
202104020800,104,10.9,0,0,-1.0,-1.8369701987210297e-16,DB02
202104020900,104,12.3,0,0,-1.0,-1.8369701987210297e-16,DB03
202104021000,104,13.0,0,0,-1.0,-1.8369701987210297e-16,DB02
202104021100,104,13.7,0,0,0.766044443118978,0.6427876096865394,DB02
202104021200,104,13.7,0,0,0.3420201433256687,0.9396926207859084,DB02
202104021300,104,13.5,0,0,0.766044443118978,0.6427876096865394,DB02
202104021400,104,14.8,0,0,0.9396926207859083,0.3420201433256688,DB02
202104021500,104,14.2,0,0,0.9396926207859083,0.3420201433256688,DB03
202104021600,104,13.7,0,0,0.9396926207859083,0.3420201433256688,DB03
202104021700,104,13.6,0,0,0.9396926207859083,0.3420201433256688,DB04
202104021800,104,12.4,0,0,1.0,6.123233995736766e-17,DB03
202104021900,104,12.0,0,0,1.0,6.123233995736766e-17,DB03
202104022000,104,11.6,0,0,0.0,1.0,DB04
202104022100,104,11.2,0,0,-0.7660444431189779,-0.6427876096865395,DB04
202104022200,104,10.8,0,0,0.0,1.0,DB03
202104022300,104,10.5,0,0,0.0,1.0,DB04
202104030000,104,10.4,0,0,0.0,1.0,DB04
202104030100,104,10.2,0,0,0.0,1.0,DB04
202104030200,104,10.3,0,0,-0.9396926207859084,-0.34202014332566855,DB04
202104030300,104,9.6,0,0,-0.9396926207859084,-0.34202014332566855,DB03
202104030400,104,10.2,0,0,-1.0,-1.8369701987210297e-16,DB03
202104030500,104,9.7,0,0,-0.9396926207859084,-0.34202014332566855,DB03
202104030600,104,10.5,0,0,-0.9396926207859084,-0.34202014332566855,DB04
202104030700,104,10.8,0,0,-1.0,-1.8369701987210297e-16,DB04
202104030800,104,11.1,0,0,-1.0,-1.8369701987210297e-16,DB04
202104030900,104,11.4,0,0,-0.6427876096865396,0.7660444431189778,DB04
202104031000,104,11.5,0,0,-0.6427876096865396,0.7660444431189778,DB04
202104031100,104,11.8,0,0,-0.6427876096865396,0.7660444431189778,DB04
202104031200,104,11.7,0,0,-0.6427876096865396,0.7660444431189778,DB04
202104031300,104,10.3,100,1,-1.0,-1.8369701987210297e-16,DB04
202104031400,104,10.1,100,1,-1.0,-1.8369701987210297e-16,DB04
202104031500,104,10.1,100,1,-0.9396926207859083,0.342020143325669,DB04
202104031600,104,9.9,100,1,-1.0,-1.8369701987210297e-16,DB04
202104031700,104,9.9,100,1,-1.0,-1.8369701987210297e-16,DB04
202104031800,104,9.9,100,1,-0.6427876096865396,0.7660444431189778,DB04
202104031900,104,9.6,100,1,-0.3420201433256686,0.9396926207859084,DB04
202104032000,104,9.5,100,1,-0.6427876096865396,0.7660444431189778,DB04
202104032100,104,9.3,100,1,-0.3420201433256686,0.9396926207859084,DB04
202104032200,104,9.1,100,1,-0.6427876096865396,0.7660444431189778,DB04
202104032300,104,9.1,100,1,-0.6427876096865396,0.7660444431189778,DB04
202104040000,104,9.4,100,1,-0.3420201433256686,0.9396926207859084,DB04
202104040100,104,9.2,100,1,-0.3420201433256686,0.9396926207859084,DB04
202104040200,104,9.0,100,1,-0.3420201433256686,0.9396926207859084,DB04
202104040300,104,8.4,100,1,-0.3420201433256686,0.9396926207859084,DB04
202104040400,104,7.8,100,1,-0.3420201433256686,0.9396926207859084,DB04
202104040500,104,7.3,100,1,-0.3420201433256686,0.9396926207859084,DB04
202104040600,104,6.7,100,1,-0.3420201433256686,0.9396926207859084,DB04
202104040700,104,6.8,100,1,0.0,1.0,DB04
202104040800,104,6.5,100,1,0.0,1.0,DB04
202104040900,104,6.8,100,1,-0.3420201433256686,0.9396926207859084,DB04
202104041000,104,6.6,100,1,-0.9396926207859084,-0.34202014332566855,DB04
202104041100,104,7.5,0,0,-1.0,-1.8369701987210297e-16,DB04
202104041200,104,9.1,0,0,-0.3420201433256686,0.9396926207859084,DB04
202104041300,104,9.5,0,0,-0.3420201433256686,0.9396926207859084,DB03
202104041400,104,10.0,0,0,-0.3420201433256686,0.9396926207859084,DB02
202104041500,104,8.9,0,0,-0.3420201433256686,0.9396926207859084,DB03
202104041600,104,8.6,0,0,-0.3420201433256686,0.9396926207859084,DB03
202104041700,104,8.3,0,0,-0.6427876096865396,0.7660444431189778,DB04
202104041800,104,8.0,0,0,-0.3420201433256686,0.9396926207859084,DB04
202104041900,104,7.7,0,0,-0.9396926207859083,0.342020143325669,DB03
202104042000,104,7.0,0,0,-0.9396926207859084,-0.34202014332566855,DB03
202104042100,104,6.1,0,0,-0.9396926207859084,-0.34202014332566855,DB03
202104042200,104,5.9,0,0,-0.9396926207859084,-0.34202014332566855,DB03
202104042300,104,5.4,0,0,-0.7660444431189779,-0.6427876096865395,DB01
202104050000,104,5.3,0,0,-0.7660444431189779,-0.6427876096865395,DB01
202104050100,104,4.2,0,0,0.3420201433256689,-0.9396926207859083,DB01
202104050200,104,2.3,0,0,-0.34202014332566866,-0.9396926207859084,DB01
202104050300,104,3.0,0,0,-0.34202014332566866,-0.9396926207859084,DB01
202104050400,104,3.7,0,0,-0.7660444431189779,-0.6427876096865395,DB01
202104050500,104,2.4,0,0,-0.34202014332566866,-0.9396926207859084,DB01
202104050600,104,2.5,0,0,1.2246467991473532e-16,-1.0,DB01
202104050700,104,5.4,0,0,0.3420201433256689,-0.9396926207859083,DB01
202104050800,104,8.3,0,0,0.0,1.0,DB01
202104050900,104,9.7,0,0,-0.9396926207859083,0.342020143325669,DB01
202104051000,104,10.9,0,0,0.0,1.0,DB01
202104051100,104,11.3,0,0,-0.3420201433256686,0.9396926207859084,DB01
202104051200,104,12.1,0,0,0.9396926207859083,0.3420201433256688,DB01
202104051300,104,12.3,0,0,0.766044443118978,0.6427876096865394,DB01
202104051400,104,13.2,0,0,0.9396926207859083,0.3420201433256688,DB01
202104051500,104,12.8,0,0,1.0,6.123233995736766e-17,DB01
202104051600,104,12.3,0,0,1.0,6.123233995736766e-17,DB01
202104051700,104,11.5,0,0,1.0,6.123233995736766e-17,DB01
202104051800,104,11.0,0,0,1.0,6.123233995736766e-17,DB01
202104051900,104,9.7,0,0,1.0,6.123233995736766e-17,DB01
202104052000,104,7.7,0,0,0.0,1.0,DB01
202104052100,104,6.2,0,0,1.2246467991473532e-16,-1.0,DB01
202104052200,104,6.7,0,0,0.3420201433256689,-0.9396926207859083,DB02
202104052300,104,7.1,0,0,-0.7660444431189779,-0.6427876096865395,DB04
202104060000,104,6.8,0,0,0.0,1.0,DB04
202104060100,104,5.7,0,0,0.9396926207859084,-0.3420201433256687,DB03
202104060200,104,6.5,0,0,0.6427876096865395,-0.7660444431189779,DB04
202104060300,104,6.5,0,0,0.6427876096865395,-0.7660444431189779,DB03
202104060400,104,5.2,0,0,-0.7660444431189779,-0.6427876096865395,DB02
202104060500,104,7.4,0,0,1.2246467991473532e-16,-1.0,DB03
202104060600,104,8.5,0,0,0.0,1.0,DB03
202104060700,104,10.1,0,0,0.6427876096865395,-0.7660444431189779,DB03
202104060800,104,11.9,0,0,0.6427876096865395,-0.7660444431189779,DB03
202104060900,104,13.8,0,0,0.6427876096865395,-0.7660444431189779,DB03
202104061000,104,15.9,0,0,0.6427876096865395,-0.7660444431189779,DB03
202104061100,104,18.0,0,0,0.3420201433256687,0.9396926207859084,DB03
202104061200,104,19.0,0,0,-0.6427876096865396,0.7660444431189778,DB03
202104061300,104,17.1,0,0,0.3420201433256687,0.9396926207859084,DB03
202104061400,104,17.9,0,0,0.9396926207859083,0.3420201433256688,DB03
202104061500,104,18.4,0,0,0.766044443118978,0.6427876096865394,DB03
202104061600,104,18.1,0,0,0.9396926207859083,0.3420201433256688,DB02
202104061700,104,17.6,0,0,1.0,6.123233995736766e-17,DB01
202104061800,104,16.5,0,0,0.9396926207859084,-0.3420201433256687,DB01
202104061900,104,14.8,0,0,1.2246467991473532e-16,-1.0,DB01
202104062000,104,16.3,0,0,-0.34202014332566866,-0.9396926207859084,DB01
202104062100,104,17.0,0,0,-0.9396926207859084,-0.34202014332566855,DB01
202104062200,104,16.7,0,0,-0.9396926207859084,-0.34202014332566855,DB01
202104062300,104,16.2,0,0,-1.0,-1.8369701987210297e-16,DB01
202104070000,104,16.0,0,0,-0.9396926207859084,-0.34202014332566855,DB01
202104070100,104,15.8,0,0,-0.9396926207859084,-0.34202014332566855,DB01
202104070200,104,16.0,0,0,-0.9396926207859084,-0.34202014332566855,DB01
202104070300,104,15.6,0,0,-0.9396926207859084,-0.34202014332566855,DB01
202104070400,104,13.0,0,0,-0.9396926207859084,-0.34202014332566855,DB01
202104070500,104,12.8,0,0,0.3420201433256687,0.9396926207859084,DB01
202104070600,104,10.5,0,0,-0.9396926207859084,-0.34202014332566855,DB01
202104070700,104,11.4,0,0,-0.9396926207859084,-0.34202014332566855,DB01
202104070800,104,13.7,0,0,-1.0,-1.8369701987210297e-16,DB01
202104070900,104,14.8,0,0,0.0,1.0,DB01
202104071000,104,15.6,0,0,0.9396926207859083,0.3420201433256688,DB01
202104071100,104,17.0,0,0,0.9396926207859083,0.3420201433256688,DB01
202104071200,104,16.3,0,0,1.0,6.123233995736766e-17,DB01
202104071300,104,16.4,0,0,0.9396926207859083,0.3420201433256688,DB01
202104071400,104,16.7,0,0,1.0,6.123233995736766e-17,DB01
202104071500,104,18.2,0,0,0.9396926207859083,0.3420201433256688,DB01
202104071600,104,17.2,0,0,0.9396926207859083,0.3420201433256688,DB02
202104071700,104,15.5,0,0,0.9396926207859083,0.3420201433256688,DB02
202104071800,104,14.9,0,0,1.0,6.123233995736766e-17,DB01
202104071900,104,12.8,0,0,-0.9396926207859084,-0.34202014332566855,DB01
202104072000,104,10.9,0,0,-0.9396926207859084,-0.34202014332566855,DB01
202104072100,104,11.7,0,0,-0.34202014332566866,-0.9396926207859084,DB01
202104072200,104,13.2,0,0,-0.7660444431189779,-0.6427876096865395,DB01
202104072300,104,11.9,0,0,-0.7660444431189779,-0.6427876096865395,DB01
202104080000,104,12.8,0,0,-0.9396926207859084,-0.34202014332566855,DB01
202104080100,104,11.2,0,0,-0.6427876096865396,0.7660444431189778,DB01
202104080200,104,11.4,0,0,-1.0,-1.8369701987210297e-16,DB01
202104080300,104,10.7,0,0,-0.9396926207859083,0.342020143325669,DB01
202104080400,104,10.2,0,0,-0.9396926207859083,0.342020143325669,DB03
202104080500,104,9.4,100,1,-0.3420201433256686,0.9396926207859084,DB04
202104080600,104,8.4,0,0,0.0,1.0,DB04
202104080700,104,8.2,0,0,0.0,1.0,DB04
202104080800,104,8.6,0,0,0.0,1.0,DB04
202104080900,104,9.1,0,0,-1.0,-1.8369701987210297e-16,DB03
202104081000,104,9.3,0,0,-0.3420201433256686,0.9396926207859084,DB03
202104081100,104,11.6,0,0,0.3420201433256687,0.9396926207859084,DB02
202104081200,104,11.4,0,0,0.3420201433256687,0.9396926207859084,DB02
202104081300,104,12.7,0,0,0.766044443118978,0.6427876096865394,DB01
202104081400,104,12.0,0,0,1.0,6.123233995736766e-17,DB01
202104081500,104,13.0,0,0,0.9396926207859083,0.3420201433256688,DB01
202104081600,104,12.7,0,0,0.9396926207859083,0.3420201433256688,DB01
202104081700,104,12.2,0,0,0.9396926207859083,0.3420201433256688,DB01
202104081800,104,12.4,0,0,0.9396926207859084,-0.3420201433256687,DB01
202104081900,104,10.1,0,0,0.9396926207859084,-0.3420201433256687,DB01
202104082000,104,9.0,0,0,0.0,1.0,DB01
202104082100,104,7.9,0,0,1.2246467991473532e-16,-1.0,DB01
202104082200,104,8.9,0,0,-0.34202014332566866,-0.9396926207859084,DB01
202104082300,104,8.9,0,0,1.2246467991473532e-16,-1.0,DB01
202104090000,104,10.5,0,0,-1.0,-1.8369701987210297e-16,DB01
202104090100,104,10.2,0,0,-1.0,-1.8369701987210297e-16,DB01
202104090200,104,10.5,0,0,-1.0,-1.8369701987210297e-16,DB02
202104090300,104,9.8,0,0,0.766044443118978,0.6427876096865394,DB04
202104090400,104,9.2,0,0,0.3420201433256687,0.9396926207859084,DB04
202104090500,104,9.0,0,0,0.0,1.0,DB04
202104090600,104,8.3,0,0,0.766044443118978,0.6427876096865394,DB03
202104090700,104,8.5,0,0,0.9396926207859083,0.3420201433256688,DB03
202104090800,104,9.6,0,0,0.3420201433256687,0.9396926207859084,DB02
202104090900,104,10.0,0,0,0.766044443118978,0.6427876096865394,DB02
202104091000,104,10.2,0,0,0.9396926207859083,0.3420201433256688,DB02
202104091100,104,10.3,0,0,0.9396926207859083,0.3420201433256688,DB02
202104091200,104,11.0,0,0,0.9396926207859083,0.3420201433256688,DB02
202104091300,104,10.5,0,0,0.9396926207859083,0.3420201433256688,DB02
202104091400,104,10.3,0,0,0.9396926207859083,0.3420201433256688,DB01
202104091500,104,9.7,0,0,0.9396926207859083,0.3420201433256688,DB02
202104091600,104,9.5,0,0,0.9396926207859083,0.3420201433256688,DB02
202104091700,104,9.4,0,0,0.9396926207859083,0.3420201433256688,DB02
202104091800,104,8.5,0,0,1.0,6.123233995736766e-17,DB02
202104091900,104,7.7,0,0,1.0,6.123233995736766e-17,DB01
202104092000,104,7.1,0,0,0.9396926207859084,-0.3420201433256687,DB01
202104092100,104,5.4,0,0,0.3420201433256689,-0.9396926207859083,DB01
202104092200,104,4.8,0,0,0.3420201433256689,-0.9396926207859083,DB01
202104092300,104,3.6,0,0,0.6427876096865395,-0.7660444431189779,DB01
202104100000,104,3.2,0,0,0.0,1.0,DB01
202104100100,104,2.9,0,0,0.0,1.0,DB01
202104100200,104,2.3,0,0,0.0,1.0,DB01
202104100300,104,2.0,0,0,1.2246467991473532e-16,-1.0,DB01
202104100400,104,2.0,0,0,0.0,1.0,DB01
202104100500,104,2.2,0,0,0.0,1.0,DB01
202104100600,104,1.7,0,0,0.3420201433256689,-0.9396926207859083,DB01
202104100700,104,4.2,0,0,0.6427876096865395,-0.7660444431189779,DB01
202104100800,104,7.9,0,0,0.6427876096865395,-0.7660444431189779,DB01
202104100900,104,10.0,0,0,0.9396926207859084,-0.3420201433256687,DB01
202104101000,104,11.6,0,0,0.9396926207859083,0.3420201433256688,DB01
202104101100,104,13.7,0,0,0.9396926207859083,0.3420201433256688,DB01
202104101200,104,14.1,0,0,0.9396926207859083,0.3420201433256688,DB01
202104101300,104,13.8,0,0,1.0,6.123233995736766e-17,DB01
202104101400,104,15.3,0,0,0.9396926207859083,0.3420201433256688,DB01
202104101500,104,15.3,0,0,1.0,6.123233995736766e-17,DB01
202104101600,104,15.0,0,0,1.0,6.123233995736766e-17,DB01
202104101700,104,14.7,0,0,1.0,6.123233995736766e-17,DB01
202104101800,104,13.7,0,0,1.0,6.123233995736766e-17,DB01
202104101900,104,11.5,0,0,0.0,1.0,DB01
202104102000,104,9.8,0,0,0.0,1.0,DB01
202104102100,104,8.9,0,0,-0.9396926207859084,-0.34202014332566855,DB01
202104102200,104,8.1,0,0,0.6427876096865395,-0.7660444431189779,DB01
202104102300,104,7.6,0,0,0.0,1.0,DB01
202104110000,104,8.0,0,0,0.3420201433256689,-0.9396926207859083,DB01
202104110100,104,7.4,0,0,0.6427876096865395,-0.7660444431189779,DB01
202104110200,104,7.4,0,0,1.0,6.123233995736766e-17,DB01
202104110300,104,7.9,0,0,0.0,1.0,DB01
202104110400,104,7.8,0,0,0.6427876096865395,-0.7660444431189779,DB01
202104110500,104,10.5,0,0,0.3420201433256689,-0.9396926207859083,DB01
202104110600,104,8.6,0,0,0.0,1.0,DB01
202104110700,104,9.7,0,0,0.3420201433256689,-0.9396926207859083,DB01
202104110800,104,12.9,0,0,0.6427876096865395,-0.7660444431189779,DB01
202104110900,104,16.1,0,0,0.9396926207859084,-0.3420201433256687,DB01
202104111000,104,17.4,0,0,1.0,6.123233995736766e-17,DB01
202104111100,104,17.3,0,0,0.9396926207859083,0.3420201433256688,DB01
202104111200,104,18.2,0,0,1.0,6.123233995736766e-17,DB01
202104111300,104,18.7,0,0,0.9396926207859083,0.3420201433256688,DB01
202104111400,104,18.9,0,0,1.0,6.123233995736766e-17,DB01
202104111500,104,18.4,0,0,1.0,6.123233995736766e-17,DB03
202104111600,104,18.0,0,0,1.0,6.123233995736766e-17,DB03
202104111700,104,16.9,0,0,1.0,6.123233995736766e-17,DB03
202104111800,104,15.9,0,0,1.0,6.123233995736766e-17,DB03
202104111900,104,13.4,0,0,0.0,1.0,DB03
202104112000,104,12.1,0,0,0.0,1.0,DB03
202104112100,104,11.3,0,0,0.6427876096865395,-0.7660444431189779,DB03
202104112200,104,10.8,0,0,0.0,1.0,DB03
202104112300,104,10.6,0,0,0.0,1.0,DB03
202104120000,104,11.0,0,0,0.9396926207859084,-0.3420201433256687,DB03
202104120100,104,11.1,0,0,0.6427876096865395,-0.7660444431189779,DB04
202104120200,104,10.8,0,0,0.0,1.0,DB04
202104120300,104,10.7,0,0,0.0,1.0,DB04
202104120400,104,10.4,0,0,0.0,1.0,DB04
202104120500,104,10.4,0,0,0.0,1.0,DB04
202104120600,104,13.8,0,0,0.6427876096865395,-0.7660444431189779,DB04
202104120700,104,14.7,0,0,0.6427876096865395,-0.7660444431189779,DB04
202104120800,104,15.8,0,0,0.6427876096865395,-0.7660444431189779,DB04
202104120900,104,15.7,0,0,-0.7660444431189779,-0.6427876096865395,DB04
202104121000,104,15.8,0,0,-0.6427876096865396,0.7660444431189778,DB04
202104121100,104,16.8,0,0,-0.3420201433256686,0.9396926207859084,DB04
202104121200,104,19.1,0,0,0.766044443118978,0.6427876096865394,DB03
202104121300,104,19.5,0,0,0.6427876096865395,-0.7660444431189779,DB04
202104121400,104,18.1,0,0,0.6427876096865395,-0.7660444431189779,DB04
202104121500,104,16.5,0,0,0.6427876096865395,-0.7660444431189779,DB04
202104121600,104,15.0,0,0,0.6427876096865395,-0.7660444431189779,DB04
202104121700,104,11.6,100,1,-1.0,-1.8369701987210297e-16,DB04
202104121800,104,11.2,100,1,-0.6427876096865396,0.7660444431189778,DB04
202104121900,104,11.1,100,1,-0.6427876096865396,0.7660444431189778,DB04
202104122000,104,10.6,100,1,0.9396926207859083,0.3420201433256688,DB04
202104122100,104,10.5,100,1,0.0,1.0,DB04
202104122200,104,10.3,100,1,-0.9396926207859083,0.342020143325669,DB04
202104122300,104,10.1,100,1,0.0,1.0,DB04
202104130000,104,9.8,100,1,-0.9396926207859083,0.342020143325669,DB04
202104130100,104,9.6,100,1,-0.6427876096865396,0.7660444431189778,DB04
202104130200,104,9.6,100,1,-0.9396926207859083,0.342020143325669,DB04
202104130300,104,9.4,0,0,-0.9396926207859083,0.342020143325669,DB04
202104130400,104,9.2,100,1,-0.6427876096865396,0.7660444431189778,DB04
202104130500,104,9.2,0,0,-0.6427876096865396,0.7660444431189778,DB04
202104130600,104,9.2,0,0,-1.0,-1.8369701987210297e-16,DB04
202104130700,104,9.5,0,0,-0.7660444431189779,-0.6427876096865395,DB04
202104130800,104,10.7,0,0,-0.34202014332566866,-0.9396926207859084,DB03
202104130900,104,14.1,0,0,0.0,1.0,DB03
202104131000,104,14.4,0,0,-1.0,-1.8369701987210297e-16,DB03
202104131100,104,14.8,0,0,0.9396926207859083,0.3420201433256688,DB03
202104131200,104,18.9,0,0,-0.9396926207859084,-0.34202014332566855,DB02
202104131300,104,19.0,0,0,-0.7660444431189779,-0.6427876096865395,DB02
202104131400,104,19.4,0,0,-0.9396926207859084,-0.34202014332566855,DB02
202104131500,104,19.4,0,0,-0.9396926207859084,-0.34202014332566855,DB01
202104131600,104,19.3,0,0,-1.0,-1.8369701987210297e-16,DB01
202104131700,104,14.4,0,0,0.766044443118978,0.6427876096865394,DB01
202104131800,104,12.8,0,0,0.3420201433256687,0.9396926207859084,DB01
202104131900,104,11.4,0,0,0.0,1.0,DB02
202104132000,104,10.6,0,0,0.0,1.0,DB03
202104132100,104,11.2,0,0,-0.9396926207859084,-0.34202014332566855,DB04
202104132200,104,11.3,0,0,-0.9396926207859084,-0.34202014332566855,DB04
202104132300,104,10.4,0,0,-0.3420201433256686,0.9396926207859084,DB04
202104140000,104,9.8,0,0,0.0,1.0,DB03
202104140100,104,9.2,0,0,-0.7660444431189779,-0.6427876096865395,DB03
202104140200,104,8.5,0,0,-0.34202014332566866,-0.9396926207859084,DB03
202104140300,104,8.7,0,0,-1.0,-1.8369701987210297e-16,DB03
202104140400,104,7.9,0,0,-1.0,-1.8369701987210297e-16,DB02
202104140500,104,6.8,0,0,-0.34202014332566866,-0.9396926207859084,DB02
202104140600,104,5.5,0,0,-0.9396926207859084,-0.34202014332566855,DB01
202104140700,104,7.2,0,0,-0.9396926207859084,-0.34202014332566855,DB01
202104140800,104,8.7,0,0,-1.0,-1.8369701987210297e-16,DB01
202104140900,104,9.9,0,0,-0.6427876096865396,0.7660444431189778,DB01
202104141000,104,9.2,0,0,0.0,1.0,DB01
202104141100,104,10.3,0,0,0.766044443118978,0.6427876096865394,DB01
202104141200,104,11.4,0,0,0.766044443118978,0.6427876096865394,DB01
202104141300,104,12.2,0,0,0.9396926207859083,0.3420201433256688,DB01
202104141400,104,12.5,0,0,0.9396926207859083,0.3420201433256688,DB01
202104141500,104,12.0,0,0,0.9396926207859083,0.3420201433256688,DB01
202104141600,104,14.1,0,0,1.0,6.123233995736766e-17,DB01
202104141700,104,13.4,0,0,0.9396926207859083,0.3420201433256688,DB01
202104141800,104,12.7,0,0,0.9396926207859083,0.3420201433256688,DB01
202104141900,104,9.8,0,0,0.6427876096865395,-0.7660444431189779,DB01
202104142000,104,11.7,0,0,-0.7660444431189779,-0.6427876096865395,DB01
202104142100,104,11.6,0,0,-0.7660444431189779,-0.6427876096865395,DB01
202104142200,104,11.4,0,0,-0.7660444431189779,-0.6427876096865395,DB01
202104142300,104,10.3,0,0,-0.34202014332566866,-0.9396926207859084,DB01
202104150000,104,8.2,0,0,0.3420201433256689,-0.9396926207859083,DB01
202104150100,104,7.9,0,0,0.6427876096865395,-0.7660444431189779,DB01
202104150200,104,8.4,0,0,-0.34202014332566866,-0.9396926207859084,DB01
202104150300,104,7.5,0,0,0.3420201433256689,-0.9396926207859083,DB01
202104150400,104,7.7,0,0,0.6427876096865395,-0.7660444431189779,DB03
202104150500,104,7.1,0,0,1.2246467991473532e-16,-1.0,DB02
202104150600,104,7.6,0,0,0.6427876096865395,-0.7660444431189779,DB02
202104150700,104,9.1,0,0,0.6427876096865395,-0.7660444431189779,DB02
202104150800,104,12.3,0,0,0.3420201433256689,-0.9396926207859083,DB02
202104150900,104,14.4,0,0,0.6427876096865395,-0.7660444431189779,DB02
202104151000,104,15.2,0,0,1.0,6.123233995736766e-17,DB02
202104151100,104,15.7,0,0,1.0,6.123233995736766e-17,DB01
202104151200,104,15.8,0,0,0.9396926207859083,0.3420201433256688,DB02
202104151300,104,16.1,0,0,1.0,6.123233995736766e-17,DB02
202104151400,104,16.3,0,0,1.0,6.123233995736766e-17,DB02
202104151500,104,16.8,0,0,0.9396926207859083,0.3420201433256688,DB01
202104151600,104,16.7,0,0,0.9396926207859083,0.3420201433256688,DB02
202104151700,104,16.2,0,0,1.0,6.123233995736766e-17,DB03
202104151800,104,15.0,0,0,1.0,6.123233995736766e-17,DB02
202104151900,104,13.1,0,0,0.9396926207859084,-0.3420201433256687,DB01
202104152000,104,10.8,0,0,-0.7660444431189779,-0.6427876096865395,DB02
202104152100,104,8.9,0,0,0.6427876096865395,-0.7660444431189779,DB01
202104152200,104,10.6,0,0,0.6427876096865395,-0.7660444431189779,DB03
202104152300,104,10.8,0,0,0.6427876096865395,-0.7660444431189779,DB04
202104160000,104,9.7,0,0,-0.34202014332566866,-0.9396926207859084,DB03
202104160100,104,9.1,0,0,0.0,1.0,DB03
202104160200,104,10.2,0,0,0.3420201433256689,-0.9396926207859083,DB04
202104160300,104,12.9,0,0,0.3420201433256689,-0.9396926207859083,DB03
202104160400,104,12.7,0,0,1.2246467991473532e-16,-1.0,DB04
202104160500,104,12.3,0,0,0.3420201433256689,-0.9396926207859083,DB03
202104160600,104,12.3,0,0,0.6427876096865395,-0.7660444431189779,DB04
202104160700,104,12.7,0,0,0.3420201433256689,-0.9396926207859083,DB04
202104160800,104,13.8,0,0,0.3420201433256689,-0.9396926207859083,DB02
202104160900,104,15.8,0,0,1.2246467991473532e-16,-1.0,DB01
202104161000,104,16.6,0,0,0.3420201433256689,-0.9396926207859083,DB02
202104161100,104,16.8,0,0,0.3420201433256689,-0.9396926207859083,DB02
202104161200,104,16.7,0,0,-0.6427876096865396,0.7660444431189778,DB03
202104161300,104,17.1,0,0,0.3420201433256687,0.9396926207859084,DB03
202104161400,104,17.4,0,0,-0.9396926207859084,-0.34202014332566855,DB02
202104161500,104,16.9,0,0,-0.3420201433256686,0.9396926207859084,DB02
202104161600,104,16.7,0,0,-0.7660444431189779,-0.6427876096865395,DB02
202104161700,104,16.3,0,0,0.3420201433256689,-0.9396926207859083,DB02
202104161800,104,16.2,0,0,0.9396926207859083,0.3420201433256688,DB04
202104161900,104,14.7,0,0,-0.34202014332566866,-0.9396926207859084,DB03
202104162000,104,14.1,0,0,1.2246467991473532e-16,-1.0,DB03
202104162100,104,13.9,0,0,1.2246467991473532e-16,-1.0,DB03
202104162200,104,13.6,0,0,-0.34202014332566866,-0.9396926207859084,DB04
202104162300,104,13.2,0,0,-0.34202014332566866,-0.9396926207859084,DB03
202104170000,104,12.4,0,0,1.2246467991473532e-16,-1.0,DB02
202104170100,104,10.7,0,0,0.9396926207859084,-0.3420201433256687,DB04
202104170200,104,10.5,0,0,0.6427876096865395,-0.7660444431189779,DB03
202104170300,104,9.9,0,0,1.2246467991473532e-16,-1.0,DB02
202104170400,104,8.6,0,0,1.2246467991473532e-16,-1.0,DB02
202104170500,104,7.2,0,0,0.6427876096865395,-0.7660444431189779,DB01
202104170600,104,7.7,0,0,0.3420201433256689,-0.9396926207859083,DB01
202104170700,104,9.1,0,0,0.3420201433256689,-0.9396926207859083,DB02
202104170800,104,11.6,0,0,0.6427876096865395,-0.7660444431189779,DB02
202104170900,104,14.1,0,0,0.9396926207859083,0.3420201433256688,DB02
202104171000,104,14.9,0,0,0.0,1.0,DB03
202104171100,104,15.4,0,0,0.0,1.0,DB03
202104171200,104,14.8,0,0,0.0,1.0,DB04
202104171300,104,12.5,0,0,0.3420201433256687,0.9396926207859084,DB04
202104171400,104,12.1,0,0,-0.34202014332566866,-0.9396926207859084,DB04
202104171500,104,10.5,0,0,0.9396926207859084,-0.3420201433256687,DB04
202104171600,104,12.1,0,0,0.0,1.0,DB03
202104171700,104,12.1,0,0,0.3420201433256689,-0.9396926207859083,DB03
202104171800,104,11.6,0,0,-0.7660444431189779,-0.6427876096865395,DB02
202104171900,104,8.6,0,0,-0.9396926207859083,0.342020143325669,DB03
202104172000,104,7.5,0,0,-0.34202014332566866,-0.9396926207859084,DB03
202104172100,104,9.1,0,0,-0.7660444431189779,-0.6427876096865395,DB01
202104172200,104,9.2,0,0,-1.0,-1.8369701987210297e-16,DB01
202104172300,104,6.2,0,0,0.6427876096865395,-0.7660444431189779,DB01
202104180000,104,5.4,0,0,0.3420201433256689,-0.9396926207859083,DB01
202104180100,104,7.7,0,0,-0.7660444431189779,-0.6427876096865395,DB02
202104180200,104,8.7,0,0,-0.9396926207859084,-0.34202014332566855,DB01
202104180300,104,8.2,0,0,-0.9396926207859084,-0.34202014332566855,DB01
202104180400,104,8.2,0,0,-0.9396926207859084,-0.34202014332566855,DB01
202104180500,104,8.3,0,0,-0.9396926207859084,-0.34202014332566855,DB01
202104180600,104,8.2,0,0,-0.9396926207859084,-0.34202014332566855,DB02
202104180700,104,8.7,0,0,-1.0,-1.8369701987210297e-16,DB01
202104180800,104,10.1,0,0,-0.9396926207859084,-0.34202014332566855,DB01
202104180900,104,11.1,0,0,-1.0,-1.8369701987210297e-16,DB01
202104181000,104,12.6,0,0,-0.9396926207859083,0.342020143325669,DB01
202104181100,104,12.8,0,0,-0.3420201433256686,0.9396926207859084,DB01
202104181200,104,12.9,0,0,0.0,1.0,DB01
202104181300,104,13.4,0,0,0.0,1.0,DB02
202104181400,104,13.7,0,0,0.766044443118978,0.6427876096865394,DB01
202104181500,104,13.3,0,0,0.3420201433256687,0.9396926207859084,DB01
202104181600,104,13.5,0,0,0.9396926207859083,0.3420201433256688,DB01
202104181700,104,13.1,0,0,1.0,6.123233995736766e-17,DB01
202104181800,104,12.3,0,0,1.0,6.123233995736766e-17,DB01
202104181900,104,10.3,0,0,0.6427876096865395,-0.7660444431189779,DB01
202104182000,104,8.9,0,0,0.0,1.0,DB01
202104182100,104,12.9,0,0,-0.7660444431189779,-0.6427876096865395,DB01
202104182200,104,13.0,0,0,-0.34202014332566866,-0.9396926207859084,DB01
202104182300,104,12.1,0,0,-0.34202014332566866,-0.9396926207859084,DB01
202104190000,104,11.5,0,0,0.3420201433256689,-0.9396926207859083,DB01
202104190100,104,11.2,0,0,1.2246467991473532e-16,-1.0,DB01
202104190200,104,10.2,0,0,0.3420201433256689,-0.9396926207859083,DB01
202104190300,104,10.6,0,0,0.3420201433256689,-0.9396926207859083,DB01
202104190400,104,10.0,0,0,0.3420201433256689,-0.9396926207859083,DB01
202104190500,104,8.4,0,0,0.6427876096865395,-0.7660444431189779,DB01
202104190600,104,9.7,0,0,0.6427876096865395,-0.7660444431189779,DB01
202104190700,104,11.2,0,0,0.6427876096865395,-0.7660444431189779,DB01
202104190800,104,15.1,0,0,0.6427876096865395,-0.7660444431189779,DB01
202104190900,104,17.8,0,0,0.9396926207859084,-0.3420201433256687,DB01
202104191000,104,19.7,0,0,-0.9396926207859084,-0.34202014332566855,DB01
202104191100,104,21.5,0,0,-0.9396926207859083,0.342020143325669,DB01
202104191200,104,23.2,0,0,-0.9396926207859084,-0.34202014332566855,DB01
202104191300,104,23.5,0,0,-0.7660444431189779,-0.6427876096865395,DB01
202104191400,104,23.6,0,0,-0.9396926207859084,-0.34202014332566855,DB01
202104191500,104,23.9,0,0,-0.9396926207859084,-0.34202014332566855,DB01
202104191600,104,23.4,0,0,-0.9396926207859084,-0.34202014332566855,DB02
202104191700,104,23.1,0,0,-0.9396926207859084,-0.34202014332566855,DB01
202104191800,104,22.3,0,0,-0.7660444431189779,-0.6427876096865395,DB01
202104191900,104,20.3,0,0,-0.7660444431189779,-0.6427876096865395,DB01
202104192000,104,19.8,0,0,-0.7660444431189779,-0.6427876096865395,DB01
202104192100,104,20.6,0,0,-0.9396926207859084,-0.34202014332566855,DB01
202104192200,104,20.1,0,0,-0.7660444431189779,-0.6427876096865395,DB01
202104192300,104,18.5,0,0,0.9396926207859083,0.3420201433256688,DB01
202104200000,104,18.6,0,0,-0.7660444431189779,-0.6427876096865395,DB01
202104200100,104,19.7,0,0,-0.9396926207859084,-0.34202014332566855,DB01
202104200200,104,19.5,0,0,-0.9396926207859084,-0.34202014332566855,DB01
202104200300,104,19.5,0,0,-0.9396926207859084,-0.34202014332566855,DB01
202104200400,104,17.4,0,0,0.6427876096865395,-0.7660444431189779,DB01
202104200500,104,16.2,0,0,0.6427876096865395,-0.7660444431189779,DB01
202104200600,104,16.5,0,0,1.2246467991473532e-16,-1.0,DB01
202104200700,104,15.3,0,0,0.6427876096865395,-0.7660444431189779,DB01
202104200800,104,18.9,0,0,0.6427876096865395,-0.7660444431189779,DB01
202104200900,104,22.1,0,0,1.2246467991473532e-16,-1.0,DB01
202104201000,104,23.0,0,0,0.0,1.0,DB01
202104201100,104,21.9,0,0,0.0,1.0,DB01
202104201200,104,20.9,0,0,-0.6427876096865396,0.7660444431189778,DB01
202104201300,104,17.8,0,0,0.9396926207859083,0.3420201433256688,DB01
202104201400,104,18.1,0,0,0.9396926207859083,0.3420201433256688,DB01
202104201500,104,17.5,0,0,0.9396926207859083,0.3420201433256688,DB01
202104201600,104,18.1,0,0,1.0,6.123233995736766e-17,DB01
202104201700,104,16.6,0,0,1.0,6.123233995736766e-17,DB01
202104201800,104,16.0,0,0,1.0,6.123233995736766e-17,DB01
202104201900,104,13.8,0,0,1.0,6.123233995736766e-17,DB01
202104202000,104,12.3,0,0,0.0,1.0,DB03
202104202100,104,12.1,0,0,0.0,1.0,DB03
202104202200,104,11.4,0,0,0.0,1.0,DB02
202104202300,104,10.9,0,0,0.0,1.0,DB02
202104210000,104,10.7,0,0,-1.0,-1.8369701987210297e-16,DB02
202104210100,104,12.2,0,0,-1.0,-1.8369701987210297e-16,DB03
202104210200,104,11.5,0,0,-1.0,-1.8369701987210297e-16,DB03
202104210300,104,12.2,0,0,-1.0,-1.8369701987210297e-16,DB03
202104210400,104,9.7,0,0,0.3420201433256689,-0.9396926207859083,DB01
202104210500,104,9.9,0,0,1.2246467991473532e-16,-1.0,DB01
202104210600,104,9.7,0,0,1.2246467991473532e-16,-1.0,DB01
202104210700,104,11.8,0,0,0.3420201433256689,-0.9396926207859083,DB01
202104210800,104,16.1,0,0,0.0,1.0,DB01
202104210900,104,18.4,0,0,-0.9396926207859084,-0.34202014332566855,DB01
202104211000,104,19.0,0,0,0.0,1.0,DB01
202104211100,104,16.2,0,0,0.3420201433256687,0.9396926207859084,DB01
202104211200,104,18.3,0,0,0.766044443118978,0.6427876096865394,DB01
202104211300,104,19.6,0,0,0.0,1.0,DB01
202104211400,104,18.6,0,0,0.0,1.0,DB01
202104211500,104,20.1,0,0,0.0,1.0,DB01
202104211600,104,20.0,0,0,0.9396926207859083,0.3420201433256688,DB02
202104211700,104,18.6,0,0,0.9396926207859083,0.3420201433256688,DB02
202104211800,104,16.5,0,0,1.0,6.123233995736766e-17,DB03
202104211900,104,15.5,0,0,-0.9396926207859083,0.342020143325669,DB03
202104212000,104,14.5,0,0,-1.0,-1.8369701987210297e-16,DB03
202104212100,104,13.6,0,0,0.0,1.0,DB03
202104212200,104,14.2,0,0,0.6427876096865395,-0.7660444431189779,DB04
202104212300,104,13.4,0,0,0.0,1.0,DB03
202104220000,104,13.4,0,0,0.3420201433256689,-0.9396926207859083,DB03
202104220100,104,13.4,0,0,0.0,1.0,DB04
202104220200,104,12.9,0,0,-1.0,-1.8369701987210297e-16,DB03
202104220300,104,12.9,0,0,-0.7660444431189779,-0.6427876096865395,DB04
202104220400,104,12.7,0,0,-0.9396926207859084,-0.34202014332566855,DB04
202104220500,104,12.8,0,0,-0.9396926207859084,-0.34202014332566855,DB04
202104220600,104,12.5,0,0,0.0,1.0,DB04
202104220700,104,12.4,0,0,0.0,1.0,DB04
202104220800,104,13.9,0,0,0.0,1.0,DB04
202104220900,104,14.5,0,0,-1.0,-1.8369701987210297e-16,DB04
202104221000,104,17.0,0,0,1.0,6.123233995736766e-17,DB04
202104221100,104,16.8,0,0,0.3420201433256687,0.9396926207859084,DB03
202104221200,104,19.8,0,0,0.9396926207859083,0.3420201433256688,DB03
202104221300,104,22.0,0,0,-0.6427876096865396,0.7660444431189778,DB03
202104221400,104,18.3,0,0,0.9396926207859083,0.3420201433256688,DB04
202104221500,104,17.9,0,0,1.0,6.123233995736766e-17,DB04
202104221600,104,16.7,0,0,1.0,6.123233995736766e-17,DB04
202104221700,104,16.1,0,0,0.766044443118978,0.6427876096865394,DB04
202104221800,104,15.7,0,0,-1.0,-1.8369701987210297e-16,DB04
202104221900,104,15.2,0,0,-0.7660444431189779,-0.6427876096865395,DB04
202104222000,104,14.9,0,0,-0.6427876096865396,0.7660444431189778,DB04
202104222100,104,14.4,0,0,-0.9396926207859084,-0.34202014332566855,DB04
202104222200,104,14.4,0,0,-1.0,-1.8369701987210297e-16,DB04
202104222300,104,14.1,0,0,-0.9396926207859083,0.342020143325669,DB04
202104230000,104,13.5,0,0,-1.0,-1.8369701987210297e-16,DB04
202104230100,104,13.1,0,0,-1.0,-1.8369701987210297e-16,DB04
202104230200,104,13.1,0,0,-0.9396926207859083,0.342020143325669,DB04
202104230300,104,12.3,0,0,-0.6427876096865396,0.7660444431189778,DB04
202104230400,104,11.7,0,0,-0.9396926207859083,0.342020143325669,DB04
202104230500,104,11.8,0,0,-0.9396926207859083,0.342020143325669,DB04
202104230600,104,11.8,0,0,-0.9396926207859083,0.342020143325669,DB04
202104230700,104,11.9,0,0,-0.6427876096865396,0.7660444431189778,DB04
202104230800,104,12.3,0,0,-0.6427876096865396,0.7660444431189778,DB04
202104230900,104,12.8,0,0,-0.6427876096865396,0.7660444431189778,DB04
202104231000,104,13.4,0,0,-0.3420201433256686,0.9396926207859084,DB04
202104231100,104,14.1,0,0,-0.6427876096865396,0.7660444431189778,DB04
202104231200,104,13.6,0,0,-0.3420201433256686,0.9396926207859084,DB04
202104231300,104,13.2,0,0,-0.6427876096865396,0.7660444431189778,DB04
202104231400,104,14.1,0,0,-0.3420201433256686,0.9396926207859084,DB04
202104231500,104,13.4,0,0,-0.3420201433256686,0.9396926207859084,DB04
202104231600,104,13.6,0,0,-0.9396926207859083,0.342020143325669,DB04
202104231700,104,12.9,0,0,-0.3420201433256686,0.9396926207859084,DB04
202104231800,104,12.6,0,0,-0.6427876096865396,0.7660444431189778,DB03
202104231900,104,11.8,0,0,-1.0,-1.8369701987210297e-16,DB03
202104232000,104,11.7,0,0,-0.3420201433256686,0.9396926207859084,DB03
202104232100,104,11.7,0,0,-0.9396926207859083,0.342020143325669,DB04
202104232200,104,11.6,0,0,-1.0,-1.8369701987210297e-16,DB04
202104232300,104,11.5,0,0,-1.0,-1.8369701987210297e-16,DB04
202104240000,104,11.3,0,0,-0.6427876096865396,0.7660444431189778,DB04
202104240100,104,11.1,0,0,-0.9396926207859084,-0.34202014332566855,DB04
202104240200,104,11.0,0,0,-0.9396926207859083,0.342020143325669,DB04
202104240300,104,10.8,0,0,-1.0,-1.8369701987210297e-16,DB04
202104240400,104,10.9,0,0,-0.9396926207859084,-0.34202014332566855,DB04
202104240500,104,10.5,0,0,-0.7660444431189779,-0.6427876096865395,DB04
202104240600,104,10.5,0,0,-0.7660444431189779,-0.6427876096865395,DB04
202104240700,104,11.3,0,0,0.0,1.0,DB04
202104240800,104,12.4,0,0,-0.9396926207859084,-0.34202014332566855,DB03
202104240900,104,12.8,0,0,-1.0,-1.8369701987210297e-16,DB04
202104241000,104,12.8,0,0,0.0,1.0,DB04
202104241100,104,13.7,0,0,-0.3420201433256686,0.9396926207859084,DB04
202104241200,104,13.7,0,0,0.3420201433256687,0.9396926207859084,DB04
202104241300,104,14.8,0,0,0.3420201433256687,0.9396926207859084,DB04
202104241400,104,14.7,0,0,0.766044443118978,0.6427876096865394,DB04
202104241500,104,14.4,0,0,0.3420201433256687,0.9396926207859084,DB04
202104241600,104,15.2,0,0,1.0,6.123233995736766e-17,DB04
202104241700,104,14.1,0,0,0.9396926207859083,0.3420201433256688,DB04
202104241800,104,13.5,0,0,1.0,6.123233995736766e-17,DB04
202104241900,104,12.9,0,0,0.0,1.0,DB03
202104242000,104,12.4,0,0,0.3420201433256689,-0.9396926207859083,DB03
202104242100,104,11.5,0,0,0.0,1.0,DB01
202104242200,104,9.9,0,0,0.0,1.0,DB01
202104242300,104,9.7,0,0,0.3420201433256689,-0.9396926207859083,DB01
202104250000,104,9.4,0,0,0.3420201433256689,-0.9396926207859083,DB01
202104250100,104,12.1,0,0,-0.7660444431189779,-0.6427876096865395,DB01
202104250200,104,9.7,0,0,0.0,1.0,DB02
202104250300,104,12.9,0,0,-0.6427876096865396,0.7660444431189778,DB03
202104250400,104,12.3,0,0,0.0,1.0,DB03
202104250500,104,11.6,0,0,0.0,1.0,DB03
202104250600,104,10.6,0,0,0.0,1.0,DB04
202104250700,104,10.8,0,0,-0.6427876096865396,0.7660444431189778,DB03
202104250800,104,11.5,0,0,-0.9396926207859083,0.342020143325669,DB03
202104250900,104,12.2,0,0,-0.3420201433256686,0.9396926207859084,DB02
202104251000,104,12.3,0,0,-0.3420201433256686,0.9396926207859084,DB03
202104251100,104,12.7,0,0,0.0,1.0,DB02
202104251200,104,12.7,0,0,0.3420201433256687,0.9396926207859084,DB02
202104251300,104,12.3,0,0,0.3420201433256687,0.9396926207859084,DB01
202104251400,104,12.6,0,0,0.0,1.0,DB01
202104251500,104,13.0,0,0,0.0,1.0,DB01
202104251600,104,13.2,0,0,0.0,1.0,DB01
202104251700,104,12.3,0,0,0.766044443118978,0.6427876096865394,DB01
202104251800,104,11.8,0,0,0.9396926207859083,0.3420201433256688,DB01
202104251900,104,9.9,0,0,0.6427876096865395,-0.7660444431189779,DB01
202104252000,104,8.2,0,0,0.0,1.0,DB01
202104252100,104,7.3,0,0,0.0,1.0,DB01
202104252200,104,6.4,0,0,0.6427876096865395,-0.7660444431189779,DB01
202104252300,104,5.5,0,0,0.6427876096865395,-0.7660444431189779,DB01
202104260000,104,4.7,0,0,0.0,1.0,DB01
202104260100,104,5.1,0,0,1.2246467991473532e-16,-1.0,DB01
202104260200,104,5.2,0,0,1.2246467991473532e-16,-1.0,DB01
202104260300,104,4.8,0,0,0.0,1.0,DB01
202104260400,104,7.3,0,0,0.6427876096865395,-0.7660444431189779,DB01
202104260500,104,6.6,0,0,0.3420201433256689,-0.9396926207859083,DB01
202104260600,104,5.4,0,0,0.0,1.0,DB01
202104260700,104,8.7,0,0,0.0,1.0,DB01
202104260800,104,11.3,0,0,0.9396926207859084,-0.3420201433256687,DB01
202104260900,104,14.1,0,0,0.9396926207859084,-0.3420201433256687,DB01
202104261000,104,15.2,0,0,1.0,6.123233995736766e-17,DB01
202104261100,104,16.4,0,0,0.9396926207859083,0.3420201433256688,DB01
202104261200,104,17.0,0,0,1.0,6.123233995736766e-17,DB01
202104261300,104,16.7,0,0,1.0,6.123233995736766e-17,DB03
202104261400,104,16.8,0,0,1.0,6.123233995736766e-17,DB03
202104261500,104,17.0,0,0,1.0,6.123233995736766e-17,DB03
202104261600,104,16.2,0,0,1.0,6.123233995736766e-17,DB03
202104261700,104,15.9,0,0,1.0,6.123233995736766e-17,DB03
202104261800,104,15.1,0,0,1.0,6.123233995736766e-17,DB02
202104261900,104,12.9,0,0,0.9396926207859084,-0.3420201433256687,DB02
202104262000,104,11.4,0,0,0.0,1.0,DB03
202104262100,104,11.0,0,0,1.2246467991473532e-16,-1.0,DB01
202104262200,104,10.4,0,0,0.6427876096865395,-0.7660444431189779,DB02
202104262300,104,9.7,0,0,0.6427876096865395,-0.7660444431189779,DB02
202104270000,104,12.2,0,0,1.2246467991473532e-16,-1.0,DB03
202104270100,104,13.6,0,0,0.3420201433256689,-0.9396926207859083,DB04
202104270200,104,14.0,0,0,-0.34202014332566866,-0.9396926207859084,DB04
202104270300,104,14.3,0,0,0.3420201433256689,-0.9396926207859083,DB03
202104270400,104,14.2,0,0,-0.34202014332566866,-0.9396926207859084,DB03
202104270500,104,14.1,0,0,0.3420201433256689,-0.9396926207859083,DB03
202104270600,104,12.3,0,0,1.2246467991473532e-16,-1.0,DB03
202104270700,104,11.6,0,0,1.2246467991473532e-16,-1.0,DB03
202104270800,104,16.7,0,0,0.9396926207859084,-0.3420201433256687,DB02
202104270900,104,19.0,0,0,0.9396926207859084,-0.3420201433256687,DB02
202104271000,104,18.2,0,0,0.3420201433256687,0.9396926207859084,DB03
202104271100,104,18.5,0,0,0.3420201433256687,0.9396926207859084,DB04
202104271200,104,19.4,0,0,-0.34202014332566866,-0.9396926207859084,DB04
202104271300,104,21.2,0,0,-0.7660444431189779,-0.6427876096865395,DB04
202104271400,104,21.2,0,0,-0.7660444431189779,-0.6427876096865395,DB04
202104271500,104,19.7,0,0,1.0,6.123233995736766e-17,DB04
202104271600,104,19.0,0,0,1.0,6.123233995736766e-17,DB03
202104271700,104,19.0,0,0,0.3420201433256687,0.9396926207859084,DB04
202104271800,104,18.7,0,0,0.0,1.0,DB04
202104271900,104,18.6,0,0,-0.7660444431189779,-0.6427876096865395,DB04
202104272000,104,17.9,0,0,-0.7660444431189779,-0.6427876096865395,DB03
202104272100,104,17.9,0,0,-0.34202014332566866,-0.9396926207859084,DB03
202104272200,104,17.9,0,0,0.3420201433256689,-0.9396926207859083,DB04
202104272300,104,18.0,0,0,1.2246467991473532e-16,-1.0,DB03
202104280000,104,17.7,0,0,1.2246467991473532e-16,-1.0,DB03
202104280100,104,17.3,0,0,1.2246467991473532e-16,-1.0,DB03
202104280200,104,17.4,0,0,1.2246467991473532e-16,-1.0,DB03
202104280300,104,17.0,0,0,-0.7660444431189779,-0.6427876096865395,DB03
202104280400,104,16.3,0,0,0.6427876096865395,-0.7660444431189779,DB03
202104280500,104,16.2,0,0,-0.9396926207859084,-0.34202014332566855,DB03
202104280600,104,14.5,0,0,-0.34202014332566866,-0.9396926207859084,DB02
202104280700,104,14.8,0,0,0.9396926207859084,-0.3420201433256687,DB03
202104280800,104,16.9,0,0,0.9396926207859084,-0.3420201433256687,DB02
202104280900,104,18.2,0,0,0.6427876096865395,-0.7660444431189779,DB02
202104281000,104,19.8,0,0,-1.0,-1.8369701987210297e-16,DB01
202104281100,104,21.1,0,0,-0.9396926207859083,0.342020143325669,DB01
202104281200,104,21.9,0,0,-0.9396926207859084,-0.34202014332566855,DB02
202104281300,104,22.3,0,0,-1.0,-1.8369701987210297e-16,DB03
202104281400,104,22.1,0,0,-0.7660444431189779,-0.6427876096865395,DB04
202104281500,104,22.2,0,0,-0.7660444431189779,-0.6427876096865395,DB04
202104281600,104,21.5,0,0,-0.7660444431189779,-0.6427876096865395,DB04
202104281700,104,20.4,0,0,1.2246467991473532e-16,-1.0,DB04
202104281800,104,19.4,0,0,0.3420201433256689,-0.9396926207859083,DB04
202104281900,104,18.3,0,0,0.9396926207859084,-0.3420201433256687,DB04
202104282000,104,18.1,0,0,-0.7660444431189779,-0.6427876096865395,DB03
202104282100,104,17.0,0,0,0.9396926207859084,-0.3420201433256687,DB01
202104282200,104,13.7,0,0,0.0,1.0,DB03
202104282300,104,13.0,0,0,0.0,1.0,DB04
202104290000,104,13.7,0,0,-0.7660444431189779,-0.6427876096865395,DB04
202104290100,104,12.2,0,0,0.0,1.0,DB04
202104290200,104,12.9,0,0,0.3420201433256689,-0.9396926207859083,DB04
202104290300,104,13.1,0,0,-0.34202014332566866,-0.9396926207859084,DB04
202104290400,104,12.3,0,0,0.0,1.0,DB04
202104290500,104,12.4,0,0,-0.34202014332566866,-0.9396926207859084,DB04
202104290600,104,12.4,0,0,0.0,1.0,DB04
202104290700,104,12.7,0,0,-0.9396926207859084,-0.34202014332566855,DB04
202104290800,104,13.3,0,0,0.0,1.0,DB04
202104290900,104,16.3,0,0,0.9396926207859084,-0.3420201433256687,DB03
202104291000,104,16.7,0,0,0.766044443118978,0.6427876096865394,DB02
202104291100,104,17.3,0,0,0.9396926207859083,0.3420201433256688,DB03
202104291200,104,16.4,0,0,0.9396926207859083,0.3420201433256688,DB04
202104291300,104,14.1,0,0,0.9396926207859083,0.3420201433256688,DB04
202104291400,104,13.6,100,1,0.9396926207859084,-0.3420201433256687,DB04
202104291500,104,10.4,100,1,-0.3420201433256686,0.9396926207859084,DB04
202104291600,104,10.0,100,1,-1.0,-1.8369701987210297e-16,DB04
202104291700,104,10.5,0,0,-1.0,-1.8369701987210297e-16,DB03
202104291800,104,10.5,0,0,-1.0,-1.8369701987210297e-16,DB03
202104291900,104,10.4,0,0,-1.0,-1.8369701987210297e-16,DB02
202104292000,104,9.8,0,0,0.0,1.0,DB03
202104292100,104,9.5,0,0,-0.7660444431189779,-0.6427876096865395,DB03
202104292200,104,9.4,0,0,1.2246467991473532e-16,-1.0,DB01
202104292300,104,9.1,0,0,0.6427876096865395,-0.7660444431189779,DB03
202104300000,104,9.3,0,0,0.6427876096865395,-0.7660444431189779,DB04
202104300100,104,8.8,100,1,-0.34202014332566866,-0.9396926207859084,DB04
202104300200,104,8.4,100,1,0.0,1.0,DB04
202104300300,104,8.6,100,1,0.0,1.0,DB04
202104300400,104,8.4,100,1,-0.9396926207859083,0.342020143325669,DB04
202104300500,104,8.3,100,1,-0.6427876096865396,0.7660444431189778,DB04
202104300600,104,8.1,100,1,-1.0,-1.8369701987210297e-16,DB04
202104300700,104,8.4,100,1,-1.0,-1.8369701987210297e-16,DB04
202104300800,104,8.6,100,1,-1.0,-1.8369701987210297e-16,DB04
202104300900,104,9.3,100,1,-1.0,-1.8369701987210297e-16,DB04
202104301000,104,11.7,0,0,-1.0,-1.8369701987210297e-16,DB03
202104301100,104,12.4,0,0,-1.0,-1.8369701987210297e-16,DB03
202104301200,104,13.9,0,0,-1.0,-1.8369701987210297e-16,DB03
202104301300,104,13.8,0,0,-0.9396926207859083,0.342020143325669,DB03
202104301400,104,13.3,0,0,-0.3420201433256686,0.9396926207859084,DB03
202104301500,104,13.0,0,0,-0.6427876096865396,0.7660444431189778,DB03
202104301600,104,13.1,0,0,-0.3420201433256686,0.9396926207859084,DB02
202104301700,104,12.0,0,0,-0.6427876096865396,0.7660444431189778,DB03
202104301800,104,11.4,0,0,-0.6427876096865396,0.7660444431189778,DB04
202104301900,104,10.8,0,0,-0.6427876096865396,0.7660444431189778,DB04
202104302000,104,9.8,0,0,-0.7660444431189779,-0.6427876096865395,DB03
202104302100,104,9.4,0,0,-0.7660444431189779,-0.6427876096865395,DB04
202104302200,104,9.4,0,0,0.0,1.0,DB04
202104302300,104,9.3,0,0,-0.7660444431189779,-0.6427876096865395,DB04
202105010000,104,9.3,0,0,-0.7660444431189779,-0.6427876096865395,DB04
202105010100,104,9.2,0,0,-0.34202014332566866,-0.9396926207859084,DB04
202105010200,104,8.9,0,0,0.6427876096865395,-0.7660444431189779,DB04
202105010300,104,9.0,0,0,0.0,1.0,DB04
202105010400,104,9.0,0,0,1.2246467991473532e-16,-1.0,DB04
202105010500,104,9.2,0,0,-1.0,-1.8369701987210297e-16,DB04
202105010600,104,9.5,0,0,-0.7660444431189779,-0.6427876096865395,DB04
202105010700,104,9.5,0,0,-0.9396926207859084,-0.34202014332566855,DB04
202105010800,104,9.9,0,0,-0.9396926207859083,0.342020143325669,DB04
202105010900,104,9.2,100,1,0.0,1.0,DB04
202105011000,104,9.7,100,1,1.0,6.123233995736766e-17,DB04
202105011100,104,11.2,0,0,-0.3420201433256686,0.9396926207859084,DB04
202105011200,104,10.2,100,1,-0.9396926207859083,0.342020143325669,DB04
202105011300,104,10.4,100,1,-1.0,-1.8369701987210297e-16,DB04
202105011400,104,11.1,0,0,0.0,1.0,DB04
202105011500,104,10.9,0,0,0.9396926207859083,0.3420201433256688,DB04
202105011600,104,10.4,100,1,-0.3420201433256686,0.9396926207859084,DB04
202105011700,104,10.8,100,1,-0.9396926207859084,-0.34202014332566855,DB04
202105011800,104,10.9,0,0,0.6427876096865395,-0.7660444431189779,DB04
202105011900,104,10.4,0,0,0.6427876096865395,-0.7660444431189779,DB04
202105012000,104,10.1,100,1,-1.0,-1.8369701987210297e-16,DB04
202105012100,104,8.5,100,1,-0.9396926207859083,0.342020143325669,DB04
202105012200,104,9.3,100,1,-0.3420201433256686,0.9396926207859084,DB04
202105012300,104,9.1,100,1,-0.3420201433256686,0.9396926207859084,DB04
202105020000,104,8.9,100,1,-0.6427876096865396,0.7660444431189778,DB04
202105020100,104,8.0,100,1,-0.6427876096865396,0.7660444431189778,DB04
202105020200,104,8.7,100,1,-0.6427876096865396,0.7660444431189778,DB04
202105020300,104,7.7,100,1,-1.0,-1.8369701987210297e-16,DB04
202105020400,104,7.6,100,1,-1.0,-1.8369701987210297e-16,DB04
202105020500,104,7.8,100,1,-1.0,-1.8369701987210297e-16,DB04
202105020600,104,7.5,0,0,0.0,1.0,DB04
202105020700,104,8.5,0,0,-0.7660444431189779,-0.6427876096865395,DB04
202105020800,104,10.9,0,0,-0.7660444431189779,-0.6427876096865395,DB03
202105020900,104,13.4,0,0,-1.0,-1.8369701987210297e-16,DB03
202105021000,104,14.8,0,0,-0.9396926207859083,0.342020143325669,DB02
202105021100,104,16.1,0,0,-0.6427876096865396,0.7660444431189778,DB02
202105021200,104,16.8,0,0,-0.9396926207859083,0.342020143325669,DB01
202105021300,104,17.2,0,0,-0.6427876096865396,0.7660444431189778,DB01
202105021400,104,17.0,0,0,-0.6427876096865396,0.7660444431189778,DB01
202105021500,104,17.0,0,0,0.0,1.0,DB01
202105021600,104,16.9,0,0,-0.6427876096865396,0.7660444431189778,DB01
202105021700,104,16.4,0,0,0.3420201433256687,0.9396926207859084,DB01
202105021800,104,16.1,0,0,0.9396926207859084,-0.3420201433256687,DB02
202105021900,104,13.2,0,0,0.6427876096865395,-0.7660444431189779,DB01
202105022000,104,11.0,0,0,0.0,1.0,DB01
202105022100,104,10.1,0,0,0.3420201433256689,-0.9396926207859083,DB01
202105022200,104,14.7,0,0,-0.34202014332566866,-0.9396926207859084,DB01
202105022300,104,14.2,0,0,-0.34202014332566866,-0.9396926207859084,DB01
202105030000,104,14.0,0,0,1.2246467991473532e-16,-1.0,DB01
202105030100,104,13.2,0,0,0.6427876096865395,-0.7660444431189779,DB01
202105030200,104,12.0,0,0,0.3420201433256689,-0.9396926207859083,DB01
202105030300,104,13.2,0,0,1.2246467991473532e-16,-1.0,DB01
202105030400,104,12.2,0,0,1.2246467991473532e-16,-1.0,DB01
202105030500,104,11.3,0,0,0.3420201433256689,-0.9396926207859083,DB01
202105030600,104,11.6,0,0,0.6427876096865395,-0.7660444431189779,DB01
202105030700,104,13.4,0,0,0.9396926207859084,-0.3420201433256687,DB01
202105030800,104,16.0,0,0,-0.34202014332566866,-0.9396926207859084,DB01
202105030900,104,17.9,0,0,-0.9396926207859084,-0.34202014332566855,DB01
202105031000,104,19.8,0,0,-1.0,-1.8369701987210297e-16,DB01
202105031100,104,20.2,0,0,0.9396926207859083,0.3420201433256688,DB01
202105031200,104,20.1,0,0,0.3420201433256687,0.9396926207859084,DB01
202105031300,104,20.1,0,0,0.9396926207859083,0.3420201433256688,DB01
202105031400,104,20.2,0,0,0.9396926207859083,0.3420201433256688,DB01
202105031500,104,20.2,0,0,1.0,6.123233995736766e-17,DB01
202105031600,104,22.1,0,0,-0.9396926207859083,0.342020143325669,DB01
202105031700,104,22.5,0,0,1.2246467991473532e-16,-1.0,DB01
202105031800,104,20.6,0,0,-0.34202014332566866,-0.9396926207859084,DB02
202105031900,104,19.1,0,0,1.2246467991473532e-16,-1.0,DB02
202105032000,104,18.0,0,0,1.2246467991473532e-16,-1.0,DB02
202105032100,104,18.5,0,0,-0.34202014332566866,-0.9396926207859084,DB03
202105032200,104,18.2,0,0,1.2246467991473532e-16,-1.0,DB03
202105032300,104,17.7,0,0,-0.34202014332566866,-0.9396926207859084,DB03
202105040000,104,17.5,0,0,1.2246467991473532e-16,-1.0,DB03
202105040100,104,18.0,0,0,-0.7660444431189779,-0.6427876096865395,DB03
202105040200,104,16.4,0,0,-0.7660444431189779,-0.6427876096865395,DB04
202105040300,104,17.4,0,0,0.3420201433256689,-0.9396926207859083,DB04
202105040400,104,18.6,0,0,-0.34202014332566866,-0.9396926207859084,DB03
202105040500,104,16.6,0,0,0.9396926207859084,-0.3420201433256687,DB03
202105040600,104,17.1,0,0,0.9396926207859084,-0.3420201433256687,DB04
202105040700,104,16.0,0,0,-0.9396926207859083,0.342020143325669,DB03
202105040800,104,16.1,0,0,-0.34202014332566866,-0.9396926207859084,DB04
202105040900,104,17.1,0,0,-0.9396926207859083,0.342020143325669,DB04
202105041000,104,18.1,0,0,-1.0,-1.8369701987210297e-16,DB04
202105041100,104,18.6,0,0,-0.9396926207859084,-0.34202014332566855,DB04
202105041200,104,19.4,0,0,-0.34202014332566866,-0.9396926207859084,DB04
202105041300,104,19.2,0,0,0.6427876096865395,-0.7660444431189779,DB04
202105041400,104,19.0,0,0,0.9396926207859083,0.3420201433256688,DB04
202105041500,104,19.2,0,0,1.0,6.123233995736766e-17,DB04
202105041600,104,19.8,0,0,0.9396926207859084,-0.3420201433256687,DB04
202105041700,104,20.5,0,0,-1.0,-1.8369701987210297e-16,DB04
202105041800,104,21.6,0,0,0.6427876096865395,-0.7660444431189779,DB04
202105041900,104,21.3,0,0,0.6427876096865395,-0.7660444431189779,DB04
202105042000,104,20.7,0,0,0.6427876096865395,-0.7660444431189779,DB04
202105042100,104,20.4,0,0,0.6427876096865395,-0.7660444431189779,DB04
202105042200,104,19.7,0,0,0.9396926207859084,-0.3420201433256687,DB04
202105042300,104,17.8,0,0,1.0,6.123233995736766e-17,DB04
202105050000,104,12.0,0,0,-0.6427876096865396,0.7660444431189778,DB04
202105050100,104,11.2,0,0,-0.6427876096865396,0.7660444431189778,DB04
202105050200,104,11.2,100,1,-0.9396926207859083,0.342020143325669,DB04
202105050300,104,12.0,100,1,-1.0,-1.8369701987210297e-16,DB04
202105050400,104,12.1,100,1,1.2246467991473532e-16,-1.0,DB04
202105050500,104,12.0,0,0,-0.7660444431189779,-0.6427876096865395,DB01
202105050600,104,12.1,0,0,-0.9396926207859084,-0.34202014332566855,DB03
202105050700,104,12.1,0,0,0.6427876096865395,-0.7660444431189779,DB02
202105050800,104,14.7,0,0,0.6427876096865395,-0.7660444431189779,DB02
202105050900,104,17.7,0,0,-0.34202014332566866,-0.9396926207859084,DB01
202105051000,104,18.9,0,0,-0.7660444431189779,-0.6427876096865395,DB01
202105051100,104,18.8,0,0,-0.34202014332566866,-0.9396926207859084,DB01
202105051200,104,19.6,0,0,-0.7660444431189779,-0.6427876096865395,DB01
202105051300,104,20.2,0,0,-0.7660444431189779,-0.6427876096865395,DB01
202105051400,104,20.8,0,0,-0.9396926207859084,-0.34202014332566855,DB01
202105051500,104,20.6,0,0,-0.9396926207859084,-0.34202014332566855,DB01
202105051600,104,20.8,0,0,-0.9396926207859084,-0.34202014332566855,DB01
202105051700,104,20.5,0,0,-0.7660444431189779,-0.6427876096865395,DB01
202105051800,104,19.0,0,0,-0.7660444431189779,-0.6427876096865395,DB01
202105051900,104,17.1,0,0,-0.7660444431189779,-0.6427876096865395,DB01
202105052000,104,16.3,0,0,-0.34202014332566866,-0.9396926207859084,DB01
202105052100,104,15.3,0,0,-0.34202014332566866,-0.9396926207859084,DB01
202105052200,104,14.8,0,0,-0.7660444431189779,-0.6427876096865395,DB01
202105052300,104,13.6,0,0,0.6427876096865395,-0.7660444431189779,DB01
202105060000,104,12.6,0,0,1.2246467991473532e-16,-1.0,DB01
202105060100,104,10.2,0,0,0.3420201433256689,-0.9396926207859083,DB01
202105060200,104,10.6,0,0,1.2246467991473532e-16,-1.0,DB01
202105060300,104,8.8,0,0,0.3420201433256689,-0.9396926207859083,DB01
202105060400,104,10.9,0,0,0.3420201433256689,-0.9396926207859083,DB01
202105060500,104,9.0,0,0,1.2246467991473532e-16,-1.0,DB01
202105060600,104,12.5,0,0,0.6427876096865395,-0.7660444431189779,DB01
202105060700,104,14.1,0,0,0.9396926207859084,-0.3420201433256687,DB01
202105060800,104,18.3,0,0,0.9396926207859084,-0.3420201433256687,DB01
202105060900,104,20.5,0,0,0.6427876096865395,-0.7660444431189779,DB01
202105061000,104,22.3,0,0,0.9396926207859084,-0.3420201433256687,DB02
202105061100,104,23.5,0,0,-0.9396926207859084,-0.34202014332566855,DB03
202105061200,104,24.2,0,0,-0.6427876096865396,0.7660444431189778,DB03
202105061300,104,24.2,0,0,0.9396926207859083,0.3420201433256688,DB03
202105061400,104,25.1,0,0,-0.34202014332566866,-0.9396926207859084,DB03
202105061500,104,25.1,0,0,-0.34202014332566866,-0.9396926207859084,DB03
202105061600,104,24.5,0,0,1.2246467991473532e-16,-1.0,DB02
202105061700,104,23.5,0,0,-0.7660444431189779,-0.6427876096865395,DB02
202105061800,104,22.5,0,0,-0.7660444431189779,-0.6427876096865395,DB03
202105061900,104,21.1,0,0,1.2246467991473532e-16,-1.0,DB03
202105062000,104,19.4,0,0,-0.34202014332566866,-0.9396926207859084,DB03
202105062100,104,19.4,0,0,-0.34202014332566866,-0.9396926207859084,DB03
202105062200,104,18.8,0,0,-0.34202014332566866,-0.9396926207859084,DB04
202105062300,104,18.3,0,0,-0.7660444431189779,-0.6427876096865395,DB04
202105070000,104,16.6,0,0,0.9396926207859084,-0.3420201433256687,DB04
202105070100,104,17.6,0,0,0.3420201433256689,-0.9396926207859083,DB03
202105070200,104,19.1,0,0,0.3420201433256689,-0.9396926207859083,DB03
202105070300,104,18.9,0,0,-0.34202014332566866,-0.9396926207859084,DB03
202105070400,104,19.1,0,0,-0.34202014332566866,-0.9396926207859084,DB03
202105070500,104,18.3,0,0,0.3420201433256689,-0.9396926207859083,DB03
202105070600,104,18.3,0,0,-0.34202014332566866,-0.9396926207859084,DB03
202105070700,104,18.5,0,0,1.2246467991473532e-16,-1.0,DB02
202105070800,104,18.7,0,0,0.9396926207859084,-0.3420201433256687,DB02
202105070900,104,21.1,0,0,0.9396926207859083,0.3420201433256688,DB02
202105071000,104,22.9,0,0,1.2246467991473532e-16,-1.0,DB03
202105071100,104,23.0,0,0,-0.34202014332566866,-0.9396926207859084,DB03
202105071200,104,15.0,100,1,-0.9396926207859084,-0.34202014332566855,DB04
202105071300,104,18.9,100,1,-0.34202014332566866,-0.9396926207859084,DB03
202105071400,104,20.4,0,0,-0.7660444431189779,-0.6427876096865395,DB01
202105071500,104,21.1,0,0,-0.7660444431189779,-0.6427876096865395,DB01
202105071600,104,19.7,0,0,-0.7660444431189779,-0.6427876096865395,DB01
202105071700,104,19.2,0,0,-0.7660444431189779,-0.6427876096865395,DB01
202105071800,104,18.5,0,0,-0.7660444431189779,-0.6427876096865395,DB01
202105071900,104,16.7,0,0,-0.7660444431189779,-0.6427876096865395,DB01
202105072000,104,15.8,0,0,-0.7660444431189779,-0.6427876096865395,DB01
202105072100,104,15.0,0,0,-0.9396926207859083,0.342020143325669,DB01
202105072200,104,12.8,0,0,0.9396926207859084,-0.3420201433256687,DB01
202105072300,104,13.4,0,0,1.2246467991473532e-16,-1.0,DB01
202105080000,104,11.7,0,0,-0.34202014332566866,-0.9396926207859084,DB01
202105080100,104,11.8,0,0,0.9396926207859084,-0.3420201433256687,DB01
202105080200,104,12.2,0,0,-0.7660444431189779,-0.6427876096865395,DB01
202105080300,104,12.1,0,0,-0.34202014332566866,-0.9396926207859084,DB01
202105080400,104,11.8,0,0,0.3420201433256689,-0.9396926207859083,DB01
202105080500,104,11.4,0,0,0.9396926207859084,-0.3420201433256687,DB01
202105080600,104,12.9,0,0,0.6427876096865395,-0.7660444431189779,DB01
202105080700,104,14.3,0,0,0.9396926207859084,-0.3420201433256687,DB01
202105080800,104,14.6,0,0,0.3420201433256689,-0.9396926207859083,DB02
202105080900,104,16.6,0,0,-0.7660444431189779,-0.6427876096865395,DB02
202105081000,104,18.1,0,0,0.3420201433256689,-0.9396926207859083,DB01
202105081100,104,21.4,0,0,0.3420201433256689,-0.9396926207859083,DB01
202105081200,104,22.9,0,0,-0.34202014332566866,-0.9396926207859084,DB01
202105081300,104,22.7,0,0,-0.7660444431189779,-0.6427876096865395,DB01
202105081400,104,22.9,0,0,-0.7660444431189779,-0.6427876096865395,DB01
202105081500,104,22.6,0,0,-0.7660444431189779,-0.6427876096865395,DB01
202105081600,104,22.3,0,0,1.2246467991473532e-16,-1.0,DB01
202105081700,104,22.2,0,0,0.3420201433256689,-0.9396926207859083,DB01
202105081800,104,21.3,0,0,-0.7660444431189779,-0.6427876096865395,DB02
202105081900,104,20.3,0,0,-0.7660444431189779,-0.6427876096865395,DB01
202105082000,104,19.5,0,0,-0.7660444431189779,-0.6427876096865395,DB01
202105082100,104,18.2,0,0,-0.34202014332566866,-0.9396926207859084,DB01
202105082200,104,17.1,0,0,-0.7660444431189779,-0.6427876096865395,DB01
202105082300,104,16.3,0,0,-0.9396926207859083,0.342020143325669,DB01
202105090000,104,15.6,0,0,-0.34202014332566866,-0.9396926207859084,DB01
202105090100,104,14.9,0,0,-0.9396926207859084,-0.34202014332566855,DB01
202105090200,104,12.8,0,0,0.3420201433256689,-0.9396926207859083,DB01
202105090300,104,14.2,0,0,-0.9396926207859083,0.342020143325669,DB01
202105090400,104,14.8,0,0,-1.0,-1.8369701987210297e-16,DB01
202105090500,104,14.1,0,0,-0.9396926207859083,0.342020143325669,DB01
202105090600,104,14.2,0,0,-0.9396926207859084,-0.34202014332566855,DB01
202105090700,104,15.7,0,0,-0.9396926207859084,-0.34202014332566855,DB01
202105090800,104,16.7,0,0,-0.9396926207859084,-0.34202014332566855,DB01
202105090900,104,17.9,0,0,-0.9396926207859084,-0.34202014332566855,DB01
202105091000,104,18.7,0,0,-0.9396926207859084,-0.34202014332566855,DB01
202105091100,104,19.8,0,0,-1.0,-1.8369701987210297e-16,DB01
202105091200,104,20.2,0,0,-1.0,-1.8369701987210297e-16,DB01
202105091300,104,21.6,0,0,-1.0,-1.8369701987210297e-16,DB01
202105091400,104,22.2,0,0,-0.9396926207859084,-0.34202014332566855,DB01
202105091500,104,22.7,0,0,-1.0,-1.8369701987210297e-16,DB01
202105091600,104,22.6,0,0,-0.7660444431189779,-0.6427876096865395,DB01
202105091700,104,22.5,0,0,-0.9396926207859084,-0.34202014332566855,DB01
202105091800,104,21.4,0,0,-0.7660444431189779,-0.6427876096865395,DB01
202105091900,104,19.6,0,0,-0.34202014332566866,-0.9396926207859084,DB01
202105092000,104,17.2,0,0,-0.7660444431189779,-0.6427876096865395,DB01
202105092100,104,15.7,0,0,1.2246467991473532e-16,-1.0,DB01
202105092200,104,15.0,0,0,1.2246467991473532e-16,-1.0,DB01
202105092300,104,13.6,0,0,-0.7660444431189779,-0.6427876096865395,DB01
202105100000,104,13.9,0,0,0.3420201433256689,-0.9396926207859083,DB01
202105100100,104,12.1,0,0,0.6427876096865395,-0.7660444431189779,DB01
202105100200,104,14.9,0,0,-0.34202014332566866,-0.9396926207859084,DB02
202105100300,104,13.8,0,0,1.2246467991473532e-16,-1.0,DB03
202105100400,104,12.5,0,0,0.3420201433256689,-0.9396926207859083,DB02
202105100500,104,13.4,0,0,-0.34202014332566866,-0.9396926207859084,DB04
202105100600,104,15.8,0,0,-0.7660444431189779,-0.6427876096865395,DB04
202105100700,104,15.4,0,0,-0.34202014332566866,-0.9396926207859084,DB04
202105100800,104,15.4,0,0,0.3420201433256689,-0.9396926207859083,DB04
202105100900,104,16.7,0,0,0.6427876096865395,-0.7660444431189779,DB04
202105101000,104,17.8,0,0,0.6427876096865395,-0.7660444431189779,DB04
202105101100,104,19.2,0,0,-1.0,-1.8369701987210297e-16,DB04
202105101200,104,18.9,0,0,0.3420201433256687,0.9396926207859084,DB04
202105101300,104,17.7,0,0,0.766044443118978,0.6427876096865394,DB04
202105101400,104,16.4,0,0,1.0,6.123233995736766e-17,DB04
202105101500,104,17.4,0,0,0.6427876096865395,-0.7660444431189779,DB04
202105101600,104,17.5,0,0,1.0,6.123233995736766e-17,DB04
202105101700,104,17.2,0,0,0.9396926207859084,-0.3420201433256687,DB04
202105101800,104,16.7,0,0,0.6427876096865395,-0.7660444431189779,DB04
202105101900,104,15.2,0,0,0.9396926207859084,-0.3420201433256687,DB03
202105102000,104,15.1,0,0,0.0,1.0,DB04
202105102100,104,13.8,0,0,0.6427876096865395,-0.7660444431189779,DB03
202105102200,104,13.6,0,0,0.6427876096865395,-0.7660444431189779,DB03
202105102300,104,13.6,0,0,0.3420201433256689,-0.9396926207859083,DB01
202105110000,104,11.8,0,0,-0.34202014332566866,-0.9396926207859084,DB01
202105110100,104,11.4,0,0,0.0,1.0,DB01
202105110200,104,9.3,0,0,0.0,1.0,DB01
202105110300,104,11.0,0,0,-0.9396926207859084,-0.34202014332566855,DB01
202105110400,104,10.2,0,0,-0.9396926207859084,-0.34202014332566855,DB01
202105110500,104,8.0,0,0,0.6427876096865395,-0.7660444431189779,DB01
202105110600,104,9.1,0,0,0.3420201433256689,-0.9396926207859083,DB01
202105110700,104,13.4,0,0,-0.9396926207859084,-0.34202014332566855,DB01
202105110800,104,14.1,0,0,-0.9396926207859084,-0.34202014332566855,DB02
202105110900,104,15.8,0,0,-0.3420201433256686,0.9396926207859084,DB02
202105111000,104,15.9,0,0,0.0,1.0,DB03
202105111100,104,15.9,0,0,0.0,1.0,DB03
202105111200,104,17.1,0,0,0.0,1.0,DB03
202105111300,104,17.4,0,0,0.0,1.0,DB03
202105111400,104,16.8,0,0,0.3420201433256687,0.9396926207859084,DB03
202105111500,104,17.5,0,0,1.0,6.123233995736766e-17,DB03
202105111600,104,17.8,0,0,1.0,6.123233995736766e-17,DB03
202105111700,104,17.1,0,0,1.0,6.123233995736766e-17,DB04
202105111800,104,16.8,0,0,1.0,6.123233995736766e-17,DB04
202105111900,104,15.9,0,0,1.0,6.123233995736766e-17,DB03
202105112000,104,12.8,0,0,0.0,1.0,DB03
202105112100,104,12.1,0,0,0.0,1.0,DB03
202105112200,104,10.8,0,0,0.0,1.0,DB03
202105112300,104,10.0,0,0,-0.7660444431189779,-0.6427876096865395,DB03
202105120000,104,9.4,0,0,0.3420201433256689,-0.9396926207859083,DB03
202105120100,104,8.3,0,0,0.6427876096865395,-0.7660444431189779,DB03
202105120200,104,8.6,0,0,-0.7660444431189779,-0.6427876096865395,DB03
202105120300,104,8.5,0,0,-0.34202014332566866,-0.9396926207859084,DB03
202105120400,104,8.5,0,0,0.0,1.0,DB03
202105120500,104,8.0,0,0,0.0,1.0,DB03
202105120600,104,9.3,0,0,0.0,1.0,DB02
202105120700,104,12.2,0,0,0.0,1.0,DB03
202105120800,104,13.9,0,0,0.6427876096865395,-0.7660444431189779,DB03
202105120900,104,15.5,0,0,1.0,6.123233995736766e-17,DB03
202105121000,104,16.7,0,0,0.9396926207859083,0.3420201433256688,DB03
202105121100,104,17.3,0,0,1.0,6.123233995736766e-17,DB03
202105121200,104,17.6,0,0,1.0,6.123233995736766e-17,DB03
202105121300,104,18.7,0,0,1.0,6.123233995736766e-17,DB03
202105121400,104,18.5,0,0,1.0,6.123233995736766e-17,DB03
202105121500,104,17.5,0,0,1.0,6.123233995736766e-17,DB03
202105121600,104,18.7,0,0,0.9396926207859083,0.3420201433256688,DB03
202105121700,104,18.2,0,0,0.9396926207859083,0.3420201433256688,DB02
202105121800,104,16.9,0,0,1.0,6.123233995736766e-17,DB02
202105121900,104,15.4,0,0,1.0,6.123233995736766e-17,DB01
202105122000,104,14.1,0,0,-0.9396926207859083,0.342020143325669,DB01
202105122100,104,13.6,0,0,-1.0,-1.8369701987210297e-16,DB01
202105122200,104,12.5,0,0,-0.9396926207859084,-0.34202014332566855,DB01
202105122300,104,11.5,0,0,0.0,1.0,DB01
202105130000,104,11.2,0,0,-0.9396926207859084,-0.34202014332566855,DB01
202105130100,104,11.1,0,0,0.0,1.0,DB01
202105130200,104,10.9,0,0,0.0,1.0,DB01
202105130300,104,10.5,0,0,0.0,1.0,DB01
202105130400,104,10.3,0,0,0.0,1.0,DB01
202105130500,104,10.8,0,0,-0.9396926207859084,-0.34202014332566855,DB01
202105130600,104,10.5,0,0,0.6427876096865395,-0.7660444431189779,DB01
202105130700,104,13.8,0,0,-0.9396926207859084,-0.34202014332566855,DB01
202105130800,104,15.0,0,0,-1.0,-1.8369701987210297e-16,DB01
202105130900,104,16.4,0,0,-0.3420201433256686,0.9396926207859084,DB01
202105131000,104,16.0,0,0,0.0,1.0,DB01
202105131100,104,16.9,0,0,0.9396926207859083,0.3420201433256688,DB01
202105131200,104,18.8,0,0,0.9396926207859083,0.3420201433256688,DB01
202105131300,104,19.3,0,0,1.0,6.123233995736766e-17,DB01
202105131400,104,19.2,0,0,0.9396926207859083,0.3420201433256688,DB01
202105131500,104,18.5,0,0,0.9396926207859083,0.3420201433256688,DB01
202105131600,104,18.2,0,0,0.9396926207859083,0.3420201433256688,DB01
202105131700,104,18.3,0,0,0.766044443118978,0.6427876096865394,DB01
202105131800,104,16.6,0,0,0.9396926207859083,0.3420201433256688,DB01
202105131900,104,15.5,0,0,0.0,1.0,DB03
202105132000,104,14.8,0,0,1.0,6.123233995736766e-17,DB01
202105132100,104,14.0,0,0,-0.7660444431189779,-0.6427876096865395,DB01
202105132200,104,13.7,0,0,-0.7660444431189779,-0.6427876096865395,DB01
202105132300,104,13.4,0,0,-0.7660444431189779,-0.6427876096865395,DB01
202105140000,104,12.6,0,0,0.0,1.0,DB01
202105140100,104,13.4,0,0,-0.9396926207859083,0.342020143325669,DB01
202105140200,104,13.1,0,0,-0.7660444431189779,-0.6427876096865395,DB01
202105140300,104,12.3,0,0,0.0,1.0,DB01
202105140400,104,12.2,0,0,0.0,1.0,DB01
202105140500,104,12.1,0,0,0.6427876096865395,-0.7660444431189779,DB01
202105140600,104,12.3,0,0,0.0,1.0,DB03
202105140700,104,14.3,0,0,0.0,1.0,DB03
202105140800,104,15.0,0,0,-0.6427876096865396,0.7660444431189778,DB03
202105140900,104,17.7,0,0,0.0,1.0,DB02
202105141000,104,18.1,0,0,0.3420201433256687,0.9396926207859084,DB02
202105141100,104,18.8,0,0,0.9396926207859083,0.3420201433256688,DB02
202105141200,104,18.8,0,0,1.0,6.123233995736766e-17,DB02
202105141300,104,18.9,0,0,0.9396926207859083,0.3420201433256688,DB02
202105141400,104,18.3,0,0,1.0,6.123233995736766e-17,DB03
202105141500,104,18.6,0,0,0.766044443118978,0.6427876096865394,DB02
202105141600,104,17.6,0,0,0.766044443118978,0.6427876096865394,DB03
202105141700,104,17.5,0,0,0.3420201433256687,0.9396926207859084,DB03
202105141800,104,16.0,0,0,-0.3420201433256686,0.9396926207859084,DB03
202105141900,104,16.0,0,0,-1.0,-1.8369701987210297e-16,DB03
202105142000,104,15.5,0,0,-1.0,-1.8369701987210297e-16,DB03
202105142100,104,15.3,0,0,-1.0,-1.8369701987210297e-16,DB02
202105142200,104,15.0,0,0,-0.9396926207859084,-0.34202014332566855,DB03
202105142300,104,14.8,0,0,-0.9396926207859084,-0.34202014332566855,DB03
202105150000,104,14.8,0,0,-1.0,-1.8369701987210297e-16,DB04
202105150100,104,14.9,0,0,-1.0,-1.8369701987210297e-16,DB04
202105150200,104,15.1,0,0,-0.9396926207859083,0.342020143325669,DB04
202105150300,104,15.2,0,0,0.0,1.0,DB04
202105150400,104,15.0,0,0,0.0,1.0,DB04
202105150500,104,15.1,0,0,0.0,1.0,DB04
202105150600,104,15.2,0,0,0.0,1.0,DB04
202105150700,104,15.4,0,0,0.0,1.0,DB04
202105150800,104,15.8,0,0,0.6427876096865395,-0.7660444431189779,DB04
202105150900,104,15.8,0,0,0.9396926207859083,0.3420201433256688,DB04
202105151000,104,15.3,100,1,0.0,1.0,DB04
202105151100,104,15.9,100,1,0.0,1.0,DB04
202105151200,104,16.4,100,1,0.3420201433256687,0.9396926207859084,DB04
202105151300,104,15.5,0,0,-0.3420201433256686,0.9396926207859084,DB04
202105151400,104,15.6,0,0,0.9396926207859084,-0.3420201433256687,DB04
202105151500,104,16.1,0,0,0.0,1.0,DB04
202105151600,104,15.5,0,0,0.766044443118978,0.6427876096865394,DB04
202105151700,104,15.5,0,0,0.0,1.0,DB04
202105151800,104,15.3,100,1,-0.3420201433256686,0.9396926207859084,DB04
202105151900,104,15.5,0,0,0.0,1.0,DB04
202105152000,104,15.4,0,0,0.0,1.0,DB04
202105152100,104,15.5,0,0,0.6427876096865395,-0.7660444431189779,DB04
202105152200,104,15.7,0,0,0.6427876096865395,-0.7660444431189779,DB04
202105152300,104,16.0,100,1,0.0,1.0,DB04
202105160000,104,15.8,100,1,0.0,1.0,DB04
202105160100,104,15.5,0,0,-1.0,-1.8369701987210297e-16,DB04
202105160200,104,15.7,0,0,-1.0,-1.8369701987210297e-16,DB04
202105160300,104,15.7,0,0,0.0,1.0,DB04
202105160400,104,15.0,100,1,0.0,1.0,DB04
202105160500,104,15.0,100,1,-0.6427876096865396,0.7660444431189778,DB04
202105160600,104,14.6,100,1,-1.0,-1.8369701987210297e-16,DB04
202105160700,104,14.6,100,1,-0.9396926207859083,0.342020143325669,DB04
202105160800,104,14.8,100,1,-1.0,-1.8369701987210297e-16,DB04
202105160900,104,15.1,100,1,-0.9396926207859083,0.342020143325669,DB04
202105161000,104,15.0,100,1,-0.6427876096865396,0.7660444431189778,DB04
202105161100,104,14.9,100,1,-0.9396926207859083,0.342020143325669,DB04
202105161200,104,14.8,100,1,-0.9396926207859083,0.342020143325669,DB04
202105161300,104,13.2,100,1,-0.6427876096865396,0.7660444431189778,DB04
202105161400,104,12.3,100,1,-0.6427876096865396,0.7660444431189778,DB04
202105161500,104,12.1,100,1,-0.9396926207859083,0.342020143325669,DB04
202105161600,104,11.2,100,1,-0.9396926207859083,0.342020143325669,DB04
202105161700,104,10.9,100,1,-1.0,-1.8369701987210297e-16,DB04
202105161800,104,10.5,100,1,-0.9396926207859083,0.342020143325669,DB04
202105161900,104,10.2,100,1,-1.0,-1.8369701987210297e-16,DB04
202105162000,104,10.3,100,1,-0.9396926207859084,-0.34202014332566855,DB04
202105162100,104,10.5,100,1,-1.0,-1.8369701987210297e-16,DB04
202105162200,104,10.4,100,1,-0.7660444431189779,-0.6427876096865395,DB04
202105162300,104,10.8,100,1,0.0,1.0,DB04
202105170000,104,10.7,100,1,-0.9396926207859084,-0.34202014332566855,DB04
202105170100,104,10.8,100,1,0.0,1.0,DB04
202105170200,104,11.1,100,1,0.0,1.0,DB04
202105170300,104,11.0,100,1,-0.9396926207859084,-0.34202014332566855,DB04
202105170400,104,11.1,100,1,-0.34202014332566866,-0.9396926207859084,DB04
202105170500,104,11.1,0,0,0.0,1.0,DB04
202105170600,104,11.4,100,1,0.0,1.0,DB04
202105170700,104,11.5,100,1,-1.0,-1.8369701987210297e-16,DB04
202105170800,104,11.7,0,0,-0.9396926207859083,0.342020143325669,DB04
202105170900,104,11.5,100,1,-0.6427876096865396,0.7660444431189778,DB04
202105171000,104,12.0,100,1,-0.9396926207859084,-0.34202014332566855,DB04
202105171100,104,12.5,0,0,0.0,1.0,DB04
202105171200,104,12.8,100,1,-0.3420201433256686,0.9396926207859084,DB04
202105171300,104,12.9,100,1,0.0,1.0,DB04
202105171400,104,12.5,100,1,-0.3420201433256686,0.9396926207859084,DB04
202105171500,104,12.6,100,1,-0.9396926207859083,0.342020143325669,DB04
202105171600,104,12.6,100,1,0.6427876096865395,-0.7660444431189779,DB04
202105171700,104,12.4,100,1,0.0,1.0,DB04
202105171800,104,13.2,0,0,0.3420201433256689,-0.9396926207859083,DB03
202105171900,104,12.7,0,0,0.9396926207859084,-0.3420201433256687,DB02
202105172000,104,11.7,0,0,1.2246467991473532e-16,-1.0,DB02
202105172100,104,10.8,0,0,0.0,1.0,DB02
202105172200,104,10.4,0,0,0.0,1.0,DB01
202105172300,104,10.5,0,0,-0.7660444431189779,-0.6427876096865395,DB01
202105180000,104,9.8,0,0,0.3420201433256689,-0.9396926207859083,DB02
202105180100,104,9.6,0,0,0.0,1.0,DB02
202105180200,104,9.3,0,0,0.6427876096865395,-0.7660444431189779,DB02
202105180300,104,10.3,0,0,0.0,1.0,DB03
202105180400,104,9.4,0,0,0.6427876096865395,-0.7660444431189779,DB03
202105180500,104,9.4,0,0,0.0,1.0,DB03
202105180600,104,10.2,0,0,0.6427876096865395,-0.7660444431189779,DB03
202105180700,104,11.9,0,0,0.0,1.0,DB04
202105180800,104,14.0,0,0,0.6427876096865395,-0.7660444431189779,DB04
202105180900,104,15.6,0,0,1.0,6.123233995736766e-17,DB04
202105181000,104,16.9,0,0,0.6427876096865395,-0.7660444431189779,DB04
202105181100,104,18.4,0,0,0.6427876096865395,-0.7660444431189779,DB04
202105181200,104,18.4,0,0,0.9396926207859083,0.3420201433256688,DB04
202105181300,104,19.2,0,0,1.0,6.123233995736766e-17,DB03
202105181400,104,20.5,0,0,0.9396926207859083,0.3420201433256688,DB01
202105181500,104,20.8,0,0,1.0,6.123233995736766e-17,DB01
202105181600,104,21.0,0,0,1.0,6.123233995736766e-17,DB01
202105181700,104,20.0,0,0,1.0,6.123233995736766e-17,DB01
202105181800,104,20.2,0,0,1.0,6.123233995736766e-17,DB01
202105181900,104,18.6,0,0,-1.0,-1.8369701987210297e-16,DB01
202105182000,104,15.9,0,0,0.6427876096865395,-0.7660444431189779,DB01
202105182100,104,15.1,0,0,0.6427876096865395,-0.7660444431189779,DB01
202105182200,104,14.7,0,0,0.3420201433256689,-0.9396926207859083,DB03
202105182300,104,14.2,0,0,0.0,1.0,DB03
202105190000,104,13.9,0,0,0.0,1.0,DB02
202105190100,104,17.5,0,0,0.6427876096865395,-0.7660444431189779,DB01
202105190200,104,17.8,0,0,0.3420201433256689,-0.9396926207859083,DB02
202105190300,104,17.2,0,0,0.3420201433256689,-0.9396926207859083,DB02
202105190400,104,16.4,0,0,0.3420201433256689,-0.9396926207859083,DB01
202105190500,104,16.9,0,0,0.3420201433256689,-0.9396926207859083,DB02
202105190600,104,16.8,0,0,0.6427876096865395,-0.7660444431189779,DB01
202105190700,104,18.9,0,0,0.3420201433256689,-0.9396926207859083,DB01
202105190800,104,21.9,0,0,0.6427876096865395,-0.7660444431189779,DB01
202105190900,104,24.4,0,0,0.6427876096865395,-0.7660444431189779,DB01
202105191000,104,26.0,0,0,0.6427876096865395,-0.7660444431189779,DB01
202105191100,104,26.8,0,0,0.766044443118978,0.6427876096865394,DB01
202105191200,104,27.6,0,0,0.766044443118978,0.6427876096865394,DB01
202105191300,104,27.7,0,0,1.0,6.123233995736766e-17,DB01
202105191400,104,27.6,0,0,0.9396926207859083,0.3420201433256688,DB01
202105191500,104,26.8,0,0,1.0,6.123233995736766e-17,DB01
202105191600,104,27.1,0,0,1.0,6.123233995736766e-17,DB01
202105191700,104,26.8,0,0,1.0,6.123233995736766e-17,DB02
202105191800,104,25.5,0,0,1.0,6.123233995736766e-17,DB02
202105191900,104,22.6,0,0,-0.9396926207859084,-0.34202014332566855,DB02
202105192000,104,20.1,0,0,-0.34202014332566866,-0.9396926207859084,DB01
202105192100,104,18.6,0,0,1.2246467991473532e-16,-1.0,DB02
202105192200,104,19.5,0,0,0.6427876096865395,-0.7660444431189779,DB02
202105192300,104,20.2,0,0,0.3420201433256689,-0.9396926207859083,DB03
202105200000,104,20.0,0,0,0.6427876096865395,-0.7660444431189779,DB03
202105200100,104,19.9,0,0,0.6427876096865395,-0.7660444431189779,DB04
202105200200,104,20.4,0,0,0.6427876096865395,-0.7660444431189779,DB04
202105200300,104,20.7,0,0,0.6427876096865395,-0.7660444431189779,DB04
202105200400,104,20.2,0,0,0.6427876096865395,-0.7660444431189779,DB04
202105200500,104,19.9,0,0,0.3420201433256689,-0.9396926207859083,DB03
202105200600,104,19.3,0,0,1.2246467991473532e-16,-1.0,DB04
202105200700,104,17.5,0,0,0.9396926207859084,-0.3420201433256687,DB04
202105200800,104,17.7,0,0,0.0,1.0,DB04
202105200900,104,17.6,0,0,0.0,1.0,DB04
202105201000,104,18.1,0,0,-0.7660444431189779,-0.6427876096865395,DB04
202105201100,104,18.8,0,0,0.9396926207859083,0.3420201433256688,DB04
202105201200,104,18.0,0,0,1.0,6.123233995736766e-17,DB04
202105201300,104,20.1,0,0,0.9396926207859083,0.3420201433256688,DB04
202105201400,104,18.7,0,0,1.0,6.123233995736766e-17,DB04
202105201500,104,17.8,0,0,1.0,6.123233995736766e-17,DB04
202105201600,104,16.4,100,1,0.6427876096865395,-0.7660444431189779,DB04
202105201700,104,16.9,0,0,-0.9396926207859084,-0.34202014332566855,DB04
202105201800,104,16.1,0,0,-0.7660444431189779,-0.6427876096865395,DB04
202105201900,104,15.7,0,0,-0.34202014332566866,-0.9396926207859084,DB04
202105202000,104,15.3,0,0,-0.3420201433256686,0.9396926207859084,DB04
202105202100,104,14.8,0,0,0.0,1.0,DB04
202105202200,104,14.0,100,1,-0.9396926207859084,-0.34202014332566855,DB04
202105202300,104,14.0,100,1,-1.0,-1.8369701987210297e-16,DB04
202105210000,104,13.9,100,1,-1.0,-1.8369701987210297e-16,DB04
202105210100,104,13.6,100,1,-0.9396926207859083,0.342020143325669,DB04
202105210200,104,13.5,100,1,-1.0,-1.8369701987210297e-16,DB04
202105210300,104,13.3,100,1,-0.6427876096865396,0.7660444431189778,DB04
202105210400,104,13.0,100,1,-1.0,-1.8369701987210297e-16,DB04
202105210500,104,12.6,100,1,-1.0,-1.8369701987210297e-16,DB04
202105210600,104,12.8,100,1,-0.9396926207859083,0.342020143325669,DB04
202105210700,104,12.4,100,1,-1.0,-1.8369701987210297e-16,DB04
202105210800,104,12.8,100,1,-0.9396926207859083,0.342020143325669,DB04
202105210900,104,12.9,100,1,-0.9396926207859083,0.342020143325669,DB04
202105211000,104,13.3,100,1,-1.0,-1.8369701987210297e-16,DB04
202105211100,104,14.3,0,0,-1.0,-1.8369701987210297e-16,DB04
202105211200,104,14.3,0,0,-0.9396926207859083,0.342020143325669,DB04
202105211300,104,14.7,0,0,-0.9396926207859083,0.342020143325669,DB04
202105211400,104,13.8,0,0,-1.0,-1.8369701987210297e-16,DB04
202105211500,104,14.2,100,1,-1.0,-1.8369701987210297e-16,DB04
202105211600,104,15.0,0,0,-0.9396926207859084,-0.34202014332566855,DB04
202105211700,104,15.4,0,0,-0.7660444431189779,-0.6427876096865395,DB04
202105211800,104,16.0,0,0,-0.9396926207859084,-0.34202014332566855,DB04
202105211900,104,16.0,0,0,-0.9396926207859084,-0.34202014332566855,DB03
202105212000,104,14.6,0,0,-0.9396926207859084,-0.34202014332566855,DB03
202105212100,104,14.1,0,0,-0.7660444431189779,-0.6427876096865395,DB03
202105212200,104,14.2,0,0,-0.7660444431189779,-0.6427876096865395,DB04
202105212300,104,14.7,0,0,-0.7660444431189779,-0.6427876096865395,DB03
202105220000,104,15.6,0,0,-0.7660444431189779,-0.6427876096865395,DB03
202105220100,104,14.0,0,0,-0.34202014332566866,-0.9396926207859084,DB03
202105220200,104,16.7,0,0,-0.34202014332566866,-0.9396926207859084,DB03
202105220300,104,14.5,0,0,0.3420201433256689,-0.9396926207859083,DB02
202105220400,104,15.5,0,0,0.3420201433256689,-0.9396926207859083,DB03
202105220500,104,14.9,0,0,0.9396926207859084,-0.3420201433256687,DB03
202105220600,104,15.7,0,0,0.3420201433256689,-0.9396926207859083,DB03
202105220700,104,17.7,0,0,0.6427876096865395,-0.7660444431189779,DB01
202105220800,104,20.5,0,0,0.3420201433256689,-0.9396926207859083,DB01
202105220900,104,23.6,0,0,-0.9396926207859084,-0.34202014332566855,DB01
202105221000,104,25.2,0,0,-0.9396926207859084,-0.34202014332566855,DB01
202105221100,104,26.7,0,0,-0.9396926207859084,-0.34202014332566855,DB01
202105221200,104,28.6,0,0,-0.9396926207859084,-0.34202014332566855,DB01
202105221300,104,27.0,0,0,0.766044443118978,0.6427876096865394,DB01
202105221400,104,27.0,0,0,0.3420201433256687,0.9396926207859084,DB01
202105221500,104,26.9,0,0,0.9396926207859083,0.3420201433256688,DB01
202105221600,104,25.9,0,0,0.766044443118978,0.6427876096865394,DB01
202105221700,104,25.8,0,0,0.0,1.0,DB01
202105221800,104,25.2,0,0,0.9396926207859083,0.3420201433256688,DB01
202105221900,104,22.6,0,0,0.9396926207859083,0.3420201433256688,DB01
202105222000,104,19.6,0,0,0.0,1.0,DB01
202105222100,104,18.4,0,0,0.0,1.0,DB01
202105222200,104,17.3,0,0,0.6427876096865395,-0.7660444431189779,DB01
202105222300,104,17.1,0,0,0.0,1.0,DB01
202105230000,104,18.9,0,0,0.6427876096865395,-0.7660444431189779,DB01
202105230100,104,19.3,0,0,0.6427876096865395,-0.7660444431189779,DB01
202105230200,104,19.2,0,0,0.6427876096865395,-0.7660444431189779,DB01
202105230300,104,19.0,0,0,0.6427876096865395,-0.7660444431189779,DB01
202105230400,104,19.1,0,0,0.3420201433256689,-0.9396926207859083,DB01
202105230500,104,18.4,0,0,0.6427876096865395,-0.7660444431189779,DB01
202105230600,104,19.4,0,0,0.3420201433256689,-0.9396926207859083,DB01
202105230700,104,20.8,0,0,0.3420201433256689,-0.9396926207859083,DB01
202105230800,104,23.5,0,0,0.6427876096865395,-0.7660444431189779,DB01
202105230900,104,25.5,0,0,0.6427876096865395,-0.7660444431189779,DB02
202105231000,104,26.7,0,0,0.3420201433256689,-0.9396926207859083,DB03
202105231100,104,27.9,0,0,0.9396926207859084,-0.3420201433256687,DB03
202105231200,104,27.2,0,0,0.766044443118978,0.6427876096865394,DB03
202105231300,104,27.6,0,0,0.9396926207859083,0.3420201433256688,DB03
202105231400,104,26.4,0,0,1.0,6.123233995736766e-17,DB04
202105231500,104,27.0,0,0,1.0,6.123233995736766e-17,DB04
202105231600,104,26.1,0,0,-0.9396926207859084,-0.34202014332566855,DB04
202105231700,104,24.9,0,0,-0.9396926207859084,-0.34202014332566855,DB04
202105231800,104,25.1,0,0,1.2246467991473532e-16,-1.0,DB04
202105231900,104,24.4,0,0,-0.34202014332566866,-0.9396926207859084,DB04
202105232000,104,23.4,0,0,-0.7660444431189779,-0.6427876096865395,DB04
202105232100,104,22.7,0,0,-0.34202014332566866,-0.9396926207859084,DB04
202105232200,104,22.6,0,0,-0.34202014332566866,-0.9396926207859084,DB04
202105232300,104,23.1,0,0,-0.7660444431189779,-0.6427876096865395,DB04
202105240000,104,21.2,0,0,0.0,1.0,DB04
202105240100,104,20.6,0,0,-0.7660444431189779,-0.6427876096865395,DB04
202105240200,104,22.1,0,0,-0.34202014332566866,-0.9396926207859084,DB04
202105240300,104,22.0,0,0,-1.0,-1.8369701987210297e-16,DB04
202105240400,104,22.1,0,0,-1.0,-1.8369701987210297e-16,DB04
202105240500,104,20.7,0,0,0.3420201433256689,-0.9396926207859083,DB04
202105240600,104,21.5,0,0,-0.34202014332566866,-0.9396926207859084,DB04
202105240700,104,20.8,0,0,-0.34202014332566866,-0.9396926207859084,DB04
202105240800,104,19.6,0,0,-0.9396926207859084,-0.34202014332566855,DB04
202105240900,104,19.8,0,0,-0.34202014332566866,-0.9396926207859084,DB04
202105241000,104,20.4,0,0,-0.9396926207859083,0.342020143325669,DB04
202105241100,104,22.8,0,0,-0.6427876096865396,0.7660444431189778,DB03
202105241200,104,23.2,0,0,-0.3420201433256686,0.9396926207859084,DB02
202105241300,104,23.4,0,0,0.0,1.0,DB01
202105241400,104,23.1,0,0,-0.3420201433256686,0.9396926207859084,DB02
202105241500,104,23.4,0,0,-0.3420201433256686,0.9396926207859084,DB02
202105241600,104,23.2,0,0,0.9396926207859083,0.3420201433256688,DB01
202105241700,104,22.6,0,0,1.0,6.123233995736766e-17,DB01
202105241800,104,21.0,0,0,1.0,6.123233995736766e-17,DB01
202105241900,104,19.0,0,0,-0.9396926207859084,-0.34202014332566855,DB01
202105242000,104,17.0,0,0,-0.34202014332566866,-0.9396926207859084,DB02
202105242100,104,20.3,0,0,-0.7660444431189779,-0.6427876096865395,DB01
202105242200,104,20.1,0,0,-0.7660444431189779,-0.6427876096865395,DB01
202105242300,104,20.4,0,0,-0.9396926207859084,-0.34202014332566855,DB01
202105250000,104,19.7,0,0,-0.9396926207859083,0.342020143325669,DB01
202105250100,104,17.6,0,0,-0.9396926207859084,-0.34202014332566855,DB01
202105250200,104,13.6,0,0,-0.7660444431189779,-0.6427876096865395,DB01
202105250300,104,12.3,0,0,0.6427876096865395,-0.7660444431189779,DB01
202105250400,104,11.8,0,0,0.3420201433256689,-0.9396926207859083,DB03
202105250500,104,11.6,0,0,0.9396926207859084,-0.3420201433256687,DB03
202105250600,104,13.9,0,0,0.9396926207859084,-0.3420201433256687,DB03
202105250700,104,14.0,0,0,0.6427876096865395,-0.7660444431189779,DB04
202105250800,104,15.8,0,0,1.2246467991473532e-16,-1.0,DB04
202105250900,104,14.6,0,0,0.9396926207859084,-0.3420201433256687,DB04
202105251000,104,15.9,0,0,-0.34202014332566866,-0.9396926207859084,DB02
202105251100,104,15.7,0,0,-0.9396926207859084,-0.34202014332566855,DB04
202105251200,104,15.6,100,1,0.0,1.0,DB03
202105251300,104,18.3,0,0,-1.0,-1.8369701987210297e-16,DB03
202105251400,104,18.9,0,0,-1.0,-1.8369701987210297e-16,DB03
202105251500,104,18.1,0,0,-0.9396926207859084,-0.34202014332566855,DB03
202105251600,104,19.4,0,0,-0.9396926207859084,-0.34202014332566855,DB02
202105251700,104,18.7,0,0,-0.9396926207859084,-0.34202014332566855,DB02
202105251800,104,18.3,0,0,-1.0,-1.8369701987210297e-16,DB02
202105251900,104,17.1,0,0,-0.7660444431189779,-0.6427876096865395,DB01
202105252000,104,16.1,0,0,-0.7660444431189779,-0.6427876096865395,DB01
202105252100,104,15.2,0,0,1.2246467991473532e-16,-1.0,DB01
202105252200,104,12.8,0,0,0.9396926207859084,-0.3420201433256687,DB01
202105252300,104,13.1,0,0,1.2246467991473532e-16,-1.0,DB01
202105260000,104,13.5,0,0,0.6427876096865395,-0.7660444431189779,DB01
202105260100,104,13.9,0,0,0.3420201433256689,-0.9396926207859083,DB02
202105260200,104,13.7,0,0,0.6427876096865395,-0.7660444431189779,DB02
202105260300,104,14.1,0,0,0.6427876096865395,-0.7660444431189779,DB02
202105260400,104,13.0,0,0,0.3420201433256689,-0.9396926207859083,DB02
202105260500,104,12.0,0,0,0.6427876096865395,-0.7660444431189779,DB02
202105260600,104,12.7,0,0,0.6427876096865395,-0.7660444431189779,DB03
202105260700,104,14.9,0,0,0.0,1.0,DB03
202105260800,104,17.7,0,0,0.3420201433256689,-0.9396926207859083,DB03
202105260900,104,19.2,0,0,0.6427876096865395,-0.7660444431189779,DB02
202105261000,104,21.4,0,0,0.3420201433256689,-0.9396926207859083,DB03
202105261100,104,22.0,0,0,0.3420201433256689,-0.9396926207859083,DB03
202105261200,104,21.8,0,0,0.6427876096865395,-0.7660444431189779,DB03
202105261300,104,23.8,0,0,0.3420201433256689,-0.9396926207859083,DB03
202105261400,104,24.6,0,0,1.2246467991473532e-16,-1.0,DB04
202105261500,104,25.6,0,0,-0.34202014332566866,-0.9396926207859084,DB03
202105261600,104,26.2,0,0,-0.7660444431189779,-0.6427876096865395,DB03
202105261700,104,23.9,0,0,-0.34202014332566866,-0.9396926207859084,DB04
202105261800,104,22.7,0,0,-0.7660444431189779,-0.6427876096865395,DB04
202105261900,104,21.9,0,0,-0.7660444431189779,-0.6427876096865395,DB04
202105262000,104,21.3,0,0,1.2246467991473532e-16,-1.0,DB04
202105262100,104,21.1,0,0,1.2246467991473532e-16,-1.0,DB04
202105262200,104,19.9,0,0,0.3420201433256689,-0.9396926207859083,DB04
202105262300,104,20.1,0,0,0.3420201433256689,-0.9396926207859083,DB03
202105270000,104,20.7,0,0,0.6427876096865395,-0.7660444431189779,DB03
202105270100,104,20.4,0,0,0.3420201433256689,-0.9396926207859083,DB04
202105270200,104,19.8,0,0,0.6427876096865395,-0.7660444431189779,DB04
202105270300,104,19.3,0,0,-0.34202014332566866,-0.9396926207859084,DB03
202105270400,104,17.4,0,0,-0.7660444431189779,-0.6427876096865395,DB04
202105270500,104,16.2,0,0,0.3420201433256689,-0.9396926207859083,DB03
202105270600,104,16.8,0,0,0.6427876096865395,-0.7660444431189779,DB04
202105270700,104,17.7,0,0,1.2246467991473532e-16,-1.0,DB03
202105270800,104,18.1,0,0,1.2246467991473532e-16,-1.0,DB03
202105270900,104,17.5,0,0,-0.34202014332566866,-0.9396926207859084,DB04
202105271000,104,14.8,100,1,1.0,6.123233995736766e-17,DB04
202105271100,104,15.5,0,0,0.3420201433256687,0.9396926207859084,DB04
202105271200,104,16.0,0,0,0.9396926207859084,-0.3420201433256687,DB04
202105271300,104,15.8,100,1,0.9396926207859083,0.3420201433256688,DB04
202105271400,104,15.8,100,1,0.3420201433256687,0.9396926207859084,DB04
202105271500,104,15.3,100,1,-0.9396926207859084,-0.34202014332566855,DB04
202105271600,104,18.6,0,0,-1.0,-1.8369701987210297e-16,DB03
202105271700,104,16.1,0,0,-0.3420201433256686,0.9396926207859084,DB03
202105271800,104,15.6,0,0,-0.6427876096865396,0.7660444431189778,DB03
202105271900,104,15.7,0,0,-0.9396926207859083,0.342020143325669,DB02
202105272000,104,14.7,0,0,-0.6427876096865396,0.7660444431189778,DB01
202105272100,104,13.3,0,0,0.0,1.0,DB03
202105272200,104,13.3,0,0,0.0,1.0,DB02
202105272300,104,12.4,0,0,0.0,1.0,DB01
202105280000,104,12.0,0,0,1.2246467991473532e-16,-1.0,DB01
202105280100,104,11.9,0,0,-0.7660444431189779,-0.6427876096865395,DB01
202105280200,104,12.0,0,0,1.2246467991473532e-16,-1.0,DB01
202105280300,104,12.1,0,0,0.3420201433256689,-0.9396926207859083,DB03
202105280400,104,13.7,0,0,0.6427876096865395,-0.7660444431189779,DB04
202105280500,104,13.1,0,0,0.6427876096865395,-0.7660444431189779,DB04
202105280600,104,13.3,0,0,0.0,1.0,DB04
202105280700,104,14.9,0,0,0.3420201433256689,-0.9396926207859083,DB04
202105280800,104,12.2,100,1,-0.34202014332566866,-0.9396926207859084,DB04
202105280900,104,12.0,100,1,-0.9396926207859084,-0.34202014332566855,DB04
202105281000,104,11.7,100,1,-0.7660444431189779,-0.6427876096865395,DB04
202105281100,104,11.3,100,1,0.6427876096865395,-0.7660444431189779,DB04
202105281200,104,11.4,100,1,0.6427876096865395,-0.7660444431189779,DB04
202105281300,104,13.4,0,0,0.6427876096865395,-0.7660444431189779,DB04
202105281400,104,15.3,0,0,0.9396926207859084,-0.3420201433256687,DB04
202105281500,104,17.0,0,0,0.6427876096865395,-0.7660444431189779,DB04
202105281600,104,20.1,0,0,0.6427876096865395,-0.7660444431189779,DB02
202105281700,104,19.4,0,0,-0.34202014332566866,-0.9396926207859084,DB02
202105281800,104,18.6,0,0,0.0,1.0,DB02
202105281900,104,17.4,0,0,-0.34202014332566866,-0.9396926207859084,DB01
202105282000,104,15.8,0,0,-0.7660444431189779,-0.6427876096865395,DB04
202105282100,104,15.7,0,0,-0.9396926207859084,-0.34202014332566855,DB03
202105282200,104,15.0,0,0,-0.9396926207859083,0.342020143325669,DB04
202105282300,104,13.8,100,1,-1.0,-1.8369701987210297e-16,DB04
202105290000,104,13.2,100,1,-1.0,-1.8369701987210297e-16,DB04
202105290100,104,13.0,100,1,-0.9396926207859083,0.342020143325669,DB04
202105290200,104,13.0,0,0,-0.9396926207859083,0.342020143325669,DB04
202105290300,104,12.6,100,1,-1.0,-1.8369701987210297e-16,DB03
202105290400,104,12.4,0,0,-1.0,-1.8369701987210297e-16,DB03
202105290500,104,12.6,0,0,0.0,1.0,DB03
202105290600,104,12.8,0,0,-0.7660444431189779,-0.6427876096865395,DB03
202105290700,104,13.6,0,0,0.0,1.0,DB03
202105290800,104,14.1,0,0,0.3420201433256689,-0.9396926207859083,DB03
202105290900,104,15.8,0,0,1.0,6.123233995736766e-17,DB02
202105291000,104,17.1,0,0,0.766044443118978,0.6427876096865394,DB01
202105291100,104,17.8,0,0,0.766044443118978,0.6427876096865394,DB02
202105291200,104,17.8,0,0,1.0,6.123233995736766e-17,DB03
202105291300,104,17.9,0,0,1.0,6.123233995736766e-17,DB04
202105291400,104,16.9,0,0,0.9396926207859084,-0.3420201433256687,DB04
202105291500,104,21.0,0,0,-1.0,-1.8369701987210297e-16,DB04
202105291600,104,21.2,0,0,-1.0,-1.8369701987210297e-16,DB04
202105291700,104,19.4,0,0,-0.9396926207859084,-0.34202014332566855,DB04
202105291800,104,18.7,0,0,-0.3420201433256686,0.9396926207859084,DB04
202105291900,104,15.9,0,0,-0.9396926207859084,-0.34202014332566855,DB04
202105292000,104,14.2,0,0,0.3420201433256689,-0.9396926207859083,DB03
202105292100,104,13.1,0,0,-0.34202014332566866,-0.9396926207859084,DB02
202105292200,104,14.9,0,0,0.3420201433256689,-0.9396926207859083,DB01
202105292300,104,16.1,0,0,-0.9396926207859084,-0.34202014332566855,DB01
202105300000,104,13.6,0,0,0.6427876096865395,-0.7660444431189779,DB01
202105300100,104,12.7,0,0,1.2246467991473532e-16,-1.0,DB01
202105300200,104,13.1,0,0,0.6427876096865395,-0.7660444431189779,DB01
202105300300,104,13.1,0,0,0.3420201433256689,-0.9396926207859083,DB01
202105300400,104,12.6,0,0,0.3420201433256689,-0.9396926207859083,DB01
202105300500,104,12.9,0,0,0.6427876096865395,-0.7660444431189779,DB01
202105300600,104,13.1,0,0,0.6427876096865395,-0.7660444431189779,DB01
202105300700,104,15.7,0,0,0.3420201433256689,-0.9396926207859083,DB01
202105300800,104,18.5,0,0,0.3420201433256689,-0.9396926207859083,DB01
202105300900,104,19.4,0,0,1.0,6.123233995736766e-17,DB01
202105301000,104,20.3,0,0,0.766044443118978,0.6427876096865394,DB01
202105301100,104,20.3,0,0,0.3420201433256687,0.9396926207859084,DB01
202105301200,104,20.5,0,0,0.9396926207859083,0.3420201433256688,DB01
202105301300,104,20.7,0,0,0.3420201433256687,0.9396926207859084,DB01
202105301400,104,20.8,0,0,0.9396926207859083,0.3420201433256688,DB01
202105301500,104,20.6,0,0,1.0,6.123233995736766e-17,DB01
202105301600,104,20.2,0,0,1.0,6.123233995736766e-17,DB02
202105301700,104,19.8,0,0,1.0,6.123233995736766e-17,DB02
202105301800,104,19.6,0,0,1.0,6.123233995736766e-17,DB01
202105301900,104,17.8,0,0,0.6427876096865395,-0.7660444431189779,DB03
202105302000,104,16.6,0,0,0.0,1.0,DB03
202105302100,104,15.7,0,0,0.0,1.0,DB04
202105302200,104,16.0,0,0,-0.9396926207859084,-0.34202014332566855,DB04
202105302300,104,15.8,0,0,0.3420201433256689,-0.9396926207859083,DB04
202105310000,104,15.8,0,0,-1.0,-1.8369701987210297e-16,DB04
202105310100,104,14.1,100,1,-1.0,-1.8369701987210297e-16,DB04
202105310200,104,13.7,100,1,-0.7660444431189779,-0.6427876096865395,DB04
202105310300,104,13.8,100,1,0.6427876096865395,-0.7660444431189779,DB04
202105310400,104,13.4,0,0,0.0,1.0,DB04
202105310500,104,13.8,0,0,0.6427876096865395,-0.7660444431189779,DB04
202105310600,104,13.9,0,0,0.6427876096865395,-0.7660444431189779,DB03
202105310700,104,15.0,0,0,-1.0,-1.8369701987210297e-16,DB03
202105310800,104,16.1,0,0,0.0,1.0,DB03
202105310900,104,16.5,0,0,0.0,1.0,DB03
202105311000,104,16.2,0,0,-0.6427876096865396,0.7660444431189778,DB03
202105311100,104,16.6,0,0,-0.9396926207859083,0.342020143325669,DB03
202105311200,104,17.1,0,0,-0.6427876096865396,0.7660444431189778,DB04
202105311300,104,18.2,0,0,-0.6427876096865396,0.7660444431189778,DB04
202105311400,104,18.0,0,0,0.0,1.0,DB04
202105311500,104,17.3,0,0,-0.3420201433256686,0.9396926207859084,DB04
202105311600,104,17.2,0,0,0.0,1.0,DB03
202105311700,104,17.1,0,0,1.0,6.123233995736766e-17,DB01
202105311800,104,16.7,0,0,1.0,6.123233995736766e-17,DB01
202105311900,104,16.7,0,0,0.6427876096865395,-0.7660444431189779,DB02
202105312000,104,16.5,0,0,0.6427876096865395,-0.7660444431189779,DB02
202105312100,104,15.4,0,0,0.9396926207859084,-0.3420201433256687,DB03
202105312200,104,15.1,0,0,0.0,1.0,DB03
202105312300,104,14.2,0,0,0.0,1.0,DB03
202106010000,104,13.9,0,0,-0.7660444431189779,-0.6427876096865395,DB01
202106010100,104,13.7,0,0,0.0,1.0,DB01
202106010200,104,13.1,0,0,1.2246467991473532e-16,-1.0,DB03
202106010300,104,13.1,0,0,0.0,1.0,DB03
202106010400,104,12.7,0,0,0.6427876096865395,-0.7660444431189779,DB03
202106010500,104,13.1,0,0,-0.9396926207859084,-0.34202014332566855,DB04
202106010600,104,14.0,0,0,0.0,1.0,DB03
202106010700,104,14.2,0,0,-0.6427876096865396,0.7660444431189778,DB04
202106010800,104,14.6,100,1,0.6427876096865395,-0.7660444431189779,DB04
202106010900,104,15.8,0,0,0.9396926207859084,-0.3420201433256687,DB04
202106011000,104,17.7,0,0,1.0,6.123233995736766e-17,DB04
202106011100,104,19.8,0,0,0.6427876096865395,-0.7660444431189779,DB04
202106011200,104,20.6,0,0,-0.9396926207859083,0.342020143325669,DB04
202106011300,104,22.3,0,0,-0.6427876096865396,0.7660444431189778,DB03
202106011400,104,22.5,0,0,-0.9396926207859083,0.342020143325669,DB04
202106011500,104,22.2,0,0,-1.0,-1.8369701987210297e-16,DB04
202106011600,104,22.1,0,0,-0.6427876096865396,0.7660444431189778,DB04
202106011700,104,20.9,0,0,0.0,1.0,DB04
202106011800,104,20.1,0,0,0.6427876096865395,-0.7660444431189779,DB04
202106011900,104,19.6,0,0,-0.9396926207859084,-0.34202014332566855,DB04
202106012000,104,18.1,0,0,-1.0,-1.8369701987210297e-16,DB04
202106012100,104,19.5,0,0,0.6427876096865395,-0.7660444431189779,DB04
202106012200,104,18.0,0,0,0.0,1.0,DB04
202106012300,104,17.6,0,0,-0.9396926207859084,-0.34202014332566855,DB04
202106020000,104,16.9,0,0,-1.0,-1.8369701987210297e-16,DB04
202106020100,104,16.1,0,0,0.0,1.0,DB03
202106020200,104,16.6,0,0,-0.7660444431189779,-0.6427876096865395,DB03
202106020300,104,16.2,0,0,0.6427876096865395,-0.7660444431189779,DB03
202106020400,104,16.0,0,0,0.0,1.0,DB04
202106020500,104,15.4,0,0,-0.9396926207859083,0.342020143325669,DB03
202106020600,104,15.5,0,0,0.0,1.0,DB01
202106020700,104,18.0,0,0,0.9396926207859084,-0.3420201433256687,DB01
202106020800,104,20.5,0,0,0.6427876096865395,-0.7660444431189779,DB01
202106020900,104,21.7,0,0,-0.9396926207859083,0.342020143325669,DB01
202106021000,104,20.1,0,0,0.3420201433256687,0.9396926207859084,DB01
202106021100,104,21.2,0,0,0.9396926207859083,0.3420201433256688,DB01
202106021200,104,22.3,0,0,0.766044443118978,0.6427876096865394,DB01
202106021300,104,20.6,0,0,0.766044443118978,0.6427876096865394,DB02
202106021400,104,21.8,0,0,0.9396926207859083,0.3420201433256688,DB02
202106021500,104,21.4,0,0,0.9396926207859083,0.3420201433256688,DB02
202106021600,104,20.7,0,0,0.0,1.0,DB02
202106021700,104,19.7,0,0,-0.3420201433256686,0.9396926207859084,DB02
202106021800,104,18.5,0,0,0.0,1.0,DB01
202106021900,104,17.7,0,0,-0.9396926207859083,0.342020143325669,DB02
202106022000,104,17.2,0,0,-0.6427876096865396,0.7660444431189778,DB03
202106022100,104,16.2,0,0,-0.9396926207859083,0.342020143325669,DB03
202106022200,104,16.1,0,0,-1.0,-1.8369701987210297e-16,DB04
202106022300,104,16.0,0,0,0.0,1.0,DB04
202106030000,104,16.2,0,0,0.0,1.0,DB04
202106030100,104,16.2,0,0,0.6427876096865395,-0.7660444431189779,DB04
202106030200,104,16.3,0,0,0.0,1.0,DB04
202106030300,104,16.1,0,0,0.0,1.0,DB04
202106030400,104,15.5,0,0,-0.9396926207859083,0.342020143325669,DB04
202106030500,104,15.5,0,0,-0.9396926207859083,0.342020143325669,DB04
202106030600,104,15.5,0,0,0.0,1.0,DB04
202106030700,104,15.5,0,0,0.0,1.0,DB04
202106030800,104,16.8,0,0,0.6427876096865395,-0.7660444431189779,DB03
202106030900,104,20.4,0,0,0.3420201433256689,-0.9396926207859083,DB04
202106031000,104,18.3,0,0,1.0,6.123233995736766e-17,DB04
202106031100,104,20.0,0,0,0.6427876096865395,-0.7660444431189779,DB04
202106031200,104,22.5,0,0,0.9396926207859084,-0.3420201433256687,DB04
202106031300,104,22.3,0,0,1.0,6.123233995736766e-17,DB04
202106031400,104,21.0,0,0,-0.7660444431189779,-0.6427876096865395,DB04
202106031500,104,19.9,100,1,1.0,6.123233995736766e-17,DB04
202106031600,104,19.0,100,1,1.0,6.123233995736766e-17,DB04
202106031700,104,18.9,100,1,0.9396926207859084,-0.3420201433256687,DB04
202106031800,104,18.1,100,1,-1.0,-1.8369701987210297e-16,DB04
202106031900,104,17.7,100,1,-1.0,-1.8369701987210297e-16,DB04
202106032000,104,17.2,100,1,-0.9396926207859084,-0.34202014332566855,DB04
202106032100,104,17.2,100,1,-0.9396926207859084,-0.34202014332566855,DB04
202106032200,104,13.7,100,1,-1.0,-1.8369701987210297e-16,DB04
202106032300,104,13.9,100,1,-1.0,-1.8369701987210297e-16,DB04
202106040000,104,13.6,100,1,-0.7660444431189779,-0.6427876096865395,DB04
202106040100,104,13.3,100,1,-0.9396926207859083,0.342020143325669,DB04
202106040200,104,13.0,100,1,0.6427876096865395,-0.7660444431189779,DB04
202106040300,104,13.4,0,0,0.0,1.0,DB02
202106040400,104,14.9,0,0,1.2246467991473532e-16,-1.0,DB02
202106040500,104,12.4,0,0,0.6427876096865395,-0.7660444431189779,DB03
202106040600,104,13.3,0,0,0.6427876096865395,-0.7660444431189779,DB03
202106040700,104,14.3,0,0,0.6427876096865395,-0.7660444431189779,DB03
202106040800,104,16.5,0,0,0.6427876096865395,-0.7660444431189779,DB03
202106040900,104,19.1,0,0,0.9396926207859084,-0.3420201433256687,DB03
202106041000,104,22.0,0,0,-0.34202014332566866,-0.9396926207859084,DB01
202106041100,104,23.3,0,0,0.9396926207859084,-0.3420201433256687,DB01
202106041200,104,24.6,0,0,0.6427876096865395,-0.7660444431189779,DB01
202106041300,104,25.5,0,0,-1.0,-1.8369701987210297e-16,DB01
202106041400,104,26.4,0,0,-0.9396926207859084,-0.34202014332566855,DB01
202106041500,104,26.1,0,0,-0.9396926207859084,-0.34202014332566855,DB01
202106041600,104,25.5,0,0,-0.9396926207859084,-0.34202014332566855,DB01
202106041700,104,24.9,0,0,-0.34202014332566866,-0.9396926207859084,DB01
202106041800,104,24.5,0,0,1.2246467991473532e-16,-1.0,DB01
202106041900,104,23.2,0,0,1.2246467991473532e-16,-1.0,DB01
202106042000,104,21.3,0,0,0.3420201433256689,-0.9396926207859083,DB01
202106042100,104,20.9,0,0,1.2246467991473532e-16,-1.0,DB01
202106042200,104,20.4,0,0,-0.34202014332566866,-0.9396926207859084,DB02
202106042300,104,20.6,0,0,1.2246467991473532e-16,-1.0,DB01
202106050000,104,20.0,0,0,0.3420201433256689,-0.9396926207859083,DB01
202106050100,104,19.6,0,0,0.3420201433256689,-0.9396926207859083,DB01
202106050200,104,19.5,0,0,0.6427876096865395,-0.7660444431189779,DB01
202106050300,104,18.7,0,0,0.6427876096865395,-0.7660444431189779,DB01
202106050400,104,18.4,0,0,0.9396926207859084,-0.3420201433256687,DB01
202106050500,104,20.3,0,0,-0.34202014332566866,-0.9396926207859084,DB01
202106050600,104,21.0,0,0,-0.9396926207859084,-0.34202014332566855,DB01
202106050700,104,20.4,0,0,1.2246467991473532e-16,-1.0,DB01
202106050800,104,21.9,0,0,-0.7660444431189779,-0.6427876096865395,DB01
202106050900,104,22.7,0,0,0.3420201433256689,-0.9396926207859083,DB02
202106051000,104,22.9,0,0,-0.9396926207859084,-0.34202014332566855,DB02
202106051100,104,24.0,0,0,0.9396926207859084,-0.3420201433256687,DB02
202106051200,104,24.1,0,0,-0.9396926207859083,0.342020143325669,DB02
202106051300,104,23.3,0,0,0.0,1.0,DB02
202106051400,104,23.4,0,0,0.9396926207859083,0.3420201433256688,DB01
202106051500,104,24.7,0,0,0.0,1.0,DB01
202106051600,104,25.8,0,0,-0.9396926207859084,-0.34202014332566855,DB01
202106051700,104,26.3,0,0,-0.7660444431189779,-0.6427876096865395,DB01
202106051800,104,25.9,0,0,-0.34202014332566866,-0.9396926207859084,DB01
202106051900,104,24.8,0,0,-0.9396926207859084,-0.34202014332566855,DB01
202106052000,104,23.9,0,0,-0.34202014332566866,-0.9396926207859084,DB01
202106052100,104,23.2,0,0,-0.7660444431189779,-0.6427876096865395,DB01
202106052200,104,23.1,0,0,-0.34202014332566866,-0.9396926207859084,DB01
202106052300,104,20.9,0,0,0.3420201433256689,-0.9396926207859083,DB01
202106060000,104,21.3,0,0,1.2246467991473532e-16,-1.0,DB01
202106060100,104,21.1,0,0,-0.34202014332566866,-0.9396926207859084,DB01
202106060200,104,20.5,0,0,1.2246467991473532e-16,-1.0,DB01
202106060300,104,19.4,0,0,1.0,6.123233995736766e-17,DB01
202106060400,104,19.3,0,0,-0.9396926207859083,0.342020143325669,DB01
202106060500,104,19.1,0,0,-0.9396926207859083,0.342020143325669,DB01
202106060600,104,19.3,0,0,-0.9396926207859083,0.342020143325669,DB01
202106060700,104,20.7,0,0,0.6427876096865395,-0.7660444431189779,DB01
202106060800,104,22.8,0,0,0.9396926207859083,0.3420201433256688,DB01
202106060900,104,24.5,0,0,0.3420201433256687,0.9396926207859084,DB01
202106061000,104,25.8,0,0,0.3420201433256687,0.9396926207859084,DB01
202106061100,104,23.9,0,0,0.766044443118978,0.6427876096865394,DB01
202106061200,104,25.1,0,0,1.0,6.123233995736766e-17,DB01
202106061300,104,24.5,0,0,1.0,6.123233995736766e-17,DB01
202106061400,104,24.9,0,0,0.9396926207859083,0.3420201433256688,DB02
202106061500,104,23.6,0,0,0.3420201433256687,0.9396926207859084,DB02
202106061600,104,25.7,0,0,1.0,6.123233995736766e-17,DB02
202106061700,104,26.3,0,0,0.9396926207859084,-0.3420201433256687,DB02
202106061800,104,25.1,0,0,0.9396926207859084,-0.3420201433256687,DB01
202106061900,104,24.4,0,0,-0.7660444431189779,-0.6427876096865395,DB01
202106062000,104,22.8,0,0,1.2246467991473532e-16,-1.0,DB01
202106062100,104,22.8,0,0,0.3420201433256689,-0.9396926207859083,DB01
202106062200,104,21.8,0,0,0.0,1.0,DB01
202106062300,104,21.2,0,0,1.2246467991473532e-16,-1.0,DB03
202106070000,104,22.8,0,0,0.3420201433256689,-0.9396926207859083,DB03
202106070100,104,23.7,0,0,0.3420201433256689,-0.9396926207859083,DB03
202106070200,104,23.7,0,0,-0.34202014332566866,-0.9396926207859084,DB03
202106070300,104,20.5,0,0,0.6427876096865395,-0.7660444431189779,DB01
202106070400,104,21.9,0,0,0.3420201433256689,-0.9396926207859083,DB01
202106070500,104,19.8,0,0,0.3420201433256689,-0.9396926207859083,DB03
202106070600,104,20.0,0,0,0.9396926207859084,-0.3420201433256687,DB02
202106070700,104,23.0,0,0,0.3420201433256689,-0.9396926207859083,DB02
202106070800,104,24.9,0,0,0.3420201433256689,-0.9396926207859083,DB02
202106070900,104,25.6,0,0,0.9396926207859084,-0.3420201433256687,DB01
202106071000,104,26.5,0,0,0.766044443118978,0.6427876096865394,DB01
202106071100,104,24.1,0,0,0.3420201433256687,0.9396926207859084,DB03
202106071200,104,24.4,0,0,-0.7660444431189779,-0.6427876096865395,DB03
202106071300,104,26.7,0,0,0.9396926207859084,-0.3420201433256687,DB03
202106071400,104,29.0,0,0,1.0,6.123233995736766e-17,DB03
202106071500,104,25.6,0,0,0.6427876096865395,-0.7660444431189779,DB03
202106071600,104,27.3,0,0,-0.34202014332566866,-0.9396926207859084,DB03
202106071700,104,25.5,0,0,0.6427876096865395,-0.7660444431189779,DB03
202106071800,104,24.4,0,0,0.0,1.0,DB03
202106071900,104,22.9,0,0,0.0,1.0,DB04
202106072000,104,22.8,0,0,0.3420201433256689,-0.9396926207859083,DB04
202106072100,104,22.5,0,0,0.3420201433256689,-0.9396926207859083,DB04
202106072200,104,22.8,0,0,0.3420201433256689,-0.9396926207859083,DB04
202106072300,104,23.1,0,0,0.3420201433256689,-0.9396926207859083,DB04
202106080000,104,21.6,0,0,-1.0,-1.8369701987210297e-16,DB04
202106080100,104,21.5,0,0,-1.0,-1.8369701987210297e-16,DB04
202106080200,104,20.1,0,0,-0.9396926207859084,-0.34202014332566855,DB04
202106080300,104,20.3,0,0,0.0,1.0,DB04
202106080400,104,18.5,0,0,0.0,1.0,DB04
202106080500,104,20.2,0,0,0.3420201433256689,-0.9396926207859083,DB04
202106080600,104,19.9,0,0,0.3420201433256689,-0.9396926207859083,DB04
202106080700,104,18.9,0,0,-0.6427876096865396,0.7660444431189778,DB03
202106080800,104,18.8,0,0,-1.0,-1.8369701987210297e-16,DB04
202106080900,104,20.9,0,0,-1.0,-1.8369701987210297e-16,DB03
202106081000,104,21.7,0,0,-0.6427876096865396,0.7660444431189778,DB02
202106081100,104,21.5,0,0,-0.3420201433256686,0.9396926207859084,DB03
202106081200,104,21.7,0,0,-0.3420201433256686,0.9396926207859084,DB03
202106081300,104,21.9,0,0,0.3420201433256687,0.9396926207859084,DB04
202106081400,104,22.7,0,0,0.9396926207859083,0.3420201433256688,DB04
202106081500,104,23.0,0,0,0.9396926207859083,0.3420201433256688,DB04
202106081600,104,20.6,0,0,0.9396926207859083,0.3420201433256688,DB04
202106081700,104,19.9,0,0,1.0,6.123233995736766e-17,DB04
202106081800,104,19.6,0,0,0.6427876096865395,-0.7660444431189779,DB04
202106081900,104,19.7,0,0,-0.9396926207859083,0.342020143325669,DB03
202106082000,104,18.5,0,0,-0.9396926207859084,-0.34202014332566855,DB03
202106082100,104,18.2,0,0,0.0,1.0,DB03
202106082200,104,18.1,0,0,-1.0,-1.8369701987210297e-16,DB04
202106082300,104,17.8,0,0,0.3420201433256689,-0.9396926207859083,DB03
202106090000,104,17.4,0,0,0.0,1.0,DB01
202106090100,104,17.2,0,0,-0.9396926207859084,-0.34202014332566855,DB03
202106090200,104,17.5,0,0,0.0,1.0,DB04
202106090300,104,17.5,0,0,0.0,1.0,DB03
202106090400,104,17.7,0,0,-1.0,-1.8369701987210297e-16,DB03
202106090500,104,17.1,0,0,-1.0,-1.8369701987210297e-16,DB02
202106090600,104,17.1,0,0,-0.9396926207859084,-0.34202014332566855,DB02
202106090700,104,18.0,0,0,-1.0,-1.8369701987210297e-16,DB01
202106090800,104,19.5,0,0,0.0,1.0,DB02
202106090900,104,20.8,0,0,0.9396926207859083,0.3420201433256688,DB03
202106091000,104,20.9,0,0,0.9396926207859084,-0.3420201433256687,DB03
202106091100,104,22.2,0,0,1.0,6.123233995736766e-17,DB03
202106091200,104,21.6,0,0,1.0,6.123233995736766e-17,DB02
202106091300,104,22.2,0,0,1.0,6.123233995736766e-17,DB01
202106091400,104,22.5,0,0,0.9396926207859083,0.3420201433256688,DB01
202106091500,104,22.9,0,0,0.9396926207859083,0.3420201433256688,DB02
202106091600,104,22.5,0,0,0.9396926207859083,0.3420201433256688,DB03
202106091700,104,22.1,0,0,0.3420201433256687,0.9396926207859084,DB03
202106091800,104,22.1,0,0,-0.6427876096865396,0.7660444431189778,DB02
202106091900,104,20.3,0,0,-0.9396926207859083,0.342020143325669,DB01
202106092000,104,19.0,0,0,-0.9396926207859084,-0.34202014332566855,DB03
202106092100,104,18.4,0,0,-1.0,-1.8369701987210297e-16,DB02
202106092200,104,18.2,0,0,-0.9396926207859084,-0.34202014332566855,DB02
202106092300,104,17.8,0,0,0.9396926207859084,-0.3420201433256687,DB02
202106100000,104,17.4,0,0,0.0,1.0,DB03
202106100100,104,17.5,0,0,-0.9396926207859084,-0.34202014332566855,DB03
202106100200,104,17.3,0,0,-1.0,-1.8369701987210297e-16,DB03
202106100300,104,17.4,0,0,-1.0,-1.8369701987210297e-16,DB04
202106100400,104,17.5,0,0,-1.0,-1.8369701987210297e-16,DB04
202106100500,104,17.4,0,0,-0.7660444431189779,-0.6427876096865395,DB04
202106100600,104,17.5,0,0,0.0,1.0,DB04
202106100700,104,17.4,100,1,0.3420201433256687,0.9396926207859084,DB04
202106100800,104,17.6,0,0,-0.3420201433256686,0.9396926207859084,DB04
202106100900,104,17.4,0,0,-0.3420201433256686,0.9396926207859084,DB04
202106101000,104,18.3,0,0,-0.9396926207859083,0.342020143325669,DB04
202106101100,104,18.7,0,0,0.766044443118978,0.6427876096865394,DB04
202106101200,104,18.8,0,0,-0.3420201433256686,0.9396926207859084,DB04
202106101300,104,18.5,0,0,0.9396926207859083,0.3420201433256688,DB04
202106101400,104,18.5,0,0,0.0,1.0,DB04
202106101500,104,19.0,0,0,-0.3420201433256686,0.9396926207859084,DB04
202106101600,104,19.5,0,0,0.0,1.0,DB04
202106101700,104,19.4,0,0,-1.0,-1.8369701987210297e-16,DB04
202106101800,104,19.0,0,0,-0.9396926207859083,0.342020143325669,DB04
202106101900,104,18.6,0,0,-0.9396926207859083,0.342020143325669,DB04
202106102000,104,18.3,0,0,-1.0,-1.8369701987210297e-16,DB04
202106102100,104,18.4,0,0,-1.0,-1.8369701987210297e-16,DB04
202106102200,104,18.4,0,0,-0.9396926207859083,0.342020143325669,DB04
202106102300,104,18.3,0,0,-0.3420201433256686,0.9396926207859084,DB04
202106110000,104,18.1,0,0,-0.9396926207859084,-0.34202014332566855,DB04
202106110100,104,17.9,0,0,0.0,1.0,DB04
202106110200,104,17.7,100,1,0.9396926207859084,-0.3420201433256687,DB04
202106110300,104,17.5,100,1,0.0,1.0,DB04
202106110400,104,17.5,100,1,0.0,1.0,DB04
202106110500,104,17.8,0,0,0.6427876096865395,-0.7660444431189779,DB04
202106110600,104,21.9,0,0,0.3420201433256689,-0.9396926207859083,DB04
202106110700,104,22.4,0,0,0.6427876096865395,-0.7660444431189779,DB04
202106110800,104,22.1,0,0,0.6427876096865395,-0.7660444431189779,DB03
202106110900,104,24.8,0,0,0.6427876096865395,-0.7660444431189779,DB03
202106111000,104,25.5,0,0,1.2246467991473532e-16,-1.0,DB03
202106111100,104,26.6,0,0,-0.34202014332566866,-0.9396926207859084,DB03
202106111200,104,27.6,0,0,-0.34202014332566866,-0.9396926207859084,DB02
202106111300,104,27.7,0,0,-0.34202014332566866,-0.9396926207859084,DB02
202106111400,104,28.0,0,0,-0.34202014332566866,-0.9396926207859084,DB02
202106111500,104,28.2,0,0,-0.7660444431189779,-0.6427876096865395,DB02
202106111600,104,27.2,0,0,-0.7660444431189779,-0.6427876096865395,DB03
202106111700,104,25.6,0,0,0.766044443118978,0.6427876096865394,DB03
202106111800,104,25.8,0,0,0.0,1.0,DB03
202106111900,104,24.1,0,0,0.0,1.0,DB01
202106112000,104,22.0,0,0,-0.9396926207859084,-0.34202014332566855,DB01
202106112100,104,23.0,0,0,-0.7660444431189779,-0.6427876096865395,DB01
202106112200,104,21.7,0,0,-0.7660444431189779,-0.6427876096865395,DB01
202106112300,104,21.2,0,0,0.3420201433256689,-0.9396926207859083,DB01
202106120000,104,20.9,0,0,-0.34202014332566866,-0.9396926207859084,DB01
202106120100,104,20.2,0,0,0.3420201433256689,-0.9396926207859083,DB01
202106120200,104,21.7,0,0,-0.7660444431189779,-0.6427876096865395,DB01
202106120300,104,20.5,0,0,1.2246467991473532e-16,-1.0,DB01
202106120400,104,18.4,0,0,0.6427876096865395,-0.7660444431189779,DB01
202106120500,104,19.2,0,0,0.6427876096865395,-0.7660444431189779,DB01
202106120600,104,19.6,0,0,0.6427876096865395,-0.7660444431189779,DB01
202106120700,104,22.3,0,0,0.6427876096865395,-0.7660444431189779,DB01
202106120800,104,25.3,0,0,0.0,1.0,DB01
202106120900,104,25.3,0,0,0.0,1.0,DB01
202106121000,104,24.9,0,0,0.766044443118978,0.6427876096865394,DB01
202106121100,104,25.3,0,0,0.9396926207859083,0.3420201433256688,DB01
202106121200,104,25.8,0,0,0.9396926207859083,0.3420201433256688,DB02
202106121300,104,25.7,0,0,1.0,6.123233995736766e-17,DB02
202106121400,104,25.5,0,0,1.0,6.123233995736766e-17,DB03
202106121500,104,25.6,0,0,1.0,6.123233995736766e-17,DB03
202106121600,104,24.1,0,0,1.0,6.123233995736766e-17,DB03
202106121700,104,24.7,0,0,1.0,6.123233995736766e-17,DB03
202106121800,104,24.3,0,0,0.9396926207859083,0.3420201433256688,DB02
202106121900,104,21.3,0,0,1.0,6.123233995736766e-17,DB02
202106122000,104,20.0,0,0,-0.9396926207859084,-0.34202014332566855,DB03
202106122100,104,18.8,0,0,-1.0,-1.8369701987210297e-16,DB03
202106122200,104,18.3,0,0,0.0,1.0,DB03
202106122300,104,18.0,0,0,0.6427876096865395,-0.7660444431189779,DB03
202106130000,104,17.9,0,0,0.0,1.0,DB02
202106130100,104,17.0,0,0,0.0,1.0,DB02
202106130200,104,16.8,0,0,-0.7660444431189779,-0.6427876096865395,DB01
202106130300,104,16.5,0,0,0.0,1.0,DB02
202106130400,104,15.6,0,0,0.6427876096865395,-0.7660444431189779,DB01
202106130500,104,15.7,0,0,0.0,1.0,DB01
202106130600,104,16.5,0,0,-0.6427876096865396,0.7660444431189778,DB02
202106130700,104,18.6,0,0,-0.9396926207859083,0.342020143325669,DB03
202106130800,104,20.3,0,0,-0.6427876096865396,0.7660444431189778,DB03
202106130900,104,21.3,0,0,0.9396926207859083,0.3420201433256688,DB02
202106131000,104,23.2,0,0,0.3420201433256687,0.9396926207859084,DB02
202106131100,104,21.6,0,0,0.766044443118978,0.6427876096865394,DB03
202106131200,104,22.2,0,0,1.0,6.123233995736766e-17,DB03
202106131300,104,23.3,0,0,1.0,6.123233995736766e-17,DB02
202106131400,104,22.9,0,0,0.9396926207859083,0.3420201433256688,DB01
202106131500,104,22.9,0,0,1.0,6.123233995736766e-17,DB01
202106131600,104,23.4,0,0,0.9396926207859083,0.3420201433256688,DB02
202106131700,104,22.0,0,0,0.9396926207859083,0.3420201433256688,DB02
202106131800,104,20.4,0,0,1.0,6.123233995736766e-17,DB04
202106131900,104,19.9,0,0,1.0,6.123233995736766e-17,DB01
202106132000,104,20.2,0,0,0.0,1.0,DB03
202106132100,104,19.9,0,0,0.0,1.0,DB03
202106132200,104,20.3,0,0,-1.0,-1.8369701987210297e-16,DB03
202106132300,104,20.0,0,0,-1.0,-1.8369701987210297e-16,DB03
202106140000,104,19.0,0,0,-0.7660444431189779,-0.6427876096865395,DB03
202106140100,104,18.5,0,0,0.0,1.0,DB03
202106140200,104,19.0,0,0,0.0,1.0,DB03
202106140300,104,18.7,0,0,-0.9396926207859084,-0.34202014332566855,DB03
202106140400,104,18.5,0,0,-0.9396926207859084,-0.34202014332566855,DB03
202106140500,104,18.3,0,0,-0.7660444431189779,-0.6427876096865395,DB03
202106140600,104,18.5,0,0,-0.7660444431189779,-0.6427876096865395,DB04
202106140700,104,19.7,0,0,-0.7660444431189779,-0.6427876096865395,DB04
202106140800,104,20.5,0,0,0.0,1.0,DB04
202106140900,104,20.9,0,0,-0.3420201433256686,0.9396926207859084,DB04
202106141000,104,21.2,0,0,0.3420201433256687,0.9396926207859084,DB03
202106141100,104,21.9,0,0,0.0,1.0,DB04
202106141200,104,22.0,0,0,0.0,1.0,DB04
202106141300,104,22.1,0,0,0.0,1.0,DB04
202106141400,104,21.3,0,0,0.0,1.0,DB04
202106141500,104,20.0,0,0,-0.3420201433256686,0.9396926207859084,DB04
202106141600,104,21.2,0,0,-0.6427876096865396,0.7660444431189778,DB04
202106141700,104,21.2,0,0,0.0,1.0,DB04
202106141800,104,20.9,0,0,0.0,1.0,DB04
202106141900,104,19.5,0,0,0.0,1.0,DB03
202106142000,104,19.4,0,0,0.0,1.0,DB03
202106142100,104,19.4,0,0,0.3420201433256687,0.9396926207859084,DB04
202106142200,104,19.2,0,0,0.0,1.0,DB03
202106142300,104,19.2,0,0,0.0,1.0,DB03
202106150000,104,19.3,0,0,0.0,1.0,DB04
202106150100,104,19.1,0,0,1.0,6.123233995736766e-17,DB02
202106150200,104,19.1,0,0,0.0,1.0,DB04
202106150300,104,19.1,0,0,0.9396926207859084,-0.3420201433256687,DB04
202106150400,104,19.0,0,0,0.0,1.0,DB04
202106150500,104,19.0,0,0,0.0,1.0,DB04
202106150600,104,18.8,0,0,0.0,1.0,DB04
202106150700,104,19.1,0,0,-0.3420201433256686,0.9396926207859084,DB04
202106150800,104,19.0,0,0,1.0,6.123233995736766e-17,DB04
202106150900,104,19.0,0,0,0.0,1.0,DB04
202106151000,104,19.6,0,0,-0.3420201433256686,0.9396926207859084,DB04
202106151100,104,19.7,0,0,0.9396926207859083,0.3420201433256688,DB04
202106151200,104,19.5,0,0,1.0,6.123233995736766e-17,DB04
202106151300,104,19.6,0,0,1.0,6.123233995736766e-17,DB04
202106151400,104,20.3,0,0,0.0,1.0,DB04
202106151500,104,20.2,0,0,0.0,1.0,DB04
202106151600,104,19.9,0,0,0.9396926207859083,0.3420201433256688,DB04
202106151700,104,19.5,0,0,0.9396926207859083,0.3420201433256688,DB04
202106151800,104,19.6,0,0,0.3420201433256687,0.9396926207859084,DB04
202106151900,104,19.8,0,0,0.0,1.0,DB04
202106152000,104,19.3,100,1,1.0,6.123233995736766e-17,DB04
202106152100,104,19.1,0,0,1.0,6.123233995736766e-17,DB04
202106152200,104,19.0,100,1,1.0,6.123233995736766e-17,DB04
202106152300,104,18.8,0,0,0.9396926207859083,0.3420201433256688,DB04
202106160000,104,18.7,0,0,0.9396926207859083,0.3420201433256688,DB04
202106160100,104,18.3,100,1,0.9396926207859083,0.3420201433256688,DB04
202106160200,104,18.5,100,1,0.0,1.0,DB04
202106160300,104,18.0,100,1,0.9396926207859083,0.3420201433256688,DB04
202106160400,104,18.1,100,1,0.3420201433256687,0.9396926207859084,DB04
202106160500,104,18.2,100,1,0.766044443118978,0.6427876096865394,DB04
202106160600,104,18.1,100,1,0.766044443118978,0.6427876096865394,DB04
202106160700,104,18.2,0,0,0.3420201433256687,0.9396926207859084,DB04
202106160800,104,17.6,0,0,0.766044443118978,0.6427876096865394,DB04
202106160900,104,18.3,100,1,0.766044443118978,0.6427876096865394,DB04
202106161000,104,18.6,0,0,0.766044443118978,0.6427876096865394,DB04
202106161100,104,18.6,0,0,0.766044443118978,0.6427876096865394,DB04
202106161200,104,19.0,0,0,0.766044443118978,0.6427876096865394,DB03
202106161300,104,18.5,0,0,0.3420201433256687,0.9396926207859084,DB04
202106161400,104,19.1,0,0,0.766044443118978,0.6427876096865394,DB04
202106161500,104,19.0,0,0,1.0,6.123233995736766e-17,DB04
202106161600,104,19.0,0,0,0.766044443118978,0.6427876096865394,DB04
202106161700,104,18.8,0,0,0.0,1.0,DB04
202106161800,104,19.0,0,0,-0.6427876096865396,0.7660444431189778,DB03
202106161900,104,18.5,0,0,-0.6427876096865396,0.7660444431189778,DB04
202106162000,104,18.3,0,0,-0.6427876096865396,0.7660444431189778,DB04
202106162100,104,17.9,0,0,0.0,1.0,DB04
202106162200,104,17.4,100,1,-0.9396926207859084,-0.34202014332566855,DB04
202106162300,104,17.1,0,0,0.0,1.0,DB04
202106170000,104,17.0,0,0,0.0,1.0,DB04
202106170100,104,16.7,0,0,0.0,1.0,DB04
202106170200,104,16.5,0,0,-0.7660444431189779,-0.6427876096865395,DB03
202106170300,104,16.4,0,0,0.0,1.0,DB04
202106170400,104,16.1,0,0,0.0,1.0,DB03
202106170500,104,15.4,0,0,0.0,1.0,DB03
202106170600,104,15.5,0,0,0.0,1.0,DB04
202106170700,104,16.5,0,0,0.0,1.0,DB04
202106170800,104,17.3,0,0,0.0,1.0,DB04
202106170900,104,18.3,0,0,0.6427876096865395,-0.7660444431189779,DB04
202106171000,104,19.1,0,0,0.6427876096865395,-0.7660444431189779,DB04
202106171100,104,19.0,0,0,0.9396926207859083,0.3420201433256688,DB04
202106171200,104,19.6,0,0,1.0,6.123233995736766e-17,DB04
202106171300,104,19.8,0,0,1.0,6.123233995736766e-17,DB04
202106171400,104,19.9,0,0,0.9396926207859083,0.3420201433256688,DB04
202106171500,104,18.6,0,0,1.0,6.123233995736766e-17,DB04
202106171600,104,19.5,0,0,0.9396926207859084,-0.3420201433256687,DB04
202106171700,104,19.1,0,0,1.0,6.123233995736766e-17,DB04
202106171800,104,19.2,0,0,0.9396926207859084,-0.3420201433256687,DB03
202106171900,104,18.6,0,0,0.0,1.0,DB04
202106172000,104,17.8,0,0,0.0,1.0,DB04
202106172100,104,17.6,0,0,0.0,1.0,DB04
202106172200,104,17.8,0,0,0.0,1.0,DB04
202106172300,104,17.3,0,0,0.0,1.0,DB04
202106180000,104,17.3,0,0,0.0,1.0,DB04
202106180100,104,17.3,0,0,0.0,1.0,DB04
202106180200,104,17.5,0,0,0.0,1.0,DB04
202106180300,104,17.4,0,0,-0.9396926207859084,-0.34202014332566855,DB04
202106180400,104,17.3,0,0,0.0,1.0,DB04
202106180500,104,17.6,0,0,0.3420201433256689,-0.9396926207859083,DB04
202106180600,104,18.2,0,0,0.0,1.0,DB04
202106180700,104,18.6,0,0,-0.9396926207859083,0.342020143325669,DB04
202106180800,104,21.8,0,0,0.0,1.0,DB03
202106180900,104,22.1,0,0,-1.0,-1.8369701987210297e-16,DB04
202106181000,104,22.8,0,0,-0.9396926207859084,-0.34202014332566855,DB04
202106181100,104,23.8,0,0,-0.9396926207859084,-0.34202014332566855,DB03
202106181200,104,24.7,0,0,-1.0,-1.8369701987210297e-16,DB03
202106181300,104,25.2,0,0,-0.34202014332566866,-0.9396926207859084,DB03
202106181400,104,25.7,0,0,0.3420201433256689,-0.9396926207859083,DB03
202106181500,104,26.3,0,0,-0.34202014332566866,-0.9396926207859084,DB03
202106181600,104,27.0,0,0,-1.0,-1.8369701987210297e-16,DB03
202106181700,104,27.0,0,0,-1.0,-1.8369701987210297e-16,DB03
202106181800,104,24.7,0,0,0.6427876096865395,-0.7660444431189779,DB03
202106181900,104,24.1,0,0,1.2246467991473532e-16,-1.0,DB04
202106182000,104,22.7,0,0,0.6427876096865395,-0.7660444431189779,DB03
202106182100,104,21.9,0,0,0.6427876096865395,-0.7660444431189779,DB03
202106182200,104,21.1,0,0,0.9396926207859084,-0.3420201433256687,DB02
202106182300,104,20.3,0,0,0.6427876096865395,-0.7660444431189779,DB01
202106190000,104,21.7,0,0,-0.7660444431189779,-0.6427876096865395,DB01
202106190100,104,19.2,0,0,-0.9396926207859083,0.342020143325669,DB01
202106190200,104,19.0,0,0,0.6427876096865395,-0.7660444431189779,DB01
202106190300,104,19.9,0,0,0.3420201433256689,-0.9396926207859083,DB01
202106190400,104,19.4,0,0,0.3420201433256689,-0.9396926207859083,DB01
202106190500,104,19.5,0,0,-0.34202014332566866,-0.9396926207859084,DB01
202106190600,104,18.2,0,0,1.0,6.123233995736766e-17,DB01
202106190700,104,20.1,0,0,0.3420201433256687,0.9396926207859084,DB01
202106190800,104,20.1,0,0,0.0,1.0,DB01
202106190900,104,21.2,0,0,-0.3420201433256686,0.9396926207859084,DB01
202106191000,104,21.7,0,0,-0.3420201433256686,0.9396926207859084,DB01
202106191100,104,21.7,0,0,0.0,1.0,DB01
202106191200,104,22.1,0,0,0.3420201433256687,0.9396926207859084,DB01
202106191300,104,22.9,0,0,0.3420201433256687,0.9396926207859084,DB02
202106191400,104,23.0,0,0,0.3420201433256687,0.9396926207859084,DB02
202106191500,104,22.7,0,0,0.766044443118978,0.6427876096865394,DB02
202106191600,104,21.3,0,0,1.0,6.123233995736766e-17,DB02
202106191700,104,22.0,0,0,0.9396926207859084,-0.3420201433256687,DB02
202106191800,104,20.3,0,0,1.0,6.123233995736766e-17,DB03
202106191900,104,20.0,0,0,0.9396926207859084,-0.3420201433256687,DB03
202106192000,104,18.4,0,0,0.0,1.0,DB01
202106192100,104,18.2,0,0,0.0,1.0,DB03
202106192200,104,18.4,0,0,-0.9396926207859084,-0.34202014332566855,DB01
202106192300,104,18.5,0,0,-0.9396926207859084,-0.34202014332566855,DB03
202106200000,104,18.6,0,0,-0.9396926207859084,-0.34202014332566855,DB03
202106200100,104,18.3,100,1,0.0,1.0,DB04
202106200200,104,18.3,0,0,0.9396926207859084,-0.3420201433256687,DB04
202106200300,104,18.2,0,0,1.0,6.123233995736766e-17,DB04
202106200400,104,18.0,0,0,0.6427876096865395,-0.7660444431189779,DB04
202106200500,104,18.0,0,0,0.0,1.0,DB04
202106200600,104,17.3,0,0,0.0,1.0,DB02
202106200700,104,18.8,0,0,0.0,1.0,DB01
202106200800,104,19.9,0,0,0.0,1.0,DB02
202106200900,104,20.7,0,0,1.0,6.123233995736766e-17,DB01
202106201000,104,21.5,0,0,0.9396926207859083,0.3420201433256688,DB01
202106201100,104,22.9,0,0,0.766044443118978,0.6427876096865394,DB01
202106201200,104,24.6,0,0,0.766044443118978,0.6427876096865394,DB01
202106201300,104,24.9,0,0,1.0,6.123233995736766e-17,DB02
202106201400,104,22.6,0,0,0.9396926207859083,0.3420201433256688,DB04
202106201500,104,25.5,0,0,0.3420201433256687,0.9396926207859084,DB02
202106201600,104,25.9,0,0,0.766044443118978,0.6427876096865394,DB01
202106201700,104,29.5,0,0,-0.34202014332566866,-0.9396926207859084,DB02
202106201800,104,28.7,0,0,-0.34202014332566866,-0.9396926207859084,DB01
202106201900,104,27.2,0,0,-0.34202014332566866,-0.9396926207859084,DB01
202106202000,104,19.9,0,0,-0.3420201433256686,0.9396926207859084,DB01
202106202100,104,19.8,0,0,-1.0,-1.8369701987210297e-16,DB01
202106202200,104,19.4,0,0,-0.9396926207859084,-0.34202014332566855,DB01
202106202300,104,18.6,0,0,0.0,1.0,DB01
202106210000,104,18.7,0,0,-0.6427876096865396,0.7660444431189778,DB01
202106210100,104,17.9,0,0,0.0,1.0,DB03
202106210200,104,17.9,0,0,1.2246467991473532e-16,-1.0,DB02
202106210300,104,17.4,0,0,-0.3420201433256686,0.9396926207859084,DB01
202106210400,104,17.2,0,0,-0.7660444431189779,-0.6427876096865395,DB01
202106210500,104,17.1,0,0,-0.6427876096865396,0.7660444431189778,DB01
202106210600,104,18.3,0,0,-1.0,-1.8369701987210297e-16,DB02
202106210700,104,19.4,0,0,-1.0,-1.8369701987210297e-16,DB02
202106210800,104,20.7,0,0,-0.6427876096865396,0.7660444431189778,DB02
202106210900,104,20.6,0,0,-0.6427876096865396,0.7660444431189778,DB02
202106211000,104,21.1,0,0,-0.6427876096865396,0.7660444431189778,DB03
202106211100,104,20.3,0,0,-0.3420201433256686,0.9396926207859084,DB03
202106211200,104,19.6,0,0,-0.3420201433256686,0.9396926207859084,DB03
202106211300,104,20.1,0,0,-0.6427876096865396,0.7660444431189778,DB03
202106211400,104,20.3,0,0,-0.3420201433256686,0.9396926207859084,DB04
202106211500,104,19.1,0,0,-0.3420201433256686,0.9396926207859084,DB03
202106211600,104,18.6,0,0,-0.3420201433256686,0.9396926207859084,DB03
202106211700,104,18.8,0,0,0.0,1.0,DB03
202106211800,104,18.5,0,0,-0.3420201433256686,0.9396926207859084,DB03
202106211900,104,18.0,0,0,-0.3420201433256686,0.9396926207859084,DB03
202106212000,104,17.8,0,0,0.0,1.0,DB03
202106212100,104,17.5,0,0,0.0,1.0,DB03
202106212200,104,17.4,0,0,0.0,1.0,DB03
202106212300,104,17.3,0,0,0.6427876096865395,-0.7660444431189779,DB03
202106220000,104,16.8,0,0,-0.7660444431189779,-0.6427876096865395,DB03
202106220100,104,16.6,0,0,0.0,1.0,DB03
202106220200,104,16.4,0,0,-0.7660444431189779,-0.6427876096865395,DB04
202106220300,104,16.4,0,0,0.0,1.0,DB04
202106220400,104,16.4,0,0,-0.7660444431189779,-0.6427876096865395,DB04
202106220500,104,16.1,0,0,-0.34202014332566866,-0.9396926207859084,DB04
202106220600,104,16.6,0,0,0.0,1.0,DB04
202106220700,104,17.2,0,0,0.0,1.0,DB04
202106220800,104,17.0,0,0,0.766044443118978,0.6427876096865394,DB04
202106220900,104,17.2,0,0,0.0,1.0,DB04
202106221000,104,17.8,0,0,1.0,6.123233995736766e-17,DB04
202106221100,104,17.4,0,0,1.0,6.123233995736766e-17,DB04
202106221200,104,18.0,0,0,1.0,6.123233995736766e-17,DB04
202106221300,104,18.0,0,0,1.0,6.123233995736766e-17,DB04
202106221400,104,17.9,0,0,0.9396926207859083,0.3420201433256688,DB04
202106221500,104,18.0,0,0,1.0,6.123233995736766e-17,DB04
202106221600,104,17.8,0,0,1.0,6.123233995736766e-17,DB04
202106221700,104,17.7,0,0,1.0,6.123233995736766e-17,DB04
202106221800,104,17.5,0,0,1.0,6.123233995736766e-17,DB04
202106221900,104,17.3,0,0,0.0,1.0,DB03
202106222000,104,17.2,0,0,0.0,1.0,DB04
202106222100,104,16.9,0,0,-0.34202014332566866,-0.9396926207859084,DB04
202106222200,104,16.8,0,0,0.0,1.0,DB04
202106222300,104,16.3,100,1,0.6427876096865395,-0.7660444431189779,DB04
202106230000,104,16.1,100,1,-0.7660444431189779,-0.6427876096865395,DB04
202106230100,104,16.1,0,0,-0.7660444431189779,-0.6427876096865395,DB04
202106230200,104,16.0,0,0,-0.7660444431189779,-0.6427876096865395,DB03
202106230300,104,16.2,0,0,-0.34202014332566866,-0.9396926207859084,DB03
202106230400,104,16.0,0,0,-0.9396926207859084,-0.34202014332566855,DB04
202106230500,104,16.0,0,0,-0.34202014332566866,-0.9396926207859084,DB04
202106230600,104,16.3,0,0,0.0,1.0,DB03
202106230700,104,16.9,0,0,0.6427876096865395,-0.7660444431189779,DB03
202106230800,104,17.7,0,0,0.6427876096865395,-0.7660444431189779,DB03
202106230900,104,18.8,0,0,0.766044443118978,0.6427876096865394,DB03
202106231000,104,18.8,0,0,1.0,6.123233995736766e-17,DB04
202106231100,104,18.9,0,0,0.0,1.0,DB04
202106231200,104,19.3,0,0,0.3420201433256687,0.9396926207859084,DB04
202106231300,104,19.0,0,0,0.766044443118978,0.6427876096865394,DB04
202106231400,104,19.8,0,0,0.766044443118978,0.6427876096865394,DB04
202106231500,104,18.9,0,0,0.9396926207859083,0.3420201433256688,DB03
202106231600,104,19.0,0,0,1.0,6.123233995736766e-17,DB03
202106231700,104,18.7,0,0,1.0,6.123233995736766e-17,DB03
202106231800,104,19.2,0,0,1.0,6.123233995736766e-17,DB03
202106231900,104,18.5,0,0,0.9396926207859084,-0.3420201433256687,DB02
202106232000,104,16.8,0,0,0.6427876096865395,-0.7660444431189779,DB01
202106232100,104,16.2,0,0,0.0,1.0,DB02
202106232200,104,15.7,0,0,0.0,1.0,DB01
202106232300,104,15.5,0,0,-0.7660444431189779,-0.6427876096865395,DB01
202106240000,104,15.3,0,0,-0.7660444431189779,-0.6427876096865395,DB01
202106240100,104,14.6,0,0,0.3420201433256689,-0.9396926207859083,DB01
202106240200,104,14.3,0,0,0.6427876096865395,-0.7660444431189779,DB01
202106240300,104,14.9,0,0,0.3420201433256689,-0.9396926207859083,DB01
202106240400,104,14.0,0,0,0.0,1.0,DB01
202106240500,104,13.5,0,0,0.6427876096865395,-0.7660444431189779,DB01
202106240600,104,14.1,0,0,0.0,1.0,DB01
202106240700,104,17.6,0,0,0.3420201433256689,-0.9396926207859083,DB01
202106240800,104,19.7,0,0,0.9396926207859084,-0.3420201433256687,DB01
202106240900,104,20.8,0,0,1.0,6.123233995736766e-17,DB01
202106241000,104,21.8,0,0,0.766044443118978,0.6427876096865394,DB01
202106241100,104,22.6,0,0,1.0,6.123233995736766e-17,DB01
202106241200,104,23.8,0,0,1.0,6.123233995736766e-17,DB01
202106241300,104,24.1,0,0,0.9396926207859083,0.3420201433256688,DB01
202106241400,104,24.5,0,0,0.9396926207859083,0.3420201433256688,DB01
202106241500,104,23.6,0,0,1.0,6.123233995736766e-17,DB02
202106241600,104,24.0,0,0,1.0,6.123233995736766e-17,DB02
202106241700,104,23.6,0,0,1.0,6.123233995736766e-17,DB03
202106241800,104,22.6,0,0,1.0,6.123233995736766e-17,DB02
202106241900,104,21.7,0,0,0.0,1.0,DB03
202106242000,104,20.4,0,0,-0.7660444431189779,-0.6427876096865395,DB03
202106242100,104,19.4,0,0,-0.9396926207859084,-0.34202014332566855,DB03
202106242200,104,19.3,0,0,-0.7660444431189779,-0.6427876096865395,DB04
202106242300,104,19.0,0,0,0.0,1.0,DB04
202106250000,104,18.7,0,0,0.6427876096865395,-0.7660444431189779,DB03
202106250100,104,18.8,0,0,0.6427876096865395,-0.7660444431189779,DB03
202106250200,104,18.7,0,0,0.3420201433256689,-0.9396926207859083,DB03
202106250300,104,18.2,0,0,0.0,1.0,DB03
202106250400,104,17.6,0,0,-0.9396926207859084,-0.34202014332566855,DB03
202106250500,104,17.8,0,0,-0.7660444431189779,-0.6427876096865395,DB02
202106250600,104,18.6,0,0,-1.0,-1.8369701987210297e-16,DB01
202106250700,104,20.4,0,0,0.0,1.0,DB01
202106250800,104,21.7,0,0,0.3420201433256687,0.9396926207859084,DB01
202106250900,104,22.3,0,0,0.766044443118978,0.6427876096865394,DB01
202106251000,104,22.5,0,0,0.766044443118978,0.6427876096865394,DB01
202106251100,104,23.6,0,0,1.0,6.123233995736766e-17,DB01
202106251200,104,24.3,0,0,1.0,6.123233995736766e-17,DB02
202106251300,104,25.3,0,0,0.9396926207859083,0.3420201433256688,DB02
202106251400,104,26.2,0,0,1.0,6.123233995736766e-17,DB02
202106251500,104,26.2,0,0,1.0,6.123233995736766e-17,DB02
202106251600,104,25.0,0,0,1.0,6.123233995736766e-17,DB03
202106251700,104,24.3,0,0,1.0,6.123233995736766e-17,DB03
202106251800,104,23.3,0,0,0.9396926207859084,-0.3420201433256687,DB03
202106251900,104,22.6,0,0,1.0,6.123233995736766e-17,DB03
202106252000,104,21.2,0,0,1.0,6.123233995736766e-17,DB03
202106252100,104,20.8,0,0,0.0,1.0,DB03
202106252200,104,19.9,0,0,0.0,1.0,DB03
202106252300,104,19.3,0,0,0.0,1.0,DB03
202106260000,104,19.3,0,0,-0.34202014332566866,-0.9396926207859084,DB03
202106260100,104,19.1,0,0,-0.9396926207859084,-0.34202014332566855,DB03
202106260200,104,18.4,0,0,0.0,1.0,DB04
202106260300,104,19.4,0,0,-0.34202014332566866,-0.9396926207859084,DB03
202106260400,104,19.1,0,0,0.0,1.0,DB04
202106260500,104,19.7,0,0,0.0,1.0,DB04
202106260600,104,19.9,0,0,0.0,1.0,DB04
202106260700,104,20.1,0,0,0.0,1.0,DB04
202106260800,104,19.3,100,1,0.0,1.0,DB04
202106260900,104,20.2,0,0,-1.0,-1.8369701987210297e-16,DB04
202106261000,104,21.7,0,0,0.0,1.0,DB04
202106261100,104,21.2,0,0,0.0,1.0,DB04
202106261200,104,20.8,0,0,0.0,1.0,DB04
202106261300,104,21.1,0,0,0.0,1.0,DB04
202106261400,104,21.0,0,0,-0.3420201433256686,0.9396926207859084,DB04
202106261500,104,21.6,0,0,-0.9396926207859083,0.342020143325669,DB04
202106261600,104,21.3,0,0,-0.9396926207859084,-0.34202014332566855,DB04
202106261700,104,20.0,100,1,-0.7660444431189779,-0.6427876096865395,DB04
202106261800,104,20.0,100,1,0.0,1.0,DB04
202106261900,104,19.6,100,1,0.0,1.0,DB04
202106262000,104,19.2,100,1,0.0,1.0,DB04
202106262100,104,19.2,100,1,0.0,1.0,DB04
202106262200,104,19.1,0,0,0.0,1.0,DB04
202106262300,104,19.2,100,1,0.6427876096865395,-0.7660444431189779,DB04
202106270000,104,18.9,0,0,0.0,1.0,DB04
202106270100,104,18.8,0,0,0.0,1.0,DB04
202106270200,104,19.0,0,0,0.0,1.0,DB04
202106270300,104,18.7,0,0,0.0,1.0,DB04
202106270400,104,18.6,0,0,0.0,1.0,DB04
202106270500,104,18.5,0,0,0.6427876096865395,-0.7660444431189779,DB04
202106270600,104,18.8,0,0,0.0,1.0,DB03
202106270700,104,19.0,0,0,-0.9396926207859084,-0.34202014332566855,DB04
202106270800,104,19.8,0,0,-0.9396926207859084,-0.34202014332566855,DB04
202106270900,104,21.2,0,0,-0.9396926207859083,0.342020143325669,DB04
202106271000,104,21.8,0,0,0.0,1.0,DB04
202106271100,104,22.5,0,0,0.0,1.0,DB04
202106271200,104,22.5,0,0,-0.3420201433256686,0.9396926207859084,DB04
202106271300,104,22.9,0,0,0.3420201433256687,0.9396926207859084,DB03
202106271400,104,22.4,0,0,0.3420201433256687,0.9396926207859084,DB04
202106271500,104,21.7,0,0,0.3420201433256687,0.9396926207859084,DB04
202106271600,104,21.6,0,0,0.766044443118978,0.6427876096865394,DB03
202106271700,104,21.4,0,0,1.0,6.123233995736766e-17,DB04
202106271800,104,21.1,0,0,1.0,6.123233995736766e-17,DB04
202106271900,104,20.7,0,0,0.0,1.0,DB04
202106272000,104,20.2,0,0,0.0,1.0,DB04
202106272100,104,20.2,0,0,0.0,1.0,DB04
202106272200,104,20.0,0,0,0.0,1.0,DB04
202106272300,104,19.8,0,0,-0.7660444431189779,-0.6427876096865395,DB03
202106280000,104,19.7,0,0,0.0,1.0,DB04
202106280100,104,19.6,0,0,-0.7660444431189779,-0.6427876096865395,DB04
202106280200,104,19.2,0,0,-0.7660444431189779,-0.6427876096865395,DB04
202106280300,104,19.0,0,0,-0.9396926207859084,-0.34202014332566855,DB04
202106280400,104,19.1,0,0,0.0,1.0,DB04
202106280500,104,19.0,0,0,-0.7660444431189779,-0.6427876096865395,DB04
202106280600,104,19.3,0,0,0.0,1.0,DB04
202106280700,104,20.2,0,0,0.0,1.0,DB04
202106280800,104,20.9,0,0,-0.6427876096865396,0.7660444431189778,DB04
202106280900,104,21.3,0,0,0.0,1.0,DB04
202106281000,104,21.4,0,0,0.766044443118978,0.6427876096865394,DB04
202106281100,104,21.9,0,0,0.766044443118978,0.6427876096865394,DB04
202106281200,104,21.4,0,0,1.0,6.123233995736766e-17,DB04
202106281300,104,22.2,0,0,0.766044443118978,0.6427876096865394,DB04
202106281400,104,22.4,0,0,1.0,6.123233995736766e-17,DB04
202106281500,104,23.1,0,0,0.3420201433256687,0.9396926207859084,DB03
202106281600,104,21.9,0,0,0.766044443118978,0.6427876096865394,DB03
202106281700,104,22.0,0,0,1.0,6.123233995736766e-17,DB03
202106281800,104,21.3,0,0,1.0,6.123233995736766e-17,DB03
202106281900,104,20.7,0,0,0.9396926207859084,-0.3420201433256687,DB02
202106282000,104,19.9,0,0,0.0,1.0,DB03
202106282100,104,19.3,0,0,-0.7660444431189779,-0.6427876096865395,DB04
202106282200,104,18.9,0,0,0.0,1.0,DB02
202106282300,104,18.5,0,0,0.0,1.0,DB02
202106290000,104,17.9,0,0,0.0,1.0,DB02
202106290100,104,17.8,0,0,-0.7660444431189779,-0.6427876096865395,DB01
202106290200,104,17.5,0,0,0.0,1.0,DB01
202106290300,104,17.1,0,0,0.0,1.0,DB01
202106290400,104,16.5,0,0,0.0,1.0,DB01
202106290500,104,16.7,0,0,-0.7660444431189779,-0.6427876096865395,DB01
202106290600,104,17.8,0,0,0.0,1.0,DB03
202106290700,104,19.8,0,0,0.0,1.0,DB03
202106290800,104,20.4,0,0,0.766044443118978,0.6427876096865394,DB03
202106290900,104,21.6,0,0,0.9396926207859083,0.3420201433256688,DB04
202106291000,104,21.4,0,0,1.0,6.123233995736766e-17,DB04
202106291100,104,22.4,0,0,0.9396926207859083,0.3420201433256688,DB03
202106291200,104,23.6,0,0,0.0,1.0,DB02
202106291300,104,23.8,0,0,0.766044443118978,0.6427876096865394,DB01
202106291400,104,23.1,0,0,0.3420201433256687,0.9396926207859084,DB02
202106291500,104,23.8,0,0,1.0,6.123233995736766e-17,DB02
202106291600,104,22.7,0,0,1.0,6.123233995736766e-17,DB03
202106291700,104,22.3,0,0,1.0,6.123233995736766e-17,DB04
202106291800,104,22.6,0,0,1.0,6.123233995736766e-17,DB03
202106291900,104,21.5,0,0,1.0,6.123233995736766e-17,DB02
202106292000,104,21.0,0,0,0.9396926207859084,-0.3420201433256687,DB03
202106292100,104,20.5,0,0,0.0,1.0,DB03
202106292200,104,19.8,0,0,0.0,1.0,DB04
202106292300,104,19.3,0,0,0.0,1.0,DB02
202106300000,104,19.3,0,0,0.0,1.0,DB03
202106300100,104,19.4,0,0,0.0,1.0,DB04
202106300200,104,19.0,0,0,-0.34202014332566866,-0.9396926207859084,DB03
202106300300,104,19.1,0,0,-0.9396926207859084,-0.34202014332566855,DB03
202106300400,104,18.8,0,0,-0.7660444431189779,-0.6427876096865395,DB03
202106300500,104,18.8,0,0,0.3420201433256689,-0.9396926207859083,DB04
202106300600,104,19.0,0,0,0.0,1.0,DB04
202106300700,104,19.6,100,1,0.0,1.0,DB04
202106300800,104,20.8,0,0,-1.0,-1.8369701987210297e-16,DB04
202106300900,104,21.2,0,0,0.766044443118978,0.6427876096865394,DB04
202106301000,104,21.9,0,0,0.3420201433256687,0.9396926207859084,DB04
202106301100,104,21.6,0,0,1.0,6.123233995736766e-17,DB04
202106301200,104,22.1,0,0,1.0,6.123233995736766e-17,DB04
202106301300,104,22.6,0,0,1.0,6.123233995736766e-17,DB04
202106301400,104,23.3,0,0,0.9396926207859083,0.3420201433256688,DB04
202106301500,104,21.7,100,1,1.0,6.123233995736766e-17,DB04
202106301600,104,22.0,100,1,1.0,6.123233995736766e-17,DB04
202106301700,104,21.5,0,0,0.0,1.0,DB04
202106301800,104,21.6,100,1,0.9396926207859084,-0.3420201433256687,DB04
202106301900,104,21.4,0,0,0.9396926207859084,-0.3420201433256687,DB03
202106302000,104,20.2,0,0,0.0,1.0,DB04
202106302100,104,20.1,0,0,0.0,1.0,DB03
202106302200,104,20.0,0,0,-0.9396926207859084,-0.34202014332566855,DB04
202106302300,104,19.7,0,0,0.0,1.0,DB03
202107010000,104,19.6,0,0,-0.7660444431189779,-0.6427876096865395,DB04
202107010100,104,19.6,0,0,0.0,1.0,DB02
202107010200,104,19.4,0,0,0.6427876096865395,-0.7660444431189779,DB03
202107010300,104,19.4,0,0,0.0,1.0,DB04
202107010400,104,18.8,0,0,0.0,1.0,DB02
202107010500,104,18.5,0,0,0.0,1.0,DB03
202107010600,104,18.8,0,0,-0.34202014332566866,-0.9396926207859084,DB02
202107010700,104,19.8,0,0,0.6427876096865395,-0.7660444431189779,DB01
202107010800,104,21.7,0,0,0.9396926207859084,-0.3420201433256687,DB01
202107010900,104,23.3,0,0,1.0,6.123233995736766e-17,DB01
202107011000,104,23.6,0,0,0.766044443118978,0.6427876096865394,DB01
202107011100,104,24.4,0,0,0.9396926207859083,0.3420201433256688,DB01
202107011200,104,24.7,0,0,0.766044443118978,0.6427876096865394,DB01
202107011300,104,25.4,0,0,1.0,6.123233995736766e-17,DB02
202107011400,104,25.2,0,0,1.0,6.123233995736766e-17,DB02
202107011500,104,24.3,0,0,1.0,6.123233995736766e-17,DB03
202107011600,104,24.2,0,0,1.0,6.123233995736766e-17,DB03
202107011700,104,23.1,0,0,1.0,6.123233995736766e-17,DB03
202107011800,104,22.1,0,0,0.9396926207859083,0.3420201433256688,DB03
202107011900,104,21.6,0,0,0.0,1.0,DB03
202107012000,104,20.9,0,0,0.0,1.0,DB04
202107012100,104,20.9,0,0,0.9396926207859084,-0.3420201433256687,DB04
202107012200,104,21.2,0,0,0.0,1.0,DB04
202107012300,104,21.0,0,0,0.6427876096865395,-0.7660444431189779,DB03
202107020000,104,20.6,0,0,0.0,1.0,DB03
202107020100,104,20.3,0,0,0.0,1.0,DB03
202107020200,104,20.4,0,0,0.0,1.0,DB03
202107020300,104,20.3,0,0,-0.7660444431189779,-0.6427876096865395,DB03
202107020400,104,20.6,0,0,0.0,1.0,DB04
202107020500,104,20.1,0,0,-0.9396926207859084,-0.34202014332566855,DB04
202107020600,104,19.9,0,0,0.0,1.0,DB03
202107020700,104,20.9,0,0,-0.9396926207859084,-0.34202014332566855,DB04
202107020800,104,21.8,0,0,0.0,1.0,DB04
202107020900,104,21.3,0,0,0.3420201433256687,0.9396926207859084,DB04
202107021000,104,22.5,0,0,-0.9396926207859083,0.342020143325669,DB04
202107021100,104,21.7,0,0,0.0,1.0,DB04
202107021200,104,22.8,0,0,-0.3420201433256686,0.9396926207859084,DB04
202107021300,104,22.3,0,0,-0.3420201433256686,0.9396926207859084,DB04
202107021400,104,22.6,0,0,-0.3420201433256686,0.9396926207859084,DB04
202107021500,104,23.3,0,0,-0.3420201433256686,0.9396926207859084,DB03
202107021600,104,23.8,0,0,-0.3420201433256686,0.9396926207859084,DB02
202107021700,104,23.4,0,0,0.0,1.0,DB01
202107021800,104,22.9,0,0,0.9396926207859083,0.3420201433256688,DB02
202107021900,104,21.9,0,0,0.0,1.0,DB02
202107022000,104,20.4,0,0,0.0,1.0,DB03
202107022100,104,19.6,0,0,-0.7660444431189779,-0.6427876096865395,DB02
202107022200,104,19.7,0,0,-0.7660444431189779,-0.6427876096865395,DB01
202107022300,104,19.6,0,0,-0.34202014332566866,-0.9396926207859084,DB03
202107030000,104,20.1,0,0,-0.34202014332566866,-0.9396926207859084,DB03
202107030100,104,20.2,0,0,0.0,1.0,DB02
202107030200,104,20.2,0,0,-0.9396926207859084,-0.34202014332566855,DB03
202107030300,104,19.9,0,0,0.0,1.0,DB03
202107030400,104,20.0,0,0,0.0,1.0,DB04
202107030500,104,19.6,0,0,-0.7660444431189779,-0.6427876096865395,DB04
202107030600,104,19.7,0,0,0.0,1.0,DB04
202107030700,104,20.0,0,0,-0.9396926207859084,-0.34202014332566855,DB04
202107030800,104,20.5,0,0,-1.0,-1.8369701987210297e-16,DB04
202107030900,104,21.1,0,0,0.0,1.0,DB04
202107031000,104,20.4,100,1,0.9396926207859083,0.3420201433256688,DB04
202107031100,104,21.6,0,0,1.0,6.123233995736766e-17,DB04
202107031200,104,21.8,0,0,1.0,6.123233995736766e-17,DB04
202107031300,104,21.5,0,0,1.0,6.123233995736766e-17,DB04
202107031400,104,21.6,0,0,1.0,6.123233995736766e-17,DB04
202107031500,104,21.0,0,0,1.0,6.123233995736766e-17,DB04
202107031600,104,20.1,0,0,1.0,6.123233995736766e-17,DB04
202107031700,104,19.9,100,1,0.0,1.0,DB04
202107031800,104,20.0,100,1,0.0,1.0,DB04
202107031900,104,19.5,100,1,0.0,1.0,DB04
202107032000,104,19.4,100,1,0.6427876096865395,-0.7660444431189779,DB04
202107032100,104,19.7,100,1,1.0,6.123233995736766e-17,DB04
202107032200,104,20.0,100,1,1.0,6.123233995736766e-17,DB04
202107032300,104,20.2,100,1,1.0,6.123233995736766e-17,DB04
202107040000,104,20.1,100,1,1.0,6.123233995736766e-17,DB04
202107040100,104,20.4,100,1,1.0,6.123233995736766e-17,DB04
202107040200,104,20.4,100,1,1.0,6.123233995736766e-17,DB04
202107040300,104,20.4,100,1,0.9396926207859084,-0.3420201433256687,DB04
202107040400,104,20.3,100,1,-1.0,-1.8369701987210297e-16,DB04
202107040500,104,20.3,100,1,-1.0,-1.8369701987210297e-16,DB04
202107040600,104,20.3,0,0,0.0,1.0,DB03
202107040700,104,20.7,0,0,0.0,1.0,DB04
202107040800,104,21.3,0,0,0.9396926207859084,-0.3420201433256687,DB04
202107040900,104,21.8,0,0,0.0,1.0,DB04
202107041000,104,21.8,0,0,-0.6427876096865396,0.7660444431189778,DB04
202107041100,104,21.1,0,0,-0.6427876096865396,0.7660444431189778,DB04
202107041200,104,20.6,0,0,-0.9396926207859083,0.342020143325669,DB04
202107041300,104,20.5,0,0,-0.9396926207859083,0.342020143325669,DB04
202107041400,104,20.5,0,0,-0.9396926207859083,0.342020143325669,DB04
202107041500,104,20.1,100,1,-0.9396926207859083,0.342020143325669,DB04
202107041600,104,20.5,100,1,-0.9396926207859083,0.342020143325669,DB04
202107041700,104,19.8,0,0,-1.0,-1.8369701987210297e-16,DB04
202107041800,104,19.4,0,0,-0.9396926207859083,0.342020143325669,DB04
202107041900,104,19.2,0,0,-0.9396926207859083,0.342020143325669,DB04
202107042000,104,19.1,100,1,-1.0,-1.8369701987210297e-16,DB04
202107042100,104,19.0,0,0,-0.9396926207859084,-0.34202014332566855,DB04
202107042200,104,19.1,0,0,0.0,1.0,DB04
202107042300,104,18.9,0,0,0.0,1.0,DB04
202107050000,104,18.8,0,0,0.9396926207859084,-0.3420201433256687,DB03
202107050100,104,18.8,0,0,0.9396926207859084,-0.3420201433256687,DB04
202107050200,104,18.8,0,0,0.0,1.0,DB04
202107050300,104,18.4,0,0,0.0,1.0,DB03
202107050400,104,18.2,0,0,-0.3420201433256686,0.9396926207859084,DB04
202107050500,104,17.4,0,0,0.6427876096865395,-0.7660444431189779,DB03
202107050600,104,17.8,0,0,0.3420201433256689,-0.9396926207859083,DB03
202107050700,104,19.3,0,0,0.0,1.0,DB03
202107050800,104,21.9,0,0,1.2246467991473532e-16,-1.0,DB03
202107050900,104,25.0,0,0,0.3420201433256689,-0.9396926207859083,DB03
202107051000,104,25.3,0,0,0.3420201433256689,-0.9396926207859083,DB03
202107051100,104,26.1,0,0,0.6427876096865395,-0.7660444431189779,DB04
202107051200,104,27.9,0,0,0.9396926207859084,-0.3420201433256687,DB03
202107051300,104,28.8,0,0,0.3420201433256689,-0.9396926207859083,DB03
202107051400,104,29.1,0,0,-0.3420201433256686,0.9396926207859084,DB03
202107051500,104,28.0,0,0,0.766044443118978,0.6427876096865394,DB04
202107051600,104,25.6,0,0,1.0,6.123233995736766e-17,DB04
202107051700,104,25.7,0,0,0.6427876096865395,-0.7660444431189779,DB04
202107051800,104,25.0,0,0,0.0,1.0,DB04
202107051900,104,24.1,0,0,-0.7660444431189779,-0.6427876096865395,DB04
202107052000,104,23.4,0,0,-0.34202014332566866,-0.9396926207859084,DB04
202107052100,104,23.2,0,0,0.3420201433256689,-0.9396926207859083,DB03
202107052200,104,22.8,0,0,0.6427876096865395,-0.7660444431189779,DB04
202107052300,104,21.0,0,0,0.3420201433256689,-0.9396926207859083,DB02
202107060000,104,20.9,0,0,0.6427876096865395,-0.7660444431189779,DB02
202107060100,104,20.8,0,0,0.0,1.0,DB04
202107060200,104,21.4,0,0,0.0,1.0,DB03
202107060300,104,20.8,0,0,0.0,1.0,DB03
202107060400,104,20.7,0,0,-0.9396926207859084,-0.34202014332566855,DB04
202107060500,104,20.3,0,0,0.3420201433256689,-0.9396926207859083,DB03
202107060600,104,20.9,0,0,0.0,1.0,DB03
202107060700,104,23.3,0,0,0.0,1.0,DB03
202107060800,104,24.3,0,0,-0.9396926207859084,-0.34202014332566855,DB03
202107060900,104,25.5,0,0,-0.9396926207859083,0.342020143325669,DB03
202107061000,104,24.6,0,0,-0.3420201433256686,0.9396926207859084,DB03
202107061100,104,26.4,0,0,-0.9396926207859083,0.342020143325669,DB03
202107061200,104,24.9,0,0,-0.3420201433256686,0.9396926207859084,DB03
202107061300,104,25.8,0,0,-0.3420201433256686,0.9396926207859084,DB03
202107061400,104,25.8,0,0,-0.3420201433256686,0.9396926207859084,DB04
202107061500,104,24.9,0,0,0.9396926207859083,0.3420201433256688,DB03
202107061600,104,25.8,0,0,1.0,6.123233995736766e-17,DB03
202107061700,104,25.4,0,0,0.9396926207859083,0.3420201433256688,DB03
202107061800,104,23.8,0,0,0.9396926207859083,0.3420201433256688,DB03
202107061900,104,23.0,0,0,0.0,1.0,DB04
202107062000,104,22.6,0,0,0.0,1.0,DB04
202107062100,104,21.5,0,0,-0.7660444431189779,-0.6427876096865395,DB03
202107062200,104,21.2,0,0,0.9396926207859084,-0.3420201433256687,DB04
202107062300,104,20.9,0,0,1.2246467991473532e-16,-1.0,DB03
202107070000,104,20.7,0,0,0.3420201433256689,-0.9396926207859083,DB03
202107070100,104,20.7,0,0,0.0,1.0,DB03
202107070200,104,20.2,0,0,0.0,1.0,DB03
202107070300,104,20.4,0,0,0.0,1.0,DB03
202107070400,104,20.4,0,0,0.0,1.0,DB04
202107070500,104,20.4,0,0,0.0,1.0,DB03
202107070600,104,20.2,0,0,-0.7660444431189779,-0.6427876096865395,DB03
202107070700,104,21.8,0,0,-0.3420201433256686,0.9396926207859084,DB02
202107070800,104,22.7,0,0,0.0,1.0,DB03
202107070900,104,23.4,0,0,0.0,1.0,DB03
202107071000,104,24.7,0,0,0.766044443118978,0.6427876096865394,DB03
202107071100,104,24.7,0,0,0.0,1.0,DB03
202107071200,104,25.1,0,0,0.766044443118978,0.6427876096865394,DB04
202107071300,104,24.9,0,0,0.9396926207859083,0.3420201433256688,DB03
202107071400,104,24.9,0,0,1.0,6.123233995736766e-17,DB04
202107071500,104,24.3,0,0,0.9396926207859083,0.3420201433256688,DB04
202107071600,104,23.8,0,0,1.0,6.123233995736766e-17,DB04
202107071700,104,23.6,0,0,1.0,6.123233995736766e-17,DB04
202107071800,104,23.1,0,0,1.0,6.123233995736766e-17,DB04
202107071900,104,23.3,0,0,0.0,1.0,DB04
202107072000,104,22.8,0,0,-0.9396926207859084,-0.34202014332566855,DB04
202107072100,104,22.6,0,0,0.0,1.0,DB04
202107072200,104,22.2,0,0,-0.7660444431189779,-0.6427876096865395,DB04
202107072300,104,22.3,0,0,-1.0,-1.8369701987210297e-16,DB04
202107080000,104,21.9,0,0,0.0,1.0,DB04
202107080100,104,21.9,0,0,0.0,1.0,DB04
202107080200,104,21.6,0,0,-0.3420201433256686,0.9396926207859084,DB04
202107080300,104,21.4,0,0,0.0,1.0,DB04
202107080400,104,21.3,0,0,0.0,1.0,DB04
202107080500,104,21.3,0,0,0.0,1.0,DB04
202107080600,104,21.4,0,0,0.0,1.0,DB04
202107080700,104,21.8,0,0,-0.9396926207859084,-0.34202014332566855,DB04
202107080800,104,22.6,0,0,-0.9396926207859084,-0.34202014332566855,DB03
202107080900,104,23.6,0,0,-0.3420201433256686,0.9396926207859084,DB03
202107081000,104,25.1,0,0,-0.6427876096865396,0.7660444431189778,DB02
202107081100,104,24.8,0,0,0.766044443118978,0.6427876096865394,DB02
202107081200,104,25.3,0,0,0.766044443118978,0.6427876096865394,DB02
202107081300,104,25.6,0,0,0.3420201433256687,0.9396926207859084,DB03
202107081400,104,25.2,0,0,0.3420201433256687,0.9396926207859084,DB03
202107081500,104,25.2,0,0,0.9396926207859083,0.3420201433256688,DB02
202107081600,104,24.7,0,0,0.9396926207859083,0.3420201433256688,DB02
202107081700,104,24.7,0,0,0.9396926207859083,0.3420201433256688,DB02
202107081800,104,23.1,0,0,1.0,6.123233995736766e-17,DB02
202107081900,104,22.9,0,0,0.9396926207859084,-0.3420201433256687,DB02
202107082000,104,22.2,0,0,-0.3420201433256686,0.9396926207859084,DB03
202107082100,104,22.0,0,0,0.0,1.0,DB03
202107082200,104,21.8,0,0,0.0,1.0,DB03
202107082300,104,21.9,0,0,0.0,1.0,DB04
202107090000,104,21.9,0,0,0.0,1.0,DB04
202107090100,104,21.8,0,0,0.9396926207859084,-0.3420201433256687,DB04
202107090200,104,21.4,100,1,0.0,1.0,DB04
202107090300,104,21.2,100,1,1.0,6.123233995736766e-17,DB04
202107090400,104,21.1,100,1,1.0,6.123233995736766e-17,DB04
202107090500,104,21.0,100,1,0.0,1.0,DB04
202107090600,104,21.0,0,0,0.0,1.0,DB04
202107090700,104,22.1,0,0,0.0,1.0,DB03
202107090800,104,22.9,0,0,1.0,6.123233995736766e-17,DB02
202107090900,104,23.1,0,0,0.9396926207859083,0.3420201433256688,DB02
202107091000,104,24.5,0,0,0.3420201433256687,0.9396926207859084,DB02
202107091100,104,25.3,0,0,0.9396926207859083,0.3420201433256688,DB02
202107091200,104,24.9,0,0,1.0,6.123233995736766e-17,DB02
202107091300,104,25.3,0,0,0.766044443118978,0.6427876096865394,DB02
202107091400,104,25.9,0,0,1.0,6.123233995736766e-17,DB02
202107091500,104,25.0,0,0,1.0,6.123233995736766e-17,DB02
202107091600,104,24.4,0,0,1.0,6.123233995736766e-17,DB03
202107091700,104,23.0,0,0,0.9396926207859083,0.3420201433256688,DB03
202107091800,104,22.6,0,0,0.3420201433256687,0.9396926207859084,DB03
202107091900,104,22.8,0,0,-0.9396926207859083,0.342020143325669,DB04
202107092000,104,22.0,0,0,-1.0,-1.8369701987210297e-16,DB04
202107092100,104,20.7,100,1,-0.34202014332566866,-0.9396926207859084,DB04
202107092200,104,20.6,100,1,0.0,1.0,DB04
202107092300,104,20.6,0,0,-0.9396926207859084,-0.34202014332566855,DB04
202107100000,104,20.0,0,0,0.0,1.0,DB03
202107100100,104,20.1,0,0,-0.9396926207859084,-0.34202014332566855,DB02
202107100200,104,19.6,0,0,0.6427876096865395,-0.7660444431189779,DB02
202107100300,104,19.3,0,0,0.0,1.0,DB02
202107100400,104,19.4,0,0,0.0,1.0,DB03
202107100500,104,19.8,0,0,0.0,1.0,DB04
202107100600,104,20.0,0,0,0.0,1.0,DB03
202107100700,104,21.0,0,0,0.0,1.0,DB03
202107100800,104,22.5,0,0,0.3420201433256687,0.9396926207859084,DB03
202107100900,104,24.5,0,0,-0.6427876096865396,0.7660444431189778,DB03
202107101000,104,23.0,0,0,0.9396926207859084,-0.3420201433256687,DB04
202107101100,104,24.5,0,0,-0.3420201433256686,0.9396926207859084,DB04
202107101200,104,22.8,0,0,0.9396926207859083,0.3420201433256688,DB04
202107101300,104,24.7,0,0,1.2246467991473532e-16,-1.0,DB03
202107101400,104,25.4,0,0,0.0,1.0,DB03
202107101500,104,23.2,100,1,1.0,6.123233995736766e-17,DB04
202107101600,104,23.5,0,0,0.6427876096865395,-0.7660444431189779,DB04
202107101700,104,21.8,100,1,0.6427876096865395,-0.7660444431189779,DB04
202107101800,104,22.6,0,0,0.0,1.0,DB03
202107101900,104,23.1,0,0,-0.34202014332566866,-0.9396926207859084,DB04
202107102000,104,22.3,0,0,0.0,1.0,DB03
202107102100,104,22.1,0,0,0.0,1.0,DB04
202107102200,104,21.4,0,0,0.0,1.0,DB04
202107102300,104,21.8,0,0,1.2246467991473532e-16,-1.0,DB04
202107110000,104,21.3,0,0,0.0,1.0,DB03
202107110100,104,20.9,0,0,-0.7660444431189779,-0.6427876096865395,DB02
202107110200,104,22.1,0,0,-0.34202014332566866,-0.9396926207859084,DB03
202107110300,104,21.4,0,0,0.0,1.0,DB03
202107110400,104,22.7,0,0,0.0,1.0,DB03
202107110500,104,21.2,0,0,1.2246467991473532e-16,-1.0,DB01
202107110600,104,21.9,0,0,0.6427876096865395,-0.7660444431189779,DB02
202107110700,104,23.4,0,0,0.0,1.0,DB02
202107110800,104,25.5,0,0,0.0,1.0,DB01
202107110900,104,27.1,0,0,-0.9396926207859084,-0.34202014332566855,DB02
202107111000,104,27.1,0,0,0.0,1.0,DB01
202107111100,104,28.2,0,0,0.9396926207859083,0.3420201433256688,DB02
202107111200,104,28.7,0,0,1.0,6.123233995736766e-17,DB03
202107111300,104,28.6,0,0,0.9396926207859083,0.3420201433256688,DB02
202107111400,104,29.6,0,0,1.0,6.123233995736766e-17,DB02
202107111500,104,29.6,0,0,1.0,6.123233995736766e-17,DB02
202107111600,104,29.0,0,0,1.0,6.123233995736766e-17,DB03
202107111700,104,28.9,0,0,-0.34202014332566866,-0.9396926207859084,DB03
202107111800,104,28.8,0,0,-0.7660444431189779,-0.6427876096865395,DB03
202107111900,104,28.1,0,0,-0.7660444431189779,-0.6427876096865395,DB03
202107112000,104,26.5,0,0,1.2246467991473532e-16,-1.0,DB03
202107112100,104,25.5,0,0,0.0,1.0,DB03
202107112200,104,24.5,0,0,0.9396926207859084,-0.3420201433256687,DB02
202107112300,104,25.3,0,0,0.3420201433256689,-0.9396926207859083,DB02
202107120000,104,25.2,0,0,0.3420201433256689,-0.9396926207859083,DB02
202107120100,104,23.4,0,0,0.0,1.0,DB03
202107120200,104,23.9,0,0,0.0,1.0,DB03
202107120300,104,24.0,0,0,0.3420201433256689,-0.9396926207859083,DB01
202107120400,104,23.1,0,0,0.0,1.0,DB01
202107120500,104,23.3,0,0,1.2246467991473532e-16,-1.0,DB01
202107120600,104,23.6,0,0,0.6427876096865395,-0.7660444431189779,DB01
202107120700,104,26.0,0,0,0.3420201433256689,-0.9396926207859083,DB01
202107120800,104,27.9,0,0,0.6427876096865395,-0.7660444431189779,DB01
202107120900,104,28.8,0,0,0.0,1.0,DB01
202107121000,104,27.0,0,0,0.9396926207859083,0.3420201433256688,DB01
202107121100,104,27.9,0,0,0.3420201433256687,0.9396926207859084,DB01
202107121200,104,29.5,0,0,1.0,6.123233995736766e-17,DB02
202107121300,104,29.6,0,0,1.0,6.123233995736766e-17,DB02
202107121400,104,28.3,0,0,1.0,6.123233995736766e-17,DB02
202107121500,104,29.1,0,0,1.0,6.123233995736766e-17,DB03
202107121600,104,28.9,0,0,1.0,6.123233995736766e-17,DB02
202107121700,104,28.5,0,0,1.0,6.123233995736766e-17,DB01
202107121800,104,28.0,0,0,0.9396926207859084,-0.3420201433256687,DB01
202107121900,104,26.4,0,0,0.0,1.0,DB01
202107122000,104,25.6,0,0,-0.9396926207859084,-0.34202014332566855,DB03
202107122100,104,24.7,0,0,0.0,1.0,DB02
202107122200,104,23.8,0,0,0.0,1.0,DB03
202107122300,104,23.8,0,0,0.0,1.0,DB03
202107130000,104,23.2,0,0,0.0,1.0,DB03
202107130100,104,23.2,0,0,0.0,1.0,DB03
202107130200,104,23.2,0,0,-0.34202014332566866,-0.9396926207859084,DB03
202107130300,104,22.6,0,0,0.0,1.0,DB03
202107130400,104,22.1,0,0,0.0,1.0,DB03
202107130500,104,22.3,0,0,-0.34202014332566866,-0.9396926207859084,DB02
202107130600,104,23.2,0,0,-0.7660444431189779,-0.6427876096865395,DB03
202107130700,104,24.7,0,0,-0.7660444431189779,-0.6427876096865395,DB03
202107130800,104,25.3,0,0,-0.3420201433256686,0.9396926207859084,DB03
202107130900,104,26.3,0,0,0.0,1.0,DB03
202107131000,104,25.9,0,0,0.0,1.0,DB03
202107131100,104,26.3,0,0,0.0,1.0,DB03
202107131200,104,27.6,0,0,0.766044443118978,0.6427876096865394,DB04
202107131300,104,27.2,0,0,0.766044443118978,0.6427876096865394,DB03
202107131400,104,27.8,0,0,0.3420201433256687,0.9396926207859084,DB03
202107131500,104,27.8,0,0,0.9396926207859083,0.3420201433256688,DB03
202107131600,104,27.1,0,0,0.766044443118978,0.6427876096865394,DB03
202107131700,104,26.5,0,0,0.9396926207859083,0.3420201433256688,DB02
202107131800,104,25.6,0,0,1.0,6.123233995736766e-17,DB02
202107131900,104,24.5,0,0,1.0,6.123233995736766e-17,DB02
202107132000,104,23.5,0,0,0.3420201433256687,0.9396926207859084,DB02
202107132100,104,23.4,0,0,0.0,1.0,DB04
202107132200,104,23.4,0,0,0.0,1.0,DB04
202107132300,104,23.4,0,0,-0.9396926207859084,-0.34202014332566855,DB04
202107140000,104,23.2,0,0,-0.9396926207859084,-0.34202014332566855,DB04
202107140100,104,23.2,0,0,0.0,1.0,DB04
202107140200,104,23.2,0,0,0.0,1.0,DB04
202107140300,104,23.2,0,0,-1.0,-1.8369701987210297e-16,DB04
202107140400,104,23.2,0,0,0.0,1.0,DB04
202107140500,104,23.2,0,0,0.0,1.0,DB04
202107140600,104,23.3,0,0,-0.7660444431189779,-0.6427876096865395,DB04
202107140700,104,23.5,0,0,0.0,1.0,DB04
202107140800,104,25.1,0,0,0.0,1.0,DB04
202107140900,104,25.6,0,0,1.0,6.123233995736766e-17,DB04
202107141000,104,24.9,0,0,0.3420201433256687,0.9396926207859084,DB04
202107141100,104,25.2,0,0,1.0,6.123233995736766e-17,DB04
202107141200,104,26.1,0,0,1.0,6.123233995736766e-17,DB04
202107141300,104,26.4,0,0,0.9396926207859083,0.3420201433256688,DB04
202107141400,104,27.9,0,0,0.0,1.0,DB03
202107141500,104,28.0,0,0,0.3420201433256687,0.9396926207859084,DB02
202107141600,104,26.5,0,0,0.9396926207859083,0.3420201433256688,DB02
202107141700,104,26.6,0,0,1.0,6.123233995736766e-17,DB02
202107141800,104,25.8,0,0,0.9396926207859083,0.3420201433256688,DB03
202107141900,104,25.2,0,0,1.0,6.123233995736766e-17,DB01
202107142000,104,24.9,0,0,0.9396926207859083,0.3420201433256688,DB01
202107142100,104,25.0,0,0,1.0,6.123233995736766e-17,DB04
202107142200,104,25.1,0,0,0.0,1.0,DB01
202107142300,104,25.0,0,0,-0.9396926207859084,-0.34202014332566855,DB02
202107150000,104,24.9,0,0,-0.9396926207859084,-0.34202014332566855,DB04
202107150100,104,24.9,0,0,-0.9396926207859083,0.342020143325669,DB03
202107150200,104,24.7,0,0,0.0,1.0,DB02
202107150300,104,24.4,0,0,-0.9396926207859084,-0.34202014332566855,DB04
202107150400,104,24.7,0,0,-0.9396926207859084,-0.34202014332566855,DB04
202107150500,104,24.4,0,0,-1.0,-1.8369701987210297e-16,DB04
202107150600,104,24.1,0,0,-0.9396926207859084,-0.34202014332566855,DB04
202107150700,104,24.6,0,0,0.0,1.0,DB04
202107150800,104,25.4,0,0,-0.7660444431189779,-0.6427876096865395,DB04
202107150900,104,26.7,0,0,0.0,1.0,DB04
202107151000,104,26.4,0,0,0.766044443118978,0.6427876096865394,DB04
202107151100,104,25.9,0,0,0.0,1.0,DB04
202107151200,104,26.6,0,0,1.0,6.123233995736766e-17,DB04
202107151300,104,27.3,0,0,0.9396926207859083,0.3420201433256688,DB04
202107151400,104,27.8,0,0,0.9396926207859083,0.3420201433256688,DB04
202107151500,104,28.3,0,0,1.0,6.123233995736766e-17,DB03
202107151600,104,28.6,0,0,1.0,6.123233995736766e-17,DB02
202107151700,104,26.5,0,0,1.0,6.123233995736766e-17,DB03
202107151800,104,26.2,0,0,1.0,6.123233995736766e-17,DB04
202107151900,104,25.5,0,0,1.0,6.123233995736766e-17,DB01
202107152000,104,25.2,0,0,0.0,1.0,DB02
202107152100,104,25.0,0,0,0.9396926207859084,-0.3420201433256687,DB02
202107152200,104,25.1,0,0,0.0,1.0,DB03
202107152300,104,25.0,0,0,0.0,1.0,DB03
202107160000,104,24.9,0,0,-0.9396926207859084,-0.34202014332566855,DB03
202107160100,104,24.7,0,0,0.0,1.0,DB03
202107160200,104,23.8,0,0,0.0,1.0,DB02
202107160300,104,23.2,0,0,0.0,1.0,DB01
202107160400,104,23.0,0,0,-0.7660444431189779,-0.6427876096865395,DB01
202107160500,104,22.8,0,0,0.0,1.0,DB01
202107160600,104,22.8,0,0,0.0,1.0,DB01
202107160700,104,24.0,0,0,-0.9396926207859084,-0.34202014332566855,DB03
202107160800,104,25.4,0,0,-0.6427876096865396,0.7660444431189778,DB03
202107160900,104,25.7,0,0,-0.9396926207859084,-0.34202014332566855,DB04
202107161000,104,26.0,0,0,0.0,1.0,DB04
202107161100,104,27.4,0,0,-0.6427876096865396,0.7660444431189778,DB03
202107161200,104,28.0,0,0,0.766044443118978,0.6427876096865394,DB02
202107161300,104,28.6,0,0,0.9396926207859083,0.3420201433256688,DB02
202107161400,104,28.6,0,0,0.9396926207859083,0.3420201433256688,DB02
202107161500,104,27.8,0,0,1.0,6.123233995736766e-17,DB02
202107161600,104,27.9,0,0,1.0,6.123233995736766e-17,DB02
202107161700,104,27.3,0,0,1.0,6.123233995736766e-17,DB03
202107161800,104,26.6,0,0,1.0,6.123233995736766e-17,DB03
202107161900,104,25.8,0,0,1.0,6.123233995736766e-17,DB01
202107162000,104,24.5,0,0,0.9396926207859084,-0.3420201433256687,DB01
202107162100,104,23.4,0,0,0.0,1.0,DB03
202107162200,104,22.9,0,0,0.0,1.0,DB02
202107162300,104,22.0,0,0,0.0,1.0,DB03
202107170000,104,21.5,0,0,0.0,1.0,DB02
202107170100,104,22.1,0,0,-0.7660444431189779,-0.6427876096865395,DB02
202107170200,104,21.9,0,0,-0.7660444431189779,-0.6427876096865395,DB02
202107170300,104,21.9,0,0,-0.7660444431189779,-0.6427876096865395,DB03
202107170400,104,21.4,0,0,-0.7660444431189779,-0.6427876096865395,DB02
202107170500,104,21.6,0,0,0.0,1.0,DB03
202107170600,104,22.7,0,0,-0.9396926207859084,-0.34202014332566855,DB04
202107170700,104,22.9,100,1,0.0,1.0,DB04
202107170800,104,24.0,0,0,-0.9396926207859084,-0.34202014332566855,DB04
202107170900,104,23.5,0,0,0.0,1.0,DB04
202107171000,104,23.7,100,1,-0.9396926207859084,-0.34202014332566855,DB04
202107171100,104,22.9,100,1,-0.7660444431189779,-0.6427876096865395,DB04
202107171200,104,25.1,100,1,-1.0,-1.8369701987210297e-16,DB02
202107171300,104,25.9,0,0,-0.6427876096865396,0.7660444431189778,DB02
202107171400,104,25.7,0,0,0.3420201433256687,0.9396926207859084,DB03
202107171500,104,25.5,0,0,0.766044443118978,0.6427876096865394,DB03
202107171600,104,25.9,0,0,0.766044443118978,0.6427876096865394,DB03
202107171700,104,25.4,0,0,0.9396926207859083,0.3420201433256688,DB03
202107171800,104,25.7,0,0,0.9396926207859083,0.3420201433256688,DB03
202107171900,104,25.0,0,0,1.0,6.123233995736766e-17,DB02
202107172000,104,23.8,0,0,0.0,1.0,DB02
202107172100,104,23.2,0,0,0.0,1.0,DB02
202107172200,104,23.3,0,0,-0.9396926207859084,-0.34202014332566855,DB04
202107172300,104,23.4,0,0,-0.9396926207859084,-0.34202014332566855,DB03
202107180000,104,22.7,0,0,0.3420201433256689,-0.9396926207859083,DB03
202107180100,104,22.2,0,0,0.0,1.0,DB02
202107180200,104,21.8,0,0,0.0,1.0,DB02
202107180300,104,21.9,0,0,0.0,1.0,DB02
202107180400,104,21.5,0,0,1.2246467991473532e-16,-1.0,DB03
202107180500,104,22.1,0,0,0.0,1.0,DB03
202107180600,104,21.8,0,0,0.0,1.0,DB02
202107180700,104,23.6,0,0,0.0,1.0,DB02
202107180800,104,25.6,0,0,0.9396926207859084,-0.3420201433256687,DB02
202107180900,104,26.7,0,0,0.766044443118978,0.6427876096865394,DB02
202107181000,104,27.0,0,0,1.0,6.123233995736766e-17,DB03
202107181100,104,27.3,0,0,0.9396926207859083,0.3420201433256688,DB02
202107181200,104,28.0,0,0,1.0,6.123233995736766e-17,DB02
202107181300,104,27.8,0,0,1.0,6.123233995736766e-17,DB02
202107181400,104,28.2,0,0,0.9396926207859083,0.3420201433256688,DB02
202107181500,104,28.5,0,0,0.9396926207859083,0.3420201433256688,DB02
202107181600,104,27.2,0,0,1.0,6.123233995736766e-17,DB03
202107181700,104,26.7,0,0,1.0,6.123233995736766e-17,DB03
202107181800,104,26.4,0,0,0.9396926207859084,-0.3420201433256687,DB04
202107181900,104,25.9,0,0,-0.7660444431189779,-0.6427876096865395,DB04
202107182000,104,24.9,0,0,0.0,1.0,DB04
202107182100,104,24.5,0,0,0.0,1.0,DB03
202107182200,104,23.8,0,0,0.0,1.0,DB03
202107182300,104,23.2,0,0,-0.7660444431189779,-0.6427876096865395,DB03
202107190000,104,23.0,0,0,0.0,1.0,DB03
202107190100,104,22.8,0,0,0.3420201433256689,-0.9396926207859083,DB04
202107190200,104,22.2,0,0,0.0,1.0,DB02
202107190300,104,23.7,0,0,0.3420201433256689,-0.9396926207859083,DB01
202107190400,104,21.8,0,0,-1.0,-1.8369701987210297e-16,DB01
202107190500,104,21.8,0,0,-0.7660444431189779,-0.6427876096865395,DB03
202107190600,104,22.9,0,0,0.6427876096865395,-0.7660444431189779,DB03
202107190700,104,24.3,0,0,0.0,1.0,DB03
202107190800,104,26.0,0,0,-0.3420201433256686,0.9396926207859084,DB03
202107190900,104,26.2,0,0,-0.7660444431189779,-0.6427876096865395,DB03
202107191000,104,25.8,0,0,0.766044443118978,0.6427876096865394,DB03
202107191100,104,27.4,0,0,0.0,1.0,DB03
202107191200,104,29.0,0,0,-0.3420201433256686,0.9396926207859084,DB03
202107191300,104,29.0,0,0,0.0,1.0,DB03
202107191400,104,28.5,0,0,0.9396926207859083,0.3420201433256688,DB03
202107191500,104,27.9,0,0,1.0,6.123233995736766e-17,DB03
202107191600,104,28.1,0,0,1.0,6.123233995736766e-17,DB03
202107191700,104,27.2,0,0,1.0,6.123233995736766e-17,DB04
202107191800,104,27.5,0,0,0.0,1.0,DB03
202107191900,104,26.6,0,0,-0.7660444431189779,-0.6427876096865395,DB04
202107192000,104,26.1,0,0,-0.6427876096865396,0.7660444431189778,DB04
202107192100,104,25.3,0,0,0.0,1.0,DB04
202107192200,104,24.8,0,0,0.0,1.0,DB03
202107192300,104,24.6,0,0,-0.7660444431189779,-0.6427876096865395,DB03
202107200000,104,24.6,0,0,1.2246467991473532e-16,-1.0,DB03
202107200100,104,23.8,0,0,0.0,1.0,DB02
202107200200,104,23.5,0,0,0.0,1.0,DB03
202107200300,104,23.3,0,0,0.0,1.0,DB03
202107200400,104,23.5,0,0,0.0,1.0,DB03
202107200500,104,23.1,0,0,0.0,1.0,DB03
202107200600,104,22.8,0,0,0.0,1.0,DB03
202107200700,104,24.8,0,0,-1.0,-1.8369701987210297e-16,DB03
202107200800,104,25.9,0,0,-1.0,-1.8369701987210297e-16,DB03
202107200900,104,27.5,0,0,-0.3420201433256686,0.9396926207859084,DB03
202107201000,104,28.7,0,0,-1.0,-1.8369701987210297e-16,DB03
202107201100,104,28.6,0,0,0.0,1.0,DB03
202107201200,104,28.2,0,0,0.0,1.0,DB03
202107201300,104,28.7,0,0,0.0,1.0,DB03
202107201400,104,29.3,0,0,-0.3420201433256686,0.9396926207859084,DB02
202107201500,104,28.9,0,0,0.766044443118978,0.6427876096865394,DB02
202107201600,104,27.9,0,0,0.766044443118978,0.6427876096865394,DB03
202107201700,104,27.1,0,0,1.0,6.123233995736766e-17,DB03
202107201800,104,27.1,0,0,-0.7660444431189779,-0.6427876096865395,DB03
202107201900,104,26.2,0,0,0.0,1.0,DB03
202107202000,104,25.4,0,0,0.0,1.0,DB03
202107202100,104,25.2,0,0,-0.7660444431189779,-0.6427876096865395,DB03
202107202200,104,24.8,0,0,-0.7660444431189779,-0.6427876096865395,DB03
202107202300,104,24.2,0,0,0.0,1.0,DB03
202107210000,104,23.9,0,0,0.3420201433256689,-0.9396926207859083,DB03
202107210100,104,24.2,0,0,0.3420201433256689,-0.9396926207859083,DB03
202107210200,104,23.6,0,0,0.3420201433256689,-0.9396926207859083,DB03
202107210300,104,24.0,0,0,0.3420201433256689,-0.9396926207859083,DB03
202107210400,104,23.3,0,0,0.0,1.0,DB03
202107210500,104,23.0,0,0,-0.34202014332566866,-0.9396926207859084,DB03
202107210600,104,23.5,0,0,0.9396926207859084,-0.3420201433256687,DB03
202107210700,104,24.3,0,0,-0.9396926207859084,-0.34202014332566855,DB03
202107210800,104,25.4,0,0,-0.9396926207859084,-0.34202014332566855,DB03
202107210900,104,27.5,0,0,-0.9396926207859083,0.342020143325669,DB03
202107211000,104,27.7,0,0,0.0,1.0,DB03
202107211100,104,28.5,0,0,0.0,1.0,DB03
202107211200,104,28.6,0,0,0.0,1.0,DB03
202107211300,104,28.5,0,0,0.9396926207859083,0.3420201433256688,DB03
202107211400,104,29.2,0,0,1.0,6.123233995736766e-17,DB03
202107211500,104,29.4,0,0,0.766044443118978,0.6427876096865394,DB03
202107211600,104,28.8,0,0,0.9396926207859083,0.3420201433256688,DB03
202107211700,104,27.8,0,0,1.0,6.123233995736766e-17,DB03
202107211800,104,26.7,0,0,1.0,6.123233995736766e-17,DB03
202107211900,104,26.0,0,0,0.0,1.0,DB03
202107212000,104,24.8,0,0,0.0,1.0,DB01
202107212100,104,24.4,0,0,-0.7660444431189779,-0.6427876096865395,DB03
202107212200,104,23.6,0,0,0.0,1.0,DB03
202107212300,104,22.8,0,0,0.6427876096865395,-0.7660444431189779,DB03
202107220000,104,22.7,0,0,0.0,1.0,DB03
202107220100,104,21.9,0,0,0.0,1.0,DB03
202107220200,104,21.5,0,0,0.6427876096865395,-0.7660444431189779,DB02
202107220300,104,21.3,0,0,0.6427876096865395,-0.7660444431189779,DB03
202107220400,104,20.8,0,0,0.6427876096865395,-0.7660444431189779,DB03
202107220500,104,21.6,0,0,-0.34202014332566866,-0.9396926207859084,DB02
202107220600,104,21.3,0,0,-1.0,-1.8369701987210297e-16,DB02
202107220700,104,24.3,0,0,-0.9396926207859084,-0.34202014332566855,DB02
202107220800,104,25.7,0,0,-0.9396926207859084,-0.34202014332566855,DB02
202107220900,104,26.1,0,0,-0.3420201433256686,0.9396926207859084,DB03
202107221000,104,26.4,0,0,0.0,1.0,DB02
202107221100,104,26.7,0,0,0.0,1.0,DB02
202107221200,104,27.3,0,0,0.0,1.0,DB02
202107221300,104,28.2,0,0,0.0,1.0,DB02
202107221400,104,27.9,0,0,0.9396926207859083,0.3420201433256688,DB02
202107221500,104,28.6,0,0,1.0,6.123233995736766e-17,DB02
202107221600,104,27.9,0,0,0.766044443118978,0.6427876096865394,DB02
202107221700,104,27.8,0,0,1.0,6.123233995736766e-17,DB02
202107221800,104,27.2,0,0,1.0,6.123233995736766e-17,DB02
202107221900,104,26.4,0,0,1.0,6.123233995736766e-17,DB02
202107222000,104,25.2,0,0,0.0,1.0,DB01
202107222100,104,24.2,0,0,0.0,1.0,DB01
202107222200,104,23.7,0,0,-0.7660444431189779,-0.6427876096865395,DB01
202107222300,104,23.0,0,0,0.6427876096865395,-0.7660444431189779,DB01
202107230000,104,22.7,0,0,0.0,1.0,DB01
202107230100,104,22.8,0,0,0.0,1.0,DB01
202107230200,104,22.1,0,0,0.3420201433256689,-0.9396926207859083,DB01
202107230300,104,22.0,0,0,-0.7660444431189779,-0.6427876096865395,DB01
202107230400,104,21.6,0,0,0.6427876096865395,-0.7660444431189779,DB01
202107230500,104,21.1,0,0,0.0,1.0,DB02
202107230600,104,21.3,0,0,0.0,1.0,DB01
202107230700,104,24.1,0,0,-0.9396926207859084,-0.34202014332566855,DB02
202107230800,104,25.0,0,0,-0.9396926207859083,0.342020143325669,DB01
202107230900,104,26.6,0,0,-1.0,-1.8369701987210297e-16,DB01
202107231000,104,27.4,0,0,0.3420201433256687,0.9396926207859084,DB01
202107231100,104,27.3,0,0,0.766044443118978,0.6427876096865394,DB01
202107231200,104,28.2,0,0,0.9396926207859083,0.3420201433256688,DB01
202107231300,104,28.0,0,0,1.0,6.123233995736766e-17,DB01
202107231400,104,29.1,0,0,0.766044443118978,0.6427876096865394,DB02
202107231500,104,29.5,0,0,0.9396926207859083,0.3420201433256688,DB02
202107231600,104,28.9,0,0,1.0,6.123233995736766e-17,DB02
202107231700,104,28.4,0,0,0.9396926207859083,0.3420201433256688,DB02
202107231800,104,28.0,0,0,0.9396926207859083,0.3420201433256688,DB01
202107231900,104,27.2,0,0,-1.0,-1.8369701987210297e-16,DB01
202107232000,104,25.8,0,0,-0.9396926207859083,0.342020143325669,DB01
202107232100,104,25.0,0,0,-0.7660444431189779,-0.6427876096865395,DB02
202107232200,104,24.6,0,0,0.0,1.0,DB02
202107232300,104,24.5,0,0,0.0,1.0,DB02
202107240000,104,23.8,0,0,0.6427876096865395,-0.7660444431189779,DB03
202107240100,104,23.7,0,0,0.0,1.0,DB02
202107240200,104,23.5,0,0,0.0,1.0,DB02
202107240300,104,23.3,0,0,-0.9396926207859084,-0.34202014332566855,DB03
202107240400,104,23.8,0,0,-0.9396926207859084,-0.34202014332566855,DB04
202107240500,104,23.9,0,0,-1.0,-1.8369701987210297e-16,DB04
202107240600,104,23.8,0,0,-0.9396926207859084,-0.34202014332566855,DB04
202107240700,104,24.1,0,0,0.9396926207859084,-0.3420201433256687,DB04
202107240800,104,25.9,0,0,0.6427876096865395,-0.7660444431189779,DB02
202107240900,104,27.2,0,0,0.0,1.0,DB03
202107241000,104,26.1,0,0,1.0,6.123233995736766e-17,DB03
202107241100,104,26.8,0,0,0.9396926207859083,0.3420201433256688,DB03
202107241200,104,27.2,0,0,-0.3420201433256686,0.9396926207859084,DB03
202107241300,104,27.6,0,0,-0.3420201433256686,0.9396926207859084,DB03
202107241400,104,29.0,0,0,-0.3420201433256686,0.9396926207859084,DB02
202107241500,104,28.1,0,0,0.9396926207859083,0.3420201433256688,DB02
202107241600,104,28.7,0,0,1.0,6.123233995736766e-17,DB02
202107241700,104,27.4,0,0,1.0,6.123233995736766e-17,DB02
202107241800,104,27.6,0,0,1.0,6.123233995736766e-17,DB01
202107241900,104,27.1,0,0,0.0,1.0,DB01
202107242000,104,25.6,0,0,-0.9396926207859084,-0.34202014332566855,DB01
202107242100,104,24.7,0,0,0.0,1.0,DB01
202107242200,104,23.5,0,0,0.0,1.0,DB01
202107242300,104,23.4,0,0,0.0,1.0,DB01
202107250000,104,22.9,0,0,0.0,1.0,DB01
202107250100,104,22.5,0,0,0.0,1.0,DB01
202107250200,104,22.4,0,0,0.0,1.0,DB01
202107250300,104,22.0,0,0,-0.7660444431189779,-0.6427876096865395,DB01
202107250400,104,22.4,0,0,-1.0,-1.8369701987210297e-16,DB02
202107250500,104,22.7,0,0,-0.7660444431189779,-0.6427876096865395,DB02
202107250600,104,22.6,0,0,0.3420201433256689,-0.9396926207859083,DB02
202107250700,104,24.0,0,0,-0.9396926207859084,-0.34202014332566855,DB03
202107250800,104,24.9,0,0,-1.0,-1.8369701987210297e-16,DB03
202107250900,104,26.0,0,0,-0.9396926207859083,0.342020143325669,DB03
202107251000,104,27.1,0,0,-0.9396926207859083,0.342020143325669,DB03
202107251100,104,27.7,0,0,0.3420201433256687,0.9396926207859084,DB03
202107251200,104,27.9,0,0,0.0,1.0,DB02
202107251300,104,27.7,0,0,0.0,1.0,DB02
202107251400,104,28.0,0,0,0.3420201433256687,0.9396926207859084,DB02
202107251500,104,28.6,0,0,0.766044443118978,0.6427876096865394,DB02
202107251600,104,28.3,0,0,0.9396926207859083,0.3420201433256688,DB02
202107251700,104,28.3,0,0,1.0,6.123233995736766e-17,DB02
202107251800,104,26.9,0,0,1.0,6.123233995736766e-17,DB03
202107251900,104,26.3,0,0,1.0,6.123233995736766e-17,DB02
202107252000,104,26.0,0,0,1.0,6.123233995736766e-17,DB02
202107252100,104,25.9,0,0,0.0,1.0,DB03
202107252200,104,25.2,0,0,0.0,1.0,DB02
202107252300,104,24.7,0,0,0.0,1.0,DB01
202107260000,104,24.3,0,0,0.0,1.0,DB03
202107260100,104,23.8,0,0,0.0,1.0,DB01
202107260200,104,23.2,0,0,0.0,1.0,DB01
202107260300,104,23.0,0,0,0.0,1.0,DB01
202107260400,104,22.9,0,0,-0.7660444431189779,-0.6427876096865395,DB01
202107260500,104,22.9,0,0,0.0,1.0,DB03
202107260600,104,23.8,0,0,0.0,1.0,DB03
202107260700,104,24.3,0,0,0.0,1.0,DB03
202107260800,104,25.2,0,0,0.9396926207859084,-0.3420201433256687,DB03
202107260900,104,25.7,0,0,0.9396926207859084,-0.3420201433256687,DB04
202107261000,104,27.8,0,0,-0.6427876096865396,0.7660444431189778,DB02
202107261100,104,27.7,0,0,-1.0,-1.8369701987210297e-16,DB02
202107261200,104,28.2,0,0,-0.9396926207859084,-0.34202014332566855,DB02
202107261300,104,28.6,0,0,-0.3420201433256686,0.9396926207859084,DB02
202107261400,104,28.8,0,0,-0.9396926207859083,0.342020143325669,DB02
202107261500,104,29.5,0,0,-0.3420201433256686,0.9396926207859084,DB01
202107261600,104,29.1,0,0,-0.3420201433256686,0.9396926207859084,DB01
202107261700,104,28.5,0,0,-0.3420201433256686,0.9396926207859084,DB02
202107261800,104,28.1,0,0,0.0,1.0,DB02
202107261900,104,26.8,0,0,-0.3420201433256686,0.9396926207859084,DB02
202107262000,104,25.8,0,0,0.0,1.0,DB01
202107262100,104,25.5,0,0,0.6427876096865395,-0.7660444431189779,DB01
202107262200,104,24.8,0,0,0.6427876096865395,-0.7660444431189779,DB02
202107262300,104,24.5,0,0,0.6427876096865395,-0.7660444431189779,DB02
202107270000,104,24.5,0,0,0.3420201433256689,-0.9396926207859083,DB02
202107270100,104,24.0,0,0,0.0,1.0,DB02
202107270200,104,23.5,0,0,0.0,1.0,DB01
202107270300,104,24.1,0,0,0.0,1.0,DB03
202107270400,104,24.6,0,0,0.6427876096865395,-0.7660444431189779,DB03
202107270500,104,24.4,0,0,0.3420201433256689,-0.9396926207859083,DB03
202107270600,104,24.7,0,0,0.3420201433256689,-0.9396926207859083,DB03
202107270700,104,25.7,0,0,0.0,1.0,DB03
202107270800,104,26.8,0,0,-0.34202014332566866,-0.9396926207859084,DB02
202107270900,104,27.8,0,0,-0.9396926207859083,0.342020143325669,DB02
202107271000,104,28.1,0,0,-0.9396926207859083,0.342020143325669,DB02
202107271100,104,28.4,0,0,-0.9396926207859083,0.342020143325669,DB02
202107271200,104,28.2,0,0,-1.0,-1.8369701987210297e-16,DB02
202107271300,104,28.5,0,0,-1.0,-1.8369701987210297e-16,DB02
202107271400,104,28.2,0,0,-0.9396926207859083,0.342020143325669,DB01
202107271500,104,27.9,0,0,-0.9396926207859083,0.342020143325669,DB02
202107271600,104,28.5,0,0,-1.0,-1.8369701987210297e-16,DB02
202107271700,104,28.2,0,0,-0.9396926207859083,0.342020143325669,DB01
202107271800,104,28.0,0,0,0.0,1.0,DB01
202107271900,104,26.6,0,0,0.0,1.0,DB01
202107272000,104,24.9,0,0,0.0,1.0,DB01
202107272100,104,24.7,0,0,0.9396926207859084,-0.3420201433256687,DB01
202107272200,104,24.2,0,0,0.6427876096865395,-0.7660444431189779,DB01
202107272300,104,23.6,0,0,0.6427876096865395,-0.7660444431189779,DB02
202107280000,104,23.4,0,0,0.0,1.0,DB01
202107280100,104,22.9,0,0,0.0,1.0,DB01
202107280200,104,22.9,0,0,0.9396926207859083,0.3420201433256688,DB01
202107280300,104,23.0,0,0,0.9396926207859084,-0.3420201433256687,DB01
202107280400,104,23.1,0,0,0.6427876096865395,-0.7660444431189779,DB03
202107280500,104,22.5,0,0,0.0,1.0,DB01
202107280600,104,22.1,0,0,0.766044443118978,0.6427876096865394,DB01
202107280700,104,25.1,0,0,0.0,1.0,DB01
202107280800,104,26.5,0,0,0.0,1.0,DB01
202107280900,104,27.1,0,0,-1.0,-1.8369701987210297e-16,DB01
202107281000,104,28.1,0,0,-1.0,-1.8369701987210297e-16,DB01
202107281100,104,28.2,0,0,-1.0,-1.8369701987210297e-16,DB01
202107281200,104,28.3,0,0,-0.9396926207859084,-0.34202014332566855,DB02
202107281300,104,28.8,0,0,-0.9396926207859084,-0.34202014332566855,DB01
202107281400,104,28.4,0,0,-0.6427876096865396,0.7660444431189778,DB01
202107281500,104,28.7,0,0,-0.6427876096865396,0.7660444431189778,DB01
202107281600,104,28.6,0,0,-0.9396926207859083,0.342020143325669,DB01
202107281700,104,28.2,0,0,-1.0,-1.8369701987210297e-16,DB01
202107281800,104,27.7,0,0,-0.3420201433256686,0.9396926207859084,DB01
202107281900,104,26.5,0,0,0.0,1.0,DB01
202107282000,104,25.3,0,0,0.0,1.0,DB02
202107282100,104,25.2,0,0,0.9396926207859084,-0.3420201433256687,DB02
202107282200,104,24.9,0,0,0.0,1.0,DB02
202107282300,104,24.6,0,0,0.0,1.0,DB01
202107290000,104,23.7,0,0,0.0,1.0,DB01
202107290100,104,23.1,0,0,0.0,1.0,DB01
202107290200,104,23.0,0,0,0.0,1.0,DB01
202107290300,104,22.8,0,0,0.0,1.0,DB02
202107290400,104,22.8,0,0,0.0,1.0,DB02
202107290500,104,22.5,0,0,0.0,1.0,DB02
202107290600,104,23.0,0,0,0.0,1.0,DB03
202107290700,104,25.0,0,0,0.0,1.0,DB02
202107290800,104,26.3,0,0,0.0,1.0,DB02
202107290900,104,27.8,0,0,0.3420201433256687,0.9396926207859084,DB01
202107291000,104,28.4,0,0,-0.3420201433256686,0.9396926207859084,DB01
202107291100,104,28.2,0,0,0.0,1.0,DB02
202107291200,104,28.5,0,0,-0.6427876096865396,0.7660444431189778,DB02
202107291300,104,29.1,0,0,-0.6427876096865396,0.7660444431189778,DB03
202107291400,104,29.4,0,0,0.0,1.0,DB03
202107291500,104,30.5,0,0,-0.3420201433256686,0.9396926207859084,DB03
202107291600,104,30.1,0,0,-0.6427876096865396,0.7660444431189778,DB03
202107291700,104,29.3,0,0,-0.3420201433256686,0.9396926207859084,DB03
202107291800,104,28.9,0,0,-0.3420201433256686,0.9396926207859084,DB03
202107291900,104,27.0,0,0,0.0,1.0,DB03
202107292000,104,26.3,0,0,0.6427876096865395,-0.7660444431189779,DB03
202107292100,104,25.6,0,0,0.0,1.0,DB03
202107292200,104,24.8,0,0,0.0,1.0,DB03
202107292300,104,24.6,0,0,0.0,1.0,DB03
202107300000,104,24.1,0,0,0.0,1.0,DB01
202107300100,104,24.0,0,0,0.0,1.0,DB03
202107300200,104,23.7,0,0,0.0,1.0,DB03
202107300300,104,23.7,0,0,0.0,1.0,DB03
202107300400,104,23.2,0,0,0.0,1.0,DB03
202107300500,104,23.2,0,0,0.0,1.0,DB02
202107300600,104,23.3,0,0,0.0,1.0,DB03
202107300700,104,26.0,0,0,0.0,1.0,DB03
202107300800,104,28.0,0,0,0.0,1.0,DB03
202107300900,104,29.6,0,0,0.0,1.0,DB02
202107301000,104,29.7,0,0,-0.9396926207859084,-0.34202014332566855,DB02
202107301100,104,30.0,0,0,-0.6427876096865396,0.7660444431189778,DB02
202107301200,104,30.3,0,0,-0.9396926207859083,0.342020143325669,DB02
202107301300,104,30.7,0,0,-0.3420201433256686,0.9396926207859084,DB02
202107301400,104,30.7,0,0,-0.6427876096865396,0.7660444431189778,DB02
202107301500,104,30.8,0,0,-0.6427876096865396,0.7660444431189778,DB01
202107301600,104,30.7,0,0,-0.3420201433256686,0.9396926207859084,DB01
202107301700,104,30.2,0,0,-0.3420201433256686,0.9396926207859084,DB03
202107301800,104,28.5,0,0,0.0,1.0,DB04
202107301900,104,27.7,0,0,0.6427876096865395,-0.7660444431189779,DB02
202107302000,104,27.7,0,0,0.0,1.0,DB03
202107302100,104,26.5,0,0,0.0,1.0,DB03
202107302200,104,26.1,0,0,0.0,1.0,DB03
202107302300,104,26.1,0,0,0.6427876096865395,-0.7660444431189779,DB03
202107310000,104,25.3,0,0,0.0,1.0,DB01
202107310100,104,24.8,0,0,0.0,1.0,DB01
202107310200,104,24.7,0,0,0.0,1.0,DB01
202107310300,104,24.2,0,0,0.3420201433256687,0.9396926207859084,DB01
202107310400,104,24.8,0,0,0.9396926207859083,0.3420201433256688,DB01
202107310500,104,24.2,0,0,0.0,1.0,DB01
202107310600,104,24.4,0,0,0.766044443118978,0.6427876096865394,DB01
202107310700,104,27.7,0,0,1.0,6.123233995736766e-17,DB02
202107310800,104,29.6,0,0,0.766044443118978,0.6427876096865394,DB03
202107310900,104,30.3,0,0,0.0,1.0,DB02
202107311000,104,31.0,0,0,-0.6427876096865396,0.7660444431189778,DB02
202107311100,104,31.2,0,0,-0.6427876096865396,0.7660444431189778,DB02
202107311200,104,30.5,0,0,-0.9396926207859083,0.342020143325669,DB02
202107311300,104,30.4,0,0,-0.9396926207859083,0.342020143325669,DB02
202107311400,104,31.4,0,0,-0.3420201433256686,0.9396926207859084,DB02
202107311500,104,30.6,0,0,0.0,1.0,DB02
202107311600,104,31.4,0,0,-0.3420201433256686,0.9396926207859084,DB02
202107311700,104,30.9,0,0,0.0,1.0,DB02
202107311800,104,29.9,0,0,-1.0,-1.8369701987210297e-16,DB02
202107311900,104,28.6,0,0,1.2246467991473532e-16,-1.0,DB03
202107312000,104,27.6,0,0,0.3420201433256689,-0.9396926207859083,DB03
202107312100,104,26.3,100,1,1.2246467991473532e-16,-1.0,DB03
202107312200,104,26.1,0,0,0.6427876096865395,-0.7660444431189779,DB03
202107312300,104,25.4,0,0,0.6427876096865395,-0.7660444431189779,DB03
202108010000,104,25.4,0,0,0.0,1.0,DB03
202108010100,104,25.4,0,0,0.3420201433256687,0.9396926207859084,DB04
202108010200,104,25.0,0,0,0.0,1.0,DB02
202108010300,104,24.7,0,0,0.6427876096865395,-0.7660444431189779,DB02
202108010400,104,24.5,0,0,0.0,1.0,DB01
202108010500,104,24.0,0,0,0.766044443118978,0.6427876096865394,DB01
202108010600,104,24.4,0,0,0.0,1.0,DB02
202108010700,104,26.2,0,0,0.0,1.0,DB02
202108010800,104,27.5,0,0,0.3420201433256687,0.9396926207859084,DB02
202108010900,104,29.0,0,0,0.766044443118978,0.6427876096865394,DB03
202108011000,104,28.7,0,0,0.0,1.0,DB04
202108011100,104,28.8,0,0,-0.3420201433256686,0.9396926207859084,DB03
202108011200,104,30.5,0,0,-0.6427876096865396,0.7660444431189778,DB03
202108011300,104,29.7,0,0,-0.3420201433256686,0.9396926207859084,DB03
202108011400,104,29.1,0,0,0.0,1.0,DB04
202108011500,104,28.2,0,0,0.0,1.0,DB03
202108011600,104,28.7,0,0,-0.9396926207859083,0.342020143325669,DB04
202108011700,104,28.1,0,0,0.0,1.0,DB04
202108011800,104,27.4,0,0,0.0,1.0,DB04
202108011900,104,27.1,0,0,0.0,1.0,DB04
202108012000,104,26.8,0,0,0.766044443118978,0.6427876096865394,DB04
202108012100,104,25.9,100,1,0.0,1.0,DB04
202108012200,104,25.5,0,0,0.0,1.0,DB04
202108012300,104,25.4,0,0,0.0,1.0,DB04
202108020000,104,25.1,0,0,0.0,1.0,DB03
202108020100,104,25.1,0,0,0.0,1.0,DB03
202108020200,104,25.2,0,0,0.0,1.0,DB04
202108020300,104,24.8,0,0,0.0,1.0,DB04
202108020400,104,24.8,100,1,0.0,1.0,DB04
202108020500,104,24.9,0,0,0.3420201433256687,0.9396926207859084,DB04
202108020600,104,24.5,0,0,0.0,1.0,DB03
202108020700,104,25.2,0,0,0.0,1.0,DB03
202108020800,104,26.7,0,0,1.0,6.123233995736766e-17,DB03
202108020900,104,27.8,0,0,0.0,1.0,DB04
202108021000,104,28.7,0,0,0.0,1.0,DB03
202108021100,104,30.6,0,0,-0.3420201433256686,0.9396926207859084,DB03
202108021200,104,32.3,0,0,-0.3420201433256686,0.9396926207859084,DB02
202108021300,104,28.9,0,0,-0.3420201433256686,0.9396926207859084,DB03
202108021400,104,29.4,0,0,0.0,1.0,DB04
202108021500,104,25.8,100,1,-0.9396926207859084,-0.34202014332566855,DB04
202108021600,104,25.6,0,0,0.3420201433256687,0.9396926207859084,DB04
202108021700,104,26.7,0,0,0.766044443118978,0.6427876096865394,DB03
202108021800,104,27.0,0,0,0.0,1.0,DB02
202108021900,104,25.8,0,0,0.0,1.0,DB03
202108022000,104,25.2,0,0,0.766044443118978,0.6427876096865394,DB02
202108022100,104,25.3,0,0,0.0,1.0,DB03
202108022200,104,25.1,0,0,0.0,1.0,DB04
202108022300,104,25.1,0,0,0.9396926207859084,-0.3420201433256687,DB04
202108030000,104,24.7,0,0,0.0,1.0,DB04
202108030100,104,24.1,0,0,0.0,1.0,DB04
202108030200,104,24.1,0,0,0.766044443118978,0.6427876096865394,DB04
202108030300,104,24.1,0,0,0.766044443118978,0.6427876096865394,DB03
202108030400,104,24.1,0,0,0.0,1.0,DB03
202108030500,104,24.3,0,0,0.9396926207859084,-0.3420201433256687,DB03
202108030600,104,24.2,0,0,0.766044443118978,0.6427876096865394,DB03
202108030700,104,25.3,0,0,0.0,1.0,DB04
202108030800,104,26.7,0,0,0.6427876096865395,-0.7660444431189779,DB04
202108030900,104,27.1,0,0,0.6427876096865395,-0.7660444431189779,DB03
202108031000,104,27.7,0,0,1.2246467991473532e-16,-1.0,DB04
202108031100,104,29.1,0,0,0.0,1.0,DB03
202108031200,104,30.0,0,0,-0.3420201433256686,0.9396926207859084,DB02
202108031300,104,29.9,0,0,-0.3420201433256686,0.9396926207859084,DB03
202108031400,104,28.6,0,0,-1.0,-1.8369701987210297e-16,DB03
202108031500,104,27.9,100,1,-0.34202014332566866,-0.9396926207859084,DB03
202108031600,104,27.2,0,0,-1.0,-1.8369701987210297e-16,DB04
202108031700,104,28.1,0,0,0.3420201433256687,0.9396926207859084,DB03
202108031800,104,27.4,0,0,-0.3420201433256686,0.9396926207859084,DB03
202108031900,104,27.0,0,0,0.766044443118978,0.6427876096865394,DB03
202108032000,104,25.4,0,0,0.0,1.0,DB03
202108032100,104,25.4,0,0,0.9396926207859084,-0.3420201433256687,DB02
202108032200,104,25.3,0,0,0.0,1.0,DB02
202108032300,104,25.4,0,0,1.0,6.123233995736766e-17,DB03
202108040000,104,25.2,0,0,0.0,1.0,DB03
202108040100,104,25.3,0,0,0.766044443118978,0.6427876096865394,DB04
202108040200,104,25.2,0,0,1.0,6.123233995736766e-17,DB04
202108040300,104,25.4,0,0,0.0,1.0,DB03
202108040400,104,25.0,0,0,-0.3420201433256686,0.9396926207859084,DB03
202108040500,104,25.2,0,0,0.6427876096865395,-0.7660444431189779,DB03
202108040600,104,25.0,0,0,0.0,1.0,DB03
202108040700,104,27.8,0,0,0.0,1.0,DB03
202108040800,104,29.6,0,0,0.6427876096865395,-0.7660444431189779,DB02
202108040900,104,30.5,0,0,0.0,1.0,DB01
202108041000,104,29.9,0,0,-1.0,-1.8369701987210297e-16,DB01
202108041100,104,30.8,0,0,-0.6427876096865396,0.7660444431189778,DB01
202108041200,104,31.3,0,0,-0.6427876096865396,0.7660444431189778,DB02
202108041300,104,31.5,0,0,0.0,1.0,DB02
202108041400,104,30.1,0,0,-0.3420201433256686,0.9396926207859084,DB03
202108041500,104,30.3,0,0,-0.3420201433256686,0.9396926207859084,DB03
202108041600,104,30.7,0,0,-0.3420201433256686,0.9396926207859084,DB03
202108041700,104,30.4,0,0,0.0,1.0,DB02
202108041800,104,29.5,0,0,0.3420201433256687,0.9396926207859084,DB02
202108041900,104,28.9,0,0,1.2246467991473532e-16,-1.0,DB02
202108042000,104,27.3,0,0,0.9396926207859084,-0.3420201433256687,DB02
202108042100,104,27.1,0,0,0.3420201433256687,0.9396926207859084,DB02
202108042200,104,27.1,0,0,0.9396926207859084,-0.3420201433256687,DB02
202108042300,104,26.5,0,0,0.0,1.0,DB01
202108050000,104,27.3,0,0,0.9396926207859083,0.3420201433256688,DB01
202108050100,104,26.2,0,0,0.766044443118978,0.6427876096865394,DB02
202108050200,104,26.4,0,0,0.9396926207859083,0.3420201433256688,DB02
202108050300,104,25.7,0,0,0.6427876096865395,-0.7660444431189779,DB01
202108050400,104,25.0,0,0,1.0,6.123233995736766e-17,DB02
202108050500,104,24.6,0,0,0.0,1.0,DB02
202108050600,104,24.4,0,0,0.0,1.0,DB02
202108050700,104,25.1,0,0,0.0,1.0,DB01
202108050800,104,29.2,0,0,0.0,1.0,DB01
202108050900,104,30.3,0,0,0.0,1.0,DB01
202108051000,104,30.9,0,0,-0.6427876096865396,0.7660444431189778,DB01
202108051100,104,31.5,0,0,-0.3420201433256686,0.9396926207859084,DB01
202108051200,104,32.4,0,0,-0.3420201433256686,0.9396926207859084,DB02
202108051300,104,33.2,0,0,-0.3420201433256686,0.9396926207859084,DB02
202108051400,104,32.1,0,0,0.0,1.0,DB02
202108051500,104,28.8,0,0,0.0,1.0,DB03
202108051600,104,31.3,0,0,-0.3420201433256686,0.9396926207859084,DB02
202108051700,104,30.2,0,0,0.0,1.0,DB03
202108051800,104,27.8,100,1,-0.3420201433256686,0.9396926207859084,DB03
202108051900,104,27.7,0,0,-0.9396926207859084,-0.34202014332566855,DB02
202108052000,104,26.4,0,0,0.6427876096865395,-0.7660444431189779,DB02
202108052100,104,26.0,0,0,0.0,1.0,DB01
202108052200,104,26.4,0,0,0.0,1.0,DB02
202108052300,104,25.4,0,0,0.766044443118978,0.6427876096865394,DB02
202108060000,104,25.5,0,0,0.0,1.0,DB01
202108060100,104,25.1,0,0,0.0,1.0,DB02
202108060200,104,24.9,0,0,0.0,1.0,DB02
202108060300,104,24.9,0,0,0.0,1.0,DB02
202108060400,104,24.9,0,0,0.0,1.0,DB02
202108060500,104,24.9,0,0,0.0,1.0,DB03
202108060600,104,25.3,0,0,0.0,1.0,DB03
202108060700,104,27.2,0,0,0.3420201433256689,-0.9396926207859083,DB03
202108060800,104,27.9,0,0,0.6427876096865395,-0.7660444431189779,DB03
202108060900,104,29.3,0,0,0.3420201433256687,0.9396926207859084,DB02
202108061000,104,30.2,0,0,-0.9396926207859083,0.342020143325669,DB02
202108061100,104,30.1,0,0,-0.9396926207859083,0.342020143325669,DB02
202108061200,104,30.1,0,0,-0.9396926207859083,0.342020143325669,DB02
202108061300,104,29.9,0,0,-1.0,-1.8369701987210297e-16,DB02
202108061400,104,29.5,0,0,-0.3420201433256686,0.9396926207859084,DB03
202108061500,104,29.7,0,0,-0.6427876096865396,0.7660444431189778,DB03
202108061600,104,28.2,0,0,-0.6427876096865396,0.7660444431189778,DB04
202108061700,104,24.7,0,0,0.3420201433256689,-0.9396926207859083,DB04
202108061800,104,24.1,0,0,0.6427876096865395,-0.7660444431189779,DB04
202108061900,104,24.9,0,0,0.766044443118978,0.6427876096865394,DB03
202108062000,104,24.2,100,1,-0.9396926207859083,0.342020143325669,DB04
202108062100,104,23.7,0,0,0.766044443118978,0.6427876096865394,DB04
202108062200,104,23.1,0,0,0.766044443118978,0.6427876096865394,DB03
202108062300,104,23.1,0,0,0.0,1.0,DB04
202108070000,104,22.9,0,0,0.3420201433256689,-0.9396926207859083,DB03
202108070100,104,22.8,0,0,0.0,1.0,DB04
202108070200,104,22.8,0,0,0.0,1.0,DB04
202108070300,104,23.0,0,0,0.0,1.0,DB04
202108070400,104,22.9,0,0,0.9396926207859084,-0.3420201433256687,DB03
202108070500,104,22.4,0,0,0.0,1.0,DB02
202108070600,104,23.1,0,0,0.0,1.0,DB02
202108070700,104,23.8,0,0,0.0,1.0,DB03
202108070800,104,24.7,0,0,1.2246467991473532e-16,-1.0,DB03
202108070900,104,27.1,0,0,-0.34202014332566866,-0.9396926207859084,DB03
202108071000,104,26.9,0,0,0.3420201433256689,-0.9396926207859083,DB03
202108071100,104,28.2,0,0,-0.9396926207859084,-0.34202014332566855,DB02
202108071200,104,29.5,0,0,-0.7660444431189779,-0.6427876096865395,DB02
202108071300,104,28.8,0,0,-1.0,-1.8369701987210297e-16,DB03
202108071400,104,28.6,0,0,-0.7660444431189779,-0.6427876096865395,DB03
202108071500,104,28.4,0,0,-1.0,-1.8369701987210297e-16,DB04
202108071600,104,27.2,0,0,-0.7660444431189779,-0.6427876096865395,DB04
202108071700,104,27.0,0,0,0.3420201433256689,-0.9396926207859083,DB04
202108071800,104,26.9,0,0,0.9396926207859084,-0.3420201433256687,DB03
202108071900,104,26.6,0,0,0.3420201433256689,-0.9396926207859083,DB03
202108072000,104,25.0,0,0,0.6427876096865395,-0.7660444431189779,DB03
202108072100,104,24.6,0,0,0.0,1.0,DB03
202108072200,104,24.7,0,0,0.0,1.0,DB03
202108072300,104,24.7,0,0,0.9396926207859084,-0.3420201433256687,DB02
202108080000,104,24.9,0,0,0.6427876096865395,-0.7660444431189779,DB03
202108080100,104,24.8,0,0,1.0,6.123233995736766e-17,DB02
202108080200,104,24.1,0,0,0.0,1.0,DB02
202108080300,104,23.5,0,0,0.3420201433256687,0.9396926207859084,DB02
202108080400,104,23.6,0,0,0.6427876096865395,-0.7660444431189779,DB03
202108080500,104,23.6,0,0,0.0,1.0,DB03
202108080600,104,24.5,0,0,0.9396926207859084,-0.3420201433256687,DB03
202108080700,104,25.4,0,0,0.6427876096865395,-0.7660444431189779,DB04
202108080800,104,26.2,0,0,0.6427876096865395,-0.7660444431189779,DB04
202108080900,104,26.2,0,0,1.2246467991473532e-16,-1.0,DB04
202108081000,104,24.9,100,1,0.3420201433256689,-0.9396926207859083,DB04
202108081100,104,24.1,100,1,0.3420201433256689,-0.9396926207859083,DB04
202108081200,104,23.3,100,1,0.3420201433256689,-0.9396926207859083,DB04
202108081300,104,23.3,100,1,0.9396926207859083,0.3420201433256688,DB04
202108081400,104,22.1,100,1,0.3420201433256689,-0.9396926207859083,DB04
202108081500,104,21.7,100,1,0.766044443118978,0.6427876096865394,DB04
202108081600,104,22.0,100,1,1.0,6.123233995736766e-17,DB04
202108081700,104,22.5,100,1,-0.34202014332566866,-0.9396926207859084,DB04
202108081800,104,21.6,100,1,0.9396926207859083,0.3420201433256688,DB04
202108081900,104,21.0,100,1,0.6427876096865395,-0.7660444431189779,DB04
202108082000,104,21.0,0,0,0.3420201433256687,0.9396926207859084,DB04
202108082100,104,21.0,0,0,0.9396926207859084,-0.3420201433256687,DB04
202108082200,104,21.4,0,0,0.6427876096865395,-0.7660444431189779,DB04
202108082300,104,22.2,100,1,1.2246467991473532e-16,-1.0,DB04
202108090000,104,21.3,100,1,0.3420201433256687,0.9396926207859084,DB04
202108090100,104,21.1,100,1,0.6427876096865395,-0.7660444431189779,DB04
202108090200,104,21.6,0,0,1.2246467991473532e-16,-1.0,DB04
202108090300,104,21.6,0,0,1.2246467991473532e-16,-1.0,DB04
202108090400,104,21.5,0,0,0.3420201433256689,-0.9396926207859083,DB04
202108090500,104,21.8,100,1,0.6427876096865395,-0.7660444431189779,DB04
202108090600,104,22.1,0,0,0.3420201433256689,-0.9396926207859083,DB04
202108090700,104,21.5,100,1,0.6427876096865395,-0.7660444431189779,DB04
202108090800,104,22.5,100,1,1.2246467991473532e-16,-1.0,DB04
202108090900,104,25.0,0,0,-0.7660444431189779,-0.6427876096865395,DB04
202108091000,104,25.7,0,0,-0.7660444431189779,-0.6427876096865395,DB03
202108091100,104,26.0,0,0,-0.9396926207859084,-0.34202014332566855,DB03
202108091200,104,25.5,0,0,-0.7660444431189779,-0.6427876096865395,DB04
202108091300,104,25.1,0,0,-0.7660444431189779,-0.6427876096865395,DB04
202108091400,104,25.3,0,0,-0.7660444431189779,-0.6427876096865395,DB03
202108091500,104,24.7,0,0,-0.7660444431189779,-0.6427876096865395,DB03
202108091600,104,24.3,0,0,-0.7660444431189779,-0.6427876096865395,DB04
202108091700,104,24.2,0,0,-0.34202014332566866,-0.9396926207859084,DB04
202108091800,104,24.3,0,0,-0.34202014332566866,-0.9396926207859084,DB02
202108091900,104,22.9,0,0,1.2246467991473532e-16,-1.0,DB02
202108092000,104,22.3,0,0,0.3420201433256689,-0.9396926207859083,DB02
202108092100,104,21.8,0,0,0.0,1.0,DB03
202108092200,104,21.5,0,0,0.6427876096865395,-0.7660444431189779,DB03
202108092300,104,21.0,0,0,0.6427876096865395,-0.7660444431189779,DB03
202108100000,104,21.3,0,0,0.6427876096865395,-0.7660444431189779,DB02
202108100100,104,21.1,0,0,0.9396926207859084,-0.3420201433256687,DB04
202108100200,104,21.1,0,0,0.9396926207859084,-0.3420201433256687,DB04
202108100300,104,20.3,0,0,0.766044443118978,0.6427876096865394,DB03
202108100400,104,20.1,0,0,0.0,1.0,DB03
202108100500,104,19.5,0,0,0.6427876096865395,-0.7660444431189779,DB03
202108100600,104,19.4,0,0,0.0,1.0,DB02
202108100700,104,21.1,0,0,0.766044443118978,0.6427876096865394,DB02
202108100800,104,23.6,0,0,0.9396926207859083,0.3420201433256688,DB01
202108100900,104,24.4,0,0,0.3420201433256687,0.9396926207859084,DB01
202108101000,104,24.6,0,0,-0.3420201433256686,0.9396926207859084,DB03
202108101100,104,25.2,0,0,-0.3420201433256686,0.9396926207859084,DB03
202108101200,104,25.2,0,0,-0.3420201433256686,0.9396926207859084,DB03
202108101300,104,24.4,0,0,-0.3420201433256686,0.9396926207859084,DB04
202108101400,104,23.9,100,1,0.0,1.0,DB04
202108101500,104,23.0,100,1,0.3420201433256687,0.9396926207859084,DB03
202108101600,104,24.6,0,0,1.0,6.123233995736766e-17,DB03
202108101700,104,24.0,0,0,0.6427876096865395,-0.7660444431189779,DB03
202108101800,104,23.3,0,0,1.2246467991473532e-16,-1.0,DB04
202108101900,104,22.2,100,1,0.0,1.0,DB03
202108102000,104,21.6,0,0,0.9396926207859083,0.3420201433256688,DB04
202108102100,104,21.0,0,0,0.9396926207859083,0.3420201433256688,DB02
202108102200,104,21.3,0,0,0.3420201433256687,0.9396926207859084,DB01
202108102300,104,21.0,0,0,0.9396926207859083,0.3420201433256688,DB02
202108110000,104,20.5,0,0,0.6427876096865395,-0.7660444431189779,DB02
202108110100,104,20.6,0,0,1.0,6.123233995736766e-17,DB03
202108110200,104,20.7,0,0,0.6427876096865395,-0.7660444431189779,DB03
202108110300,104,20.8,0,0,0.0,1.0,DB03
202108110400,104,20.9,0,0,0.3420201433256689,-0.9396926207859083,DB02
202108110500,104,21.1,0,0,0.3420201433256689,-0.9396926207859083,DB03
202108110600,104,20.6,0,0,0.6427876096865395,-0.7660444431189779,DB03
202108110700,104,22.0,0,0,0.3420201433256689,-0.9396926207859083,DB03
202108110800,104,24.2,0,0,1.2246467991473532e-16,-1.0,DB03
202108110900,104,24.5,0,0,0.6427876096865395,-0.7660444431189779,DB03
202108111000,104,25.6,0,0,-0.9396926207859084,-0.34202014332566855,DB03
202108111100,104,25.5,0,0,-0.9396926207859084,-0.34202014332566855,DB03
202108111200,104,25.7,0,0,-0.9396926207859083,0.342020143325669,DB03
202108111300,104,26.2,0,0,-0.9396926207859084,-0.34202014332566855,DB03
202108111400,104,25.7,0,0,-1.0,-1.8369701987210297e-16,DB02
202108111500,104,26.0,0,0,-1.0,-1.8369701987210297e-16,DB03
202108111600,104,25.2,0,0,-1.0,-1.8369701987210297e-16,DB03
202108111700,104,26.1,0,0,-0.7660444431189779,-0.6427876096865395,DB03
202108111800,104,24.6,0,0,-0.7660444431189779,-0.6427876096865395,DB02
202108111900,104,23.9,0,0,0.0,1.0,DB02
202108112000,104,23.6,0,0,0.0,1.0,DB03
202108112100,104,23.4,0,0,0.3420201433256689,-0.9396926207859083,DB03
202108112200,104,23.2,0,0,0.0,1.0,DB03
202108112300,104,23.1,0,0,0.9396926207859084,-0.3420201433256687,DB03
202108120000,104,22.9,0,0,0.9396926207859084,-0.3420201433256687,DB04
202108120100,104,23.0,0,0,0.0,1.0,DB02
202108120200,104,22.3,0,0,0.6427876096865395,-0.7660444431189779,DB02
202108120300,104,21.8,0,0,0.0,1.0,DB02
202108120400,104,21.2,0,0,0.3420201433256689,-0.9396926207859083,DB02
202108120500,104,21.6,0,0,0.6427876096865395,-0.7660444431189779,DB03
202108120600,104,22.1,0,0,0.6427876096865395,-0.7660444431189779,DB04
202108120700,104,22.6,0,0,0.6427876096865395,-0.7660444431189779,DB04
202108120800,104,23.6,0,0,0.3420201433256689,-0.9396926207859083,DB04
202108120900,104,25.3,0,0,1.2246467991473532e-16,-1.0,DB04
202108121000,104,25.1,0,0,-0.34202014332566866,-0.9396926207859084,DB04
202108121100,104,24.6,0,0,-0.9396926207859084,-0.34202014332566855,DB04
202108121200,104,25.4,0,0,-0.34202014332566866,-0.9396926207859084,DB04
202108121300,104,25.6,0,0,-0.7660444431189779,-0.6427876096865395,DB04
202108121400,104,25.3,0,0,-0.7660444431189779,-0.6427876096865395,DB04
202108121500,104,24.8,0,0,-0.9396926207859084,-0.34202014332566855,DB04
202108121600,104,25.0,0,0,1.2246467991473532e-16,-1.0,DB04
202108121700,104,24.6,0,0,-0.9396926207859084,-0.34202014332566855,DB04
202108121800,104,24.3,0,0,0.3420201433256689,-0.9396926207859083,DB04
202108121900,104,24.2,0,0,0.3420201433256689,-0.9396926207859083,DB04
202108122000,104,23.4,0,0,0.6427876096865395,-0.7660444431189779,DB04
202108122100,104,23.0,0,0,0.3420201433256689,-0.9396926207859083,DB04
202108122200,104,22.8,0,0,0.9396926207859083,0.3420201433256688,DB04
202108122300,104,22.1,0,0,0.0,1.0,DB04
202108130000,104,22.3,0,0,0.0,1.0,DB04
202108130100,104,21.8,0,0,0.0,1.0,DB04
202108130200,104,22.2,0,0,0.0,1.0,DB04
202108130300,104,22.4,0,0,0.6427876096865395,-0.7660444431189779,DB03
202108130400,104,22.2,0,0,0.6427876096865395,-0.7660444431189779,DB04
202108130500,104,22.3,0,0,0.9396926207859084,-0.3420201433256687,DB04
202108130600,104,21.5,0,0,0.3420201433256687,0.9396926207859084,DB03
202108130700,104,22.5,0,0,0.0,1.0,DB04
202108130800,104,22.9,0,0,0.6427876096865395,-0.7660444431189779,DB04
202108130900,104,23.7,0,0,0.3420201433256689,-0.9396926207859083,DB04
202108131000,104,24.5,0,0,1.2246467991473532e-16,-1.0,DB04
202108131100,104,24.7,0,0,0.3420201433256689,-0.9396926207859083,DB04
202108131200,104,25.8,0,0,1.2246467991473532e-16,-1.0,DB04
202108131300,104,25.7,0,0,-0.7660444431189779,-0.6427876096865395,DB04
202108131400,104,25.2,0,0,-0.9396926207859084,-0.34202014332566855,DB04
202108131500,104,25.1,0,0,-0.7660444431189779,-0.6427876096865395,DB03
202108131600,104,25.0,0,0,-0.34202014332566866,-0.9396926207859084,DB03
202108131700,104,24.6,0,0,-0.34202014332566866,-0.9396926207859084,DB03
202108131800,104,24.1,0,0,1.2246467991473532e-16,-1.0,DB03
202108131900,104,23.5,0,0,1.2246467991473532e-16,-1.0,DB02
202108132000,104,22.7,0,0,1.2246467991473532e-16,-1.0,DB04
202108132100,104,22.7,0,0,1.2246467991473532e-16,-1.0,DB04
202108132200,104,22.7,0,0,1.2246467991473532e-16,-1.0,DB04
202108132300,104,22.7,0,0,1.2246467991473532e-16,-1.0,DB04
202108140000,104,22.5,0,0,1.2246467991473532e-16,-1.0,DB04
202108140100,104,22.4,0,0,1.2246467991473532e-16,-1.0,DB04
202108140200,104,21.2,100,1,1.2246467991473532e-16,-1.0,DB04
202108140300,104,21.1,0,0,1.2246467991473532e-16,-1.0,DB04
202108140400,104,21.2,0,0,1.2246467991473532e-16,-1.0,DB04
202108140500,104,21.7,0,0,0.3420201433256689,-0.9396926207859083,DB04
202108140600,104,21.7,0,0,1.2246467991473532e-16,-1.0,DB04
202108140700,104,21.1,100,1,-0.34202014332566866,-0.9396926207859084,DB04
202108140800,104,20.6,100,1,0.9396926207859084,-0.3420201433256687,DB04
202108140900,104,20.8,100,1,0.6427876096865395,-0.7660444431189779,DB04
202108141000,104,20.5,100,1,0.6427876096865395,-0.7660444431189779,DB04
202108141100,104,21.1,100,1,1.2246467991473532e-16,-1.0,DB04
202108141200,104,22.4,100,1,-1.0,-1.8369701987210297e-16,DB04
202108141300,104,22.7,100,1,-0.9396926207859083,0.342020143325669,DB04
202108141400,104,22.9,0,0,-1.0,-1.8369701987210297e-16,DB04
202108141500,104,22.9,0,0,-0.9396926207859084,-0.34202014332566855,DB04
202108141600,104,23.5,0,0,-0.9396926207859084,-0.34202014332566855,DB04
202108141700,104,23.4,0,0,-0.7660444431189779,-0.6427876096865395,DB04
202108141800,104,22.8,0,0,0.3420201433256689,-0.9396926207859083,DB04
202108141900,104,22.0,0,0,1.2246467991473532e-16,-1.0,DB03
202108142000,104,21.4,0,0,0.3420201433256689,-0.9396926207859083,DB03
202108142100,104,21.2,0,0,1.2246467991473532e-16,-1.0,DB03
202108142200,104,20.2,0,0,1.2246467991473532e-16,-1.0,DB03
202108142300,104,19.8,0,0,0.3420201433256689,-0.9396926207859083,DB04
202108150000,104,20.1,100,1,1.2246467991473532e-16,-1.0,DB04
202108150100,104,19.6,100,1,0.6427876096865395,-0.7660444431189779,DB04
202108150200,104,19.7,100,1,1.2246467991473532e-16,-1.0,DB04
202108150300,104,19.6,100,1,1.2246467991473532e-16,-1.0,DB04
202108150400,104,19.8,0,0,1.2246467991473532e-16,-1.0,DB04
202108150500,104,20.2,0,0,0.3420201433256689,-0.9396926207859083,DB03
202108150600,104,20.5,0,0,0.3420201433256689,-0.9396926207859083,DB03
202108150700,104,20.9,0,0,0.3420201433256689,-0.9396926207859083,DB04
202108150800,104,22.6,0,0,1.2246467991473532e-16,-1.0,DB04
202108150900,104,22.7,0,0,1.2246467991473532e-16,-1.0,DB04
202108151000,104,23.2,0,0,1.2246467991473532e-16,-1.0,DB04
202108151100,104,23.8,0,0,1.2246467991473532e-16,-1.0,DB04
202108151200,104,24.3,0,0,1.2246467991473532e-16,-1.0,DB04
202108151300,104,24.8,0,0,-0.7660444431189779,-0.6427876096865395,DB03
202108151400,104,24.0,0,0,-0.7660444431189779,-0.6427876096865395,DB04
202108151500,104,23.3,0,0,-0.7660444431189779,-0.6427876096865395,DB04
202108151600,104,23.2,0,0,-0.7660444431189779,-0.6427876096865395,DB04
202108151700,104,23.3,0,0,-0.7660444431189779,-0.6427876096865395,DB04
202108151800,104,22.9,0,0,1.2246467991473532e-16,-1.0,DB04
202108151900,104,21.4,0,0,0.3420201433256687,0.9396926207859084,DB04
202108152000,104,21.1,0,0,0.0,1.0,DB04
202108152100,104,20.5,0,0,0.6427876096865395,-0.7660444431189779,DB04
202108152200,104,20.7,0,0,0.9396926207859083,0.3420201433256688,DB03
202108152300,104,20.7,0,0,0.6427876096865395,-0.7660444431189779,DB03
202108160000,104,20.4,0,0,0.0,1.0,DB04
202108160100,104,20.2,0,0,0.0,1.0,DB03
202108160200,104,20.2,0,0,0.9396926207859084,-0.3420201433256687,DB04
202108160300,104,20.2,0,0,0.0,1.0,DB04
202108160400,104,19.9,0,0,0.0,1.0,DB04
202108160500,104,19.1,0,0,0.6427876096865395,-0.7660444431189779,DB02
202108160600,104,18.7,0,0,0.0,1.0,DB01
202108160700,104,20.0,0,0,0.9396926207859084,-0.3420201433256687,DB02
202108160800,104,21.9,0,0,0.0,1.0,DB03
202108160900,104,22.1,0,0,-0.9396926207859084,-0.34202014332566855,DB04
202108161000,104,22.6,0,0,0.0,1.0,DB04
202108161100,104,23.2,0,0,-0.9396926207859084,-0.34202014332566855,DB04
202108161200,104,23.3,0,0,-0.9396926207859084,-0.34202014332566855,DB04
202108161300,104,23.9,0,0,-0.6427876096865396,0.7660444431189778,DB04
202108161400,104,23.4,0,0,-0.6427876096865396,0.7660444431189778,DB04
202108161500,104,24.1,0,0,-0.6427876096865396,0.7660444431189778,DB04
202108161600,104,23.5,0,0,-0.6427876096865396,0.7660444431189778,DB04
202108161700,104,23.2,0,0,-1.0,-1.8369701987210297e-16,DB04
202108161800,104,22.9,0,0,0.0,1.0,DB03
202108161900,104,21.7,0,0,0.0,1.0,DB03
202108162000,104,20.7,0,0,0.6427876096865395,-0.7660444431189779,DB03
202108162100,104,20.6,0,0,0.6427876096865395,-0.7660444431189779,DB02
202108162200,104,20.7,0,0,0.9396926207859084,-0.3420201433256687,DB04
202108162300,104,20.6,0,0,0.9396926207859084,-0.3420201433256687,DB04
202108170000,104,20.4,0,0,0.6427876096865395,-0.7660444431189779,DB03
202108170100,104,19.9,0,0,0.6427876096865395,-0.7660444431189779,DB03
202108170200,104,19.9,0,0,0.6427876096865395,-0.7660444431189779,DB03
202108170300,104,20.2,0,0,0.3420201433256689,-0.9396926207859083,DB03
202108170400,104,21.0,0,0,0.3420201433256689,-0.9396926207859083,DB04
202108170500,104,19.9,0,0,0.0,1.0,DB04
202108170600,104,19.9,0,0,0.3420201433256689,-0.9396926207859083,DB04
202108170700,104,20.0,100,1,0.3420201433256689,-0.9396926207859083,DB04
202108170800,104,20.5,0,0,1.2246467991473532e-16,-1.0,DB04
202108170900,104,20.5,100,1,1.2246467991473532e-16,-1.0,DB04
202108171000,104,20.2,100,1,-0.34202014332566866,-0.9396926207859084,DB04
202108171100,104,20.3,100,1,1.2246467991473532e-16,-1.0,DB04
202108171200,104,20.8,100,1,1.2246467991473532e-16,-1.0,DB04
202108171300,104,21.6,100,1,-0.34202014332566866,-0.9396926207859084,DB04
202108171400,104,22.0,0,0,1.2246467991473532e-16,-1.0,DB04
202108171500,104,21.3,0,0,-0.34202014332566866,-0.9396926207859084,DB04
202108171600,104,21.0,0,0,0.3420201433256689,-0.9396926207859083,DB04
202108171700,104,21.5,0,0,0.3420201433256689,-0.9396926207859083,DB04
202108171800,104,21.9,0,0,1.2246467991473532e-16,-1.0,DB04
202108171900,104,21.5,0,0,1.2246467991473532e-16,-1.0,DB04
202108172000,104,21.0,0,0,1.2246467991473532e-16,-1.0,DB03
202108172100,104,20.5,0,0,0.3420201433256689,-0.9396926207859083,DB04
202108172200,104,20.8,0,0,1.2246467991473532e-16,-1.0,DB04
202108172300,104,20.3,0,0,0.3420201433256689,-0.9396926207859083,DB04
202108180000,104,20.6,0,0,1.2246467991473532e-16,-1.0,DB04
202108180100,104,20.1,100,1,1.2246467991473532e-16,-1.0,DB04
202108180200,104,20.5,100,1,0.3420201433256689,-0.9396926207859083,DB04
202108180300,104,20.8,0,0,1.2246467991473532e-16,-1.0,DB04
202108180400,104,20.1,100,1,-0.34202014332566866,-0.9396926207859084,DB04
202108180500,104,20.2,100,1,0.6427876096865395,-0.7660444431189779,DB04
202108180600,104,20.3,100,1,0.3420201433256689,-0.9396926207859083,DB04
202108180700,104,19.9,100,1,0.3420201433256689,-0.9396926207859083,DB04
202108180800,104,19.6,100,1,1.2246467991473532e-16,-1.0,DB04
202108180900,104,19.0,100,1,0.3420201433256689,-0.9396926207859083,DB04
202108181000,104,19.1,100,1,0.3420201433256689,-0.9396926207859083,DB04
202108181100,104,20.3,100,1,0.3420201433256689,-0.9396926207859083,DB04
202108181200,104,21.6,100,1,1.2246467991473532e-16,-1.0,DB04
202108181300,104,22.1,0,0,0.3420201433256689,-0.9396926207859083,DB04
202108181400,104,22.5,0,0,-0.7660444431189779,-0.6427876096865395,DB04
202108181500,104,22.8,0,0,1.2246467991473532e-16,-1.0,DB04
202108181600,104,22.0,0,0,0.3420201433256689,-0.9396926207859083,DB04
202108181700,104,22.4,100,1,0.3420201433256689,-0.9396926207859083,DB04
202108181800,104,22.7,0,0,-0.7660444431189779,-0.6427876096865395,DB04
202108181900,104,22.2,0,0,-0.7660444431189779,-0.6427876096865395,DB04
202108182000,104,21.2,0,0,0.0,1.0,DB03
202108182100,104,20.9,0,0,1.2246467991473532e-16,-1.0,DB04
202108182200,104,20.6,0,0,0.3420201433256689,-0.9396926207859083,DB04
202108182300,104,20.5,0,0,0.3420201433256689,-0.9396926207859083,DB03
202108190000,104,20.4,0,0,0.3420201433256689,-0.9396926207859083,DB03
202108190100,104,20.2,0,0,1.2246467991473532e-16,-1.0,DB03
202108190200,104,20.3,0,0,1.2246467991473532e-16,-1.0,DB03
202108190300,104,20.0,0,0,1.2246467991473532e-16,-1.0,DB03
202108190400,104,20.3,0,0,1.2246467991473532e-16,-1.0,DB03
202108190500,104,20.3,0,0,1.2246467991473532e-16,-1.0,DB04
202108190600,104,20.5,0,0,1.2246467991473532e-16,-1.0,DB04
202108190700,104,20.6,0,0,1.2246467991473532e-16,-1.0,DB03
202108190800,104,21.2,0,0,1.2246467991473532e-16,-1.0,DB04
202108190900,104,21.7,0,0,1.2246467991473532e-16,-1.0,DB03
202108191000,104,23.2,0,0,-0.34202014332566866,-0.9396926207859084,DB03
202108191100,104,23.4,0,0,-0.34202014332566866,-0.9396926207859084,DB03
202108191200,104,24.3,0,0,-0.9396926207859084,-0.34202014332566855,DB03
202108191300,104,23.9,0,0,-0.7660444431189779,-0.6427876096865395,DB04
202108191400,104,24.8,0,0,-0.7660444431189779,-0.6427876096865395,DB04
202108191500,104,24.4,0,0,-0.34202014332566866,-0.9396926207859084,DB04
202108191600,104,23.4,0,0,-0.34202014332566866,-0.9396926207859084,DB04
202108191700,104,22.3,100,1,-0.34202014332566866,-0.9396926207859084,DB04
202108191800,104,22.0,0,0,-0.34202014332566866,-0.9396926207859084,DB04
202108191900,104,21.6,100,1,0.3420201433256689,-0.9396926207859083,DB04
202108192000,104,20.0,100,1,-0.7660444431189779,-0.6427876096865395,DB04
202108192100,104,20.4,100,1,-0.7660444431189779,-0.6427876096865395,DB04
202108192200,104,20.0,100,1,0.3420201433256689,-0.9396926207859083,DB04
202108192300,104,20.4,0,0,0.6427876096865395,-0.7660444431189779,DB03
202108200000,104,20.2,0,0,0.9396926207859084,-0.3420201433256687,DB04
202108200100,104,20.1,0,0,0.0,1.0,DB03
202108200200,104,20.0,0,0,0.0,1.0,DB03
202108200300,104,19.9,0,0,0.0,1.0,DB04
202108200400,104,20.1,0,0,0.3420201433256689,-0.9396926207859083,DB04
202108200500,104,20.1,0,0,0.6427876096865395,-0.7660444431189779,DB03
202108200600,104,19.6,0,0,0.0,1.0,DB03
202108200700,104,20.4,0,0,0.0,1.0,DB01
202108200800,104,22.6,0,0,0.3420201433256689,-0.9396926207859083,DB02
202108200900,104,23.0,0,0,-0.9396926207859084,-0.34202014332566855,DB03
202108201000,104,22.9,0,0,0.0,1.0,DB03
202108201100,104,22.9,0,0,-1.0,-1.8369701987210297e-16,DB03
202108201200,104,23.6,0,0,-1.0,-1.8369701987210297e-16,DB03
202108201300,104,25.0,0,0,-0.3420201433256686,0.9396926207859084,DB03
202108201400,104,24.2,0,0,-0.3420201433256686,0.9396926207859084,DB03
202108201500,104,24.9,0,0,-0.3420201433256686,0.9396926207859084,DB02
202108201600,104,24.4,0,0,-0.3420201433256686,0.9396926207859084,DB02
202108201700,104,23.1,0,0,-0.6427876096865396,0.7660444431189778,DB03
202108201800,104,23.1,0,0,0.3420201433256687,0.9396926207859084,DB03
202108201900,104,22.9,0,0,0.3420201433256687,0.9396926207859084,DB02
202108202000,104,22.6,0,0,0.3420201433256687,0.9396926207859084,DB03
202108202100,104,22.1,0,0,0.6427876096865395,-0.7660444431189779,DB03
202108202200,104,21.3,0,0,0.9396926207859084,-0.3420201433256687,DB01
202108202300,104,20.6,0,0,0.0,1.0,DB02
202108210000,104,20.4,0,0,0.0,1.0,DB03
202108210100,104,20.3,0,0,0.766044443118978,0.6427876096865394,DB03
202108210200,104,19.7,0,0,0.0,1.0,DB02
202108210300,104,19.9,0,0,1.2246467991473532e-16,-1.0,DB03
202108210400,104,20.5,0,0,0.766044443118978,0.6427876096865394,DB03
202108210500,104,20.4,0,0,0.3420201433256687,0.9396926207859084,DB03
202108210600,104,20.1,0,0,0.0,1.0,DB04
202108210700,104,21.0,0,0,0.3420201433256687,0.9396926207859084,DB04
202108210800,104,22.4,0,0,0.9396926207859083,0.3420201433256688,DB04
202108210900,104,23.2,0,0,0.0,1.0,DB04
202108211000,104,22.7,100,1,0.766044443118978,0.6427876096865394,DB04
202108211100,104,22.8,100,1,0.0,1.0,DB04
202108211200,104,22.5,100,1,0.0,1.0,DB04
202108211300,104,22.7,100,1,0.0,1.0,DB04
202108211400,104,23.1,100,1,0.3420201433256687,0.9396926207859084,DB04
202108211500,104,24.3,0,0,0.3420201433256687,0.9396926207859084,DB04
202108211600,104,23.7,0,0,0.766044443118978,0.6427876096865394,DB04
202108211700,104,26.3,100,1,0.766044443118978,0.6427876096865394,DB03
202108211800,104,27.6,0,0,0.766044443118978,0.6427876096865394,DB03
202108211900,104,26.4,0,0,1.0,6.123233995736766e-17,DB04
202108212000,104,26.6,0,0,0.9396926207859083,0.3420201433256688,DB03
202108212100,104,26.1,0,0,0.3420201433256687,0.9396926207859084,DB03
202108212200,104,26.0,0,0,0.766044443118978,0.6427876096865394,DB02
202108212300,104,25.7,0,0,0.3420201433256689,-0.9396926207859083,DB01
202108220000,104,25.3,0,0,1.0,6.123233995736766e-17,DB02
202108220100,104,25.3,0,0,1.0,6.123233995736766e-17,DB02
202108220200,104,24.6,0,0,0.766044443118978,0.6427876096865394,DB01
202108220300,104,24.6,0,0,0.9396926207859083,0.3420201433256688,DB02
202108220400,104,24.3,0,0,0.9396926207859083,0.3420201433256688,DB02
202108220500,104,23.9,0,0,0.9396926207859083,0.3420201433256688,DB02
202108220600,104,23.5,0,0,0.9396926207859083,0.3420201433256688,DB02
202108220700,104,23.9,0,0,1.0,6.123233995736766e-17,DB02
202108220800,104,24.1,0,0,0.6427876096865395,-0.7660444431189779,DB03
202108220900,104,24.8,0,0,0.766044443118978,0.6427876096865394,DB04
202108221000,104,25.6,0,0,0.9396926207859083,0.3420201433256688,DB04
202108221100,104,25.9,0,0,0.9396926207859083,0.3420201433256688,DB04
202108221200,104,26.0,0,0,0.766044443118978,0.6427876096865394,DB04
202108221300,104,26.1,0,0,0.9396926207859083,0.3420201433256688,DB04
202108221400,104,26.1,0,0,-0.7660444431189779,-0.6427876096865395,DB04
202108221500,104,26.8,0,0,0.0,1.0,DB04
202108221600,104,26.4,0,0,0.0,1.0,DB03
202108221700,104,25.8,0,0,1.0,6.123233995736766e-17,DB04
202108221800,104,25.3,0,0,0.9396926207859084,-0.3420201433256687,DB04
202108221900,104,24.7,0,0,0.9396926207859084,-0.3420201433256687,DB03
202108222000,104,23.9,0,0,0.766044443118978,0.6427876096865394,DB04
202108222100,104,24.2,0,0,1.0,6.123233995736766e-17,DB03
202108222200,104,24.8,0,0,0.9396926207859084,-0.3420201433256687,DB04
202108222300,104,24.1,0,0,0.9396926207859083,0.3420201433256688,DB04
202108230000,104,25.1,0,0,1.0,6.123233995736766e-17,DB03
202108230100,104,23.3,0,0,1.0,6.123233995736766e-17,DB04
202108230200,104,22.9,0,0,0.766044443118978,0.6427876096865394,DB03
202108230300,104,22.6,0,0,0.9396926207859083,0.3420201433256688,DB02
202108230400,104,22.4,0,0,0.9396926207859083,0.3420201433256688,DB03
202108230500,104,22.8,0,0,0.9396926207859083,0.3420201433256688,DB03
202108230600,104,22.4,0,0,0.766044443118978,0.6427876096865394,DB04
202108230700,104,22.8,0,0,0.9396926207859083,0.3420201433256688,DB04
202108230800,104,23.9,0,0,1.0,6.123233995736766e-17,DB04
202108230900,104,24.3,0,0,0.766044443118978,0.6427876096865394,DB04
202108231000,104,24.0,0,0,0.0,1.0,DB04
202108231100,104,24.4,0,0,1.0,6.123233995736766e-17,DB04
202108231200,104,25.0,0,0,0.766044443118978,0.6427876096865394,DB04
202108231300,104,25.1,0,0,0.9396926207859083,0.3420201433256688,DB04
202108231400,104,24.8,0,0,0.6427876096865395,-0.7660444431189779,DB04
202108231500,104,23.9,0,0,0.0,1.0,DB04
202108231600,104,22.9,0,0,0.766044443118978,0.6427876096865394,DB04
202108231700,104,21.9,0,0,0.766044443118978,0.6427876096865394,DB04
202108231800,104,21.4,0,0,0.0,1.0,DB04
202108231900,104,22.4,0,0,0.766044443118978,0.6427876096865394,DB04
202108232000,104,23.1,0,0,0.3420201433256687,0.9396926207859084,DB04
202108232100,104,22.8,0,0,0.766044443118978,0.6427876096865394,DB04
202108232200,104,20.5,100,1,0.0,1.0,DB04
202108232300,104,20.5,100,1,0.3420201433256687,0.9396926207859084,DB04
202108240000,104,20.4,100,1,0.766044443118978,0.6427876096865394,DB04
202108240100,104,20.2,100,1,0.6427876096865395,-0.7660444431189779,DB04
202108240200,104,20.2,100,1,-0.7660444431189779,-0.6427876096865395,DB04
202108240300,104,19.9,100,1,-0.7660444431189779,-0.6427876096865395,DB04
202108240400,104,19.9,100,1,0.0,1.0,DB04
202108240500,104,19.7,100,1,0.3420201433256689,-0.9396926207859083,DB04
202108240600,104,19.8,100,1,1.2246467991473532e-16,-1.0,DB04
202108240700,104,19.8,100,1,0.3420201433256689,-0.9396926207859083,DB04
202108240800,104,20.2,100,1,0.3420201433256689,-0.9396926207859083,DB04
202108240900,104,20.5,0,0,1.2246467991473532e-16,-1.0,DB04
202108241000,104,20.7,0,0,0.0,1.0,DB04
202108241100,104,20.6,100,1,0.0,1.0,DB04
202108241200,104,21.1,100,1,0.0,1.0,DB04
202108241300,104,22.5,100,1,0.3420201433256687,0.9396926207859084,DB04
202108241400,104,22.6,0,0,-0.3420201433256686,0.9396926207859084,DB04
202108241500,104,22.8,0,0,0.0,1.0,DB04
202108241600,104,22.7,0,0,0.0,1.0,DB04
202108241700,104,22.4,100,1,0.3420201433256687,0.9396926207859084,DB04
202108241800,104,22.5,100,1,0.0,1.0,DB04
202108241900,104,22.1,0,0,0.3420201433256689,-0.9396926207859083,DB04
202108242000,104,22.1,100,1,0.3420201433256689,-0.9396926207859083,DB04
202108242100,104,21.9,0,0,1.2246467991473532e-16,-1.0,DB04
202108242200,104,21.9,0,0,-0.34202014332566866,-0.9396926207859084,DB04
202108242300,104,21.6,0,0,1.2246467991473532e-16,-1.0,DB04
202108250000,104,21.6,0,0,0.3420201433256689,-0.9396926207859083,DB04
202108250100,104,21.5,0,0,1.2246467991473532e-16,-1.0,DB04
202108250200,104,21.4,0,0,1.2246467991473532e-16,-1.0,DB04
202108250300,104,21.4,0,0,1.2246467991473532e-16,-1.0,DB04
202108250400,104,21.4,0,0,0.3420201433256689,-0.9396926207859083,DB04
202108250500,104,21.3,0,0,0.0,1.0,DB04
202108250600,104,21.3,0,0,0.0,1.0,DB04
202108250700,104,21.5,0,0,1.2246467991473532e-16,-1.0,DB04
202108250800,104,21.6,0,0,0.0,1.0,DB04
202108250900,104,22.0,0,0,0.766044443118978,0.6427876096865394,DB04
202108251000,104,22.4,0,0,0.766044443118978,0.6427876096865394,DB04
202108251100,104,22.3,100,1,0.0,1.0,DB04
202108251200,104,22.9,100,1,0.0,1.0,DB04
202108251300,104,22.5,0,0,-0.9396926207859084,-0.34202014332566855,DB04
202108251400,104,22.1,0,0,-0.34202014332566866,-0.9396926207859084,DB04
202108251500,104,22.3,0,0,0.0,1.0,DB04
202108251600,104,22.2,100,1,0.0,1.0,DB04
202108251700,104,22.2,100,1,0.0,1.0,DB04
202108251800,104,21.6,100,1,0.0,1.0,DB04
202108251900,104,21.8,100,1,0.0,1.0,DB04
202108252000,104,21.6,0,0,0.0,1.0,DB04
202108252100,104,21.4,0,0,0.0,1.0,DB02
202108252200,104,20.8,0,0,0.0,1.0,DB02
202108252300,104,20.9,0,0,0.0,1.0,DB04
202108260000,104,21.0,0,0,-0.7660444431189779,-0.6427876096865395,DB03
202108260100,104,20.6,0,0,0.0,1.0,DB04
202108260200,104,20.3,0,0,1.0,6.123233995736766e-17,DB02
202108260300,104,19.9,0,0,0.0,1.0,DB02
202108260400,104,19.7,0,0,0.9396926207859084,-0.3420201433256687,DB03
202108260500,104,19.7,0,0,0.0,1.0,DB03
202108260600,104,19.4,0,0,0.0,1.0,DB03
202108260700,104,20.4,0,0,0.0,1.0,DB03
202108260800,104,21.0,0,0,0.0,1.0,DB04
202108260900,104,22.1,0,0,0.0,1.0,DB04
202108261000,104,22.8,0,0,0.0,1.0,DB04
202108261100,104,24.6,0,0,0.0,1.0,DB04
202108261200,104,25.1,0,0,-0.7660444431189779,-0.6427876096865395,DB03
202108261300,104,23.8,0,0,-0.6427876096865396,0.7660444431189778,DB03
202108261400,104,23.3,0,0,-0.9396926207859083,0.342020143325669,DB04
202108261500,104,23.2,0,0,0.6427876096865395,-0.7660444431189779,DB03
202108261600,104,23.5,0,0,1.2246467991473532e-16,-1.0,DB04
202108261700,104,23.6,0,0,0.0,1.0,DB03
202108261800,104,24.0,0,0,-0.34202014332566866,-0.9396926207859084,DB03
202108261900,104,25.3,0,0,1.0,6.123233995736766e-17,DB04
202108262000,104,27.1,0,0,0.3420201433256689,-0.9396926207859083,DB04
202108262100,104,25.8,0,0,0.9396926207859083,0.3420201433256688,DB04
202108262200,104,25.6,0,0,0.9396926207859083,0.3420201433256688,DB04
202108262300,104,26.2,0,0,0.9396926207859084,-0.3420201433256687,DB04
202108270000,104,26.1,0,0,0.9396926207859084,-0.3420201433256687,DB04
202108270100,104,26.1,0,0,0.9396926207859084,-0.3420201433256687,DB04
202108270200,104,26.0,0,0,0.9396926207859084,-0.3420201433256687,DB04
202108270300,104,25.8,0,0,0.6427876096865395,-0.7660444431189779,DB04
202108270400,104,25.5,0,0,0.6427876096865395,-0.7660444431189779,DB04
202108270500,104,25.1,0,0,0.6427876096865395,-0.7660444431189779,DB04
202108270600,104,25.0,0,0,0.9396926207859084,-0.3420201433256687,DB04
202108270700,104,23.1,0,0,0.0,1.0,DB04
202108270800,104,23.6,0,0,0.3420201433256687,0.9396926207859084,DB04
202108270900,104,23.2,0,0,0.6427876096865395,-0.7660444431189779,DB04
202108271000,104,23.9,0,0,-0.7660444431189779,-0.6427876096865395,DB04
202108271100,104,23.4,0,0,1.2246467991473532e-16,-1.0,DB04
202108271200,104,22.6,0,0,0.3420201433256687,0.9396926207859084,DB04
202108271300,104,22.8,0,0,0.0,1.0,DB04
202108271400,104,22.5,100,1,0.766044443118978,0.6427876096865394,DB04
202108271500,104,22.5,0,0,0.3420201433256689,-0.9396926207859083,DB04
202108271600,104,22.5,0,0,0.6427876096865395,-0.7660444431189779,DB04
202108271700,104,22.2,0,0,0.766044443118978,0.6427876096865394,DB04
202108271800,104,21.9,100,1,0.766044443118978,0.6427876096865394,DB04
202108271900,104,21.9,0,0,0.3420201433256689,-0.9396926207859083,DB04
202108272000,104,21.1,0,0,0.3420201433256687,0.9396926207859084,DB04
202108272100,104,21.1,0,0,0.9396926207859083,0.3420201433256688,DB04
202108272200,104,20.8,0,0,-0.9396926207859083,0.342020143325669,DB04
202108272300,104,19.6,0,0,1.0,6.123233995736766e-17,DB02
202108280000,104,19.5,0,0,1.0,6.123233995736766e-17,DB02
202108280100,104,20.2,0,0,0.9396926207859083,0.3420201433256688,DB03
202108280200,104,17.7,0,0,0.0,1.0,DB02
202108280300,104,19.3,0,0,1.0,6.123233995736766e-17,DB04
202108280400,104,18.8,0,0,1.0,6.123233995736766e-17,DB04
202108280500,104,19.9,0,0,0.766044443118978,0.6427876096865394,DB04
202108280600,104,20.6,0,0,0.766044443118978,0.6427876096865394,DB04
202108280700,104,21.2,0,0,0.9396926207859083,0.3420201433256688,DB02
202108280800,104,23.9,0,0,0.766044443118978,0.6427876096865394,DB03
202108280900,104,24.8,0,0,0.9396926207859083,0.3420201433256688,DB03
202108281000,104,26.1,0,0,0.0,1.0,DB03
202108281100,104,25.8,0,0,0.3420201433256687,0.9396926207859084,DB03
202108281200,104,28.0,0,0,0.766044443118978,0.6427876096865394,DB03
202108281300,104,26.9,0,0,-0.9396926207859083,0.342020143325669,DB03
202108281400,104,26.6,0,0,-0.3420201433256686,0.9396926207859084,DB02
202108281500,104,26.0,0,0,-0.3420201433256686,0.9396926207859084,DB02
202108281600,104,26.3,0,0,0.0,1.0,DB03
202108281700,104,25.9,0,0,0.0,1.0,DB03
202108281800,104,24.8,0,0,0.0,1.0,DB03
202108281900,104,22.5,0,0,0.6427876096865395,-0.7660444431189779,DB03
202108282000,104,22.1,0,0,0.766044443118978,0.6427876096865394,DB03
202108282100,104,22.9,0,0,1.0,6.123233995736766e-17,DB02
202108282200,104,23.6,0,0,1.0,6.123233995736766e-17,DB02
202108282300,104,23.8,0,0,0.766044443118978,0.6427876096865394,DB02
202108290000,104,22.1,0,0,0.766044443118978,0.6427876096865394,DB03
202108290100,104,21.1,0,0,0.9396926207859084,-0.3420201433256687,DB02
202108290200,104,21.1,0,0,0.9396926207859084,-0.3420201433256687,DB03
202108290300,104,21.2,0,0,0.9396926207859083,0.3420201433256688,DB03
202108290400,104,20.5,0,0,1.0,6.123233995736766e-17,DB04
202108290500,104,20.8,0,0,0.766044443118978,0.6427876096865394,DB04
202108290600,104,20.4,0,0,0.766044443118978,0.6427876096865394,DB04
202108290700,104,21.0,0,0,0.766044443118978,0.6427876096865394,DB04
202108290800,104,21.2,0,0,0.766044443118978,0.6427876096865394,DB04
202108290900,104,21.4,0,0,0.766044443118978,0.6427876096865394,DB04
202108291000,104,22.5,0,0,0.766044443118978,0.6427876096865394,DB04
202108291100,104,22.6,0,0,0.766044443118978,0.6427876096865394,DB04
202108291200,104,23.4,0,0,0.766044443118978,0.6427876096865394,DB04
202108291300,104,26.6,0,0,0.3420201433256687,0.9396926207859084,DB03
202108291400,104,27.6,0,0,-0.6427876096865396,0.7660444431189778,DB03
202108291500,104,27.8,0,0,-0.9396926207859084,-0.34202014332566855,DB02
202108291600,104,26.2,0,0,-0.6427876096865396,0.7660444431189778,DB02
202108291700,104,26.3,0,0,-0.7660444431189779,-0.6427876096865395,DB03
202108291800,104,24.7,0,0,0.0,1.0,DB02
202108291900,104,22.4,0,0,0.0,1.0,DB02
202108292000,104,21.6,0,0,0.0,1.0,DB03
202108292100,104,21.4,0,0,0.9396926207859083,0.3420201433256688,DB02
202108292200,104,22.0,0,0,0.766044443118978,0.6427876096865394,DB03
202108292300,104,20.8,0,0,0.9396926207859083,0.3420201433256688,DB04
202108300000,104,23.1,0,0,0.9396926207859084,-0.3420201433256687,DB04
202108300100,104,22.1,0,0,0.9396926207859083,0.3420201433256688,DB03
202108300200,104,20.7,0,0,0.3420201433256687,0.9396926207859084,DB04
202108300300,104,21.0,0,0,1.0,6.123233995736766e-17,DB04
202108300400,104,20.1,0,0,0.3420201433256687,0.9396926207859084,DB03
202108300500,104,21.3,0,0,0.766044443118978,0.6427876096865394,DB04
202108300600,104,21.6,0,0,0.766044443118978,0.6427876096865394,DB04
202108300700,104,21.9,0,0,0.9396926207859083,0.3420201433256688,DB04
202108300800,104,22.2,0,0,0.766044443118978,0.6427876096865394,DB04
202108300900,104,23.9,0,0,0.766044443118978,0.6427876096865394,DB04
202108301000,104,24.9,0,0,1.0,6.123233995736766e-17,DB03
202108301100,104,27.3,0,0,0.766044443118978,0.6427876096865394,DB03
202108301200,104,28.1,0,0,0.3420201433256687,0.9396926207859084,DB03
202108301300,104,26.4,0,0,-0.9396926207859083,0.342020143325669,DB03
202108301400,104,26.7,0,0,-0.6427876096865396,0.7660444431189778,DB03
202108301500,104,25.4,0,0,-0.3420201433256686,0.9396926207859084,DB03
202108301600,104,25.0,0,0,-0.3420201433256686,0.9396926207859084,DB04
202108301700,104,24.2,0,0,-0.3420201433256686,0.9396926207859084,DB04
202108301800,104,23.1,0,0,-0.9396926207859083,0.342020143325669,DB04
202108301900,104,21.8,0,0,0.0,1.0,DB04
202108302000,104,21.2,0,0,0.9396926207859084,-0.3420201433256687,DB03
202108302100,104,20.4,0,0,0.0,1.0,DB03
202108302200,104,20.2,0,0,0.9396926207859083,0.3420201433256688,DB02
202108302300,104,19.6,0,0,0.0,1.0,DB02
202108310000,104,20.6,0,0,1.0,6.123233995736766e-17,DB02
202108310100,104,19.1,0,0,1.0,6.123233995736766e-17,DB02
202108310200,104,19.6,0,0,0.0,1.0,DB02
202108310300,104,19.9,0,0,0.9396926207859083,0.3420201433256688,DB03
202108310400,104,20.5,0,0,0.9396926207859083,0.3420201433256688,DB03
202108310500,104,20.5,0,0,0.9396926207859083,0.3420201433256688,DB03
202108310600,104,19.6,0,0,0.9396926207859083,0.3420201433256688,DB03
202108310700,104,19.6,0,0,0.0,1.0,DB04
202108310800,104,20.0,0,0,0.3420201433256687,0.9396926207859084,DB04
202108310900,104,21.8,0,0,0.6427876096865395,-0.7660444431189779,DB04
202108311000,104,23.8,0,0,0.0,1.0,DB04
202108311100,104,23.3,0,0,-0.7660444431189779,-0.6427876096865395,DB04
202108311200,104,23.9,0,0,-0.34202014332566866,-0.9396926207859084,DB04
202108311300,104,23.3,0,0,-0.7660444431189779,-0.6427876096865395,DB04
202108311400,104,22.7,0,0,1.2246467991473532e-16,-1.0,DB04
202108311500,104,22.5,0,0,0.3420201433256689,-0.9396926207859083,DB04
202108311600,104,21.8,100,1,-0.7660444431189779,-0.6427876096865395,DB04
202108311700,104,20.3,100,1,1.2246467991473532e-16,-1.0,DB04
202108311800,104,18.6,100,1,0.3420201433256689,-0.9396926207859083,DB04
202108311900,104,17.5,100,1,0.6427876096865395,-0.7660444431189779,DB04
202108312000,104,16.1,100,1,0.9396926207859084,-0.3420201433256687,DB04
202108312100,104,16.1,100,1,0.3420201433256687,0.9396926207859084,DB04
202108312200,104,16.5,100,1,0.0,1.0,DB04
202108312300,104,16.5,100,1,1.2246467991473532e-16,-1.0,DB04
202109010000,104,16.7,100,1,0.3420201433256689,-0.9396926207859083,DB04
202109010100,104,17.0,100,1,1.2246467991473532e-16,-1.0,DB04
202109010200,104,17.3,100,1,0.3420201433256689,-0.9396926207859083,DB04
202109010300,104,17.9,100,1,-0.6427876096865396,0.7660444431189778,DB04
202109010400,104,17.4,100,1,0.3420201433256687,0.9396926207859084,DB04
202109010500,104,17.8,100,1,0.0,1.0,DB04
202109010600,104,17.9,100,1,0.0,1.0,DB04
202109010700,104,18.0,100,1,0.9396926207859083,0.3420201433256688,DB04
202109010800,104,18.0,100,1,0.6427876096865395,-0.7660444431189779,DB04
202109010900,104,18.2,100,1,1.2246467991473532e-16,-1.0,DB04
202109011000,104,18.5,100,1,0.0,1.0,DB04
202109011100,104,18.9,100,1,0.3420201433256689,-0.9396926207859083,DB04
202109011200,104,19.1,100,1,0.3420201433256689,-0.9396926207859083,DB04
202109011300,104,19.5,100,1,1.2246467991473532e-16,-1.0,DB04
202109011400,104,19.5,100,1,1.2246467991473532e-16,-1.0,DB04
202109011500,104,19.3,100,1,-1.0,-1.8369701987210297e-16,DB04
202109011600,104,19.6,100,1,-0.3420201433256686,0.9396926207859084,DB04
202109011700,104,19.8,100,1,-1.0,-1.8369701987210297e-16,DB04
202109011800,104,19.3,100,1,0.0,1.0,DB04
202109011900,104,19.1,100,1,0.0,1.0,DB04
202109012000,104,19.0,100,1,0.9396926207859084,-0.3420201433256687,DB04
202109012100,104,19.1,100,1,0.3420201433256689,-0.9396926207859083,DB04
202109012200,104,18.8,0,0,0.0,1.0,DB03
202109012300,104,18.9,0,0,0.6427876096865395,-0.7660444431189779,DB02
202109020000,104,18.5,0,0,0.6427876096865395,-0.7660444431189779,DB03
202109020100,104,18.3,0,0,0.9396926207859084,-0.3420201433256687,DB02
202109020200,104,18.2,0,0,0.0,1.0,DB02
202109020300,104,18.3,0,0,1.0,6.123233995736766e-17,DB04
202109020400,104,18.2,0,0,0.3420201433256689,-0.9396926207859083,DB03
202109020500,104,17.8,0,0,0.6427876096865395,-0.7660444431189779,DB01
202109020600,104,17.4,0,0,0.0,1.0,DB02
202109020700,104,18.1,0,0,0.0,1.0,DB02
202109020800,104,20.5,0,0,0.6427876096865395,-0.7660444431189779,DB02
202109020900,104,21.2,0,0,-0.34202014332566866,-0.9396926207859084,DB02
202109021000,104,21.7,0,0,-0.9396926207859084,-0.34202014332566855,DB03
202109021100,104,22.4,0,0,-0.9396926207859084,-0.34202014332566855,DB03
202109021200,104,22.3,0,0,-0.9396926207859084,-0.34202014332566855,DB03
202109021300,104,22.0,0,0,-0.9396926207859084,-0.34202014332566855,DB03
202109021400,104,22.5,0,0,-0.6427876096865396,0.7660444431189778,DB03
202109021500,104,22.8,0,0,-0.6427876096865396,0.7660444431189778,DB03
202109021600,104,22.0,0,0,-0.6427876096865396,0.7660444431189778,DB03
202109021700,104,21.6,0,0,-0.6427876096865396,0.7660444431189778,DB03
202109021800,104,21.4,0,0,0.0,1.0,DB04
202109021900,104,21.0,0,0,0.0,1.0,DB03
202109022000,104,20.2,0,0,0.3420201433256687,0.9396926207859084,DB03
202109022100,104,19.9,0,0,0.0,1.0,DB04
202109022200,104,19.1,0,0,0.0,1.0,DB03
202109022300,104,18.2,0,0,0.0,1.0,DB03
202109030000,104,18.4,0,0,0.9396926207859084,-0.3420201433256687,DB03
202109030100,104,18.1,0,0,0.0,1.0,DB03
202109030200,104,18.5,0,0,0.6427876096865395,-0.7660444431189779,DB03
202109030300,104,18.4,0,0,0.6427876096865395,-0.7660444431189779,DB02
202109030400,104,18.3,0,0,0.6427876096865395,-0.7660444431189779,DB03
202109030500,104,17.7,0,0,0.9396926207859084,-0.3420201433256687,DB02
202109030600,104,17.4,0,0,0.6427876096865395,-0.7660444431189779,DB01
202109030700,104,18.9,0,0,0.0,1.0,DB02
202109030800,104,21.0,0,0,0.3420201433256689,-0.9396926207859083,DB02
202109030900,104,22.0,0,0,-1.0,-1.8369701987210297e-16,DB03
202109031000,104,21.9,0,0,-1.0,-1.8369701987210297e-16,DB02
202109031100,104,23.1,0,0,-0.9396926207859083,0.342020143325669,DB02
202109031200,104,23.4,0,0,-1.0,-1.8369701987210297e-16,DB02
202109031300,104,23.3,0,0,-0.9396926207859084,-0.34202014332566855,DB02
202109031400,104,23.3,0,0,-0.9396926207859084,-0.34202014332566855,DB02
202109031500,104,22.8,0,0,-0.9396926207859084,-0.34202014332566855,DB01
202109031600,104,22.6,0,0,-1.0,-1.8369701987210297e-16,DB01
202109031700,104,22.0,0,0,-0.9396926207859084,-0.34202014332566855,DB02
202109031800,104,21.3,0,0,1.2246467991473532e-16,-1.0,DB02
202109031900,104,19.2,0,0,0.6427876096865395,-0.7660444431189779,DB01
202109032000,104,18.7,0,0,0.6427876096865395,-0.7660444431189779,DB01
202109032100,104,18.3,0,0,0.6427876096865395,-0.7660444431189779,DB01
202109032200,104,18.4,0,0,0.6427876096865395,-0.7660444431189779,DB01
202109032300,104,18.3,0,0,0.6427876096865395,-0.7660444431189779,DB02
202109040000,104,18.3,0,0,0.6427876096865395,-0.7660444431189779,DB01
202109040100,104,18.4,0,0,0.6427876096865395,-0.7660444431189779,DB02
202109040200,104,18.4,0,0,0.6427876096865395,-0.7660444431189779,DB01
202109040300,104,17.8,0,0,0.3420201433256689,-0.9396926207859083,DB01
202109040400,104,17.2,0,0,0.6427876096865395,-0.7660444431189779,DB01
202109040500,104,16.6,0,0,0.6427876096865395,-0.7660444431189779,DB02
202109040600,104,17.6,0,0,0.6427876096865395,-0.7660444431189779,DB03
202109040700,104,17.9,0,0,1.2246467991473532e-16,-1.0,DB04
202109040800,104,18.0,100,1,0.6427876096865395,-0.7660444431189779,DB04
202109040900,104,19.3,0,0,0.9396926207859083,0.3420201433256688,DB04
202109041000,104,21.4,0,0,0.3420201433256689,-0.9396926207859083,DB04
202109041100,104,22.9,0,0,-0.34202014332566866,-0.9396926207859084,DB03
202109041200,104,23.2,0,0,-0.7660444431189779,-0.6427876096865395,DB02
202109041300,104,22.7,0,0,-0.9396926207859084,-0.34202014332566855,DB03
202109041400,104,22.0,0,0,0.3420201433256689,-0.9396926207859083,DB03
202109041500,104,23.5,0,0,-0.7660444431189779,-0.6427876096865395,DB02
202109041600,104,23.0,0,0,-0.7660444431189779,-0.6427876096865395,DB02
202109041700,104,23.0,0,0,-0.7660444431189779,-0.6427876096865395,DB02
202109041800,104,21.9,0,0,-0.34202014332566866,-0.9396926207859084,DB02
202109041900,104,18.7,0,0,0.6427876096865395,-0.7660444431189779,DB02
202109042000,104,18.0,0,0,0.6427876096865395,-0.7660444431189779,DB02
202109042100,104,19.0,0,0,0.3420201433256689,-0.9396926207859083,DB03
202109042200,104,19.8,0,0,0.3420201433256689,-0.9396926207859083,DB04
202109042300,104,19.7,0,0,-0.34202014332566866,-0.9396926207859084,DB04
202109050000,104,18.8,0,0,0.3420201433256689,-0.9396926207859083,DB03
202109050100,104,18.8,0,0,0.766044443118978,0.6427876096865394,DB04
202109050200,104,18.4,0,0,0.6427876096865395,-0.7660444431189779,DB03
202109050300,104,18.1,0,0,0.0,1.0,DB03
202109050400,104,19.3,0,0,0.3420201433256689,-0.9396926207859083,DB03
202109050500,104,18.8,0,0,1.2246467991473532e-16,-1.0,DB03
202109050600,104,19.3,0,0,0.3420201433256689,-0.9396926207859083,DB04
202109050700,104,19.2,0,0,1.2246467991473532e-16,-1.0,DB04
202109050800,104,19.6,0,0,1.2246467991473532e-16,-1.0,DB04
202109050900,104,20.7,0,0,0.6427876096865395,-0.7660444431189779,DB03
202109051000,104,22.8,0,0,-0.34202014332566866,-0.9396926207859084,DB03
202109051100,104,22.8,0,0,-0.9396926207859084,-0.34202014332566855,DB03
202109051200,104,22.9,0,0,-0.7660444431189779,-0.6427876096865395,DB03
202109051300,104,23.7,0,0,-0.7660444431189779,-0.6427876096865395,DB03
202109051400,104,23.7,0,0,-0.7660444431189779,-0.6427876096865395,DB03
202109051500,104,24.1,0,0,-0.34202014332566866,-0.9396926207859084,DB02
202109051600,104,23.9,0,0,-0.34202014332566866,-0.9396926207859084,DB02
202109051700,104,22.5,0,0,-0.7660444431189779,-0.6427876096865395,DB04
202109051800,104,21.6,0,0,-0.34202014332566866,-0.9396926207859084,DB03
202109051900,104,20.3,0,0,1.2246467991473532e-16,-1.0,DB03
202109052000,104,19.6,0,0,1.2246467991473532e-16,-1.0,DB03
202109052100,104,19.9,0,0,0.3420201433256689,-0.9396926207859083,DB02
202109052200,104,19.4,0,0,0.0,1.0,DB03
202109052300,104,19.7,0,0,0.3420201433256689,-0.9396926207859083,DB03
202109060000,104,19.3,100,1,0.3420201433256689,-0.9396926207859083,DB02
202109060100,104,18.7,0,0,0.6427876096865395,-0.7660444431189779,DB03
202109060200,104,18.4,0,0,0.3420201433256689,-0.9396926207859083,DB03
202109060300,104,18.3,100,1,0.6427876096865395,-0.7660444431189779,DB02
202109060400,104,18.7,0,0,0.3420201433256689,-0.9396926207859083,DB02
202109060500,104,18.4,0,0,0.3420201433256689,-0.9396926207859083,DB02
202109060600,104,18.4,0,0,0.6427876096865395,-0.7660444431189779,DB03
202109060700,104,19.0,0,0,0.0,1.0,DB03
202109060800,104,20.1,0,0,0.0,1.0,DB03
202109060900,104,22.5,0,0,-1.0,-1.8369701987210297e-16,DB03
202109061000,104,23.1,0,0,-0.9396926207859083,0.342020143325669,DB03
202109061100,104,23.7,0,0,-0.6427876096865396,0.7660444431189778,DB03
202109061200,104,24.0,0,0,-0.6427876096865396,0.7660444431189778,DB04
202109061300,104,23.5,0,0,-0.3420201433256686,0.9396926207859084,DB04
202109061400,104,23.0,0,0,0.0,1.0,DB04
202109061500,104,23.0,0,0,-0.3420201433256686,0.9396926207859084,DB04
202109061600,104,22.8,0,0,0.0,1.0,DB04
202109061700,104,20.3,100,1,0.3420201433256687,0.9396926207859084,DB04
202109061800,104,20.2,100,1,0.3420201433256687,0.9396926207859084,DB04
202109061900,104,19.8,0,0,0.3420201433256687,0.9396926207859084,DB04
202109062000,104,19.3,0,0,0.0,1.0,DB04
202109062100,104,19.9,0,0,0.0,1.0,DB04
202109062200,104,19.1,100,1,0.0,1.0,DB04
202109062300,104,18.7,0,0,0.0,1.0,DB04
202109070000,104,18.8,100,1,0.0,1.0,DB04
202109070100,104,18.6,0,0,0.766044443118978,0.6427876096865394,DB04
202109070200,104,18.9,0,0,0.766044443118978,0.6427876096865394,DB04
202109070300,104,19.0,0,0,0.766044443118978,0.6427876096865394,DB04
202109070400,104,18.8,100,1,0.9396926207859083,0.3420201433256688,DB04
202109070500,104,18.2,100,1,0.3420201433256687,0.9396926207859084,DB04
202109070600,104,17.4,100,1,0.766044443118978,0.6427876096865394,DB04
202109070700,104,16.9,100,1,0.3420201433256687,0.9396926207859084,DB04
202109070800,104,17.1,100,1,0.3420201433256687,0.9396926207859084,DB04
202109070900,104,17.6,100,1,0.0,1.0,DB04
202109071000,104,18.2,100,1,0.766044443118978,0.6427876096865394,DB04
202109071100,104,18.5,0,0,0.3420201433256689,-0.9396926207859083,DB04
202109071200,104,18.9,100,1,0.6427876096865395,-0.7660444431189779,DB04
202109071300,104,19.4,100,1,0.0,1.0,DB04
202109071400,104,20.1,100,1,0.3420201433256689,-0.9396926207859083,DB04
202109071500,104,20.0,100,1,-0.34202014332566866,-0.9396926207859084,DB04
202109071600,104,20.2,100,1,-0.34202014332566866,-0.9396926207859084,DB04
202109071700,104,19.9,100,1,-0.7660444431189779,-0.6427876096865395,DB04
202109071800,104,19.6,0,0,1.2246467991473532e-16,-1.0,DB04
202109071900,104,19.4,0,0,0.6427876096865395,-0.7660444431189779,DB04
202109072000,104,19.7,0,0,0.0,1.0,DB04
202109072100,104,19.7,0,0,0.3420201433256689,-0.9396926207859083,DB04
202109072200,104,19.8,0,0,0.3420201433256689,-0.9396926207859083,DB03
202109072300,104,19.7,100,1,1.2246467991473532e-16,-1.0,DB04
202109080000,104,19.1,100,1,1.2246467991473532e-16,-1.0,DB04
202109080100,104,19.0,100,1,1.2246467991473532e-16,-1.0,DB04
202109080200,104,18.8,100,1,1.2246467991473532e-16,-1.0,DB04
202109080300,104,18.9,100,1,1.2246467991473532e-16,-1.0,DB04
202109080400,104,18.8,0,0,1.2246467991473532e-16,-1.0,DB04
202109080500,104,18.4,100,1,1.2246467991473532e-16,-1.0,DB04
202109080600,104,18.5,100,1,0.3420201433256689,-0.9396926207859083,DB04
202109080700,104,18.7,100,1,1.2246467991473532e-16,-1.0,DB04
202109080800,104,18.7,0,0,0.3420201433256689,-0.9396926207859083,DB04
202109080900,104,19.2,100,1,0.3420201433256689,-0.9396926207859083,DB04
202109081000,104,21.4,0,0,0.3420201433256689,-0.9396926207859083,DB04
202109081100,104,21.5,0,0,-0.7660444431189779,-0.6427876096865395,DB04
202109081200,104,21.4,0,0,-0.9396926207859084,-0.34202014332566855,DB03
202109081300,104,22.0,0,0,-0.9396926207859084,-0.34202014332566855,DB03
202109081400,104,22.0,0,0,-1.0,-1.8369701987210297e-16,DB03
202109081500,104,21.7,0,0,-1.0,-1.8369701987210297e-16,DB03
202109081600,104,21.7,0,0,-1.0,-1.8369701987210297e-16,DB03
202109081700,104,21.7,0,0,0.0,1.0,DB02
202109081800,104,21.4,0,0,0.0,1.0,DB02
202109081900,104,19.4,0,0,0.0,1.0,DB02
202109082000,104,19.0,0,0,0.0,1.0,DB02
202109082100,104,18.8,0,0,0.0,1.0,DB01
202109082200,104,18.1,0,0,0.766044443118978,0.6427876096865394,DB02
202109082300,104,17.9,0,0,0.9396926207859083,0.3420201433256688,DB02
202109090000,104,17.1,0,0,1.0,6.123233995736766e-17,DB01
202109090100,104,17.0,0,0,0.0,1.0,DB01
202109090200,104,16.5,0,0,0.3420201433256687,0.9396926207859084,DB01
202109090300,104,17.1,0,0,0.0,1.0,DB02
202109090400,104,18.0,0,0,0.766044443118978,0.6427876096865394,DB02
202109090500,104,18.7,0,0,0.9396926207859083,0.3420201433256688,DB02
202109090600,104,17.4,0,0,0.3420201433256689,-0.9396926207859083,DB03
202109090700,104,18.5,0,0,0.9396926207859083,0.3420201433256688,DB02
202109090800,104,20.9,0,0,0.766044443118978,0.6427876096865394,DB02
202109090900,104,22.7,0,0,0.766044443118978,0.6427876096865394,DB01
202109091000,104,24.1,0,0,0.3420201433256687,0.9396926207859084,DB02
202109091100,104,24.7,0,0,0.3420201433256687,0.9396926207859084,DB02
202109091200,104,24.6,0,0,-0.6427876096865396,0.7660444431189778,DB02
202109091300,104,24.6,0,0,-0.3420201433256686,0.9396926207859084,DB03
202109091400,104,25.0,0,0,-0.3420201433256686,0.9396926207859084,DB03
202109091500,104,25.7,0,0,0.0,1.0,DB02
202109091600,104,25.6,0,0,-0.3420201433256686,0.9396926207859084,DB02
202109091700,104,24.7,0,0,-0.6427876096865396,0.7660444431189778,DB03
202109091800,104,23.5,0,0,0.0,1.0,DB03
202109091900,104,22.2,0,0,0.0,1.0,DB04
202109092000,104,21.6,0,0,0.0,1.0,DB04
202109092100,104,21.4,0,0,0.0,1.0,DB03
202109092200,104,20.4,0,0,0.0,1.0,DB02
202109092300,104,20.5,0,0,1.0,6.123233995736766e-17,DB03
202109100000,104,19.6,0,0,0.766044443118978,0.6427876096865394,DB02
202109100100,104,20.2,0,0,0.9396926207859084,-0.3420201433256687,DB03
202109100200,104,18.6,0,0,0.0,1.0,DB03
202109100300,104,18.7,0,0,0.0,1.0,DB03
202109100400,104,20.1,0,0,1.0,6.123233995736766e-17,DB02
202109100500,104,18.4,0,0,0.0,1.0,DB03
202109100600,104,17.7,0,0,0.0,1.0,DB03
202109100700,104,18.3,0,0,0.0,1.0,DB03
202109100800,104,20.5,0,0,0.766044443118978,0.6427876096865394,DB03
202109100900,104,22.9,0,0,0.766044443118978,0.6427876096865394,DB03
202109101000,104,24.2,0,0,0.0,1.0,DB03
202109101100,104,24.3,0,0,0.0,1.0,DB03
202109101200,104,24.0,0,0,-0.3420201433256686,0.9396926207859084,DB04
202109101300,104,24.6,0,0,-0.3420201433256686,0.9396926207859084,DB03
202109101400,104,24.6,0,0,-1.0,-1.8369701987210297e-16,DB03
202109101500,104,24.7,0,0,0.0,1.0,DB03
202109101600,104,24.4,0,0,-0.9396926207859083,0.342020143325669,DB02
202109101700,104,24.1,0,0,-0.3420201433256686,0.9396926207859084,DB01
202109101800,104,23.2,0,0,-0.9396926207859084,-0.34202014332566855,DB01
202109101900,104,21.3,0,0,0.6427876096865395,-0.7660444431189779,DB01
202109102000,104,20.6,0,0,0.0,1.0,DB01
202109102100,104,19.6,0,0,0.0,1.0,DB01
202109102200,104,20.3,0,0,0.0,1.0,DB01
202109102300,104,20.0,0,0,1.0,6.123233995736766e-17,DB01
202109110000,104,19.2,0,0,0.3420201433256687,0.9396926207859084,DB01
202109110100,104,19.0,0,0,0.0,1.0,DB01
202109110200,104,18.6,0,0,0.766044443118978,0.6427876096865394,DB01
202109110300,104,19.7,0,0,0.766044443118978,0.6427876096865394,DB01
202109110400,104,19.4,0,0,0.766044443118978,0.6427876096865394,DB01
202109110500,104,19.7,0,0,0.766044443118978,0.6427876096865394,DB01
202109110600,104,19.8,0,0,0.766044443118978,0.6427876096865394,DB01
202109110700,104,20.1,0,0,0.766044443118978,0.6427876096865394,DB01
202109110800,104,22.3,0,0,0.766044443118978,0.6427876096865394,DB01
202109110900,104,24.3,0,0,0.766044443118978,0.6427876096865394,DB01
202109111000,104,26.4,0,0,0.766044443118978,0.6427876096865394,DB01
202109111100,104,26.9,0,0,0.0,1.0,DB01
202109111200,104,26.2,0,0,-0.6427876096865396,0.7660444431189778,DB01
202109111300,104,26.4,0,0,-0.3420201433256686,0.9396926207859084,DB01
202109111400,104,26.8,0,0,-0.3420201433256686,0.9396926207859084,DB01
202109111500,104,26.1,0,0,-0.3420201433256686,0.9396926207859084,DB01
202109111600,104,25.5,0,0,-0.3420201433256686,0.9396926207859084,DB01
202109111700,104,25.0,0,0,0.3420201433256687,0.9396926207859084,DB01
202109111800,104,24.3,0,0,0.3420201433256689,-0.9396926207859083,DB01
202109111900,104,21.3,0,0,0.3420201433256689,-0.9396926207859083,DB01
202109112000,104,21.1,0,0,0.3420201433256689,-0.9396926207859083,DB02
202109112100,104,20.8,0,0,0.9396926207859083,0.3420201433256688,DB02
202109112200,104,20.2,0,0,0.3420201433256687,0.9396926207859084,DB02
202109112300,104,21.7,0,0,0.3420201433256687,0.9396926207859084,DB02
202109120000,104,24.1,0,0,0.6427876096865395,-0.7660444431189779,DB02
202109120100,104,19.7,0,0,0.0,1.0,DB02
202109120200,104,19.6,0,0,0.6427876096865395,-0.7660444431189779,DB02
202109120300,104,19.7,0,0,0.9396926207859083,0.3420201433256688,DB01
202109120400,104,18.6,0,0,0.9396926207859084,-0.3420201433256687,DB01
202109120500,104,17.9,0,0,0.0,1.0,DB01
202109120600,104,17.0,0,0,0.0,1.0,DB01
202109120700,104,18.5,0,0,0.3420201433256687,0.9396926207859084,DB01
202109120800,104,21.7,0,0,0.0,1.0,DB01
202109120900,104,23.4,0,0,-1.0,-1.8369701987210297e-16,DB01
202109121000,104,24.5,0,0,0.3420201433256689,-0.9396926207859083,DB01
202109121100,104,24.3,0,0,-1.0,-1.8369701987210297e-16,DB01
202109121200,104,24.5,0,0,-0.9396926207859084,-0.34202014332566855,DB01
202109121300,104,25.0,0,0,-0.7660444431189779,-0.6427876096865395,DB02
202109121400,104,24.2,0,0,1.2246467991473532e-16,-1.0,DB03
202109121500,104,23.8,0,0,-0.34202014332566866,-0.9396926207859084,DB03
202109121600,104,22.9,0,0,0.0,1.0,DB04
202109121700,104,22.7,0,0,0.6427876096865395,-0.7660444431189779,DB03
202109121800,104,21.4,0,0,0.0,1.0,DB03
202109121900,104,20.2,0,0,0.6427876096865395,-0.7660444431189779,DB03
202109122000,104,20.6,0,0,0.9396926207859083,0.3420201433256688,DB04
202109122100,104,20.4,0,0,1.0,6.123233995736766e-17,DB03
202109122200,104,20.1,0,0,0.0,1.0,DB03
202109122300,104,19.9,0,0,0.0,1.0,DB03
202109130000,104,20.1,0,0,0.0,1.0,DB03
202109130100,104,20.3,0,0,0.6427876096865395,-0.7660444431189779,DB03
202109130200,104,20.2,0,0,0.0,1.0,DB03
202109130300,104,19.9,0,0,0.0,1.0,DB04
202109130400,104,19.7,0,0,0.0,1.0,DB04
202109130500,104,20.0,0,0,0.766044443118978,0.6427876096865394,DB04
202109130600,104,19.8,0,0,0.3420201433256687,0.9396926207859084,DB04
202109130700,104,20.3,0,0,0.0,1.0,DB04
202109130800,104,21.2,0,0,0.0,1.0,DB04
202109130900,104,21.3,0,0,0.0,1.0,DB04
202109131000,104,22.6,0,0,0.0,1.0,DB03
202109131100,104,23.1,0,0,0.0,1.0,DB03
202109131200,104,24.0,0,0,-0.3420201433256686,0.9396926207859084,DB03
202109131300,104,24.4,0,0,0.0,1.0,DB02
202109131400,104,24.4,0,0,-0.3420201433256686,0.9396926207859084,DB03
202109131500,104,24.3,0,0,-0.3420201433256686,0.9396926207859084,DB02
202109131600,104,23.8,0,0,-0.3420201433256686,0.9396926207859084,DB02
202109131700,104,22.6,0,0,0.0,1.0,DB03
202109131800,104,21.8,0,0,0.0,1.0,DB03
202109131900,104,20.0,0,0,0.0,1.0,DB03
202109132000,104,19.3,0,0,0.0,1.0,DB03
202109132100,104,18.6,0,0,0.0,1.0,DB03
202109132200,104,18.4,0,0,0.0,1.0,DB03
202109132300,104,18.0,0,0,0.0,1.0,DB03
202109140000,104,17.6,0,0,0.0,1.0,DB03
202109140100,104,17.8,0,0,0.0,1.0,DB04
202109140200,104,17.4,0,0,0.0,1.0,DB04
202109140300,104,17.8,0,0,0.6427876096865395,-0.7660444431189779,DB03
202109140400,104,17.2,0,0,0.0,1.0,DB03
202109140500,104,17.2,0,0,0.0,1.0,DB03
202109140600,104,16.5,0,0,0.6427876096865395,-0.7660444431189779,DB03
202109140700,104,17.9,0,0,0.0,1.0,DB03
202109140800,104,18.7,0,0,0.0,1.0,DB03
202109140900,104,20.7,0,0,0.3420201433256689,-0.9396926207859083,DB03
202109141000,104,21.5,0,0,0.3420201433256687,0.9396926207859084,DB03
202109141100,104,22.9,0,0,0.3420201433256687,0.9396926207859084,DB03
202109141200,104,23.0,0,0,-0.6427876096865396,0.7660444431189778,DB03
202109141300,104,23.3,0,0,0.0,1.0,DB03
202109141400,104,23.3,0,0,-0.3420201433256686,0.9396926207859084,DB02
202109141500,104,23.7,0,0,-0.3420201433256686,0.9396926207859084,DB02
202109141600,104,23.7,0,0,-0.6427876096865396,0.7660444431189778,DB01
202109141700,104,22.5,0,0,-0.6427876096865396,0.7660444431189778,DB01
202109141800,104,21.4,0,0,0.0,1.0,DB01
202109141900,104,19.2,0,0,0.9396926207859084,-0.3420201433256687,DB02
202109142000,104,19.0,0,0,0.6427876096865395,-0.7660444431189779,DB02
202109142100,104,19.4,0,0,0.3420201433256689,-0.9396926207859083,DB03
202109142200,104,19.7,0,0,0.0,1.0,DB03
202109142300,104,19.3,0,0,0.0,1.0,DB03
202109150000,104,18.7,100,1,0.6427876096865395,-0.7660444431189779,DB03
202109150100,104,18.5,0,0,0.6427876096865395,-0.7660444431189779,DB02
202109150200,104,18.7,0,0,0.6427876096865395,-0.7660444431189779,DB03
202109150300,104,19.1,0,0,0.6427876096865395,-0.7660444431189779,DB04
202109150400,104,18.5,0,0,0.6427876096865395,-0.7660444431189779,DB04
202109150500,104,18.7,100,1,0.3420201433256689,-0.9396926207859083,DB02
202109150600,104,18.3,0,0,0.6427876096865395,-0.7660444431189779,DB02
202109150700,104,19.4,0,0,0.6427876096865395,-0.7660444431189779,DB03
202109150800,104,21.7,0,0,-0.7660444431189779,-0.6427876096865395,DB03
202109150900,104,22.3,0,0,-1.0,-1.8369701987210297e-16,DB03
202109151000,104,22.9,0,0,-0.9396926207859083,0.342020143325669,DB02
202109151100,104,22.9,0,0,-0.9396926207859083,0.342020143325669,DB02
202109151200,104,22.7,0,0,-0.6427876096865396,0.7660444431189778,DB03
202109151300,104,23.0,0,0,-0.9396926207859083,0.342020143325669,DB02
202109151400,104,22.9,0,0,-1.0,-1.8369701987210297e-16,DB02
202109151500,104,22.9,0,0,-0.9396926207859084,-0.34202014332566855,DB02
202109151600,104,21.1,0,0,-0.9396926207859084,-0.34202014332566855,DB02
202109151700,104,21.9,0,0,-1.0,-1.8369701987210297e-16,DB02
202109151800,104,20.8,0,0,-1.0,-1.8369701987210297e-16,DB03
202109151900,104,20.0,0,0,0.0,1.0,DB03
202109152000,104,19.2,0,0,0.9396926207859084,-0.3420201433256687,DB03
202109152100,104,18.6,0,0,0.0,1.0,DB02
202109152200,104,18.2,0,0,0.6427876096865395,-0.7660444431189779,DB02
202109152300,104,18.8,0,0,0.6427876096865395,-0.7660444431189779,DB03
202109160000,104,18.4,0,0,0.6427876096865395,-0.7660444431189779,DB03
202109160100,104,17.6,100,1,0.6427876096865395,-0.7660444431189779,DB02
202109160200,104,17.7,0,0,0.6427876096865395,-0.7660444431189779,DB02
202109160300,104,17.3,0,0,0.6427876096865395,-0.7660444431189779,DB02
202109160400,104,17.0,0,0,0.0,1.0,DB01
202109160500,104,16.8,0,0,0.6427876096865395,-0.7660444431189779,DB01
202109160600,104,16.8,0,0,0.9396926207859084,-0.3420201433256687,DB02
202109160700,104,18.0,0,0,0.6427876096865395,-0.7660444431189779,DB03
202109160800,104,19.3,0,0,0.6427876096865395,-0.7660444431189779,DB03
202109160900,104,20.2,0,0,0.3420201433256689,-0.9396926207859083,DB03
202109161000,104,21.0,0,0,0.3420201433256689,-0.9396926207859083,DB03
202109161100,104,21.4,0,0,0.0,1.0,DB03
202109161200,104,21.8,0,0,-0.9396926207859083,0.342020143325669,DB03
202109161300,104,22.0,0,0,-0.6427876096865396,0.7660444431189778,DB03
202109161400,104,22.6,0,0,-0.3420201433256686,0.9396926207859084,DB03
202109161500,104,22.0,0,0,0.0,1.0,DB03
202109161600,104,21.9,0,0,-0.3420201433256686,0.9396926207859084,DB03
202109161700,104,21.6,0,0,0.3420201433256687,0.9396926207859084,DB03
202109161800,104,20.9,0,0,0.0,1.0,DB04
202109161900,104,19.8,0,0,0.0,1.0,DB04
202109162000,104,19.6,0,0,0.0,1.0,DB04
202109162100,104,19.3,0,0,0.0,1.0,DB04
202109162200,104,19.5,0,0,0.9396926207859084,-0.3420201433256687,DB04
202109162300,104,19.4,0,0,0.9396926207859084,-0.3420201433256687,DB04
202109170000,104,19.1,0,0,0.9396926207859083,0.3420201433256688,DB04
202109170100,104,19.4,0,0,0.0,1.0,DB04
202109170200,104,18.8,0,0,0.6427876096865395,-0.7660444431189779,DB04
202109170300,104,19.0,0,0,0.0,1.0,DB04
202109170400,104,18.8,0,0,0.6427876096865395,-0.7660444431189779,DB04
202109170500,104,18.9,0,0,0.9396926207859084,-0.3420201433256687,DB04
202109170600,104,19.0,0,0,0.0,1.0,DB04
202109170700,104,18.7,0,0,0.3420201433256687,0.9396926207859084,DB04
202109170800,104,18.6,100,1,0.766044443118978,0.6427876096865394,DB04
202109170900,104,18.7,100,1,0.0,1.0,DB04
202109171000,104,19.2,100,1,0.0,1.0,DB04
202109171100,104,19.4,0,0,0.3420201433256687,0.9396926207859084,DB04
202109171200,104,18.6,0,0,0.766044443118978,0.6427876096865394,DB04
202109171300,104,18.7,100,1,0.9396926207859083,0.3420201433256688,DB04
202109171400,104,18.8,0,0,0.766044443118978,0.6427876096865394,DB04
202109171500,104,19.3,100,1,0.6427876096865395,-0.7660444431189779,DB04
202109171600,104,20.2,0,0,0.0,1.0,DB04
202109171700,104,19.8,0,0,0.3420201433256687,0.9396926207859084,DB03
202109171800,104,20.6,0,0,0.3420201433256689,-0.9396926207859083,DB03
202109171900,104,18.3,0,0,0.0,1.0,DB02
202109172000,104,17.6,0,0,0.9396926207859084,-0.3420201433256687,DB03
202109172100,104,17.9,0,0,0.6427876096865395,-0.7660444431189779,DB02
202109172200,104,17.4,0,0,0.6427876096865395,-0.7660444431189779,DB02
202109172300,104,18.2,0,0,1.2246467991473532e-16,-1.0,DB02
202109180000,104,18.4,0,0,0.3420201433256689,-0.9396926207859083,DB02
202109180100,104,18.6,0,0,0.3420201433256689,-0.9396926207859083,DB02
202109180200,104,18.6,0,0,0.3420201433256689,-0.9396926207859083,DB03
202109180300,104,18.0,0,0,0.3420201433256689,-0.9396926207859083,DB02
202109180400,104,18.7,0,0,1.2246467991473532e-16,-1.0,DB03
202109180500,104,18.4,0,0,1.2246467991473532e-16,-1.0,DB03
202109180600,104,18.4,0,0,0.3420201433256689,-0.9396926207859083,DB03
202109180700,104,18.8,100,1,0.3420201433256689,-0.9396926207859083,DB03
202109180800,104,19.3,100,1,0.3420201433256689,-0.9396926207859083,DB03
202109180900,104,20.3,0,0,1.2246467991473532e-16,-1.0,DB04
202109181000,104,22.4,0,0,-0.34202014332566866,-0.9396926207859084,DB04
202109181100,104,22.3,0,0,-0.7660444431189779,-0.6427876096865395,DB04
202109181200,104,22.8,0,0,-0.7660444431189779,-0.6427876096865395,DB03
202109181300,104,23.6,0,0,-0.7660444431189779,-0.6427876096865395,DB03
202109181400,104,22.9,0,0,-1.0,-1.8369701987210297e-16,DB03
202109181500,104,22.6,0,0,-1.0,-1.8369701987210297e-16,DB02
202109181600,104,22.7,0,0,-1.0,-1.8369701987210297e-16,DB02
202109181700,104,22.4,0,0,-1.0,-1.8369701987210297e-16,DB01
202109181800,104,20.6,0,0,-0.9396926207859084,-0.34202014332566855,DB01
202109181900,104,19.1,0,0,0.0,1.0,DB01
202109182000,104,19.0,0,0,0.9396926207859084,-0.3420201433256687,DB01
202109182100,104,18.7,0,0,0.9396926207859084,-0.3420201433256687,DB02
202109182200,104,18.7,0,0,0.9396926207859084,-0.3420201433256687,DB02
202109182300,104,18.2,0,0,0.9396926207859084,-0.3420201433256687,DB02
202109190000,104,17.3,0,0,0.0,1.0,DB02
202109190100,104,17.1,0,0,0.0,1.0,DB03
202109190200,104,17.3,0,0,0.9396926207859083,0.3420201433256688,DB03
202109190300,104,17.0,0,0,0.9396926207859083,0.3420201433256688,DB03
202109190400,104,16.4,0,0,0.6427876096865395,-0.7660444431189779,DB02
202109190500,104,16.5,0,0,0.0,1.0,DB02
202109190600,104,16.1,0,0,0.9396926207859083,0.3420201433256688,DB03
202109190700,104,18.2,0,0,0.0,1.0,DB03
202109190800,104,20.5,0,0,0.0,1.0,DB03
202109190900,104,21.4,0,0,0.0,1.0,DB03
202109191000,104,21.3,0,0,0.0,1.0,DB03
202109191100,104,22.4,0,0,-0.6427876096865396,0.7660444431189778,DB03
202109191200,104,23.1,0,0,-0.3420201433256686,0.9396926207859084,DB03
202109191300,104,22.5,0,0,0.0,1.0,DB03
202109191400,104,22.5,0,0,-0.6427876096865396,0.7660444431189778,DB03
202109191500,104,22.4,0,0,0.0,1.0,DB04
202109191600,104,22.0,0,0,-0.3420201433256686,0.9396926207859084,DB04
202109191700,104,21.7,0,0,0.0,1.0,DB02
202109191800,104,19.3,0,0,0.0,1.0,DB01
202109191900,104,18.8,0,0,0.0,1.0,DB04
202109192000,104,19.4,0,0,0.9396926207859084,-0.3420201433256687,DB04
202109192100,104,19.2,0,0,0.0,1.0,DB03
202109192200,104,18.2,0,0,0.0,1.0,DB03
202109192300,104,18.5,0,0,0.0,1.0,DB03
202109200000,104,17.5,0,0,0.9396926207859083,0.3420201433256688,DB03
202109200100,104,16.8,0,0,0.0,1.0,DB02
202109200200,104,16.7,0,0,0.0,1.0,DB03
202109200300,104,16.1,0,0,0.0,1.0,DB02
202109200400,104,15.9,0,0,0.0,1.0,DB01
202109200500,104,16.0,0,0,1.0,6.123233995736766e-17,DB01
202109200600,104,15.3,0,0,0.766044443118978,0.6427876096865394,DB01
202109200700,104,16.3,0,0,0.0,1.0,DB01
202109200800,104,19.1,0,0,0.0,1.0,DB01
202109200900,104,20.6,0,0,0.3420201433256689,-0.9396926207859083,DB03
202109201000,104,21.7,0,0,-0.6427876096865396,0.7660444431189778,DB03
202109201100,104,22.8,0,0,-0.6427876096865396,0.7660444431189778,DB03
202109201200,104,24.2,0,0,-0.3420201433256686,0.9396926207859084,DB02
202109201300,104,24.1,0,0,-0.3420201433256686,0.9396926207859084,DB03
202109201400,104,24.1,0,0,-0.3420201433256686,0.9396926207859084,DB03
202109201500,104,23.5,0,0,-0.3420201433256686,0.9396926207859084,DB03
202109201600,104,23.3,0,0,-0.3420201433256686,0.9396926207859084,DB03
202109201700,104,21.9,0,0,0.0,1.0,DB03
202109201800,104,22.0,0,0,0.0,1.0,DB03
202109201900,104,20.5,0,0,0.3420201433256687,0.9396926207859084,DB03
202109202000,104,19.3,0,0,0.766044443118978,0.6427876096865394,DB02
202109202100,104,18.5,0,0,0.0,1.0,DB03
202109202200,104,19.1,0,0,0.0,1.0,DB03
202109202300,104,18.6,0,0,0.0,1.0,DB03
202109210000,104,17.6,0,0,0.9396926207859083,0.3420201433256688,DB03
202109210100,104,17.1,0,0,0.0,1.0,DB02
202109210200,104,18.0,0,0,0.9396926207859083,0.3420201433256688,DB02
202109210300,104,17.2,0,0,0.9396926207859084,-0.3420201433256687,DB02
202109210400,104,17.3,0,0,0.3420201433256687,0.9396926207859084,DB02
202109210500,104,18.2,0,0,0.0,1.0,DB03
202109210600,104,19.2,0,0,0.766044443118978,0.6427876096865394,DB04
202109210700,104,18.7,100,1,0.0,1.0,DB04
202109210800,104,19.2,100,1,0.3420201433256687,0.9396926207859084,DB04
202109210900,104,19.8,100,1,0.766044443118978,0.6427876096865394,DB04
202109211000,104,20.5,100,1,1.0,6.123233995736766e-17,DB04
202109211100,104,22.1,0,0,0.9396926207859083,0.3420201433256688,DB04
202109211200,104,22.7,0,0,0.9396926207859084,-0.3420201433256687,DB04
202109211300,104,24.7,0,0,0.3420201433256689,-0.9396926207859083,DB04
202109211400,104,26.4,0,0,0.9396926207859084,-0.3420201433256687,DB03
202109211500,104,25.7,0,0,0.9396926207859084,-0.3420201433256687,DB02
202109211600,104,25.7,0,0,0.9396926207859084,-0.3420201433256687,DB02
202109211700,104,25.4,0,0,0.9396926207859084,-0.3420201433256687,DB02
202109211800,104,23.3,0,0,-0.3420201433256686,0.9396926207859084,DB02
202109211900,104,22.5,0,0,0.9396926207859083,0.3420201433256688,DB01
202109212000,104,21.6,0,0,0.3420201433256687,0.9396926207859084,DB01
202109212100,104,21.6,0,0,0.766044443118978,0.6427876096865394,DB01
202109212200,104,23.5,0,0,1.0,6.123233995736766e-17,DB01
202109212300,104,23.2,0,0,0.9396926207859084,-0.3420201433256687,DB01
202109220000,104,23.4,0,0,0.9396926207859084,-0.3420201433256687,DB02
202109220100,104,22.6,0,0,0.9396926207859084,-0.3420201433256687,DB02
202109220200,104,20.3,0,0,0.3420201433256689,-0.9396926207859083,DB03
202109220300,104,19.6,0,0,0.3420201433256687,0.9396926207859084,DB03
202109220400,104,19.7,0,0,0.3420201433256687,0.9396926207859084,DB04
202109220500,104,21.3,0,0,0.9396926207859084,-0.3420201433256687,DB03
202109220600,104,22.0,0,0,0.9396926207859084,-0.3420201433256687,DB03
202109220700,104,21.7,0,0,0.9396926207859083,0.3420201433256688,DB02
202109220800,104,22.5,0,0,0.9396926207859083,0.3420201433256688,DB02
202109220900,104,23.6,0,0,0.766044443118978,0.6427876096865394,DB03
202109221000,104,24.8,0,0,0.9396926207859084,-0.3420201433256687,DB03
202109221100,104,26.4,0,0,1.0,6.123233995736766e-17,DB03
202109221200,104,25.5,0,0,0.3420201433256689,-0.9396926207859083,DB03
202109221300,104,25.6,0,0,1.0,6.123233995736766e-17,DB03
202109221400,104,25.0,0,0,0.3420201433256687,0.9396926207859084,DB03
202109221500,104,25.7,0,0,0.9396926207859084,-0.3420201433256687,DB03
202109221600,104,25.2,0,0,0.9396926207859084,-0.3420201433256687,DB02
202109221700,104,23.4,0,0,1.0,6.123233995736766e-17,DB02
202109221800,104,22.6,0,0,0.9396926207859084,-0.3420201433256687,DB01
202109221900,104,21.5,0,0,0.9396926207859084,-0.3420201433256687,DB01
202109222000,104,21.0,0,0,0.9396926207859083,0.3420201433256688,DB01
202109222100,104,20.6,0,0,-0.3420201433256686,0.9396926207859084,DB01
202109222200,104,18.7,0,0,1.0,6.123233995736766e-17,DB01
202109222300,104,19.5,0,0,0.9396926207859083,0.3420201433256688,DB01
202109230000,104,19.8,0,0,0.9396926207859084,-0.3420201433256687,DB01
202109230100,104,17.3,0,0,0.0,1.0,DB01
202109230200,104,17.8,0,0,1.0,6.123233995736766e-17,DB01
202109230300,104,16.7,0,0,0.9396926207859083,0.3420201433256688,DB01
202109230400,104,16.5,0,0,0.3420201433256687,0.9396926207859084,DB01
202109230500,104,18.8,0,0,0.3420201433256689,-0.9396926207859083,DB01
202109230600,104,17.4,0,0,0.0,1.0,DB02
202109230700,104,17.8,0,0,0.766044443118978,0.6427876096865394,DB01
202109230800,104,21.1,0,0,0.3420201433256689,-0.9396926207859083,DB01
202109230900,104,22.3,0,0,0.3420201433256689,-0.9396926207859083,DB01
202109231000,104,22.9,0,0,1.2246467991473532e-16,-1.0,DB01
202109231100,104,23.5,0,0,1.2246467991473532e-16,-1.0,DB01
202109231200,104,23.8,0,0,1.2246467991473532e-16,-1.0,DB01
202109231300,104,24.8,0,0,1.2246467991473532e-16,-1.0,DB01
202109231400,104,24.3,0,0,1.2246467991473532e-16,-1.0,DB02
202109231500,104,24.7,0,0,0.6427876096865395,-0.7660444431189779,DB02
202109231600,104,24.3,0,0,1.2246467991473532e-16,-1.0,DB02
202109231700,104,23.3,0,0,1.2246467991473532e-16,-1.0,DB02
202109231800,104,21.6,0,0,0.6427876096865395,-0.7660444431189779,DB03
202109231900,104,19.2,0,0,0.766044443118978,0.6427876096865394,DB02
202109232000,104,18.8,0,0,1.0,6.123233995736766e-17,DB02
202109232100,104,18.5,0,0,1.0,6.123233995736766e-17,DB03
202109232200,104,18.1,0,0,0.0,1.0,DB03
202109232300,104,17.9,0,0,0.766044443118978,0.6427876096865394,DB03
202109240000,104,17.5,0,0,0.0,1.0,DB02
202109240100,104,16.7,0,0,0.9396926207859084,-0.3420201433256687,DB02
202109240200,104,15.5,0,0,0.0,1.0,DB02
202109240300,104,15.0,0,0,0.9396926207859083,0.3420201433256688,DB01
202109240400,104,15.0,0,0,0.0,1.0,DB01
202109240500,104,15.5,0,0,0.9396926207859084,-0.3420201433256687,DB01
202109240600,104,14.6,0,0,0.766044443118978,0.6427876096865394,DB01
202109240700,104,16.5,0,0,0.6427876096865395,-0.7660444431189779,DB01
202109240800,104,19.3,0,0,0.3420201433256689,-0.9396926207859083,DB01
202109240900,104,21.2,0,0,-0.34202014332566866,-0.9396926207859084,DB01
202109241000,104,22.1,0,0,-0.9396926207859084,-0.34202014332566855,DB03
202109241100,104,21.1,0,0,-0.9396926207859084,-0.34202014332566855,DB04
202109241200,104,20.5,0,0,-0.9396926207859083,0.342020143325669,DB04
202109241300,104,19.7,0,0,-0.3420201433256686,0.9396926207859084,DB04
202109241400,104,19.9,0,0,-0.3420201433256686,0.9396926207859084,DB04
202109241500,104,19.3,0,0,0.3420201433256687,0.9396926207859084,DB04
202109241600,104,18.5,100,1,0.6427876096865395,-0.7660444431189779,DB04
202109241700,104,18.0,100,1,0.9396926207859084,-0.3420201433256687,DB04
202109241800,104,18.0,100,1,0.6427876096865395,-0.7660444431189779,DB04
202109241900,104,17.7,0,0,0.9396926207859084,-0.3420201433256687,DB02
202109242000,104,17.7,0,0,0.9396926207859084,-0.3420201433256687,DB03
202109242100,104,17.7,0,0,0.0,1.0,DB02
202109242200,104,17.7,0,0,0.766044443118978,0.6427876096865394,DB03
202109242300,104,17.7,0,0,0.6427876096865395,-0.7660444431189779,DB02
202109250000,104,17.9,0,0,0.6427876096865395,-0.7660444431189779,DB03
202109250100,104,17.7,100,1,0.0,1.0,DB04
202109250200,104,17.8,100,1,0.0,1.0,DB04
202109250300,104,17.6,100,1,0.3420201433256689,-0.9396926207859083,DB04
202109250400,104,17.8,0,0,1.2246467991473532e-16,-1.0,DB04
202109250500,104,17.6,100,1,0.9396926207859084,-0.3420201433256687,DB03
202109250600,104,17.5,100,1,0.766044443118978,0.6427876096865394,DB04
202109250700,104,17.7,100,1,0.9396926207859084,-0.3420201433256687,DB04
202109250800,104,17.7,100,1,1.2246467991473532e-16,-1.0,DB04
202109250900,104,18.5,0,0,-0.34202014332566866,-0.9396926207859084,DB04
202109251000,104,18.8,100,1,1.2246467991473532e-16,-1.0,DB04
202109251100,104,18.6,0,0,0.3420201433256689,-0.9396926207859083,DB04
202109251200,104,19.2,0,0,0.0,1.0,DB04
202109251300,104,18.8,0,0,-0.7660444431189779,-0.6427876096865395,DB04
202109251400,104,18.3,0,0,1.2246467991473532e-16,-1.0,DB04
202109251500,104,18.2,100,1,0.3420201433256689,-0.9396926207859083,DB04
202109251600,104,18.0,100,1,0.3420201433256689,-0.9396926207859083,DB04
202109251700,104,18.4,100,1,1.2246467991473532e-16,-1.0,DB04
202109251800,104,18.0,0,0,0.0,1.0,DB03
202109251900,104,17.9,0,0,0.0,1.0,DB04
202109252000,104,17.8,0,0,0.0,1.0,DB02
202109252100,104,17.4,0,0,0.6427876096865395,-0.7660444431189779,DB02
202109252200,104,17.3,0,0,0.6427876096865395,-0.7660444431189779,DB02
202109252300,104,16.9,0,0,0.9396926207859084,-0.3420201433256687,DB02
202109260000,104,16.8,0,0,0.9396926207859084,-0.3420201433256687,DB03
202109260100,104,16.8,0,0,0.6427876096865395,-0.7660444431189779,DB03
202109260200,104,16.7,0,0,0.9396926207859084,-0.3420201433256687,DB03
202109260300,104,16.6,0,0,0.0,1.0,DB02
202109260400,104,16.7,0,0,0.0,1.0,DB03
202109260500,104,16.4,0,0,0.0,1.0,DB03
202109260600,104,16.2,0,0,1.0,6.123233995736766e-17,DB03
202109260700,104,16.8,0,0,0.0,1.0,DB03
202109260800,104,18.8,0,0,1.0,6.123233995736766e-17,DB03
202109260900,104,20.3,0,0,-0.34202014332566866,-0.9396926207859084,DB01
202109261000,104,21.0,0,0,-0.3420201433256686,0.9396926207859084,DB02
202109261100,104,21.4,0,0,-0.3420201433256686,0.9396926207859084,DB02
202109261200,104,21.8,0,0,-1.0,-1.8369701987210297e-16,DB02
202109261300,104,22.7,0,0,-0.9396926207859083,0.342020143325669,DB01
202109261400,104,22.0,0,0,-0.9396926207859083,0.342020143325669,DB01
202109261500,104,22.1,0,0,-0.9396926207859083,0.342020143325669,DB02
202109261600,104,21.8,0,0,-1.0,-1.8369701987210297e-16,DB02
202109261700,104,21.1,0,0,-0.9396926207859083,0.342020143325669,DB01
202109261800,104,19.1,0,0,0.0,1.0,DB02
202109261900,104,17.7,0,0,0.0,1.0,DB02
202109262000,104,17.3,0,0,0.6427876096865395,-0.7660444431189779,DB03
202109262100,104,16.9,0,0,0.0,1.0,DB03
202109262200,104,17.2,0,0,0.6427876096865395,-0.7660444431189779,DB03
202109262300,104,17.0,0,0,0.6427876096865395,-0.7660444431189779,DB03
202109270000,104,16.7,0,0,0.6427876096865395,-0.7660444431189779,DB03
202109270100,104,17.0,0,0,0.6427876096865395,-0.7660444431189779,DB02
202109270200,104,17.0,0,0,0.6427876096865395,-0.7660444431189779,DB03
202109270300,104,16.5,0,0,0.0,1.0,DB02
202109270400,104,17.3,0,0,0.6427876096865395,-0.7660444431189779,DB03
202109270500,104,16.1,0,0,0.766044443118978,0.6427876096865394,DB03
202109270600,104,16.7,0,0,0.0,1.0,DB04
202109270700,104,17.6,0,0,0.0,1.0,DB04
202109270800,104,18.7,0,0,0.6427876096865395,-0.7660444431189779,DB04
202109270900,104,19.6,0,0,0.3420201433256689,-0.9396926207859083,DB04
202109271000,104,19.6,0,0,-0.7660444431189779,-0.6427876096865395,DB04
202109271100,104,20.6,0,0,-0.7660444431189779,-0.6427876096865395,DB04
202109271200,104,21.0,0,0,-0.9396926207859084,-0.34202014332566855,DB04
202109271300,104,20.6,0,0,0.0,1.0,DB04
202109271400,104,20.4,0,0,-0.3420201433256686,0.9396926207859084,DB04
202109271500,104,20.4,0,0,-0.9396926207859084,-0.34202014332566855,DB04
202109271600,104,20.1,0,0,0.3420201433256689,-0.9396926207859083,DB04
202109271700,104,18.9,0,0,0.6427876096865395,-0.7660444431189779,DB04
202109271800,104,17.8,100,1,0.6427876096865395,-0.7660444431189779,DB04
202109271900,104,17.7,0,0,0.9396926207859084,-0.3420201433256687,DB04
202109272000,104,17.5,0,0,0.0,1.0,DB04
202109272100,104,17.8,0,0,0.0,1.0,DB04
202109272200,104,18.1,0,0,0.9396926207859084,-0.3420201433256687,DB04
202109272300,104,18.0,0,0,0.9396926207859084,-0.3420201433256687,DB04
202109280000,104,18.0,0,0,0.9396926207859084,-0.3420201433256687,DB04
202109280100,104,17.6,0,0,0.0,1.0,DB04
202109280200,104,17.4,0,0,0.0,1.0,DB04
202109280300,104,17.6,0,0,0.6427876096865395,-0.7660444431189779,DB04
202109280400,104,17.3,0,0,0.0,1.0,DB04
202109280500,104,17.5,0,0,0.0,1.0,DB04
202109280600,104,17.5,0,0,0.0,1.0,DB04
202109280700,104,17.3,0,0,0.0,1.0,DB02
202109280800,104,19.5,0,0,0.0,1.0,DB02
202109280900,104,20.3,0,0,0.766044443118978,0.6427876096865394,DB03
202109281000,104,20.5,0,0,-0.3420201433256686,0.9396926207859084,DB02
202109281100,104,21.1,0,0,-1.0,-1.8369701987210297e-16,DB03
202109281200,104,21.1,0,0,-0.3420201433256686,0.9396926207859084,DB03
202109281300,104,20.8,0,0,-0.6427876096865396,0.7660444431189778,DB04
202109281400,104,20.7,0,0,-0.3420201433256686,0.9396926207859084,DB04
202109281500,104,20.4,0,0,0.0,1.0,DB04
202109281600,104,20.2,0,0,0.0,1.0,DB04
202109281700,104,19.8,0,0,0.0,1.0,DB04
202109281800,104,19.4,0,0,0.0,1.0,DB04
202109281900,104,19.0,0,0,0.9396926207859084,-0.3420201433256687,DB03
202109282000,104,18.9,0,0,0.6427876096865395,-0.7660444431189779,DB03
202109282100,104,18.9,0,0,0.0,1.0,DB04
202109282200,104,18.8,0,0,0.0,1.0,DB04
202109282300,104,18.3,0,0,0.9396926207859084,-0.3420201433256687,DB04
202109290000,104,18.4,0,0,0.0,1.0,DB04
202109290100,104,18.3,0,0,0.0,1.0,DB04
202109290200,104,17.8,100,1,0.0,1.0,DB04
202109290300,104,17.4,100,1,0.0,1.0,DB04
202109290400,104,17.6,0,0,0.0,1.0,DB04
202109290500,104,17.4,0,0,0.0,1.0,DB04
202109290600,104,17.6,0,0,0.0,1.0,DB04
202109290700,104,17.8,0,0,0.766044443118978,0.6427876096865394,DB03
202109290800,104,18.5,0,0,0.0,1.0,DB04
202109290900,104,19.4,0,0,0.0,1.0,DB04
202109291000,104,20.1,0,0,0.0,1.0,DB04
202109291100,104,19.8,100,1,-0.34202014332566866,-0.9396926207859084,DB04
202109291200,104,20.1,0,0,0.0,1.0,DB04
202109291300,104,20.5,0,0,-0.34202014332566866,-0.9396926207859084,DB04
202109291400,104,21.3,0,0,-0.34202014332566866,-0.9396926207859084,DB04
202109291500,104,19.7,0,0,-0.34202014332566866,-0.9396926207859084,DB04
202109291600,104,18.8,100,1,-0.34202014332566866,-0.9396926207859084,DB04
202109291700,104,18.0,0,0,-0.34202014332566866,-0.9396926207859084,DB04
202109291800,104,17.2,100,1,1.2246467991473532e-16,-1.0,DB04
202109291900,104,17.2,100,1,1.2246467991473532e-16,-1.0,DB04
202109292000,104,17.4,100,1,1.2246467991473532e-16,-1.0,DB04
202109292100,104,17.8,0,0,0.3420201433256689,-0.9396926207859083,DB04
202109292200,104,17.4,0,0,0.6427876096865395,-0.7660444431189779,DB04
202109292300,104,17.3,0,0,0.9396926207859084,-0.3420201433256687,DB04
202109300000,104,17.0,0,0,0.0,1.0,DB04
202109300100,104,16.7,0,0,0.0,1.0,DB03
202109300200,104,16.3,0,0,0.0,1.0,DB03
202109300300,104,15.3,0,0,0.0,1.0,DB02
202109300400,104,15.3,0,0,0.0,1.0,DB02
202109300500,104,15.3,0,0,0.9396926207859084,-0.3420201433256687,DB01
202109300600,104,15.3,0,0,0.0,1.0,DB01
202109300700,104,15.0,0,0,0.0,1.0,DB01
202109300800,104,17.4,0,0,0.766044443118978,0.6427876096865394,DB01
202109300900,104,20.2,0,0,0.3420201433256687,0.9396926207859084,DB01
202109301000,104,22.3,0,0,0.3420201433256687,0.9396926207859084,DB01
202109301100,104,23.6,0,0,-0.9396926207859083,0.342020143325669,DB01
202109301200,104,23.7,0,0,-0.3420201433256686,0.9396926207859084,DB01
202109301300,104,24.1,0,0,-0.3420201433256686,0.9396926207859084,DB01
202109301400,104,24.4,0,0,-0.3420201433256686,0.9396926207859084,DB01
202109301500,104,23.9,0,0,-0.3420201433256686,0.9396926207859084,DB01
202109301600,104,23.1,0,0,-0.3420201433256686,0.9396926207859084,DB01
202109301700,104,22.1,0,0,0.0,1.0,DB01
202109301800,104,19.6,0,0,0.0,1.0,DB01
202109301900,104,18.5,0,0,0.6427876096865395,-0.7660444431189779,DB01
202109302000,104,17.1,0,0,0.0,1.0,DB01
202109302100,104,16.7,0,0,0.766044443118978,0.6427876096865394,DB01
202109302200,104,16.2,0,0,0.0,1.0,DB01
202109302300,104,16.3,0,0,0.766044443118978,0.6427876096865394,DB01
202110010000,104,15.7,0,0,0.0,1.0,DB01
202110010100,104,16.0,0,0,0.9396926207859083,0.3420201433256688,DB01
202110010200,104,14.9,0,0,0.0,1.0,DB01
202110010300,104,16.3,0,0,0.766044443118978,0.6427876096865394,DB01
202110010400,104,14.9,0,0,0.766044443118978,0.6427876096865394,DB01
202110010500,104,15.3,0,0,0.3420201433256689,-0.9396926207859083,DB01
202110010600,104,15.6,0,0,0.6427876096865395,-0.7660444431189779,DB01
202110010700,104,15.8,0,0,0.9396926207859083,0.3420201433256688,DB01
202110010800,104,18.5,0,0,0.0,1.0,DB01
202110010900,104,21.0,0,0,1.2246467991473532e-16,-1.0,DB01
202110011000,104,22.0,0,0,0.3420201433256689,-0.9396926207859083,DB01
202110011100,104,23.5,0,0,0.766044443118978,0.6427876096865394,DB01
202110011200,104,24.4,0,0,-0.3420201433256686,0.9396926207859084,DB01
202110011300,104,24.0,0,0,-1.0,-1.8369701987210297e-16,DB01
202110011400,104,22.9,0,0,-1.0,-1.8369701987210297e-16,DB01
202110011500,104,22.7,0,0,-0.9396926207859084,-0.34202014332566855,DB01
202110011600,104,22.3,0,0,-0.9396926207859084,-0.34202014332566855,DB01
202110011700,104,21.0,0,0,-1.0,-1.8369701987210297e-16,DB02
202110011800,104,19.0,0,0,0.0,1.0,DB01
202110011900,104,18.4,0,0,0.9396926207859084,-0.3420201433256687,DB01
202110012000,104,17.9,0,0,0.9396926207859083,0.3420201433256688,DB01
202110012100,104,17.7,0,0,0.9396926207859083,0.3420201433256688,DB01
202110012200,104,16.7,0,0,0.0,1.0,DB02
202110012300,104,16.7,0,0,1.0,6.123233995736766e-17,DB03
202110020000,104,16.6,0,0,0.766044443118978,0.6427876096865394,DB02
202110020100,104,17.4,0,0,0.3420201433256687,0.9396926207859084,DB04
202110020200,104,16.7,100,1,0.9396926207859084,-0.3420201433256687,DB04
202110020300,104,15.6,0,0,0.3420201433256689,-0.9396926207859083,DB04
202110020400,104,15.2,0,0,0.766044443118978,0.6427876096865394,DB03
202110020500,104,14.5,0,0,0.0,1.0,DB02
202110020600,104,16.6,0,0,1.0,6.123233995736766e-17,DB03
202110020700,104,15.6,0,0,0.0,1.0,DB03
202110020800,104,17.6,0,0,0.0,1.0,DB02
202110020900,104,20.7,0,0,0.0,1.0,DB02
202110021000,104,22.6,0,0,0.3420201433256689,-0.9396926207859083,DB01
202110021100,104,23.1,0,0,0.0,1.0,DB01
202110021200,104,23.5,0,0,0.3420201433256687,0.9396926207859084,DB01
202110021300,104,23.3,0,0,-0.6427876096865396,0.7660444431189778,DB01
202110021400,104,22.8,0,0,-0.6427876096865396,0.7660444431189778,DB01
202110021500,104,22.9,0,0,-0.3420201433256686,0.9396926207859084,DB01
202110021600,104,22.2,0,0,0.0,1.0,DB01
202110021700,104,21.9,0,0,0.0,1.0,DB01
202110021800,104,19.8,0,0,0.6427876096865395,-0.7660444431189779,DB02
202110021900,104,18.4,0,0,0.0,1.0,DB03
202110022000,104,17.7,0,0,0.0,1.0,DB02
202110022100,104,18.2,0,0,0.0,1.0,DB01
202110022200,104,17.8,0,0,0.766044443118978,0.6427876096865394,DB01
202110022300,104,20.6,0,0,0.9396926207859083,0.3420201433256688,DB01
202110030000,104,21.3,0,0,0.9396926207859084,-0.3420201433256687,DB01
202110030100,104,19.8,0,0,0.9396926207859083,0.3420201433256688,DB01
202110030200,104,20.9,0,0,1.0,6.123233995736766e-17,DB01
202110030300,104,19.6,0,0,0.9396926207859083,0.3420201433256688,DB01
202110030400,104,18.2,0,0,0.9396926207859084,-0.3420201433256687,DB01
202110030500,104,17.8,0,0,0.9396926207859084,-0.3420201433256687,DB02
202110030600,104,17.0,0,0,0.766044443118978,0.6427876096865394,DB01
202110030700,104,16.4,0,0,0.0,1.0,DB01
202110030800,104,19.5,0,0,0.0,1.0,DB02
202110030900,104,22.7,0,0,0.0,1.0,DB01
202110031000,104,24.2,0,0,-0.34202014332566866,-0.9396926207859084,DB01
202110031100,104,25.5,0,0,0.766044443118978,0.6427876096865394,DB01
202110031200,104,25.5,0,0,-0.6427876096865396,0.7660444431189778,DB01
202110031300,104,25.7,0,0,0.0,1.0,DB02
202110031400,104,26.6,0,0,0.0,1.0,DB03
202110031500,104,31.4,0,0,1.0,6.123233995736766e-17,DB03
202110031600,104,30.0,0,0,1.0,6.123233995736766e-17,DB03
202110031700,104,28.5,0,0,0.766044443118978,0.6427876096865394,DB03
202110031800,104,25.7,0,0,0.766044443118978,0.6427876096865394,DB03
202110031900,104,22.8,0,0,0.3420201433256687,0.9396926207859084,DB04
202110032000,104,22.6,0,0,0.0,1.0,DB04
202110032100,104,23.9,0,0,0.0,1.0,DB04
202110032200,104,22.0,0,0,0.3420201433256687,0.9396926207859084,DB04
202110032300,104,22.2,0,0,0.3420201433256687,0.9396926207859084,DB04
202110040000,104,21.2,0,0,0.0,1.0,DB04
202110040100,104,24.7,0,0,0.3420201433256687,0.9396926207859084,DB04
202110040200,104,25.1,0,0,0.3420201433256687,0.9396926207859084,DB04
202110040300,104,27.8,0,0,0.766044443118978,0.6427876096865394,DB04
202110040400,104,23.3,0,0,-0.3420201433256686,0.9396926207859084,DB04
202110040500,104,23.8,0,0,0.6427876096865395,-0.7660444431189779,DB04
202110040600,104,24.5,0,0,-0.3420201433256686,0.9396926207859084,DB04
202110040700,104,25.2,0,0,-0.7660444431189779,-0.6427876096865395,DB04
202110040800,104,25.6,0,0,1.2246467991473532e-16,-1.0,DB04
202110040900,104,23.3,0,0,0.0,1.0,DB04
202110041000,104,23.6,0,0,0.0,1.0,DB04
202110041100,104,24.8,0,0,1.0,6.123233995736766e-17,DB04
202110041200,104,25.0,0,0,0.9396926207859083,0.3420201433256688,DB04
202110041300,104,25.3,0,0,0.9396926207859083,0.3420201433256688,DB04
202110041400,104,26.0,0,0,0.766044443118978,0.6427876096865394,DB04
202110041500,104,26.2,0,0,1.0,6.123233995736766e-17,DB04
202110041600,104,26.4,0,0,0.9396926207859083,0.3420201433256688,DB04
202110041700,104,26.3,0,0,1.0,6.123233995736766e-17,DB04
202110041800,104,25.9,0,0,0.9396926207859084,-0.3420201433256687,DB04
202110041900,104,26.0,0,0,0.9396926207859084,-0.3420201433256687,DB04
202110042000,104,26.3,0,0,0.9396926207859083,0.3420201433256688,DB04
202110042100,104,26.1,0,0,1.0,6.123233995736766e-17,DB04
202110042200,104,25.4,0,0,1.0,6.123233995736766e-17,DB04
202110042300,104,25.1,0,0,1.0,6.123233995736766e-17,DB04
202110050000,104,25.5,0,0,0.9396926207859084,-0.3420201433256687,DB04
202110050100,104,25.4,0,0,0.9396926207859083,0.3420201433256688,DB04
202110050200,104,25.3,0,0,0.6427876096865395,-0.7660444431189779,DB04
202110050300,104,25.1,0,0,0.6427876096865395,-0.7660444431189779,DB04
202110050400,104,25.0,0,0,0.3420201433256689,-0.9396926207859083,DB03
202110050500,104,20.8,0,0,-0.7660444431189779,-0.6427876096865395,DB03
202110050600,104,20.3,0,0,-1.0,-1.8369701987210297e-16,DB03
202110050700,104,20.0,0,0,0.3420201433256689,-0.9396926207859083,DB03
202110050800,104,21.1,0,0,-0.7660444431189779,-0.6427876096865395,DB03
202110050900,104,19.9,0,0,-0.9396926207859084,-0.34202014332566855,DB03
202110051000,104,19.9,0,0,-0.34202014332566866,-0.9396926207859084,DB03
202110051100,104,19.0,0,0,-0.34202014332566866,-0.9396926207859084,DB04
202110051200,104,17.9,0,0,-0.34202014332566866,-0.9396926207859084,DB04
202110051300,104,17.6,0,0,-0.34202014332566866,-0.9396926207859084,DB04
202110051400,104,17.6,0,0,-0.7660444431189779,-0.6427876096865395,DB04
202110051500,104,17.3,0,0,-0.34202014332566866,-0.9396926207859084,DB04
202110051600,104,17.1,100,1,-0.7660444431189779,-0.6427876096865395,DB04
202110051700,104,16.9,100,1,1.2246467991473532e-16,-1.0,DB04
202110051800,104,16.8,100,1,0.3420201433256689,-0.9396926207859083,DB04
202110051900,104,16.4,100,1,1.2246467991473532e-16,-1.0,DB04
202110052000,104,16.4,100,1,1.2246467991473532e-16,-1.0,DB04
202110052100,104,16.4,100,1,0.3420201433256689,-0.9396926207859083,DB04
202110052200,104,16.3,100,1,0.6427876096865395,-0.7660444431189779,DB04
202110052300,104,16.4,100,1,0.3420201433256689,-0.9396926207859083,DB04
202110060000,104,16.5,100,1,0.3420201433256689,-0.9396926207859083,DB04
202110060100,104,16.6,100,1,0.3420201433256689,-0.9396926207859083,DB04
202110060200,104,17.2,100,1,-0.7660444431189779,-0.6427876096865395,DB04
202110060300,104,16.6,100,1,0.3420201433256689,-0.9396926207859083,DB04
202110060400,104,16.8,100,1,1.2246467991473532e-16,-1.0,DB04
202110060500,104,17.2,100,1,-0.7660444431189779,-0.6427876096865395,DB04
202110060600,104,17.0,100,1,-0.7660444431189779,-0.6427876096865395,DB04
202110060700,104,17.2,100,1,-0.7660444431189779,-0.6427876096865395,DB04
202110060800,104,17.3,100,1,-0.9396926207859083,0.342020143325669,DB04
202110060900,104,17.0,100,1,-0.3420201433256686,0.9396926207859084,DB04
202110061000,104,17.3,100,1,0.0,1.0,DB04
202110061100,104,17.2,100,1,0.0,1.0,DB04
202110061200,104,17.1,100,1,-0.3420201433256686,0.9396926207859084,DB04
202110061300,104,16.5,100,1,-0.9396926207859083,0.342020143325669,DB04
202110061400,104,16.6,100,1,0.0,1.0,DB04
202110061500,104,16.1,100,1,0.0,1.0,DB04
202110061600,104,16.2,100,1,0.0,1.0,DB04
202110061700,104,16.0,100,1,0.0,1.0,DB04
202110061800,104,15.9,100,1,0.0,1.0,DB04
202110061900,104,15.9,100,1,0.0,1.0,DB04
202110062000,104,15.8,100,1,0.0,1.0,DB04
202110062100,104,15.7,100,1,0.3420201433256689,-0.9396926207859083,DB04
202110062200,104,15.7,100,1,0.0,1.0,DB04
202110062300,104,15.8,0,0,0.3420201433256689,-0.9396926207859083,DB04
202110070000,104,15.9,0,0,0.0,1.0,DB03
202110070100,104,15.6,0,0,0.0,1.0,DB03
202110070200,104,15.2,0,0,0.0,1.0,DB03
202110070300,104,15.1,0,0,0.0,1.0,DB02
202110070400,104,15.3,0,0,0.0,1.0,DB02
202110070500,104,15.5,0,0,0.9396926207859084,-0.3420201433256687,DB02
202110070600,104,16.3,0,0,1.2246467991473532e-16,-1.0,DB03
202110070700,104,16.1,0,0,0.0,1.0,DB03
202110070800,104,17.0,0,0,0.3420201433256689,-0.9396926207859083,DB03
202110070900,104,18.3,0,0,0.3420201433256689,-0.9396926207859083,DB04
202110071000,104,18.1,0,0,-0.34202014332566866,-0.9396926207859084,DB04
202110071100,104,18.4,0,0,-0.34202014332566866,-0.9396926207859084,DB04
202110071200,104,18.7,0,0,-0.7660444431189779,-0.6427876096865395,DB04
202110071300,104,19.1,0,0,-0.34202014332566866,-0.9396926207859084,DB04
202110071400,104,18.2,0,0,-0.34202014332566866,-0.9396926207859084,DB04
202110071500,104,17.7,0,0,-0.34202014332566866,-0.9396926207859084,DB04
202110071600,104,17.4,0,0,-0.34202014332566866,-0.9396926207859084,DB04
202110071700,104,16.9,100,1,0.3420201433256689,-0.9396926207859083,DB04
202110071800,104,16.6,0,0,1.2246467991473532e-16,-1.0,DB04
202110071900,104,16.3,0,0,0.3420201433256689,-0.9396926207859083,DB04
202110072000,104,16.1,0,0,0.3420201433256689,-0.9396926207859083,DB04
202110072100,104,16.1,100,1,0.3420201433256689,-0.9396926207859083,DB04
202110072200,104,15.8,100,1,0.3420201433256689,-0.9396926207859083,DB04
202110072300,104,15.8,100,1,1.2246467991473532e-16,-1.0,DB04
202110080000,104,15.8,100,1,0.3420201433256689,-0.9396926207859083,DB04
202110080100,104,15.8,100,1,0.3420201433256689,-0.9396926207859083,DB04
202110080200,104,15.9,100,1,0.3420201433256689,-0.9396926207859083,DB04
202110080300,104,15.9,100,1,0.3420201433256689,-0.9396926207859083,DB04
202110080400,104,15.9,0,0,0.3420201433256689,-0.9396926207859083,DB04
202110080500,104,16.1,100,1,0.6427876096865395,-0.7660444431189779,DB04
202110080600,104,16.1,100,1,0.6427876096865395,-0.7660444431189779,DB04
202110080700,104,16.2,0,0,0.9396926207859084,-0.3420201433256687,DB04
202110080800,104,16.5,0,0,1.0,6.123233995736766e-17,DB04
202110080900,104,16.9,0,0,-0.34202014332566866,-0.9396926207859084,DB04
202110081000,104,17.1,0,0,0.3420201433256689,-0.9396926207859083,DB04
202110081100,104,17.6,0,0,0.3420201433256689,-0.9396926207859083,DB04
202110081200,104,17.7,0,0,-0.34202014332566866,-0.9396926207859084,DB04
202110081300,104,17.8,100,1,-0.34202014332566866,-0.9396926207859084,DB04
202110081400,104,17.5,100,1,1.2246467991473532e-16,-1.0,DB04
202110081500,104,17.5,100,1,1.2246467991473532e-16,-1.0,DB04
202110081600,104,17.6,100,1,1.2246467991473532e-16,-1.0,DB04
202110081700,104,17.5,100,1,0.3420201433256689,-0.9396926207859083,DB04
202110081800,104,17.6,100,1,0.0,1.0,DB04
202110081900,104,17.5,100,1,0.0,1.0,DB04
202110082000,104,17.4,0,0,0.0,1.0,DB04
202110082100,104,17.4,0,0,0.3420201433256689,-0.9396926207859083,DB04
202110082200,104,17.4,0,0,0.3420201433256687,0.9396926207859084,DB04
202110082300,104,17.2,0,0,0.0,1.0,DB04
202110090000,104,17.3,0,0,0.0,1.0,DB04
202110090100,104,17.0,0,0,0.3420201433256687,0.9396926207859084,DB03
202110090200,104,16.8,0,0,0.0,1.0,DB03
202110090300,104,16.8,0,0,0.0,1.0,DB03
202110090400,104,16.4,0,0,0.0,1.0,DB03
202110090500,104,17.0,0,0,0.0,1.0,DB03
202110090600,104,17.2,0,0,0.9396926207859084,-0.3420201433256687,DB04
202110090700,104,17.5,100,1,0.0,1.0,DB04
202110090800,104,18.1,0,0,0.0,1.0,DB04
202110090900,104,18.4,100,1,0.0,1.0,DB04
202110091000,104,18.6,100,1,0.3420201433256689,-0.9396926207859083,DB04
202110091100,104,19.2,100,1,0.3420201433256689,-0.9396926207859083,DB04
202110091200,104,19.4,100,1,0.3420201433256689,-0.9396926207859083,DB04
202110091300,104,19.4,100,1,0.0,1.0,DB04
202110091400,104,19.6,100,1,0.0,1.0,DB04
202110091500,104,19.6,100,1,0.0,1.0,DB04
202110091600,104,20.2,100,1,0.0,1.0,DB04
202110091700,104,20.0,100,1,0.0,1.0,DB04
202110091800,104,19.7,100,1,0.766044443118978,0.6427876096865394,DB04
202110091900,104,19.5,100,1,0.0,1.0,DB04
202110092000,104,19.4,0,0,0.0,1.0,DB04
202110092100,104,19.3,0,0,0.0,1.0,DB04
202110092200,104,19.2,0,0,0.0,1.0,DB04
202110092300,104,18.8,0,0,0.0,1.0,DB03
202110100000,104,18.4,0,0,0.0,1.0,DB02
202110100100,104,17.8,0,0,0.0,1.0,DB02
202110100200,104,17.7,0,0,0.9396926207859083,0.3420201433256688,DB02
202110100300,104,17.9,0,0,0.766044443118978,0.6427876096865394,DB02
202110100400,104,17.8,0,0,0.0,1.0,DB02
202110100500,104,18.5,0,0,0.766044443118978,0.6427876096865394,DB02
202110100600,104,20.1,0,0,0.766044443118978,0.6427876096865394,DB02
202110100700,104,19.9,0,0,0.3420201433256687,0.9396926207859084,DB03
202110100800,104,22.1,0,0,0.0,1.0,DB03
202110100900,104,25.2,0,0,0.9396926207859083,0.3420201433256688,DB03
202110101000,104,25.2,0,0,0.9396926207859083,0.3420201433256688,DB04
202110101100,104,26.9,0,0,1.0,6.123233995736766e-17,DB03
202110101200,104,26.6,0,0,0.9396926207859083,0.3420201433256688,DB03
202110101300,104,25.8,0,0,0.766044443118978,0.6427876096865394,DB04
202110101400,104,26.4,0,0,1.0,6.123233995736766e-17,DB04
202110101500,104,26.7,0,0,1.0,6.123233995736766e-17,DB03
202110101600,104,26.9,0,0,0.9396926207859084,-0.3420201433256687,DB03
202110101700,104,26.4,0,0,1.0,6.123233995736766e-17,DB03
202110101800,104,25.3,0,0,0.9396926207859084,-0.3420201433256687,DB04
202110101900,104,24.7,0,0,0.6427876096865395,-0.7660444431189779,DB03
202110102000,104,23.4,0,0,0.9396926207859084,-0.3420201433256687,DB03
202110102100,104,21.9,0,0,0.0,1.0,DB03
202110102200,104,21.6,0,0,0.0,1.0,DB04
202110102300,104,21.2,0,0,0.766044443118978,0.6427876096865394,DB04
202110110000,104,21.2,0,0,0.766044443118978,0.6427876096865394,DB04
202110110100,104,18.9,0,0,-0.7660444431189779,-0.6427876096865395,DB04
202110110200,104,17.5,100,1,-0.9396926207859084,-0.34202014332566855,DB04
202110110300,104,17.1,0,0,-0.34202014332566866,-0.9396926207859084,DB04
202110110400,104,16.6,0,0,0.9396926207859084,-0.3420201433256687,DB04
202110110500,104,15.0,100,1,0.0,1.0,DB04
202110110600,104,14.4,100,1,0.766044443118978,0.6427876096865394,DB04
202110110700,104,14.7,100,1,0.0,1.0,DB04
202110110800,104,14.7,0,0,0.3420201433256689,-0.9396926207859083,DB04
202110110900,104,14.6,0,0,0.3420201433256689,-0.9396926207859083,DB04
202110111000,104,14.8,0,0,0.6427876096865395,-0.7660444431189779,DB04
202110111100,104,15.8,0,0,0.3420201433256689,-0.9396926207859083,DB04
202110111200,104,16.9,0,0,0.3420201433256689,-0.9396926207859083,DB04
202110111300,104,16.9,0,0,0.3420201433256689,-0.9396926207859083,DB04
202110111400,104,16.0,0,0,-0.9396926207859084,-0.34202014332566855,DB04
202110111500,104,14.5,0,0,-0.34202014332566866,-0.9396926207859084,DB04
202110111600,104,13.9,100,1,1.2246467991473532e-16,-1.0,DB04
202110111700,104,13.4,100,1,0.3420201433256689,-0.9396926207859083,DB04
202110111800,104,13.6,100,1,0.6427876096865395,-0.7660444431189779,DB04
202110111900,104,14.0,0,0,0.0,1.0,DB04
202110112000,104,13.6,100,1,0.6427876096865395,-0.7660444431189779,DB04
202110112100,104,14.0,100,1,1.0,6.123233995736766e-17,DB04
202110112200,104,14.2,0,0,0.3420201433256689,-0.9396926207859083,DB04
202110112300,104,14.3,0,0,0.3420201433256689,-0.9396926207859083,DB04
202110120000,104,14.4,0,0,0.9396926207859084,-0.3420201433256687,DB04
202110120100,104,14.4,0,0,0.0,1.0,DB03
202110120200,104,14.4,0,0,0.0,1.0,DB04
202110120300,104,14.2,100,1,0.9396926207859084,-0.3420201433256687,DB04
202110120400,104,14.2,100,1,0.9396926207859084,-0.3420201433256687,DB04
202110120500,104,14.5,0,0,0.9396926207859084,-0.3420201433256687,DB04
202110120600,104,14.4,0,0,0.6427876096865395,-0.7660444431189779,DB04
202110120700,104,14.4,0,0,0.0,1.0,DB04
202110120800,104,15.0,0,0,0.6427876096865395,-0.7660444431189779,DB04
202110120900,104,15.8,0,0,0.6427876096865395,-0.7660444431189779,DB04
202110121000,104,16.5,0,0,0.0,1.0,DB04
202110121100,104,17.5,0,0,0.6427876096865395,-0.7660444431189779,DB04
202110121200,104,19.0,0,0,-0.9396926207859084,-0.34202014332566855,DB04
202110121300,104,17.8,0,0,0.0,1.0,DB04
202110121400,104,17.9,0,0,0.6427876096865395,-0.7660444431189779,DB04
202110121500,104,18.4,0,0,0.6427876096865395,-0.7660444431189779,DB04
202110121600,104,17.5,0,0,0.6427876096865395,-0.7660444431189779,DB04
202110121700,104,16.6,0,0,0.6427876096865395,-0.7660444431189779,DB04
202110121800,104,16.2,0,0,0.6427876096865395,-0.7660444431189779,DB04
202110121900,104,16.2,0,0,0.6427876096865395,-0.7660444431189779,DB04
202110122000,104,16.2,0,0,0.9396926207859084,-0.3420201433256687,DB04
202110122100,104,15.9,0,0,0.6427876096865395,-0.7660444431189779,DB04
202110122200,104,15.9,0,0,0.6427876096865395,-0.7660444431189779,DB04
202110122300,104,15.8,0,0,0.6427876096865395,-0.7660444431189779,DB04
202110130000,104,15.7,0,0,0.6427876096865395,-0.7660444431189779,DB04
202110130100,104,16.0,0,0,0.6427876096865395,-0.7660444431189779,DB03
202110130200,104,16.0,0,0,0.6427876096865395,-0.7660444431189779,DB02
202110130300,104,15.4,0,0,0.6427876096865395,-0.7660444431189779,DB03
202110130400,104,15.2,0,0,0.6427876096865395,-0.7660444431189779,DB03
202110130500,104,15.7,0,0,0.3420201433256689,-0.9396926207859083,DB03
202110130600,104,15.3,0,0,0.3420201433256689,-0.9396926207859083,DB03
202110130700,104,16.2,0,0,0.3420201433256689,-0.9396926207859083,DB04
202110130800,104,16.6,0,0,0.3420201433256689,-0.9396926207859083,DB04
202110130900,104,17.8,0,0,0.3420201433256689,-0.9396926207859083,DB04
202110131000,104,18.9,0,0,0.3420201433256689,-0.9396926207859083,DB04
202110131100,104,18.9,0,0,0.3420201433256689,-0.9396926207859083,DB04
202110131200,104,18.7,0,0,0.3420201433256689,-0.9396926207859083,DB04
202110131300,104,19.2,0,0,0.9396926207859083,0.3420201433256688,DB04
202110131400,104,19.4,0,0,1.2246467991473532e-16,-1.0,DB04
202110131500,104,18.8,0,0,-1.0,-1.8369701987210297e-16,DB03
202110131600,104,18.8,0,0,0.0,1.0,DB03
202110131700,104,17.9,0,0,0.0,1.0,DB04
202110131800,104,17.4,0,0,0.9396926207859084,-0.3420201433256687,DB04
202110131900,104,17.2,0,0,0.9396926207859084,-0.3420201433256687,DB04
202110132000,104,17.1,0,0,0.9396926207859084,-0.3420201433256687,DB04
202110132100,104,16.9,0,0,0.6427876096865395,-0.7660444431189779,DB04
202110132200,104,16.2,0,0,0.766044443118978,0.6427876096865394,DB04
202110132300,104,16.3,0,0,1.2246467991473532e-16,-1.0,DB04
202110140000,104,14.8,0,0,0.3420201433256687,0.9396926207859084,DB03
202110140100,104,14.2,0,0,0.0,1.0,DB02
202110140200,104,13.6,0,0,0.0,1.0,DB02
202110140300,104,14.4,0,0,0.9396926207859083,0.3420201433256688,DB02
202110140400,104,13.5,0,0,0.0,1.0,DB02
202110140500,104,13.2,0,0,0.0,1.0,DB01
202110140600,104,13.3,0,0,0.766044443118978,0.6427876096865394,DB01
202110140700,104,13.9,0,0,0.766044443118978,0.6427876096865394,DB01
202110140800,104,17.0,0,0,0.3420201433256687,0.9396926207859084,DB02
202110140900,104,19.7,0,0,0.0,1.0,DB03
202110141000,104,21.5,0,0,-0.7660444431189779,-0.6427876096865395,DB01
202110141100,104,22.1,0,0,-0.9396926207859084,-0.34202014332566855,DB01
202110141200,104,22.2,0,0,-0.6427876096865396,0.7660444431189778,DB01
202110141300,104,22.7,0,0,-0.3420201433256686,0.9396926207859084,DB01
202110141400,104,22.9,0,0,-0.3420201433256686,0.9396926207859084,DB01
202110141500,104,23.2,0,0,-0.6427876096865396,0.7660444431189778,DB01
202110141600,104,22.7,0,0,-0.3420201433256686,0.9396926207859084,DB01
202110141700,104,21.4,0,0,0.0,1.0,DB01
202110141800,104,19.1,0,0,0.6427876096865395,-0.7660444431189779,DB01
202110141900,104,18.9,0,0,1.0,6.123233995736766e-17,DB02
202110142000,104,18.6,0,0,0.0,1.0,DB02
202110142100,104,18.6,0,0,0.0,1.0,DB02
202110142200,104,20.1,0,0,0.6427876096865395,-0.7660444431189779,DB04
202110142300,104,18.8,0,0,0.9396926207859083,0.3420201433256688,DB04
202110150000,104,18.1,0,0,0.766044443118978,0.6427876096865394,DB04
202110150100,104,17.5,0,0,0.3420201433256689,-0.9396926207859083,DB04
202110150200,104,17.6,0,0,0.766044443118978,0.6427876096865394,DB04
202110150300,104,17.7,0,0,0.0,1.0,DB04
202110150400,104,18.3,0,0,0.6427876096865395,-0.7660444431189779,DB04
202110150500,104,17.4,100,1,1.2246467991473532e-16,-1.0,DB04
202110150600,104,16.8,100,1,1.2246467991473532e-16,-1.0,DB04
202110150700,104,16.7,100,1,1.2246467991473532e-16,-1.0,DB04
202110150800,104,16.9,0,0,1.2246467991473532e-16,-1.0,DB04
202110150900,104,16.9,0,0,0.3420201433256689,-0.9396926207859083,DB04
202110151000,104,15.8,100,1,0.6427876096865395,-0.7660444431189779,DB04
202110151100,104,17.3,0,0,0.6427876096865395,-0.7660444431189779,DB04
202110151200,104,16.9,100,1,-0.9396926207859083,0.342020143325669,DB04
202110151300,104,16.9,100,1,-1.0,-1.8369701987210297e-16,DB04
202110151400,104,16.3,100,1,-0.6427876096865396,0.7660444431189778,DB04
202110151500,104,16.0,100,1,-0.6427876096865396,0.7660444431189778,DB04
202110151600,104,16.1,100,1,0.3420201433256687,0.9396926207859084,DB04
202110151700,104,15.8,100,1,-0.3420201433256686,0.9396926207859084,DB04
202110151800,104,15.6,100,1,0.0,1.0,DB04
202110151900,104,15.4,100,1,0.0,1.0,DB04
202110152000,104,15.1,100,1,0.9396926207859084,-0.3420201433256687,DB04
202110152100,104,15.2,0,0,0.9396926207859083,0.3420201433256688,DB04
202110152200,104,15.1,0,0,1.0,6.123233995736766e-17,DB04
202110152300,104,15.0,100,1,0.766044443118978,0.6427876096865394,DB04
202110160000,104,14.8,100,1,0.9396926207859083,0.3420201433256688,DB04
202110160100,104,14.5,100,1,1.0,6.123233995736766e-17,DB04
202110160200,104,14.0,100,1,0.0,1.0,DB04
202110160300,104,14.0,100,1,0.0,1.0,DB04
202110160400,104,14.0,100,1,0.6427876096865395,-0.7660444431189779,DB04
202110160500,104,14.0,100,1,0.766044443118978,0.6427876096865394,DB04
202110160600,104,14.1,100,1,0.9396926207859083,0.3420201433256688,DB04
202110160700,104,13.7,0,0,0.6427876096865395,-0.7660444431189779,DB04
202110160800,104,13.3,0,0,0.6427876096865395,-0.7660444431189779,DB03
202110160900,104,14.3,0,0,0.6427876096865395,-0.7660444431189779,DB03
202110161000,104,17.5,0,0,0.3420201433256689,-0.9396926207859083,DB03
202110161100,104,17.7,0,0,0.3420201433256689,-0.9396926207859083,DB03
202110161200,104,17.8,0,0,1.2246467991473532e-16,-1.0,DB04
202110161300,104,17.4,0,0,1.2246467991473532e-16,-1.0,DB04
202110161400,104,16.6,0,0,1.2246467991473532e-16,-1.0,DB04
202110161500,104,14.6,0,0,-0.34202014332566866,-0.9396926207859084,DB04
202110161600,104,13.6,0,0,1.2246467991473532e-16,-1.0,DB04
202110161700,104,13.1,0,0,1.2246467991473532e-16,-1.0,DB04
202110161800,104,12.5,0,0,1.2246467991473532e-16,-1.0,DB03
202110161900,104,12.4,0,0,1.2246467991473532e-16,-1.0,DB04
202110162000,104,12.1,0,0,1.2246467991473532e-16,-1.0,DB04
202110162100,104,10.7,0,0,0.3420201433256689,-0.9396926207859083,DB04
202110162200,104,9.8,0,0,1.2246467991473532e-16,-1.0,DB03
202110162300,104,8.8,0,0,1.2246467991473532e-16,-1.0,DB02
202110170000,104,7.1,0,0,1.2246467991473532e-16,-1.0,DB03
202110170100,104,6.4,0,0,0.3420201433256689,-0.9396926207859083,DB02
202110170200,104,5.6,0,0,0.3420201433256689,-0.9396926207859083,DB01
202110170300,104,5.4,0,0,0.3420201433256689,-0.9396926207859083,DB01
202110170400,104,4.5,0,0,1.2246467991473532e-16,-1.0,DB01
202110170500,104,4.7,0,0,1.2246467991473532e-16,-1.0,DB01
202110170600,104,4.6,0,0,1.2246467991473532e-16,-1.0,DB01
202110170700,104,4.5,0,0,1.2246467991473532e-16,-1.0,DB01
202110170800,104,5.6,0,0,1.2246467991473532e-16,-1.0,DB01
202110170900,104,6.5,0,0,-0.34202014332566866,-0.9396926207859084,DB01
202110171000,104,7.3,0,0,-0.34202014332566866,-0.9396926207859084,DB01
202110171100,104,8.5,0,0,-0.34202014332566866,-0.9396926207859084,DB01
202110171200,104,8.4,0,0,-0.9396926207859084,-0.34202014332566855,DB01
202110171300,104,9.1,0,0,-0.9396926207859084,-0.34202014332566855,DB01
202110171400,104,10.0,0,0,0.9396926207859084,-0.3420201433256687,DB01
202110171500,104,9.8,0,0,-0.6427876096865396,0.7660444431189778,DB01
202110171600,104,10.0,0,0,-0.9396926207859083,0.342020143325669,DB01
202110171700,104,9.0,0,0,0.0,1.0,DB01
202110171800,104,6.4,0,0,0.6427876096865395,-0.7660444431189779,DB01
202110171900,104,5.8,0,0,0.9396926207859084,-0.3420201433256687,DB01
202110172000,104,5.1,0,0,1.0,6.123233995736766e-17,DB01
202110172100,104,4.6,0,0,0.766044443118978,0.6427876096865394,DB01
202110172200,104,5.4,0,0,0.766044443118978,0.6427876096865394,DB01
202110172300,104,5.5,0,0,0.766044443118978,0.6427876096865394,DB01
202110180000,104,5.1,0,0,0.766044443118978,0.6427876096865394,DB01
202110180100,104,5.0,0,0,0.766044443118978,0.6427876096865394,DB01
202110180200,104,4.3,0,0,0.766044443118978,0.6427876096865394,DB01
202110180300,104,5.2,0,0,0.766044443118978,0.6427876096865394,DB01
202110180400,104,4.7,0,0,0.9396926207859083,0.3420201433256688,DB01
202110180500,104,5.2,0,0,0.766044443118978,0.6427876096865394,DB01
202110180600,104,4.9,0,0,0.9396926207859083,0.3420201433256688,DB01
202110180700,104,4.8,0,0,0.766044443118978,0.6427876096865394,DB01
202110180800,104,7.5,0,0,0.766044443118978,0.6427876096865394,DB01
202110180900,104,10.6,0,0,0.766044443118978,0.6427876096865394,DB01
202110181000,104,13.4,0,0,0.766044443118978,0.6427876096865394,DB01
202110181100,104,14.0,0,0,-0.9396926207859083,0.342020143325669,DB01
202110181200,104,15.5,0,0,-0.6427876096865396,0.7660444431189778,DB01
202110181300,104,15.7,0,0,-0.9396926207859083,0.342020143325669,DB01
202110181400,104,15.3,0,0,-0.9396926207859083,0.342020143325669,DB01
202110181500,104,15.5,0,0,-0.3420201433256686,0.9396926207859084,DB01
202110181600,104,14.8,0,0,-0.3420201433256686,0.9396926207859084,DB03
202110181700,104,13.8,0,0,0.3420201433256687,0.9396926207859084,DB03
202110181800,104,11.7,0,0,0.6427876096865395,-0.7660444431189779,DB03
202110181900,104,11.2,0,0,0.6427876096865395,-0.7660444431189779,DB03
202110182000,104,11.4,0,0,0.9396926207859084,-0.3420201433256687,DB03
202110182100,104,11.8,0,0,0.9396926207859084,-0.3420201433256687,DB03
202110182200,104,10.5,0,0,0.3420201433256687,0.9396926207859084,DB04
202110182300,104,11.2,0,0,0.766044443118978,0.6427876096865394,DB04
202110190000,104,12.2,0,0,0.9396926207859083,0.3420201433256688,DB04
202110190100,104,13.8,0,0,0.6427876096865395,-0.7660444431189779,DB04
202110190200,104,11.6,0,0,0.0,1.0,DB04
202110190300,104,12.4,0,0,1.0,6.123233995736766e-17,DB04
202110190400,104,10.0,100,1,0.0,1.0,DB04
202110190500,104,10.6,100,1,0.766044443118978,0.6427876096865394,DB04
202110190600,104,10.3,0,0,0.0,1.0,DB04
202110190700,104,10.1,0,0,0.3420201433256687,0.9396926207859084,DB04
202110190800,104,11.5,0,0,0.6427876096865395,-0.7660444431189779,DB04
202110190900,104,13.1,0,0,0.0,1.0,DB01
202110191000,104,14.9,0,0,0.3420201433256689,-0.9396926207859083,DB01
202110191100,104,15.2,0,0,0.3420201433256689,-0.9396926207859083,DB02
202110191200,104,16.2,0,0,1.2246467991473532e-16,-1.0,DB02
202110191300,104,13.3,0,0,1.2246467991473532e-16,-1.0,DB03
202110191400,104,13.7,0,0,-0.34202014332566866,-0.9396926207859084,DB03
202110191500,104,11.7,100,1,-0.7660444431189779,-0.6427876096865395,DB04
202110191600,104,9.2,100,1,1.2246467991473532e-16,-1.0,DB03
202110191700,104,8.8,0,0,-0.7660444431189779,-0.6427876096865395,DB04
202110191800,104,9.0,0,0,1.2246467991473532e-16,-1.0,DB04
202110191900,104,9.2,0,0,1.2246467991473532e-16,-1.0,DB04
202110192000,104,8.4,100,1,0.3420201433256689,-0.9396926207859083,DB04
202110192100,104,8.3,100,1,0.3420201433256689,-0.9396926207859083,DB04
202110192200,104,7.9,100,1,1.2246467991473532e-16,-1.0,DB04
202110192300,104,7.9,100,1,1.2246467991473532e-16,-1.0,DB03
202110200000,104,7.7,100,1,1.2246467991473532e-16,-1.0,DB04
202110200100,104,7.8,100,1,0.6427876096865395,-0.7660444431189779,DB04
202110200200,104,8.0,100,1,1.2246467991473532e-16,-1.0,DB03
202110200300,104,7.8,0,0,0.6427876096865395,-0.7660444431189779,DB03
202110200400,104,7.2,0,0,1.2246467991473532e-16,-1.0,DB04
202110200500,104,7.2,100,1,1.2246467991473532e-16,-1.0,DB03
202110200600,104,6.2,0,0,0.6427876096865395,-0.7660444431189779,DB02
202110200700,104,6.6,0,0,0.6427876096865395,-0.7660444431189779,DB02
202110200800,104,8.4,0,0,0.6427876096865395,-0.7660444431189779,DB02
202110200900,104,11.0,0,0,0.3420201433256689,-0.9396926207859083,DB01
202110201000,104,11.6,0,0,-0.34202014332566866,-0.9396926207859084,DB01
202110201100,104,12.5,0,0,-0.7660444431189779,-0.6427876096865395,DB01
202110201200,104,12.6,0,0,-0.6427876096865396,0.7660444431189778,DB02
202110201300,104,14.6,0,0,-0.6427876096865396,0.7660444431189778,DB02
202110201400,104,13.2,0,0,-0.6427876096865396,0.7660444431189778,DB03
202110201500,104,13.2,0,0,-0.9396926207859084,-0.34202014332566855,DB03
202110201600,104,12.4,0,0,-0.3420201433256686,0.9396926207859084,DB04
202110201700,104,11.8,0,0,0.3420201433256687,0.9396926207859084,DB04
202110201800,104,11.3,0,0,0.9396926207859084,-0.3420201433256687,DB04
202110201900,104,10.8,0,0,0.9396926207859084,-0.3420201433256687,DB04
202110202000,104,10.2,0,0,0.9396926207859084,-0.3420201433256687,DB03
202110202100,104,9.3,0,0,0.6427876096865395,-0.7660444431189779,DB02
202110202200,104,8.4,0,0,0.6427876096865395,-0.7660444431189779,DB02
202110202300,104,8.4,0,0,0.3420201433256687,0.9396926207859084,DB03
202110210000,104,8.3,0,0,0.9396926207859083,0.3420201433256688,DB02
202110210100,104,7.0,0,0,0.766044443118978,0.6427876096865394,DB02
202110210200,104,7.5,0,0,0.766044443118978,0.6427876096865394,DB03
202110210300,104,7.4,0,0,0.9396926207859083,0.3420201433256688,DB01
202110210400,104,7.1,0,0,0.0,1.0,DB02
202110210500,104,6.8,0,0,0.766044443118978,0.6427876096865394,DB01
202110210600,104,7.0,0,0,0.9396926207859083,0.3420201433256688,DB01
202110210700,104,6.2,0,0,0.766044443118978,0.6427876096865394,DB01
202110210800,104,8.6,0,0,0.766044443118978,0.6427876096865394,DB01
202110210900,104,11.8,0,0,0.6427876096865395,-0.7660444431189779,DB01
202110211000,104,13.3,0,0,0.0,1.0,DB01
202110211100,104,14.4,0,0,-1.0,-1.8369701987210297e-16,DB02
202110211200,104,14.5,0,0,-0.9396926207859084,-0.34202014332566855,DB03
202110211300,104,14.2,0,0,-1.0,-1.8369701987210297e-16,DB04
202110211400,104,14.9,0,0,1.2246467991473532e-16,-1.0,DB04
202110211500,104,13.8,0,0,-1.0,-1.8369701987210297e-16,DB04
202110211600,104,14.0,0,0,-0.34202014332566866,-0.9396926207859084,DB03
202110211700,104,13.4,0,0,1.2246467991473532e-16,-1.0,DB03
202110211800,104,11.2,0,0,0.3420201433256689,-0.9396926207859083,DB03
202110211900,104,11.4,0,0,0.3420201433256689,-0.9396926207859083,DB03
202110212000,104,11.6,0,0,0.3420201433256689,-0.9396926207859083,DB04
202110212100,104,10.6,0,0,0.3420201433256689,-0.9396926207859083,DB03
202110212200,104,10.8,0,0,0.9396926207859084,-0.3420201433256687,DB03
202110212300,104,9.2,0,0,0.0,1.0,DB03
202110220000,104,9.6,0,0,0.6427876096865395,-0.7660444431189779,DB03
202110220100,104,9.5,0,0,0.9396926207859084,-0.3420201433256687,DB03
202110220200,104,8.7,0,0,0.3420201433256687,0.9396926207859084,DB03
202110220300,104,9.8,0,0,0.9396926207859083,0.3420201433256688,DB04
202110220400,104,10.2,0,0,0.3420201433256689,-0.9396926207859083,DB03
202110220500,104,9.5,0,0,1.0,6.123233995736766e-17,DB03
202110220600,104,9.3,0,0,1.0,6.123233995736766e-17,DB04
202110220700,104,9.2,0,0,0.6427876096865395,-0.7660444431189779,DB03
202110220800,104,9.6,100,1,0.0,1.0,DB04
202110220900,104,10.0,100,1,1.2246467991473532e-16,-1.0,DB04
202110221000,104,11.1,100,1,0.3420201433256689,-0.9396926207859083,DB03
202110221100,104,13.3,0,0,-0.7660444431189779,-0.6427876096865395,DB03
202110221200,104,13.6,0,0,-0.7660444431189779,-0.6427876096865395,DB03
202110221300,104,10.9,0,0,-0.7660444431189779,-0.6427876096865395,DB04
202110221400,104,10.3,100,1,0.3420201433256689,-0.9396926207859083,DB04
202110221500,104,10.7,100,1,0.9396926207859084,-0.3420201433256687,DB04
202110221600,104,13.0,0,0,-0.7660444431189779,-0.6427876096865395,DB04
202110221700,104,13.2,0,0,1.2246467991473532e-16,-1.0,DB03
202110221800,104,10.4,100,1,0.3420201433256687,0.9396926207859084,DB04
202110221900,104,9.5,0,0,0.9396926207859084,-0.3420201433256687,DB03
202110222000,104,9.3,0,0,0.6427876096865395,-0.7660444431189779,DB02
202110222100,104,9.7,0,0,0.6427876096865395,-0.7660444431189779,DB01
202110222200,104,10.1,0,0,0.6427876096865395,-0.7660444431189779,DB01
202110222300,104,9.6,0,0,0.6427876096865395,-0.7660444431189779,DB01
202110230000,104,8.2,0,0,0.9396926207859083,0.3420201433256688,DB01
202110230100,104,9.5,0,0,0.6427876096865395,-0.7660444431189779,DB01
202110230200,104,9.6,0,0,0.6427876096865395,-0.7660444431189779,DB02
202110230300,104,10.0,0,0,0.6427876096865395,-0.7660444431189779,DB02
202110230400,104,9.8,0,0,0.6427876096865395,-0.7660444431189779,DB03
202110230500,104,8.4,0,0,0.766044443118978,0.6427876096865394,DB02
202110230600,104,7.8,0,0,0.766044443118978,0.6427876096865394,DB01
202110230700,104,8.0,0,0,0.766044443118978,0.6427876096865394,DB01
202110230800,104,10.3,0,0,0.766044443118978,0.6427876096865394,DB01
202110230900,104,13.2,0,0,0.766044443118978,0.6427876096865394,DB01
202110231000,104,15.0,0,0,0.3420201433256687,0.9396926207859084,DB01
202110231100,104,16.4,0,0,0.766044443118978,0.6427876096865394,DB01
202110231200,104,16.9,0,0,-0.3420201433256686,0.9396926207859084,DB01
202110231300,104,17.3,0,0,-0.3420201433256686,0.9396926207859084,DB01
202110231400,104,16.9,0,0,-0.3420201433256686,0.9396926207859084,DB01
202110231500,104,17.1,0,0,-0.3420201433256686,0.9396926207859084,DB01
202110231600,104,16.5,0,0,-0.3420201433256686,0.9396926207859084,DB01
202110231700,104,15.2,0,0,0.0,1.0,DB01
202110231800,104,12.4,0,0,0.9396926207859084,-0.3420201433256687,DB01
202110231900,104,11.4,0,0,0.6427876096865395,-0.7660444431189779,DB01
202110232000,104,10.6,0,0,0.9396926207859083,0.3420201433256688,DB01
202110232100,104,9.8,0,0,0.9396926207859083,0.3420201433256688,DB01
202110232200,104,11.3,0,0,0.766044443118978,0.6427876096865394,DB01
202110232300,104,10.2,0,0,0.766044443118978,0.6427876096865394,DB01
202110240000,104,10.3,0,0,0.9396926207859083,0.3420201433256688,DB01
202110240100,104,9.3,0,0,0.9396926207859083,0.3420201433256688,DB01
202110240200,104,10.3,0,0,0.9396926207859083,0.3420201433256688,DB01
202110240300,104,9.4,0,0,0.9396926207859083,0.3420201433256688,DB01
202110240400,104,9.3,0,0,0.9396926207859083,0.3420201433256688,DB01
202110240500,104,9.6,0,0,0.766044443118978,0.6427876096865394,DB01
202110240600,104,9.2,0,0,0.9396926207859083,0.3420201433256688,DB01
202110240700,104,9.0,0,0,0.9396926207859083,0.3420201433256688,DB01
202110240800,104,10.3,0,0,0.766044443118978,0.6427876096865394,DB01
202110240900,104,13.3,0,0,0.766044443118978,0.6427876096865394,DB01
202110241000,104,15.7,0,0,0.3420201433256687,0.9396926207859084,DB01
202110241100,104,17.0,0,0,0.3420201433256687,0.9396926207859084,DB01
202110241200,104,17.5,0,0,-0.9396926207859084,-0.34202014332566855,DB01
202110241300,104,17.5,0,0,-0.9396926207859084,-0.34202014332566855,DB01
202110241400,104,17.3,0,0,-0.6427876096865396,0.7660444431189778,DB01
202110241500,104,17.1,0,0,-0.6427876096865396,0.7660444431189778,DB01
202110241600,104,16.8,0,0,-1.0,-1.8369701987210297e-16,DB01
202110241700,104,15.0,0,0,0.0,1.0,DB01
202110241800,104,12.4,0,0,0.9396926207859084,-0.3420201433256687,DB01
202110241900,104,11.2,0,0,1.0,6.123233995736766e-17,DB01
202110242000,104,9.2,0,0,0.0,1.0,DB01
202110242100,104,8.6,0,0,0.0,1.0,DB01
202110242200,104,11.4,0,0,0.9396926207859083,0.3420201433256688,DB01
202110242300,104,10.8,0,0,0.766044443118978,0.6427876096865394,DB02
202110250000,104,9.0,0,0,0.766044443118978,0.6427876096865394,DB01
202110250100,104,9.0,0,0,0.766044443118978,0.6427876096865394,DB01
202110250200,104,9.7,0,0,0.766044443118978,0.6427876096865394,DB01
202110250300,104,9.6,0,0,0.9396926207859083,0.3420201433256688,DB01
202110250400,104,9.4,0,0,0.766044443118978,0.6427876096865394,DB01
202110250500,104,9.4,0,0,0.9396926207859083,0.3420201433256688,DB01
202110250600,104,8.8,0,0,0.766044443118978,0.6427876096865394,DB02
202110250700,104,9.3,0,0,0.766044443118978,0.6427876096865394,DB02
202110250800,104,11.4,0,0,0.766044443118978,0.6427876096865394,DB02
202110250900,104,13.6,0,0,0.0,1.0,DB02
202110251000,104,15.9,0,0,0.0,1.0,DB01
202110251100,104,16.9,0,0,-0.9396926207859083,0.342020143325669,DB01
202110251200,104,16.9,0,0,-0.7660444431189779,-0.6427876096865395,DB01
202110251300,104,17.3,0,0,-1.0,-1.8369701987210297e-16,DB01
202110251400,104,17.7,0,0,-0.3420201433256686,0.9396926207859084,DB01
202110251500,104,17.5,0,0,0.0,1.0,DB01
202110251600,104,17.0,0,0,-0.3420201433256686,0.9396926207859084,DB01
202110251700,104,15.2,0,0,0.0,1.0,DB01
202110251800,104,12.7,0,0,0.6427876096865395,-0.7660444431189779,DB01
202110251900,104,12.2,0,0,0.9396926207859084,-0.3420201433256687,DB01
202110252000,104,10.6,0,0,0.3420201433256687,0.9396926207859084,DB01
202110252100,104,10.5,0,0,0.0,1.0,DB01
202110252200,104,11.0,0,0,1.0,6.123233995736766e-17,DB01
202110252300,104,9.5,0,0,1.0,6.123233995736766e-17,DB01
202110260000,104,10.1,0,0,0.766044443118978,0.6427876096865394,DB01
202110260100,104,9.3,0,0,0.766044443118978,0.6427876096865394,DB01
202110260200,104,9.9,0,0,0.766044443118978,0.6427876096865394,DB01
202110260300,104,9.4,0,0,0.766044443118978,0.6427876096865394,DB01
202110260400,104,9.7,0,0,0.766044443118978,0.6427876096865394,DB01
202110260500,104,9.5,0,0,0.766044443118978,0.6427876096865394,DB02
202110260600,104,9.3,0,0,0.766044443118978,0.6427876096865394,DB01
202110260700,104,9.1,0,0,0.766044443118978,0.6427876096865394,DB02
202110260800,104,11.5,0,0,0.766044443118978,0.6427876096865394,DB02
202110260900,104,14.0,0,0,0.766044443118978,0.6427876096865394,DB01
202110261000,104,16.3,0,0,0.766044443118978,0.6427876096865394,DB01
202110261100,104,18.5,0,0,0.766044443118978,0.6427876096865394,DB01
202110261200,104,19.5,0,0,0.766044443118978,0.6427876096865394,DB01
202110261300,104,19.4,0,0,-0.6427876096865396,0.7660444431189778,DB02
202110261400,104,19.0,0,0,-0.3420201433256686,0.9396926207859084,DB02
202110261500,104,19.3,0,0,0.0,1.0,DB02
202110261600,104,18.7,0,0,-0.3420201433256686,0.9396926207859084,DB02
202110261700,104,15.7,0,0,0.0,1.0,DB02
202110261800,104,13.9,0,0,0.0,1.0,DB02
202110261900,104,12.8,0,0,0.0,1.0,DB01
202110262000,104,13.0,0,0,1.0,6.123233995736766e-17,DB01
202110262100,104,12.3,0,0,0.766044443118978,0.6427876096865394,DB02
202110262200,104,13.2,0,0,0.766044443118978,0.6427876096865394,DB03
202110262300,104,13.3,0,0,0.3420201433256687,0.9396926207859084,DB04
202110270000,104,14.9,0,0,0.766044443118978,0.6427876096865394,DB04
202110270100,104,15.4,0,0,0.9396926207859083,0.3420201433256688,DB04
202110270200,104,14.7,0,0,0.0,1.0,DB04
202110270300,104,14.9,0,0,0.9396926207859083,0.3420201433256688,DB04
202110270400,104,13.1,0,0,0.766044443118978,0.6427876096865394,DB03
202110270500,104,12.6,0,0,0.766044443118978,0.6427876096865394,DB02
202110270600,104,10.7,100,1,0.766044443118978,0.6427876096865394,DB03
202110270700,104,10.4,0,0,0.766044443118978,0.6427876096865394,DB03
202110270800,104,14.7,0,0,0.6427876096865395,-0.7660444431189779,DB01
202110270900,104,15.8,0,0,-0.9396926207859084,-0.34202014332566855,DB01
202110271000,104,17.8,0,0,1.2246467991473532e-16,-1.0,DB01
202110271100,104,19.2,0,0,1.2246467991473532e-16,-1.0,DB01
202110271200,104,20.0,0,0,1.2246467991473532e-16,-1.0,DB01
202110271300,104,18.9,0,0,-0.7660444431189779,-0.6427876096865395,DB01
202110271400,104,18.3,0,0,-0.9396926207859084,-0.34202014332566855,DB01
202110271500,104,18.1,0,0,-0.9396926207859084,-0.34202014332566855,DB01
202110271600,104,17.3,0,0,-0.9396926207859084,-0.34202014332566855,DB01
202110271700,104,15.3,0,0,0.0,1.0,DB01
202110271800,104,12.8,0,0,0.0,1.0,DB01
202110271900,104,11.3,0,0,0.0,1.0,DB01
202110272000,104,10.9,0,0,0.0,1.0,DB01
202110272100,104,10.1,0,0,0.0,1.0,DB01
202110272200,104,11.6,0,0,0.0,1.0,DB01
202110272300,104,11.5,0,0,0.766044443118978,0.6427876096865394,DB01
202110280000,104,11.1,0,0,0.766044443118978,0.6427876096865394,DB01
202110280100,104,10.2,0,0,0.766044443118978,0.6427876096865394,DB01
202110280200,104,10.5,0,0,0.766044443118978,0.6427876096865394,DB01
202110280300,104,10.4,0,0,0.766044443118978,0.6427876096865394,DB01
202110280400,104,10.5,0,0,0.9396926207859083,0.3420201433256688,DB01
202110280500,104,8.4,0,0,0.9396926207859083,0.3420201433256688,DB01
202110280600,104,8.7,0,0,1.0,6.123233995736766e-17,DB01
202110280700,104,11.3,0,0,0.6427876096865395,-0.7660444431189779,DB01
202110280800,104,13.0,0,0,0.6427876096865395,-0.7660444431189779,DB01
202110280900,104,15.6,0,0,1.2246467991473532e-16,-1.0,DB01
202110281000,104,16.9,0,0,-0.34202014332566866,-0.9396926207859084,DB01
202110281100,104,17.7,0,0,-0.34202014332566866,-0.9396926207859084,DB01
202110281200,104,17.7,0,0,-0.34202014332566866,-0.9396926207859084,DB01
202110281300,104,17.7,0,0,-0.7660444431189779,-0.6427876096865395,DB01
202110281400,104,17.8,0,0,-0.7660444431189779,-0.6427876096865395,DB01
202110281500,104,17.6,0,0,-0.34202014332566866,-0.9396926207859084,DB02
202110281600,104,16.9,0,0,-0.9396926207859084,-0.34202014332566855,DB01
202110281700,104,15.9,0,0,-0.7660444431189779,-0.6427876096865395,DB01
202110281800,104,13.0,0,0,0.3420201433256689,-0.9396926207859083,DB01
202110281900,104,11.9,0,0,0.6427876096865395,-0.7660444431189779,DB01
202110282000,104,11.7,0,0,0.6427876096865395,-0.7660444431189779,DB01
202110282100,104,11.6,0,0,0.6427876096865395,-0.7660444431189779,DB01
202110282200,104,11.1,0,0,0.0,1.0,DB02
202110282300,104,11.1,0,0,0.6427876096865395,-0.7660444431189779,DB02
202110290000,104,8.9,0,0,0.9396926207859083,0.3420201433256688,DB02
202110290100,104,9.1,0,0,0.0,1.0,DB02
202110290200,104,9.1,0,0,1.0,6.123233995736766e-17,DB01
202110290300,104,9.4,0,0,0.9396926207859084,-0.3420201433256687,DB01
202110290400,104,9.3,0,0,1.0,6.123233995736766e-17,DB01
202110290500,104,8.9,0,0,0.0,1.0,DB01
202110290600,104,9.4,0,0,0.0,1.0,DB02
202110290700,104,10.6,0,0,1.0,6.123233995736766e-17,DB02
202110290800,104,11.5,0,0,0.0,1.0,DB03
202110290900,104,13.8,0,0,0.3420201433256687,0.9396926207859084,DB03
202110291000,104,15.5,0,0,0.766044443118978,0.6427876096865394,DB03
202110291100,104,15.9,0,0,0.0,1.0,DB03
202110291200,104,16.4,0,0,0.0,1.0,DB03
202110291300,104,16.7,0,0,-0.3420201433256686,0.9396926207859084,DB03
202110291400,104,16.7,0,0,-0.6427876096865396,0.7660444431189778,DB03
202110291500,104,16.9,0,0,0.0,1.0,DB03
202110291600,104,16.4,0,0,-0.3420201433256686,0.9396926207859084,DB02
202110291700,104,15.1,0,0,0.0,1.0,DB01
202110291800,104,12.4,0,0,0.9396926207859083,0.3420201433256688,DB01
202110291900,104,11.4,0,0,0.9396926207859084,-0.3420201433256687,DB01
202110292000,104,10.9,0,0,1.0,6.123233995736766e-17,DB01
202110292100,104,10.3,0,0,0.766044443118978,0.6427876096865394,DB01
202110292200,104,10.2,0,0,0.766044443118978,0.6427876096865394,DB01
202110292300,104,10.0,0,0,0.766044443118978,0.6427876096865394,DB01
202110300000,104,10.6,0,0,0.766044443118978,0.6427876096865394,DB01
202110300100,104,11.0,0,0,0.766044443118978,0.6427876096865394,DB03
202110300200,104,10.9,0,0,0.766044443118978,0.6427876096865394,DB03
202110300300,104,9.6,0,0,0.3420201433256687,0.9396926207859084,DB03
202110300400,104,10.6,0,0,0.766044443118978,0.6427876096865394,DB03
202110300500,104,10.3,0,0,0.766044443118978,0.6427876096865394,DB03
202110300600,104,10.9,0,0,0.766044443118978,0.6427876096865394,DB03
202110300700,104,10.9,0,0,0.766044443118978,0.6427876096865394,DB03
202110300800,104,11.9,0,0,0.766044443118978,0.6427876096865394,DB03
202110300900,104,13.6,0,0,0.3420201433256687,0.9396926207859084,DB03
202110301000,104,16.3,0,0,0.0,1.0,DB02
202110301100,104,17.7,0,0,-1.0,-1.8369701987210297e-16,DB03
202110301200,104,17.9,0,0,-0.3420201433256686,0.9396926207859084,DB03
202110301300,104,17.5,0,0,-0.9396926207859083,0.342020143325669,DB03
202110301400,104,18.0,0,0,-0.3420201433256686,0.9396926207859084,DB03
202110301500,104,17.3,0,0,-0.3420201433256686,0.9396926207859084,DB03
202110301600,104,16.9,0,0,0.0,1.0,DB03
202110301700,104,15.4,0,0,0.0,1.0,DB03
202110301800,104,14.3,0,0,0.6427876096865395,-0.7660444431189779,DB02
202110301900,104,13.6,0,0,0.6427876096865395,-0.7660444431189779,DB02
202110302000,104,12.8,0,0,1.0,6.123233995736766e-17,DB01
202110302100,104,12.4,0,0,0.9396926207859084,-0.3420201433256687,DB01
202110302200,104,10.7,0,0,1.0,6.123233995736766e-17,DB01
202110302300,104,10.8,0,0,0.3420201433256687,0.9396926207859084,DB01
202110310000,104,12.1,0,0,0.766044443118978,0.6427876096865394,DB01
202110310100,104,11.6,0,0,0.766044443118978,0.6427876096865394,DB01
202110310200,104,10.6,0,0,0.0,1.0,DB01
202110310300,104,12.3,0,0,0.766044443118978,0.6427876096865394,DB01
202110310400,104,11.8,0,0,0.9396926207859083,0.3420201433256688,DB01
202110310500,104,11.5,0,0,0.766044443118978,0.6427876096865394,DB01
202110310600,104,11.4,0,0,0.766044443118978,0.6427876096865394,DB01
202110310700,104,11.4,0,0,0.766044443118978,0.6427876096865394,DB01
202110310800,104,12.5,0,0,0.766044443118978,0.6427876096865394,DB01
202110310900,104,15.2,0,0,0.766044443118978,0.6427876096865394,DB01
202110311000,104,17.5,0,0,0.766044443118978,0.6427876096865394,DB01
202110311100,104,18.7,0,0,0.3420201433256687,0.9396926207859084,DB01
202110311200,104,18.5,0,0,-0.6427876096865396,0.7660444431189778,DB01
202110311300,104,19.1,0,0,-0.6427876096865396,0.7660444431189778,DB01
202110311400,104,18.6,0,0,0.0,1.0,DB01
202110311500,104,18.3,0,0,-0.3420201433256686,0.9396926207859084,DB02
202110311600,104,17.2,0,0,0.0,1.0,DB02
202110311700,104,16.0,0,0,0.0,1.0,DB02
202110311800,104,14.0,0,0,0.6427876096865395,-0.7660444431189779,DB01
202110311900,104,12.7,0,0,0.9396926207859083,0.3420201433256688,DB02
202110312000,104,11.8,0,0,0.9396926207859083,0.3420201433256688,DB01
202110312100,104,13.0,0,0,1.0,6.123233995736766e-17,DB01
202110312200,104,13.2,0,0,0.9396926207859083,0.3420201433256688,DB02
202110312300,104,11.8,0,0,0.9396926207859084,-0.3420201433256687,DB02
202111010000,104,12.9,0,0,0.9396926207859083,0.3420201433256688,DB02
202111010100,104,13.1,0,0,0.9396926207859083,0.3420201433256688,DB02
202111010200,104,13.4,0,0,0.9396926207859084,-0.3420201433256687,DB03
202111010300,104,12.9,0,0,0.0,1.0,DB02
202111010400,104,11.5,0,0,0.0,1.0,DB03
202111010500,104,12.9,0,0,0.766044443118978,0.6427876096865394,DB02
202111010600,104,13.0,0,0,1.0,6.123233995736766e-17,DB02
202111010700,104,11.1,0,0,0.3420201433256689,-0.9396926207859083,DB01
202111010800,104,11.4,0,0,0.0,1.0,DB01
202111010900,104,15.2,0,0,0.0,1.0,DB01
202111011000,104,16.7,0,0,-0.34202014332566866,-0.9396926207859084,DB01
202111011100,104,17.6,0,0,1.2246467991473532e-16,-1.0,DB01
202111011200,104,18.5,0,0,-0.9396926207859084,-0.34202014332566855,DB01
202111011300,104,19.1,0,0,0.3420201433256689,-0.9396926207859083,DB01
202111011400,104,18.0,0,0,0.0,1.0,DB02
202111011500,104,16.7,0,0,-0.9396926207859083,0.342020143325669,DB02
202111011600,104,16.2,0,0,-0.9396926207859084,-0.34202014332566855,DB03
202111011700,104,15.3,0,0,-0.34202014332566866,-0.9396926207859084,DB03
202111011800,104,14.5,0,0,1.2246467991473532e-16,-1.0,DB03
202111011900,104,13.6,0,0,0.6427876096865395,-0.7660444431189779,DB03
202111012000,104,12.2,0,0,0.6427876096865395,-0.7660444431189779,DB02
202111012100,104,12.2,0,0,0.9396926207859084,-0.3420201433256687,DB02
202111012200,104,12.1,0,0,0.6427876096865395,-0.7660444431189779,DB02
202111012300,104,11.8,0,0,0.6427876096865395,-0.7660444431189779,DB03
202111020000,104,10.9,0,0,0.3420201433256689,-0.9396926207859083,DB03
202111020100,104,10.5,0,0,0.3420201433256689,-0.9396926207859083,DB02
202111020200,104,9.6,0,0,0.6427876096865395,-0.7660444431189779,DB03
202111020300,104,11.0,0,0,0.6427876096865395,-0.7660444431189779,DB03
202111020400,104,9.7,0,0,0.3420201433256687,0.9396926207859084,DB03
202111020500,104,9.1,0,0,0.766044443118978,0.6427876096865394,DB03
202111020600,104,8.9,0,0,0.766044443118978,0.6427876096865394,DB03
202111020700,104,8.5,0,0,0.0,1.0,DB01
202111020800,104,10.8,0,0,0.9396926207859083,0.3420201433256688,DB01
202111020900,104,14.2,0,0,1.2246467991473532e-16,-1.0,DB01
202111021000,104,15.0,0,0,-0.7660444431189779,-0.6427876096865395,DB03
202111021100,104,14.7,0,0,-0.7660444431189779,-0.6427876096865395,DB04
202111021200,104,15.8,0,0,1.2246467991473532e-16,-1.0,DB03
202111021300,104,15.2,0,0,-0.34202014332566866,-0.9396926207859084,DB04
202111021400,104,13.7,0,0,1.2246467991473532e-16,-1.0,DB04
202111021500,104,15.0,0,0,1.2246467991473532e-16,-1.0,DB04
202111021600,104,14.7,0,0,-0.34202014332566866,-0.9396926207859084,DB04
202111021700,104,13.3,0,0,-0.7660444431189779,-0.6427876096865395,DB02
202111021800,104,13.1,0,0,-0.7660444431189779,-0.6427876096865395,DB03
202111021900,104,13.1,0,0,-0.34202014332566866,-0.9396926207859084,DB03
202111022000,104,11.8,0,0,-0.9396926207859084,-0.34202014332566855,DB04
202111022100,104,11.5,100,1,0.6427876096865395,-0.7660444431189779,DB04
202111022200,104,11.6,0,0,0.6427876096865395,-0.7660444431189779,DB04
202111022300,104,11.5,0,0,0.3420201433256689,-0.9396926207859083,DB04
202111030000,104,11.5,100,1,0.3420201433256689,-0.9396926207859083,DB04
202111030100,104,11.4,0,0,0.6427876096865395,-0.7660444431189779,DB04
202111030200,104,11.2,0,0,0.3420201433256689,-0.9396926207859083,DB03
202111030300,104,11.1,100,1,1.2246467991473532e-16,-1.0,DB04
202111030400,104,11.2,0,0,0.6427876096865395,-0.7660444431189779,DB03
202111030500,104,11.1,0,0,0.766044443118978,0.6427876096865394,DB03
202111030600,104,10.9,0,0,0.766044443118978,0.6427876096865394,DB03
202111030700,104,11.7,0,0,1.0,6.123233995736766e-17,DB04
202111030800,104,11.8,0,0,0.0,1.0,DB04
202111030900,104,13.7,0,0,0.0,1.0,DB03
202111031000,104,15.6,0,0,-0.34202014332566866,-0.9396926207859084,DB03
202111031100,104,15.8,0,0,0.0,1.0,DB03
202111031200,104,16.6,0,0,-0.6427876096865396,0.7660444431189778,DB03
202111031300,104,17.4,0,0,-1.0,-1.8369701987210297e-16,DB02
202111031400,104,17.2,0,0,-0.9396926207859084,-0.34202014332566855,DB02
202111031500,104,16.3,0,0,-0.6427876096865396,0.7660444431189778,DB03
202111031600,104,15.7,0,0,-0.3420201433256686,0.9396926207859084,DB02
202111031700,104,14.0,0,0,0.766044443118978,0.6427876096865394,DB01
202111031800,104,12.7,0,0,1.0,6.123233995736766e-17,DB01
202111031900,104,12.0,0,0,0.6427876096865395,-0.7660444431189779,DB02
202111032000,104,11.8,0,0,1.0,6.123233995736766e-17,DB01
202111032100,104,10.9,0,0,0.9396926207859083,0.3420201433256688,DB01
202111032200,104,9.7,0,0,0.0,1.0,DB01
202111032300,104,10.8,0,0,0.766044443118978,0.6427876096865394,DB01
202111040000,104,9.8,0,0,0.9396926207859083,0.3420201433256688,DB01
202111040100,104,10.9,0,0,0.766044443118978,0.6427876096865394,DB01
202111040200,104,10.5,0,0,0.0,1.0,DB01
202111040300,104,10.2,0,0,0.9396926207859083,0.3420201433256688,DB01
202111040400,104,10.2,0,0,0.766044443118978,0.6427876096865394,DB02
202111040500,104,9.5,0,0,0.0,1.0,DB01
202111040600,104,8.9,0,0,0.0,1.0,DB01
202111040700,104,9.1,0,0,0.766044443118978,0.6427876096865394,DB01
202111040800,104,11.7,0,0,0.766044443118978,0.6427876096865394,DB01
202111040900,104,14.1,0,0,0.9396926207859083,0.3420201433256688,DB01
202111041000,104,15.8,0,0,0.3420201433256687,0.9396926207859084,DB01
202111041100,104,16.9,0,0,-0.3420201433256686,0.9396926207859084,DB01
202111041200,104,17.9,0,0,-0.3420201433256686,0.9396926207859084,DB02
202111041300,104,17.9,0,0,-0.3420201433256686,0.9396926207859084,DB03
202111041400,104,17.6,0,0,0.3420201433256687,0.9396926207859084,DB03
202111041500,104,17.8,0,0,0.3420201433256687,0.9396926207859084,DB03
202111041600,104,17.6,0,0,0.3420201433256687,0.9396926207859084,DB02
202111041700,104,15.0,0,0,0.6427876096865395,-0.7660444431189779,DB01
202111041800,104,12.8,0,0,1.2246467991473532e-16,-1.0,DB01
202111041900,104,12.7,0,0,0.6427876096865395,-0.7660444431189779,DB01
202111042000,104,12.5,0,0,0.9396926207859083,0.3420201433256688,DB01
202111042100,104,10.6,0,0,1.0,6.123233995736766e-17,DB01
202111042200,104,11.3,0,0,0.766044443118978,0.6427876096865394,DB01
202111042300,104,10.1,0,0,0.766044443118978,0.6427876096865394,DB01
202111050000,104,12.1,0,0,0.766044443118978,0.6427876096865394,DB01
202111050100,104,10.7,0,0,0.766044443118978,0.6427876096865394,DB01
202111050200,104,11.8,0,0,0.9396926207859083,0.3420201433256688,DB01
202111050300,104,10.7,0,0,0.766044443118978,0.6427876096865394,DB01
202111050400,104,10.5,0,0,0.766044443118978,0.6427876096865394,DB01
202111050500,104,10.9,0,0,0.3420201433256687,0.9396926207859084,DB01
202111050600,104,10.2,0,0,0.766044443118978,0.6427876096865394,DB01
202111050700,104,9.4,0,0,0.766044443118978,0.6427876096865394,DB01
202111050800,104,11.7,0,0,0.766044443118978,0.6427876096865394,DB01
202111050900,104,14.4,0,0,0.0,1.0,DB01
202111051000,104,17.4,0,0,0.9396926207859084,-0.3420201433256687,DB01
202111051100,104,18.0,0,0,-0.3420201433256686,0.9396926207859084,DB01
202111051200,104,18.3,0,0,-0.6427876096865396,0.7660444431189778,DB01
202111051300,104,18.8,0,0,-0.6427876096865396,0.7660444431189778,DB01
202111051400,104,18.3,0,0,0.0,1.0,DB01
202111051500,104,18.6,0,0,0.0,1.0,DB01
202111051600,104,17.8,0,0,0.0,1.0,DB01
202111051700,104,15.7,0,0,0.0,1.0,DB01
202111051800,104,13.9,0,0,0.6427876096865395,-0.7660444431189779,DB01
202111051900,104,13.0,0,0,0.0,1.0,DB01
202111052000,104,11.5,0,0,0.766044443118978,0.6427876096865394,DB01
202111052100,104,12.0,0,0,0.0,1.0,DB01
202111052200,104,12.0,0,0,0.6427876096865395,-0.7660444431189779,DB01
202111052300,104,10.7,0,0,0.0,1.0,DB01
202111060000,104,10.6,0,0,0.0,1.0,DB01
202111060100,104,11.8,0,0,0.9396926207859083,0.3420201433256688,DB01
202111060200,104,11.8,0,0,0.6427876096865395,-0.7660444431189779,DB01
202111060300,104,10.4,0,0,0.0,1.0,DB01
202111060400,104,11.3,0,0,0.0,1.0,DB01
202111060500,104,9.4,0,0,0.9396926207859083,0.3420201433256688,DB01
202111060600,104,11.3,0,0,0.0,1.0,DB01
202111060700,104,10.6,0,0,1.0,6.123233995736766e-17,DB01
202111060800,104,11.6,0,0,0.766044443118978,0.6427876096865394,DB03
202111060900,104,15.1,0,0,0.0,1.0,DB02
202111061000,104,14.9,0,0,-0.7660444431189779,-0.6427876096865395,DB04
202111061100,104,14.3,0,0,0.3420201433256689,-0.9396926207859083,DB03
202111061200,104,17.4,100,1,-0.34202014332566866,-0.9396926207859084,DB03
202111061300,104,18.5,0,0,-0.7660444431189779,-0.6427876096865395,DB01
202111061400,104,18.2,0,0,-0.9396926207859084,-0.34202014332566855,DB01
202111061500,104,17.3,0,0,-0.9396926207859084,-0.34202014332566855,DB03
202111061600,104,16.6,0,0,-1.0,-1.8369701987210297e-16,DB03
202111061700,104,14.7,0,0,0.0,1.0,DB03
202111061800,104,13.8,0,0,0.6427876096865395,-0.7660444431189779,DB01
202111061900,104,13.4,0,0,0.6427876096865395,-0.7660444431189779,DB01
202111062000,104,12.3,0,0,0.9396926207859083,0.3420201433256688,DB01
202111062100,104,11.2,0,0,0.9396926207859083,0.3420201433256688,DB01
202111062200,104,12.9,0,0,0.9396926207859084,-0.3420201433256687,DB01
202111062300,104,12.1,0,0,0.9396926207859083,0.3420201433256688,DB01
202111070000,104,11.4,0,0,0.0,1.0,DB01
202111070100,104,11.4,0,0,0.766044443118978,0.6427876096865394,DB01
202111070200,104,11.8,0,0,0.766044443118978,0.6427876096865394,DB01
202111070300,104,11.7,0,0,0.9396926207859083,0.3420201433256688,DB01
202111070400,104,10.7,0,0,0.766044443118978,0.6427876096865394,DB01
202111070500,104,10.2,0,0,0.766044443118978,0.6427876096865394,DB01
202111070600,104,11.1,0,0,0.766044443118978,0.6427876096865394,DB01
202111070700,104,10.7,0,0,1.0,6.123233995736766e-17,DB02
202111070800,104,12.0,0,0,0.9396926207859083,0.3420201433256688,DB02
202111070900,104,15.6,0,0,0.0,1.0,DB01
202111071000,104,17.4,0,0,0.0,1.0,DB02
202111071100,104,18.0,0,0,-0.6427876096865396,0.7660444431189778,DB03
202111071200,104,18.0,0,0,-0.3420201433256686,0.9396926207859084,DB03
202111071300,104,18.5,0,0,-0.3420201433256686,0.9396926207859084,DB03
202111071400,104,18.3,0,0,0.0,1.0,DB02
202111071500,104,17.7,0,0,-0.3420201433256686,0.9396926207859084,DB02
202111071600,104,16.9,0,0,0.0,1.0,DB03
202111071700,104,15.4,0,0,0.3420201433256687,0.9396926207859084,DB03
202111071800,104,14.2,0,0,0.9396926207859083,0.3420201433256688,DB03
202111071900,104,13.4,0,0,0.0,1.0,DB03
202111072000,104,13.5,0,0,0.0,1.0,DB03
202111072100,104,13.1,0,0,0.0,1.0,DB04
202111072200,104,12.8,0,0,0.0,1.0,DB04
202111072300,104,13.0,0,0,0.0,1.0,DB04
202111080000,104,12.9,100,1,0.9396926207859084,-0.3420201433256687,DB04
202111080100,104,12.5,0,0,0.0,1.0,DB04
202111080200,104,13.0,0,0,0.766044443118978,0.6427876096865394,DB04
202111080300,104,12.8,0,0,0.9396926207859083,0.3420201433256688,DB04
202111080400,104,12.7,0,0,0.0,1.0,DB04
202111080500,104,12.7,0,0,0.0,1.0,DB04
202111080600,104,13.0,0,0,0.766044443118978,0.6427876096865394,DB04
202111080700,104,13.9,0,0,0.766044443118978,0.6427876096865394,DB04
202111080800,104,14.8,0,0,0.3420201433256687,0.9396926207859084,DB04
202111080900,104,15.8,0,0,0.3420201433256687,0.9396926207859084,DB04
202111081000,104,16.9,0,0,0.3420201433256687,0.9396926207859084,DB04
202111081100,104,16.9,0,0,0.3420201433256687,0.9396926207859084,DB04
202111081200,104,14.6,100,1,0.9396926207859083,0.3420201433256688,DB04
202111081300,104,11.8,0,0,0.9396926207859083,0.3420201433256688,DB04
202111081400,104,11.8,0,0,0.6427876096865395,-0.7660444431189779,DB03
202111081500,104,11.9,100,1,0.6427876096865395,-0.7660444431189779,DB03
202111081600,104,11.7,0,0,0.6427876096865395,-0.7660444431189779,DB03
202111081700,104,9.5,0,0,0.6427876096865395,-0.7660444431189779,DB02
202111081800,104,9.5,0,0,1.0,6.123233995736766e-17,DB02
202111081900,104,9.2,0,0,0.9396926207859084,-0.3420201433256687,DB02
202111082000,104,8.8,0,0,0.9396926207859084,-0.3420201433256687,DB03
202111082100,104,8.7,0,0,0.766044443118978,0.6427876096865394,DB02
202111082200,104,8.2,0,0,1.0,6.123233995736766e-17,DB03
202111082300,104,8.0,0,0,0.6427876096865395,-0.7660444431189779,DB02
202111090000,104,8.0,0,0,0.9396926207859084,-0.3420201433256687,DB03
202111090100,104,6.4,0,0,0.9396926207859083,0.3420201433256688,DB03
202111090200,104,7.5,0,0,0.3420201433256689,-0.9396926207859083,DB03
202111090300,104,7.3,0,0,0.6427876096865395,-0.7660444431189779,DB03
202111090400,104,6.4,0,0,1.0,6.123233995736766e-17,DB02
202111090500,104,6.5,0,0,0.9396926207859084,-0.3420201433256687,DB01
202111090600,104,6.5,0,0,0.9396926207859084,-0.3420201433256687,DB01
202111090700,104,6.1,0,0,0.9396926207859083,0.3420201433256688,DB01
202111090800,104,7.2,0,0,1.0,6.123233995736766e-17,DB02
202111090900,104,8.7,0,0,0.9396926207859083,0.3420201433256688,DB03
202111091000,104,8.4,0,0,0.766044443118978,0.6427876096865394,DB04
202111091100,104,7.7,0,0,0.9396926207859083,0.3420201433256688,DB04
202111091200,104,8.2,0,0,0.766044443118978,0.6427876096865394,DB04
202111091300,104,8.6,0,0,0.9396926207859083,0.3420201433256688,DB04
202111091400,104,9.1,0,0,0.9396926207859083,0.3420201433256688,DB03
202111091500,104,8.8,0,0,0.9396926207859083,0.3420201433256688,DB04
202111091600,104,8.4,0,0,1.0,6.123233995736766e-17,DB04
202111091700,104,8.0,0,0,1.0,6.123233995736766e-17,DB03
202111091800,104,7.1,0,0,0.9396926207859083,0.3420201433256688,DB03
202111091900,104,7.3,0,0,0.766044443118978,0.6427876096865394,DB03
202111092000,104,7.1,0,0,0.9396926207859083,0.3420201433256688,DB04
202111092100,104,6.7,0,0,0.766044443118978,0.6427876096865394,DB04
202111092200,104,6.8,0,0,0.766044443118978,0.6427876096865394,DB04
202111092300,104,6.5,0,0,0.766044443118978,0.6427876096865394,DB04
202111100000,104,6.2,0,0,0.766044443118978,0.6427876096865394,DB04
202111100100,104,6.3,0,0,-1.0,-1.8369701987210297e-16,DB04
202111100200,104,6.0,0,0,0.0,1.0,DB04
202111100300,104,5.2,0,0,0.0,1.0,DB03
202111100400,104,5.0,0,0,0.3420201433256689,-0.9396926207859083,DB03
202111100500,104,4.7,0,0,1.2246467991473532e-16,-1.0,DB03
202111100600,104,4.7,0,0,-0.34202014332566866,-0.9396926207859084,DB03
202111100700,104,3.6,0,0,-0.3420201433256686,0.9396926207859084,DB03
202111100800,104,4.3,0,0,0.0,1.0,DB02
202111100900,104,6.0,0,0,0.3420201433256689,-0.9396926207859083,DB02
202111101000,104,6.6,0,0,-0.9396926207859084,-0.34202014332566855,DB03
202111101100,104,8.1,0,0,0.6427876096865395,-0.7660444431189779,DB02
202111101200,104,8.3,0,0,-0.34202014332566866,-0.9396926207859084,DB03
202111101300,104,9.9,0,0,0.6427876096865395,-0.7660444431189779,DB03
202111101400,104,9.7,0,0,0.9396926207859084,-0.3420201433256687,DB03
202111101500,104,8.6,0,0,0.9396926207859084,-0.3420201433256687,DB02
202111101600,104,7.7,0,0,0.6427876096865395,-0.7660444431189779,DB02
202111101700,104,7.6,0,0,-0.7660444431189779,-0.6427876096865395,DB02
202111101800,104,7.5,0,0,1.2246467991473532e-16,-1.0,DB02
202111101900,104,7.7,0,0,0.3420201433256689,-0.9396926207859083,DB02
202111102000,104,7.0,0,0,0.3420201433256689,-0.9396926207859083,DB02
202111102100,104,6.9,0,0,0.3420201433256689,-0.9396926207859083,DB02
202111102200,104,7.0,0,0,-0.34202014332566866,-0.9396926207859084,DB03
202111102300,104,5.5,0,0,0.0,1.0,DB02
202111110000,104,5.5,0,0,0.3420201433256689,-0.9396926207859083,DB01
202111110100,104,5.7,0,0,0.9396926207859083,0.3420201433256688,DB01
202111110200,104,5.5,0,0,0.9396926207859083,0.3420201433256688,DB01
202111110300,104,5.0,0,0,0.766044443118978,0.6427876096865394,DB01
202111110400,104,4.6,0,0,0.9396926207859084,-0.3420201433256687,DB01
202111110500,104,4.3,0,0,0.9396926207859083,0.3420201433256688,DB01
202111110600,104,5.4,0,0,0.6427876096865395,-0.7660444431189779,DB01
202111110700,104,5.8,0,0,0.3420201433256689,-0.9396926207859083,DB01
202111110800,104,6.1,0,0,0.6427876096865395,-0.7660444431189779,DB01
202111110900,104,7.5,0,0,0.3420201433256689,-0.9396926207859083,DB01
202111111000,104,8.4,0,0,0.3420201433256689,-0.9396926207859083,DB01
202111111100,104,9.1,0,0,1.2246467991473532e-16,-1.0,DB01
202111111200,104,9.5,0,0,0.3420201433256689,-0.9396926207859083,DB01
202111111300,104,10.6,0,0,0.3420201433256689,-0.9396926207859083,DB02
202111111400,104,9.3,0,0,0.6427876096865395,-0.7660444431189779,DB03
202111111500,104,9.6,0,0,-0.34202014332566866,-0.9396926207859084,DB03
202111111600,104,9.0,0,0,0.6427876096865395,-0.7660444431189779,DB03
202111111700,104,8.5,0,0,0.9396926207859084,-0.3420201433256687,DB01
202111111800,104,7.1,0,0,0.6427876096865395,-0.7660444431189779,DB01
202111111900,104,7.4,0,0,0.9396926207859084,-0.3420201433256687,DB01
202111112000,104,5.5,0,0,0.766044443118978,0.6427876096865394,DB02
202111112100,104,5.8,0,0,0.766044443118978,0.6427876096865394,DB01
202111112200,104,6.3,0,0,-0.34202014332566866,-0.9396926207859084,DB01
202111112300,104,5.3,0,0,1.2246467991473532e-16,-1.0,DB01
202111120000,104,4.7,0,0,0.0,1.0,DB01
202111120100,104,2.9,0,0,0.0,1.0,DB01
202111120200,104,4.1,0,0,1.0,6.123233995736766e-17,DB01
202111120300,104,4.6,0,0,0.3420201433256689,-0.9396926207859083,DB01
202111120400,104,4.6,0,0,0.3420201433256689,-0.9396926207859083,DB01
202111120500,104,3.2,0,0,0.6427876096865395,-0.7660444431189779,DB01
202111120600,104,3.4,0,0,0.9396926207859084,-0.3420201433256687,DB01
202111120700,104,2.0,0,0,0.0,1.0,DB01
202111120800,104,4.0,0,0,-1.0,-1.8369701987210297e-16,DB01
202111120900,104,5.4,0,0,0.0,1.0,DB01
202111121000,104,7.4,0,0,0.0,1.0,DB01
202111121100,104,8.2,0,0,0.3420201433256689,-0.9396926207859083,DB01
202111121200,104,8.6,0,0,-0.34202014332566866,-0.9396926207859084,DB01
202111121300,104,9.7,0,0,0.6427876096865395,-0.7660444431189779,DB01
202111121400,104,10.8,0,0,0.6427876096865395,-0.7660444431189779,DB01
202111121500,104,10.4,0,0,0.9396926207859084,-0.3420201433256687,DB01
202111121600,104,9.5,0,0,0.9396926207859084,-0.3420201433256687,DB01
202111121700,104,7.8,0,0,0.6427876096865395,-0.7660444431189779,DB01
202111121800,104,6.6,0,0,0.9396926207859084,-0.3420201433256687,DB01
202111121900,104,6.8,0,0,0.9396926207859084,-0.3420201433256687,DB01
202111122000,104,6.3,0,0,0.9396926207859084,-0.3420201433256687,DB01
202111122100,104,6.0,0,0,1.0,6.123233995736766e-17,DB01
202111122200,104,5.0,0,0,1.0,6.123233995736766e-17,DB01
202111122300,104,3.7,0,0,0.9396926207859083,0.3420201433256688,DB01
202111130000,104,3.6,0,0,0.9396926207859083,0.3420201433256688,DB01
202111130100,104,2.5,0,0,0.766044443118978,0.6427876096865394,DB01
202111130200,104,1.9,0,0,0.766044443118978,0.6427876096865394,DB01
202111130300,104,2.4,0,0,0.766044443118978,0.6427876096865394,DB01
202111130400,104,1.7,0,0,0.766044443118978,0.6427876096865394,DB01
202111130500,104,2.4,0,0,0.766044443118978,0.6427876096865394,DB01
202111130600,104,2.0,0,0,0.766044443118978,0.6427876096865394,DB01
202111130700,104,0.9,0,0,0.766044443118978,0.6427876096865394,DB01
202111130800,104,4.1,0,0,0.0,1.0,DB01
202111130900,104,8.8,0,0,0.766044443118978,0.6427876096865394,DB01
202111131000,104,11.1,0,0,0.0,1.0,DB01
202111131100,104,12.7,0,0,0.0,1.0,DB01
202111131200,104,14.3,0,0,0.3420201433256687,0.9396926207859084,DB01
202111131300,104,14.1,0,0,-0.9396926207859083,0.342020143325669,DB01
202111131400,104,14.0,0,0,-0.3420201433256686,0.9396926207859084,DB01
202111131500,104,14.4,0,0,-0.3420201433256686,0.9396926207859084,DB01
202111131600,104,14.7,0,0,1.0,6.123233995736766e-17,DB01
202111131700,104,12.3,0,0,1.0,6.123233995736766e-17,DB01
202111131800,104,11.6,0,0,0.6427876096865395,-0.7660444431189779,DB01
202111131900,104,10.3,0,0,0.766044443118978,0.6427876096865394,DB01
202111132000,104,10.7,0,0,0.766044443118978,0.6427876096865394,DB01
202111132100,104,10.7,0,0,0.9396926207859084,-0.3420201433256687,DB01
202111132200,104,11.2,0,0,0.9396926207859084,-0.3420201433256687,DB01
202111132300,104,10.4,0,0,0.6427876096865395,-0.7660444431189779,DB01
202111140000,104,7.4,0,0,0.0,1.0,DB01
202111140100,104,7.9,0,0,0.766044443118978,0.6427876096865394,DB01
202111140200,104,8.8,0,0,0.3420201433256687,0.9396926207859084,DB01
202111140300,104,10.4,0,0,0.766044443118978,0.6427876096865394,DB02
202111140400,104,8.0,0,0,0.0,1.0,DB02
202111140500,104,7.4,0,0,0.0,1.0,DB03
202111140600,104,7.6,0,0,1.2246467991473532e-16,-1.0,DB02
202111140700,104,8.6,0,0,0.9396926207859084,-0.3420201433256687,DB03
202111140800,104,9.6,0,0,0.766044443118978,0.6427876096865394,DB02
202111140900,104,12.0,0,0,0.0,1.0,DB01
202111141000,104,14.3,0,0,-0.9396926207859084,-0.34202014332566855,DB03
202111141100,104,14.6,0,0,-1.0,-1.8369701987210297e-16,DB03
202111141200,104,15.0,0,0,0.3420201433256689,-0.9396926207859083,DB03
202111141300,104,16.7,0,0,1.2246467991473532e-16,-1.0,DB03
202111141400,104,16.8,0,0,0.9396926207859084,-0.3420201433256687,DB02
202111141500,104,16.5,0,0,0.6427876096865395,-0.7660444431189779,DB02
202111141600,104,15.0,0,0,0.6427876096865395,-0.7660444431189779,DB02
202111141700,104,13.8,0,0,0.9396926207859084,-0.3420201433256687,DB01
202111141800,104,11.0,0,0,0.3420201433256687,0.9396926207859084,DB01
202111141900,104,13.2,0,0,0.9396926207859084,-0.3420201433256687,DB01
202111142000,104,11.4,0,0,0.3420201433256689,-0.9396926207859083,DB01
202111142100,104,11.0,0,0,0.9396926207859084,-0.3420201433256687,DB01
202111142200,104,12.8,0,0,1.0,6.123233995736766e-17,DB01
202111142300,104,9.6,0,0,0.6427876096865395,-0.7660444431189779,DB01
202111150000,104,9.2,0,0,0.0,1.0,DB01
202111150100,104,7.8,0,0,0.0,1.0,DB01
202111150200,104,8.2,0,0,0.3420201433256689,-0.9396926207859083,DB01
202111150300,104,11.1,0,0,0.6427876096865395,-0.7660444431189779,DB01
202111150400,104,9.4,0,0,0.6427876096865395,-0.7660444431189779,DB01
202111150500,104,8.6,0,0,-0.3420201433256686,0.9396926207859084,DB01
202111150600,104,8.7,0,0,1.2246467991473532e-16,-1.0,DB01
202111150700,104,8.0,0,0,0.766044443118978,0.6427876096865394,DB01
202111150800,104,9.4,0,0,0.9396926207859083,0.3420201433256688,DB01
202111150900,104,11.8,0,0,0.766044443118978,0.6427876096865394,DB01
202111151000,104,13.7,0,0,-0.9396926207859084,-0.34202014332566855,DB01
202111151100,104,14.2,0,0,-0.9396926207859084,-0.34202014332566855,DB01
202111151200,104,14.6,0,0,-1.0,-1.8369701987210297e-16,DB01
202111151300,104,14.6,0,0,-0.7660444431189779,-0.6427876096865395,DB01
202111151400,104,14.2,0,0,-0.7660444431189779,-0.6427876096865395,DB02
202111151500,104,13.9,0,0,-0.9396926207859084,-0.34202014332566855,DB03
202111151600,104,13.4,0,0,-0.9396926207859084,-0.34202014332566855,DB03
202111151700,104,12.2,0,0,0.0,1.0,DB03
202111151800,104,10.6,0,0,0.6427876096865395,-0.7660444431189779,DB03
202111151900,104,10.6,0,0,0.0,1.0,DB03
202111152000,104,8.7,0,0,0.766044443118978,0.6427876096865394,DB03
202111152100,104,10.0,0,0,0.9396926207859083,0.3420201433256688,DB03
202111152200,104,8.0,0,0,0.0,1.0,DB03
202111152300,104,8.2,0,0,1.0,6.123233995736766e-17,DB03
202111160000,104,6.6,0,0,0.0,1.0,DB03
202111160100,104,8.8,0,0,1.0,6.123233995736766e-17,DB03
202111160200,104,8.8,0,0,0.0,1.0,DB03
202111160300,104,8.4,0,0,0.0,1.0,DB03
202111160400,104,10.8,0,0,0.9396926207859084,-0.3420201433256687,DB04
202111160500,104,10.3,0,0,0.6427876096865395,-0.7660444431189779,DB03
202111160600,104,8.9,0,0,0.0,1.0,DB02
202111160700,104,6.6,0,0,0.0,1.0,DB01
202111160800,104,8.3,0,0,0.766044443118978,0.6427876096865394,DB01
202111160900,104,10.7,0,0,0.0,1.0,DB01
202111161000,104,13.3,0,0,0.0,1.0,DB01
202111161100,104,13.8,0,0,-0.9396926207859084,-0.34202014332566855,DB01
202111161200,104,14.2,0,0,-1.0,-1.8369701987210297e-16,DB01
202111161300,104,14.5,0,0,-1.0,-1.8369701987210297e-16,DB01
202111161400,104,14.3,0,0,-1.0,-1.8369701987210297e-16,DB01
202111161500,104,14.6,0,0,-0.3420201433256686,0.9396926207859084,DB01
202111161600,104,13.7,0,0,-0.3420201433256686,0.9396926207859084,DB01
202111161700,104,11.6,0,0,-0.6427876096865396,0.7660444431189778,DB01
202111161800,104,9.6,0,0,-0.9396926207859083,0.342020143325669,DB01
202111161900,104,8.6,0,0,-1.0,-1.8369701987210297e-16,DB01
202111162000,104,7.7,0,0,0.0,1.0,DB01
202111162100,104,7.2,0,0,0.0,1.0,DB01
202111162200,104,7.3,0,0,0.0,1.0,DB01
202111162300,104,7.6,0,0,0.0,1.0,DB01
202111170000,104,7.1,0,0,0.0,1.0,DB01
202111170100,104,6.0,0,0,-0.7660444431189779,-0.6427876096865395,DB01
202111170200,104,6.8,0,0,-0.34202014332566866,-0.9396926207859084,DB01
202111170300,104,6.4,0,0,-0.34202014332566866,-0.9396926207859084,DB01
202111170400,104,5.6,0,0,-0.34202014332566866,-0.9396926207859084,DB01
202111170500,104,5.8,0,0,-0.34202014332566866,-0.9396926207859084,DB01
202111170600,104,5.5,0,0,-0.34202014332566866,-0.9396926207859084,DB01
202111170700,104,5.8,0,0,1.2246467991473532e-16,-1.0,DB01
202111170800,104,6.5,0,0,-0.34202014332566866,-0.9396926207859084,DB01
202111170900,104,9.0,0,0,1.2246467991473532e-16,-1.0,DB01
202111171000,104,11.3,0,0,1.2246467991473532e-16,-1.0,DB01
202111171100,104,12.8,0,0,-0.34202014332566866,-0.9396926207859084,DB01
202111171200,104,13.4,0,0,0.6427876096865395,-0.7660444431189779,DB01
202111171300,104,13.8,0,0,0.9396926207859084,-0.3420201433256687,DB01
202111171400,104,13.6,0,0,0.9396926207859084,-0.3420201433256687,DB01
202111171500,104,12.9,0,0,0.9396926207859084,-0.3420201433256687,DB03
202111171600,104,12.4,0,0,0.9396926207859084,-0.3420201433256687,DB04
202111171700,104,10.5,0,0,0.0,1.0,DB04
202111171800,104,10.2,0,0,-1.0,-1.8369701987210297e-16,DB04
202111171900,104,10.3,0,0,-0.9396926207859084,-0.34202014332566855,DB03
202111172000,104,9.4,0,0,-0.34202014332566866,-0.9396926207859084,DB02
202111172100,104,9.9,0,0,-0.9396926207859084,-0.34202014332566855,DB03
202111172200,104,7.5,0,0,0.6427876096865395,-0.7660444431189779,DB03
202111172300,104,6.4,0,0,0.0,1.0,DB03
202111180000,104,6.7,0,0,1.2246467991473532e-16,-1.0,DB02
202111180100,104,7.6,0,0,1.2246467991473532e-16,-1.0,DB01
202111180200,104,7.1,0,0,0.3420201433256689,-0.9396926207859083,DB01
202111180300,104,6.8,0,0,-0.9396926207859084,-0.34202014332566855,DB01
202111180400,104,8.0,0,0,-0.7660444431189779,-0.6427876096865395,DB01
202111180500,104,7.6,0,0,0.3420201433256689,-0.9396926207859083,DB01
202111180600,104,10.7,0,0,-0.34202014332566866,-0.9396926207859084,DB01
202111180700,104,11.2,0,0,1.2246467991473532e-16,-1.0,DB01
202111180800,104,11.5,0,0,1.2246467991473532e-16,-1.0,DB01
202111180900,104,13.4,0,0,1.2246467991473532e-16,-1.0,DB02
202111181000,104,15.0,0,0,-0.7660444431189779,-0.6427876096865395,DB02
202111181100,104,15.8,0,0,1.2246467991473532e-16,-1.0,DB02
202111181200,104,15.4,0,0,0.6427876096865395,-0.7660444431189779,DB03
202111181300,104,17.7,0,0,-0.9396926207859084,-0.34202014332566855,DB02
202111181400,104,17.2,0,0,-0.9396926207859083,0.342020143325669,DB02
202111181500,104,16.8,0,0,-1.0,-1.8369701987210297e-16,DB02
202111181600,104,16.1,0,0,-1.0,-1.8369701987210297e-16,DB02
202111181700,104,13.9,0,0,0.9396926207859084,-0.3420201433256687,DB02
202111181800,104,13.0,0,0,0.3420201433256689,-0.9396926207859083,DB02
202111181900,104,13.7,0,0,0.3420201433256689,-0.9396926207859083,DB01
202111182000,104,13.5,0,0,1.2246467991473532e-16,-1.0,DB02
202111182100,104,13.1,0,0,1.2246467991473532e-16,-1.0,DB02
202111182200,104,13.4,0,0,-0.34202014332566866,-0.9396926207859084,DB02
202111182300,104,12.7,0,0,1.2246467991473532e-16,-1.0,DB03
202111190000,104,14.3,0,0,-0.7660444431189779,-0.6427876096865395,DB03
202111190100,104,14.7,0,0,-0.9396926207859084,-0.34202014332566855,DB04
202111190200,104,13.7,0,0,-0.34202014332566866,-0.9396926207859084,DB04
202111190300,104,13.6,0,0,1.2246467991473532e-16,-1.0,DB04
202111190400,104,13.8,0,0,-0.34202014332566866,-0.9396926207859084,DB02
202111190500,104,14.2,0,0,-1.0,-1.8369701987210297e-16,DB02
202111190600,104,12.8,0,0,1.2246467991473532e-16,-1.0,DB02
202111190700,104,12.0,0,0,1.2246467991473532e-16,-1.0,DB02
202111190800,104,13.8,0,0,1.2246467991473532e-16,-1.0,DB02
202111190900,104,14.2,0,0,0.9396926207859084,-0.3420201433256687,DB03
202111191000,104,15.9,0,0,0.9396926207859084,-0.3420201433256687,DB02
202111191100,104,17.5,0,0,0.6427876096865395,-0.7660444431189779,DB01
202111191200,104,18.4,0,0,1.0,6.123233995736766e-17,DB01
202111191300,104,18.9,0,0,0.3420201433256687,0.9396926207859084,DB01
202111191400,104,19.8,0,0,-0.6427876096865396,0.7660444431189778,DB01
202111191500,104,19.3,0,0,-0.9396926207859083,0.342020143325669,DB01
202111191600,104,17.0,0,0,0.0,1.0,DB03
202111191700,104,14.8,0,0,0.0,1.0,DB02
202111191800,104,13.8,0,0,-0.9396926207859084,-0.34202014332566855,DB01
202111191900,104,14.3,0,0,-1.0,-1.8369701987210297e-16,DB02
202111192000,104,14.1,0,0,-0.9396926207859084,-0.34202014332566855,DB02
202111192100,104,13.3,0,0,-0.9396926207859084,-0.34202014332566855,DB02
202111192200,104,12.7,0,0,-0.9396926207859084,-0.34202014332566855,DB02
202111192300,104,11.5,0,0,-0.34202014332566866,-0.9396926207859084,DB02
202111200000,104,12.5,0,0,-0.9396926207859084,-0.34202014332566855,DB03
202111200100,104,11.8,0,0,0.0,1.0,DB03
202111200200,104,10.7,0,0,-0.6427876096865396,0.7660444431189778,DB04
202111200300,104,10.8,100,1,-1.0,-1.8369701987210297e-16,DB03
202111200400,104,11.7,0,0,-0.9396926207859084,-0.34202014332566855,DB04
202111200500,104,12.3,0,0,-0.9396926207859083,0.342020143325669,DB04
202111200600,104,11.4,0,0,-0.9396926207859083,0.342020143325669,DB02
202111200700,104,10.6,0,0,-1.0,-1.8369701987210297e-16,DB01
202111200800,104,10.2,0,0,1.2246467991473532e-16,-1.0,DB01
202111200900,104,12.3,0,0,1.2246467991473532e-16,-1.0,DB02
202111201000,104,14.0,0,0,1.2246467991473532e-16,-1.0,DB01
202111201100,104,15.2,0,0,-0.7660444431189779,-0.6427876096865395,DB01
202111201200,104,16.2,0,0,0.0,1.0,DB01
202111201300,104,16.0,0,0,0.3420201433256687,0.9396926207859084,DB01
202111201400,104,16.1,0,0,0.0,1.0,DB01
202111201500,104,14.2,0,0,0.0,1.0,DB03
202111201600,104,13.3,0,0,0.0,1.0,DB04
202111201700,104,12.9,0,0,0.0,1.0,DB04
202111201800,104,12.0,0,0,-0.3420201433256686,0.9396926207859084,DB03
202111201900,104,11.4,0,0,-0.9396926207859084,-0.34202014332566855,DB03
202111202000,104,10.5,0,0,0.0,1.0,DB01
202111202100,104,10.4,0,0,1.2246467991473532e-16,-1.0,DB02
202111202200,104,10.2,0,0,1.2246467991473532e-16,-1.0,DB03
202111202300,104,9.8,0,0,0.3420201433256689,-0.9396926207859083,DB03
202111210000,104,9.6,0,0,0.0,1.0,DB04
202111210100,104,9.1,0,0,0.0,1.0,DB04
202111210200,104,9.0,0,0,0.0,1.0,DB04
202111210300,104,10.0,0,0,-1.0,-1.8369701987210297e-16,DB04
202111210400,104,10.1,0,0,-0.34202014332566866,-0.9396926207859084,DB04
202111210500,104,9.7,0,0,-0.7660444431189779,-0.6427876096865395,DB04
202111210600,104,10.5,0,0,0.0,1.0,DB04
202111210700,104,10.9,0,0,-0.34202014332566866,-0.9396926207859084,DB04
202111210800,104,10.2,0,0,0.0,1.0,DB04
202111210900,104,11.4,0,0,0.0,1.0,DB03
202111211000,104,13.1,0,0,-0.7660444431189779,-0.6427876096865395,DB04
202111211100,104,13.7,0,0,0.0,1.0,DB04
202111211200,104,14.1,0,0,0.0,1.0,DB04
202111211300,104,14.8,0,0,0.9396926207859084,-0.3420201433256687,DB04
202111211400,104,14.4,0,0,0.766044443118978,0.6427876096865394,DB03
202111211500,104,15.3,0,0,0.766044443118978,0.6427876096865394,DB03
202111211600,104,15.0,0,0,0.0,1.0,DB03
202111211700,104,13.8,0,0,-0.9396926207859083,0.342020143325669,DB03
202111211800,104,15.0,0,0,-0.7660444431189779,-0.6427876096865395,DB03
202111211900,104,14.5,0,0,-0.9396926207859084,-0.34202014332566855,DB02
202111212000,104,13.2,0,0,-0.34202014332566866,-0.9396926207859084,DB02
202111212100,104,12.1,0,0,0.3420201433256689,-0.9396926207859083,DB03
202111212200,104,14.4,0,0,-0.34202014332566866,-0.9396926207859084,DB04
202111212300,104,14.5,0,0,-0.7660444431189779,-0.6427876096865395,DB04
202111220000,104,14.7,0,0,0.6427876096865395,-0.7660444431189779,DB04
202111220100,104,14.3,0,0,0.6427876096865395,-0.7660444431189779,DB04
202111220200,104,14.2,0,0,0.3420201433256687,0.9396926207859084,DB03
202111220300,104,12.7,0,0,-1.0,-1.8369701987210297e-16,DB03
202111220400,104,10.7,0,0,1.2246467991473532e-16,-1.0,DB03
202111220500,104,10.1,0,0,-0.9396926207859083,0.342020143325669,DB03
202111220600,104,9.2,0,0,-0.7660444431189779,-0.6427876096865395,DB03
202111220700,104,8.0,0,0,-0.9396926207859083,0.342020143325669,DB03
202111220800,104,6.9,0,0,-0.9396926207859083,0.342020143325669,DB02
202111220900,104,6.6,0,0,-0.6427876096865396,0.7660444431189778,DB02
202111221000,104,7.8,0,0,-0.6427876096865396,0.7660444431189778,DB03
202111221100,104,7.4,0,0,-0.6427876096865396,0.7660444431189778,DB02
202111221200,104,7.8,0,0,-1.0,-1.8369701987210297e-16,DB02
202111221300,104,6.9,0,0,-1.0,-1.8369701987210297e-16,DB01
202111221400,104,7.6,0,0,-0.9396926207859083,0.342020143325669,DB01
202111221500,104,6.5,0,0,-0.9396926207859083,0.342020143325669,DB02
202111221600,104,4.7,0,0,-0.9396926207859083,0.342020143325669,DB01
202111221700,104,4.3,0,0,-0.3420201433256686,0.9396926207859084,DB01
202111221800,104,3.9,0,0,-1.0,-1.8369701987210297e-16,DB01
202111221900,104,3.2,0,0,-1.0,-1.8369701987210297e-16,DB01
202111222000,104,2.8,0,0,-0.9396926207859084,-0.34202014332566855,DB01
202111222100,104,2.4,0,0,-1.0,-1.8369701987210297e-16,DB01
202111222200,104,2.3,0,0,-0.9396926207859084,-0.34202014332566855,DB01
202111222300,104,1.8,0,0,-0.9396926207859084,-0.34202014332566855,DB01
202111230000,104,1.6,0,0,-0.7660444431189779,-0.6427876096865395,DB01
202111230100,104,0.4,0,0,1.0,6.123233995736766e-17,DB01
202111230200,104,-0.2,0,0,-0.3420201433256686,0.9396926207859084,DB01
202111230300,104,0.4,0,0,-0.6427876096865396,0.7660444431189778,DB01
202111230400,104,0.1,0,0,-0.6427876096865396,0.7660444431189778,DB01
202111230500,104,0.0,0,0,-0.6427876096865396,0.7660444431189778,DB01
202111230600,104,-0.2,0,0,-0.3420201433256686,0.9396926207859084,DB01
202111230700,104,-0.4,0,0,-0.6427876096865396,0.7660444431189778,DB01
202111230800,104,0.2,0,0,-0.6427876096865396,0.7660444431189778,DB01
202111230900,104,1.8,0,0,-0.6427876096865396,0.7660444431189778,DB01
202111231000,104,2.8,0,0,-0.6427876096865396,0.7660444431189778,DB01
202111231100,104,3.8,0,0,-0.6427876096865396,0.7660444431189778,DB01
202111231200,104,4.9,0,0,-0.6427876096865396,0.7660444431189778,DB01
202111231300,104,5.4,0,0,-0.6427876096865396,0.7660444431189778,DB01
202111231400,104,5.8,0,0,-0.6427876096865396,0.7660444431189778,DB01
202111231500,104,5.2,0,0,-0.6427876096865396,0.7660444431189778,DB01
202111231600,104,4.4,0,0,-0.34202014332566866,-0.9396926207859084,DB01
202111231700,104,3.1,0,0,-0.7660444431189779,-0.6427876096865395,DB01
202111231800,104,2.5,0,0,-0.9396926207859084,-0.34202014332566855,DB01
202111231900,104,2.2,0,0,-0.9396926207859084,-0.34202014332566855,DB01
202111232000,104,1.8,0,0,1.0,6.123233995736766e-17,DB01
202111232100,104,2.0,0,0,0.9396926207859084,-0.3420201433256687,DB01
202111232200,104,1.6,0,0,1.0,6.123233995736766e-17,DB01
202111232300,104,0.8,0,0,0.9396926207859084,-0.3420201433256687,DB01
202111240000,104,0.0,0,0,0.9396926207859083,0.3420201433256688,DB01
202111240100,104,-0.9,0,0,-0.6427876096865396,0.7660444431189778,DB01
202111240200,104,2.3,0,0,-0.9396926207859083,0.342020143325669,DB01
202111240300,104,1.9,0,0,-0.9396926207859083,0.342020143325669,DB01
202111240400,104,2.4,0,0,-0.9396926207859083,0.342020143325669,DB01
202111240500,104,3.1,0,0,-0.9396926207859083,0.342020143325669,DB01
202111240600,104,3.5,0,0,-0.9396926207859083,0.342020143325669,DB01
202111240700,104,3.8,0,0,-0.9396926207859083,0.342020143325669,DB01
202111240800,104,1.7,0,0,-0.34202014332566866,-0.9396926207859084,DB01
202111240900,104,5.3,0,0,-1.0,-1.8369701987210297e-16,DB01
202111241000,104,6.9,0,0,-1.0,-1.8369701987210297e-16,DB01
202111241100,104,7.9,0,0,-0.6427876096865396,0.7660444431189778,DB02
202111241200,104,8.7,0,0,-0.6427876096865396,0.7660444431189778,DB02
202111241300,104,9.7,0,0,-0.6427876096865396,0.7660444431189778,DB02
202111241400,104,10.3,0,0,-0.6427876096865396,0.7660444431189778,DB01
202111241500,104,10.6,0,0,-1.0,-1.8369701987210297e-16,DB02
202111241600,104,9.6,0,0,-0.9396926207859084,-0.34202014332566855,DB02
202111241700,104,8.8,0,0,-0.9396926207859084,-0.34202014332566855,DB02
202111241800,104,7.3,0,0,0.9396926207859083,0.3420201433256688,DB01
202111241900,104,8.1,0,0,-1.0,-1.8369701987210297e-16,DB03
202111242000,104,8.4,0,0,0.766044443118978,0.6427876096865394,DB04
202111242100,104,9.6,0,0,-1.0,-1.8369701987210297e-16,DB03
202111242200,104,8.5,0,0,-1.0,-1.8369701987210297e-16,DB02
202111242300,104,8.2,0,0,-0.7660444431189779,-0.6427876096865395,DB01
202111250000,104,7.0,0,0,0.3420201433256689,-0.9396926207859083,DB01
202111250100,104,7.9,0,0,1.2246467991473532e-16,-1.0,DB02
202111250200,104,6.4,0,0,0.3420201433256689,-0.9396926207859083,DB02
202111250300,104,5.5,0,0,0.6427876096865395,-0.7660444431189779,DB02
202111250400,104,6.3,0,0,-0.34202014332566866,-0.9396926207859084,DB02
202111250500,104,5.6,0,0,0.0,1.0,DB03
202111250600,104,5.6,0,0,0.766044443118978,0.6427876096865394,DB02
202111250700,104,5.1,0,0,0.9396926207859084,-0.3420201433256687,DB01
202111250800,104,5.2,0,0,0.3420201433256689,-0.9396926207859083,DB01
202111250900,104,9.0,0,0,0.9396926207859084,-0.3420201433256687,DB01
202111251000,104,10.7,0,0,0.9396926207859084,-0.3420201433256687,DB01
202111251100,104,11.8,0,0,-0.9396926207859083,0.342020143325669,DB01
202111251200,104,12.4,0,0,-0.9396926207859083,0.342020143325669,DB01
202111251300,104,12.2,0,0,-0.6427876096865396,0.7660444431189778,DB01
202111251400,104,12.6,0,0,-0.9396926207859083,0.342020143325669,DB01
202111251500,104,12.1,0,0,-1.0,-1.8369701987210297e-16,DB01
202111251600,104,11.2,0,0,-0.9396926207859083,0.342020143325669,DB01
202111251700,104,9.0,0,0,-1.0,-1.8369701987210297e-16,DB01
202111251800,104,8.5,0,0,-1.0,-1.8369701987210297e-16,DB01
202111251900,104,6.3,0,0,-0.34202014332566866,-0.9396926207859084,DB01
202111252000,104,8.1,0,0,-0.9396926207859084,-0.34202014332566855,DB01
202111252100,104,7.5,0,0,-1.0,-1.8369701987210297e-16,DB01
202111252200,104,6.6,0,0,-1.0,-1.8369701987210297e-16,DB01
202111252300,104,5.3,0,0,-0.6427876096865396,0.7660444431189778,DB01
202111260000,104,4.0,0,0,0.3420201433256689,-0.9396926207859083,DB01
202111260100,104,2.3,0,0,0.3420201433256689,-0.9396926207859083,DB01
202111260200,104,2.4,0,0,1.2246467991473532e-16,-1.0,DB01
202111260300,104,1.2,0,0,0.3420201433256689,-0.9396926207859083,DB01
202111260400,104,2.0,0,0,0.6427876096865395,-0.7660444431189779,DB01
202111260500,104,1.7,0,0,-0.9396926207859084,-0.34202014332566855,DB01
202111260600,104,4.3,0,0,-0.9396926207859083,0.342020143325669,DB01
202111260700,104,5.1,0,0,-0.6427876096865396,0.7660444431189778,DB01
202111260800,104,6.0,0,0,-0.6427876096865396,0.7660444431189778,DB01
202111260900,104,7.1,0,0,-0.6427876096865396,0.7660444431189778,DB01
202111261000,104,8.0,0,0,-0.6427876096865396,0.7660444431189778,DB01
202111261100,104,8.9,0,0,-0.6427876096865396,0.7660444431189778,DB01
202111261200,104,9.5,0,0,-0.6427876096865396,0.7660444431189778,DB01
202111261300,104,10.5,0,0,-0.3420201433256686,0.9396926207859084,DB01
202111261400,104,10.3,0,0,-0.3420201433256686,0.9396926207859084,DB01
202111261500,104,10.0,0,0,-0.3420201433256686,0.9396926207859084,DB01
202111261600,104,9.0,0,0,-1.0,-1.8369701987210297e-16,DB01
202111261700,104,8.1,0,0,-0.9396926207859083,0.342020143325669,DB01
202111261800,104,7.6,0,0,-0.9396926207859083,0.342020143325669,DB01
202111261900,104,7.0,0,0,-0.9396926207859083,0.342020143325669,DB01
202111262000,104,6.5,0,0,-0.9396926207859083,0.342020143325669,DB01
202111262100,104,5.3,0,0,0.0,1.0,DB01
202111262200,104,4.6,0,0,-0.7660444431189779,-0.6427876096865395,DB01
202111262300,104,4.7,0,0,-0.9396926207859084,-0.34202014332566855,DB01
202111270000,104,3.9,0,0,-1.0,-1.8369701987210297e-16,DB01
202111270100,104,3.2,0,0,-0.9396926207859084,-0.34202014332566855,DB01
202111270200,104,1.2,0,0,-0.34202014332566866,-0.9396926207859084,DB01
202111270300,104,2.0,0,0,-0.9396926207859084,-0.34202014332566855,DB01
202111270400,104,0.8,0,0,-0.34202014332566866,-0.9396926207859084,DB01
202111270500,104,1.1,0,0,-0.34202014332566866,-0.9396926207859084,DB01
202111270600,104,0.0,0,0,1.2246467991473532e-16,-1.0,DB01
202111270700,104,0.5,0,0,-0.34202014332566866,-0.9396926207859084,DB01
202111270800,104,1.3,0,0,-0.34202014332566866,-0.9396926207859084,DB01
202111270900,104,3.7,0,0,1.2246467991473532e-16,-1.0,DB01
202111271000,104,6.3,0,0,-0.34202014332566866,-0.9396926207859084,DB01
202111271100,104,7.3,0,0,0.3420201433256687,0.9396926207859084,DB01
202111271200,104,8.3,0,0,0.0,1.0,DB01
202111271300,104,8.4,0,0,0.3420201433256687,0.9396926207859084,DB01
202111271400,104,8.9,0,0,0.766044443118978,0.6427876096865394,DB01
202111271500,104,8.7,0,0,0.3420201433256687,0.9396926207859084,DB01
202111271600,104,8.4,0,0,0.9396926207859083,0.3420201433256688,DB01
202111271700,104,5.7,0,0,0.0,1.0,DB01
202111271800,104,4.7,0,0,0.0,1.0,DB01
202111271900,104,4.2,0,0,-0.7660444431189779,-0.6427876096865395,DB01
202111272000,104,4.1,0,0,-0.7660444431189779,-0.6427876096865395,DB01
202111272100,104,3.4,0,0,-0.7660444431189779,-0.6427876096865395,DB01
202111272200,104,4.2,0,0,-0.34202014332566866,-0.9396926207859084,DB01
202111272300,104,3.7,0,0,1.2246467991473532e-16,-1.0,DB01
202111280000,104,1.7,0,0,-0.34202014332566866,-0.9396926207859084,DB01
202111280100,104,2.8,0,0,1.2246467991473532e-16,-1.0,DB01
202111280200,104,3.4,0,0,1.2246467991473532e-16,-1.0,DB01
202111280300,104,2.5,0,0,1.2246467991473532e-16,-1.0,DB01
202111280400,104,4.1,0,0,-0.34202014332566866,-0.9396926207859084,DB01
202111280500,104,3.6,0,0,-0.34202014332566866,-0.9396926207859084,DB01
202111280600,104,4.6,0,0,1.2246467991473532e-16,-1.0,DB01
202111280700,104,3.7,0,0,1.2246467991473532e-16,-1.0,DB01
202111280800,104,3.5,0,0,1.2246467991473532e-16,-1.0,DB01
202111280900,104,7.9,0,0,1.2246467991473532e-16,-1.0,DB01
202111281000,104,11.0,0,0,1.2246467991473532e-16,-1.0,DB01
202111281100,104,12.7,0,0,0.3420201433256689,-0.9396926207859083,DB01
202111281200,104,14.2,0,0,0.6427876096865395,-0.7660444431189779,DB01
202111281300,104,14.5,0,0,0.9396926207859084,-0.3420201433256687,DB01
202111281400,104,14.5,0,0,0.9396926207859084,-0.3420201433256687,DB01
202111281500,104,14.7,0,0,0.9396926207859084,-0.3420201433256687,DB01
202111281600,104,13.5,0,0,-0.9396926207859083,0.342020143325669,DB02
202111281700,104,11.4,0,0,-0.34202014332566866,-0.9396926207859084,DB03
202111281800,104,9.8,0,0,-0.34202014332566866,-0.9396926207859084,DB03
202111281900,104,9.3,0,0,-0.34202014332566866,-0.9396926207859084,DB03
202111282000,104,9.6,0,0,-0.34202014332566866,-0.9396926207859084,DB03
202111282100,104,9.1,0,0,1.2246467991473532e-16,-1.0,DB03
202111282200,104,9.8,0,0,-0.34202014332566866,-0.9396926207859084,DB02
202111282300,104,9.6,0,0,-0.34202014332566866,-0.9396926207859084,DB03
202111290000,104,9.6,0,0,-0.34202014332566866,-0.9396926207859084,DB03
202111290100,104,9.6,0,0,1.2246467991473532e-16,-1.0,DB03
202111290200,104,9.5,0,0,-0.34202014332566866,-0.9396926207859084,DB03
202111290300,104,9.4,0,0,1.2246467991473532e-16,-1.0,DB03
202111290400,104,8.6,0,0,0.3420201433256689,-0.9396926207859083,DB03
202111290500,104,9.8,0,0,1.2246467991473532e-16,-1.0,DB04
202111290600,104,10.6,0,0,1.2246467991473532e-16,-1.0,DB04
202111290700,104,8.8,0,0,0.3420201433256689,-0.9396926207859083,DB03
202111290800,104,9.9,0,0,-0.34202014332566866,-0.9396926207859084,DB03
202111290900,104,13.9,0,0,-0.34202014332566866,-0.9396926207859084,DB04
202111291000,104,14.5,0,0,1.2246467991473532e-16,-1.0,DB03
202111291100,104,14.6,0,0,-0.6427876096865396,0.7660444431189778,DB03
202111291200,104,15.0,0,0,-0.3420201433256686,0.9396926207859084,DB03
202111291300,104,15.2,0,0,0.0,1.0,DB03
202111291400,104,14.7,0,0,0.3420201433256687,0.9396926207859084,DB03
202111291500,104,13.7,0,0,0.0,1.0,DB03
202111291600,104,13.7,0,0,-1.0,-1.8369701987210297e-16,DB02
202111291700,104,12.4,0,0,-0.34202014332566866,-0.9396926207859084,DB02
202111291800,104,11.7,0,0,-0.7660444431189779,-0.6427876096865395,DB02
202111291900,104,9.5,0,0,0.0,1.0,DB02
202111292000,104,11.0,0,0,-0.34202014332566866,-0.9396926207859084,DB03
202111292100,104,7.7,0,0,0.0,1.0,DB02
202111292200,104,10.0,0,0,-0.34202014332566866,-0.9396926207859084,DB01
202111292300,104,9.3,0,0,1.2246467991473532e-16,-1.0,DB01
202111300000,104,9.2,0,0,1.2246467991473532e-16,-1.0,DB02
202111300100,104,9.4,0,0,-0.34202014332566866,-0.9396926207859084,DB03
202111300200,104,9.5,0,0,1.2246467991473532e-16,-1.0,DB03
202111300300,104,10.6,0,0,1.2246467991473532e-16,-1.0,DB02
202111300400,104,11.0,0,0,1.2246467991473532e-16,-1.0,DB03
202111300500,104,11.2,0,0,1.2246467991473532e-16,-1.0,DB03
202111300600,104,11.1,0,0,-0.34202014332566866,-0.9396926207859084,DB04
202111300700,104,11.2,0,0,1.2246467991473532e-16,-1.0,DB04
202111300800,104,11.0,0,0,1.2246467991473532e-16,-1.0,DB04
202111300900,104,11.6,0,0,0.3420201433256689,-0.9396926207859083,DB04
202111301000,104,10.2,0,0,-0.34202014332566866,-0.9396926207859084,DB04
202111301100,104,9.2,0,0,0.0,1.0,DB04
202111301200,104,9.8,100,1,0.0,1.0,DB04
202111301300,104,10.8,0,0,-1.0,-1.8369701987210297e-16,DB04
202111301400,104,10.7,0,0,0.3420201433256689,-0.9396926207859083,DB04
202111301500,104,12.5,0,0,0.9396926207859084,-0.3420201433256687,DB03
202111301600,104,11.5,0,0,-0.7660444431189779,-0.6427876096865395,DB03
202111301700,104,10.9,0,0,-0.7660444431189779,-0.6427876096865395,DB04
202111301800,104,10.1,0,0,-0.34202014332566866,-0.9396926207859084,DB04
202111301900,104,9.6,0,0,1.2246467991473532e-16,-1.0,DB04
202111302000,104,7.0,0,0,-1.0,-1.8369701987210297e-16,DB04
202111302100,104,6.1,0,0,-0.9396926207859084,-0.34202014332566855,DB03
202111302200,104,5.6,0,0,-0.9396926207859083,0.342020143325669,DB04
202111302300,104,4.7,0,0,-0.9396926207859083,0.342020143325669,DB03
202112010000,104,3.6,0,0,-0.9396926207859083,0.342020143325669,DB02
202112010100,104,3.5,0,0,-1.0,-1.8369701987210297e-16,DB01
202112010200,104,3.2,0,0,-0.6427876096865396,0.7660444431189778,DB01
202112010300,104,2.4,0,0,-0.7660444431189779,-0.6427876096865395,DB01
202112010400,104,1.6,0,0,-1.0,-1.8369701987210297e-16,DB01
202112010500,104,1.5,0,0,-0.9396926207859083,0.342020143325669,DB01
202112010600,104,1.1,0,0,-0.9396926207859083,0.342020143325669,DB01
202112010700,104,0.7,0,0,-0.6427876096865396,0.7660444431189778,DB01
202112010800,104,0.5,0,0,-0.3420201433256686,0.9396926207859084,DB01
202112010900,104,1.6,0,0,-0.6427876096865396,0.7660444431189778,DB01
202112011000,104,1.5,0,0,-0.6427876096865396,0.7660444431189778,DB01
202112011100,104,2.1,0,0,-0.6427876096865396,0.7660444431189778,DB01
202112011200,104,2.9,0,0,-1.0,-1.8369701987210297e-16,DB01
202112011300,104,2.7,0,0,-0.9396926207859083,0.342020143325669,DB01
202112011400,104,3.1,0,0,-0.6427876096865396,0.7660444431189778,DB01
202112011500,104,3.1,0,0,-0.9396926207859083,0.342020143325669,DB01
202112011600,104,2.3,0,0,-0.9396926207859083,0.342020143325669,DB01
202112011700,104,1.4,0,0,-0.9396926207859083,0.342020143325669,DB01
202112011800,104,1.3,0,0,-0.9396926207859083,0.342020143325669,DB01
202112011900,104,1.2,0,0,-0.9396926207859083,0.342020143325669,DB01
202112012000,104,0.2,0,0,-1.0,-1.8369701987210297e-16,DB01
202112012100,104,-0.1,0,0,-1.0,-1.8369701987210297e-16,DB01
202112012200,104,-1.1,0,0,1.2246467991473532e-16,-1.0,DB01
202112012300,104,-1.3,0,0,-0.34202014332566866,-0.9396926207859084,DB01
202112020000,104,-1.1,0,0,1.2246467991473532e-16,-1.0,DB01
202112020100,104,-2.1,0,0,1.2246467991473532e-16,-1.0,DB01
202112020200,104,-1.7,0,0,1.2246467991473532e-16,-1.0,DB01
202112020300,104,-2.5,0,0,0.3420201433256689,-0.9396926207859083,DB01
202112020400,104,-2.4,0,0,0.3420201433256689,-0.9396926207859083,DB01
202112020500,104,-2.9,0,0,0.0,1.0,DB01
202112020600,104,-3.5,0,0,0.0,1.0,DB01
202112020700,104,-1.5,0,0,1.2246467991473532e-16,-1.0,DB01
202112020800,104,-1.1,0,0,1.2246467991473532e-16,-1.0,DB01
202112020900,104,1.4,0,0,-1.0,-1.8369701987210297e-16,DB01
202112021000,104,3.8,0,0,-0.34202014332566866,-0.9396926207859084,DB01
202112021100,104,5.7,0,0,0.6427876096865395,-0.7660444431189779,DB01
202112021200,104,6.7,0,0,1.2246467991473532e-16,-1.0,DB01
202112021300,104,7.5,0,0,0.0,1.0,DB01
202112021400,104,8.0,0,0,-0.9396926207859084,-0.34202014332566855,DB01
202112021500,104,6.4,0,0,-0.7660444431189779,-0.6427876096865395,DB01
202112021600,104,5.4,0,0,-0.9396926207859084,-0.34202014332566855,DB01
202112021700,104,5.1,0,0,-1.0,-1.8369701987210297e-16,DB01
202112021800,104,5.0,0,0,-1.0,-1.8369701987210297e-16,DB01
202112021900,104,5.3,0,0,-0.9396926207859084,-0.34202014332566855,DB03
202112022000,104,5.9,0,0,-1.0,-1.8369701987210297e-16,DB03
202112022100,104,5.6,0,0,-0.7660444431189779,-0.6427876096865395,DB03
202112022200,104,6.0,0,0,-0.7660444431189779,-0.6427876096865395,DB03
202112022300,104,5.5,0,0,-1.0,-1.8369701987210297e-16,DB03
202112030000,104,6.4,0,0,-0.9396926207859084,-0.34202014332566855,DB03
202112030100,104,6.8,0,0,-0.9396926207859084,-0.34202014332566855,DB04
202112030200,104,6.5,0,0,1.2246467991473532e-16,-1.0,DB04
202112030300,104,7.2,0,0,-0.34202014332566866,-0.9396926207859084,DB03
202112030400,104,7.0,0,0,-0.34202014332566866,-0.9396926207859084,DB04
202112030500,104,6.4,0,0,0.766044443118978,0.6427876096865394,DB04
202112030600,104,7.1,0,0,-0.6427876096865396,0.7660444431189778,DB03
202112030700,104,6.6,0,0,-0.6427876096865396,0.7660444431189778,DB02
202112030800,104,5.6,0,0,0.0,1.0,DB01
202112030900,104,6.8,0,0,-0.9396926207859083,0.342020143325669,DB01
202112031000,104,7.0,0,0,-0.6427876096865396,0.7660444431189778,DB01
202112031100,104,6.7,0,0,-0.6427876096865396,0.7660444431189778,DB01
202112031200,104,6.9,0,0,-0.6427876096865396,0.7660444431189778,DB01
202112031300,104,7.1,0,0,-0.6427876096865396,0.7660444431189778,DB01
202112031400,104,7.0,0,0,-1.0,-1.8369701987210297e-16,DB01
202112031500,104,6.7,0,0,-0.9396926207859083,0.342020143325669,DB01
202112031600,104,6.0,0,0,-0.6427876096865396,0.7660444431189778,DB01
202112031700,104,4.0,0,0,-0.9396926207859083,0.342020143325669,DB01
202112031800,104,3.2,0,0,-1.0,-1.8369701987210297e-16,DB01
202112031900,104,2.0,0,0,-1.0,-1.8369701987210297e-16,DB01
202112032000,104,2.3,0,0,-1.0,-1.8369701987210297e-16,DB01
202112032100,104,2.2,0,0,-1.0,-1.8369701987210297e-16,DB01
202112032200,104,1.4,0,0,-0.34202014332566866,-0.9396926207859084,DB01
202112032300,104,1.2,0,0,-0.9396926207859084,-0.34202014332566855,DB01
202112040000,104,1.4,0,0,-1.0,-1.8369701987210297e-16,DB01
202112040100,104,1.6,0,0,-0.9396926207859083,0.342020143325669,DB01
202112040200,104,0.4,0,0,-0.9396926207859083,0.342020143325669,DB01
202112040300,104,1.1,0,0,-0.6427876096865396,0.7660444431189778,DB01
202112040400,104,1.9,0,0,-0.6427876096865396,0.7660444431189778,DB01
202112040500,104,2.1,0,0,-0.6427876096865396,0.7660444431189778,DB01
202112040600,104,2.2,0,0,-0.6427876096865396,0.7660444431189778,DB01
202112040700,104,1.9,0,0,-0.6427876096865396,0.7660444431189778,DB01
202112040800,104,-0.1,0,0,0.6427876096865395,-0.7660444431189779,DB01
202112040900,104,4.4,0,0,-0.3420201433256686,0.9396926207859084,DB01
202112041000,104,6.1,0,0,-0.3420201433256686,0.9396926207859084,DB01
202112041100,104,7.3,0,0,-0.6427876096865396,0.7660444431189778,DB01
202112041200,104,7.8,0,0,-0.9396926207859083,0.342020143325669,DB01
202112041300,104,8.1,0,0,-0.9396926207859083,0.342020143325669,DB01
202112041400,104,8.6,0,0,-0.6427876096865396,0.7660444431189778,DB01
202112041500,104,8.3,0,0,-0.6427876096865396,0.7660444431189778,DB01
202112041600,104,7.5,0,0,-0.6427876096865396,0.7660444431189778,DB01
202112041700,104,4.9,0,0,0.3420201433256689,-0.9396926207859083,DB01
202112041800,104,2.6,0,0,0.0,1.0,DB01
202112041900,104,2.4,0,0,-1.0,-1.8369701987210297e-16,DB01
202112042000,104,3.0,0,0,-0.9396926207859084,-0.34202014332566855,DB01
202112042100,104,2.6,0,0,-0.7660444431189779,-0.6427876096865395,DB01
202112042200,104,2.0,0,0,-0.7660444431189779,-0.6427876096865395,DB01
202112042300,104,2.5,0,0,1.2246467991473532e-16,-1.0,DB01
202112050000,104,1.8,0,0,-0.34202014332566866,-0.9396926207859084,DB01
202112050100,104,1.9,0,0,-0.34202014332566866,-0.9396926207859084,DB01
202112050200,104,1.7,0,0,-0.34202014332566866,-0.9396926207859084,DB01
202112050300,104,1.2,0,0,0.0,1.0,DB01
202112050400,104,1.1,0,0,1.2246467991473532e-16,-1.0,DB01
202112050500,104,1.2,0,0,0.0,1.0,DB01
202112050600,104,1.2,0,0,-0.34202014332566866,-0.9396926207859084,DB01
202112050700,104,0.9,0,0,-0.7660444431189779,-0.6427876096865395,DB01
202112050800,104,1.4,0,0,0.0,1.0,DB01
202112050900,104,4.7,0,0,1.2246467991473532e-16,-1.0,DB01
202112051000,104,7.4,0,0,0.3420201433256689,-0.9396926207859083,DB01
202112051100,104,9.0,0,0,0.6427876096865395,-0.7660444431189779,DB01
202112051200,104,9.7,0,0,1.0,6.123233995736766e-17,DB01
202112051300,104,10.6,0,0,1.0,6.123233995736766e-17,DB01
202112051400,104,10.9,0,0,0.9396926207859084,-0.3420201433256687,DB01
202112051500,104,10.9,0,0,0.9396926207859084,-0.3420201433256687,DB01
202112051600,104,10.3,0,0,0.9396926207859084,-0.3420201433256687,DB01
202112051700,104,7.8,0,0,0.0,1.0,DB01
202112051800,104,6.7,0,0,-1.0,-1.8369701987210297e-16,DB01
202112051900,104,6.1,0,0,-0.9396926207859084,-0.34202014332566855,DB01
202112052000,104,4.7,0,0,-0.34202014332566866,-0.9396926207859084,DB01
202112052100,104,5.0,0,0,-0.34202014332566866,-0.9396926207859084,DB01
202112052200,104,4.8,0,0,1.2246467991473532e-16,-1.0,DB01
202112052300,104,4.7,0,0,1.2246467991473532e-16,-1.0,DB01
202112060000,104,5.1,0,0,1.2246467991473532e-16,-1.0,DB01
202112060100,104,5.2,0,0,-0.34202014332566866,-0.9396926207859084,DB01
202112060200,104,4.6,0,0,1.2246467991473532e-16,-1.0,DB01
202112060300,104,5.3,0,0,-0.34202014332566866,-0.9396926207859084,DB01
202112060400,104,5.3,0,0,1.2246467991473532e-16,-1.0,DB01
202112060500,104,5.3,0,0,-0.34202014332566866,-0.9396926207859084,DB01
202112060600,104,5.4,0,0,1.2246467991473532e-16,-1.0,DB01
202112060700,104,5.1,0,0,1.2246467991473532e-16,-1.0,DB01
202112060800,104,5.3,0,0,1.2246467991473532e-16,-1.0,DB01
202112060900,104,7.8,0,0,1.2246467991473532e-16,-1.0,DB01
202112061000,104,10.7,0,0,0.0,1.0,DB01
202112061100,104,11.8,0,0,-0.3420201433256686,0.9396926207859084,DB01
202112061200,104,12.2,0,0,0.3420201433256687,0.9396926207859084,DB01
202112061300,104,12.8,0,0,0.766044443118978,0.6427876096865394,DB01
202112061400,104,12.8,0,0,0.766044443118978,0.6427876096865394,DB03
202112061500,104,12.4,0,0,0.766044443118978,0.6427876096865394,DB03
202112061600,104,11.9,0,0,0.6427876096865395,-0.7660444431189779,DB04
202112061700,104,9.8,0,0,0.0,1.0,DB04
202112061800,104,8.9,0,0,-0.7660444431189779,-0.6427876096865395,DB03
202112061900,104,8.4,0,0,-0.9396926207859083,0.342020143325669,DB03
202112062000,104,7.3,0,0,-0.9396926207859083,0.342020143325669,DB03
202112062100,104,9.0,0,0,-1.0,-1.8369701987210297e-16,DB04
202112062200,104,8.1,0,0,-1.0,-1.8369701987210297e-16,DB03
202112062300,104,7.9,0,0,-0.9396926207859084,-0.34202014332566855,DB03
202112070000,104,6.2,0,0,0.0,1.0,DB03
202112070100,104,7.4,0,0,-1.0,-1.8369701987210297e-16,DB03
202112070200,104,7.1,0,0,-1.0,-1.8369701987210297e-16,DB03
202112070300,104,7.2,0,0,-1.0,-1.8369701987210297e-16,DB02
202112070400,104,8.1,0,0,-0.9396926207859083,0.342020143325669,DB03
202112070500,104,8.0,0,0,-0.6427876096865396,0.7660444431189778,DB03
202112070600,104,8.1,0,0,-0.6427876096865396,0.7660444431189778,DB03
202112070700,104,7.9,0,0,-0.6427876096865396,0.7660444431189778,DB02
202112070800,104,6.6,0,0,-0.9396926207859083,0.342020143325669,DB03
202112070900,104,8.9,0,0,-0.6427876096865396,0.7660444431189778,DB02
202112071000,104,7.0,0,0,-0.3420201433256686,0.9396926207859084,DB04
202112071100,104,6.6,0,0,-0.9396926207859083,0.342020143325669,DB04
202112071200,104,6.6,100,1,-0.7660444431189779,-0.6427876096865395,DB04
202112071300,104,7.4,0,0,-0.9396926207859083,0.342020143325669,DB04
202112071400,104,7.1,0,0,-0.9396926207859083,0.342020143325669,DB04
202112071500,104,8.0,100,1,-0.6427876096865396,0.7660444431189778,DB04
202112071600,104,8.0,0,0,0.0,1.0,DB04
202112071700,104,7.7,0,0,-0.6427876096865396,0.7660444431189778,DB04
202112071800,104,7.5,0,0,-0.6427876096865396,0.7660444431189778,DB04
202112071900,104,7.2,0,0,-0.9396926207859083,0.342020143325669,DB04
202112072000,104,7.1,0,0,-0.9396926207859083,0.342020143325669,DB04
202112072100,104,7.3,100,1,-0.9396926207859083,0.342020143325669,DB04
202112072200,104,7.1,0,0,-0.9396926207859083,0.342020143325669,DB04
202112072300,104,6.8,0,0,-1.0,-1.8369701987210297e-16,DB03
202112080000,104,5.0,0,0,-1.0,-1.8369701987210297e-16,DB03
202112080100,104,5.3,0,0,-1.0,-1.8369701987210297e-16,DB01
202112080200,104,5.2,0,0,-1.0,-1.8369701987210297e-16,DB02
202112080300,104,5.3,0,0,-1.0,-1.8369701987210297e-16,DB02
202112080400,104,5.1,0,0,-1.0,-1.8369701987210297e-16,DB03
202112080500,104,4.8,0,0,-1.0,-1.8369701987210297e-16,DB03
202112080600,104,4.7,0,0,-1.0,-1.8369701987210297e-16,DB02
202112080700,104,5.3,0,0,-1.0,-1.8369701987210297e-16,DB02
202112080800,104,5.0,0,0,-0.9396926207859084,-0.34202014332566855,DB02
202112080900,104,7.4,0,0,-1.0,-1.8369701987210297e-16,DB01
202112081000,104,8.5,0,0,0.3420201433256689,-0.9396926207859083,DB02
202112081100,104,10.2,0,0,-0.9396926207859084,-0.34202014332566855,DB01
202112081200,104,11.1,0,0,0.6427876096865395,-0.7660444431189779,DB01
202112081300,104,11.6,0,0,0.6427876096865395,-0.7660444431189779,DB01
202112081400,104,11.3,0,0,1.0,6.123233995736766e-17,DB01
202112081500,104,11.2,0,0,0.9396926207859084,-0.3420201433256687,DB01
202112081600,104,10.4,0,0,0.9396926207859084,-0.3420201433256687,DB01
202112081700,104,8.7,0,0,0.3420201433256689,-0.9396926207859083,DB01
202112081800,104,6.1,0,0,0.0,1.0,DB01
202112081900,104,5.9,0,0,0.3420201433256689,-0.9396926207859083,DB01
202112082000,104,5.3,0,0,-0.9396926207859084,-0.34202014332566855,DB01
202112082100,104,6.2,0,0,0.0,1.0,DB01
202112082200,104,4.1,0,0,1.2246467991473532e-16,-1.0,DB01
202112082300,104,3.7,0,0,1.2246467991473532e-16,-1.0,DB02
202112090000,104,4.2,0,0,0.0,1.0,DB01
202112090100,104,3.8,0,0,1.2246467991473532e-16,-1.0,DB03
202112090200,104,3.5,0,0,1.2246467991473532e-16,-1.0,DB03
202112090300,104,3.6,0,0,0.0,1.0,DB03
202112090400,104,4.7,0,0,-0.9396926207859084,-0.34202014332566855,DB03
202112090500,104,4.3,0,0,0.0,1.0,DB02
202112090600,104,2.8,0,0,0.3420201433256689,-0.9396926207859083,DB02
202112090700,104,4.4,0,0,-0.7660444431189779,-0.6427876096865395,DB01
202112090800,104,3.8,0,0,-0.34202014332566866,-0.9396926207859084,DB01
202112090900,104,7.3,0,0,0.0,1.0,DB01
202112091000,104,10.3,0,0,0.0,1.0,DB03
202112091100,104,11.6,0,0,0.3420201433256689,-0.9396926207859083,DB03
202112091200,104,11.6,0,0,0.0,1.0,DB03
202112091300,104,11.9,0,0,0.3420201433256689,-0.9396926207859083,DB03
202112091400,104,12.4,0,0,0.9396926207859084,-0.3420201433256687,DB04
202112091500,104,12.1,0,0,1.0,6.123233995736766e-17,DB04
202112091600,104,11.4,0,0,1.2246467991473532e-16,-1.0,DB04
202112091700,104,9.8,0,0,0.0,1.0,DB04
202112091800,104,9.5,0,0,-1.0,-1.8369701987210297e-16,DB04
202112091900,104,8.6,0,0,1.2246467991473532e-16,-1.0,DB03
202112092000,104,8.3,0,0,0.3420201433256689,-0.9396926207859083,DB04
202112092100,104,9.3,0,0,-0.34202014332566866,-0.9396926207859084,DB03
202112092200,104,8.8,0,0,1.2246467991473532e-16,-1.0,DB03
202112092300,104,7.7,0,0,-0.34202014332566866,-0.9396926207859084,DB03
202112100000,104,7.3,0,0,1.2246467991473532e-16,-1.0,DB01
202112100100,104,5.6,0,0,-0.7660444431189779,-0.6427876096865395,DB01
202112100200,104,5.0,0,0,1.2246467991473532e-16,-1.0,DB02
202112100300,104,6.0,0,0,-0.34202014332566866,-0.9396926207859084,DB02
202112100400,104,6.1,0,0,-0.34202014332566866,-0.9396926207859084,DB02
202112100500,104,5.3,0,0,1.2246467991473532e-16,-1.0,DB01
202112100600,104,5.6,0,0,0.3420201433256689,-0.9396926207859083,DB02
202112100700,104,6.5,0,0,-1.0,-1.8369701987210297e-16,DB03
202112100800,104,7.2,0,0,-1.0,-1.8369701987210297e-16,DB03
202112100900,104,9.6,0,0,-1.0,-1.8369701987210297e-16,DB02
202112101000,104,11.8,0,0,0.9396926207859084,-0.3420201433256687,DB01
202112101100,104,13.2,0,0,1.2246467991473532e-16,-1.0,DB01
202112101200,104,13.6,0,0,0.9396926207859084,-0.3420201433256687,DB01
202112101300,104,13.1,0,0,1.0,6.123233995736766e-17,DB03
202112101400,104,13.3,0,0,0.9396926207859083,0.3420201433256688,DB04
202112101500,104,13.5,0,0,-0.6427876096865396,0.7660444431189778,DB04
202112101600,104,14.0,0,0,-0.9396926207859083,0.342020143325669,DB04
202112101700,104,12.3,0,0,-0.6427876096865396,0.7660444431189778,DB04
202112101800,104,11.4,0,0,-0.34202014332566866,-0.9396926207859084,DB03
202112101900,104,11.8,0,0,-0.9396926207859084,-0.34202014332566855,DB04
202112102000,104,10.1,0,0,-0.9396926207859084,-0.34202014332566855,DB02
202112102100,104,10.0,0,0,-0.34202014332566866,-0.9396926207859084,DB01
202112102200,104,7.9,0,0,-0.9396926207859083,0.342020143325669,DB01
202112102300,104,7.5,0,0,1.2246467991473532e-16,-1.0,DB01
202112110000,104,7.4,0,0,1.2246467991473532e-16,-1.0,DB01
202112110100,104,8.6,0,0,-0.9396926207859084,-0.34202014332566855,DB03
202112110200,104,7.5,0,0,1.2246467991473532e-16,-1.0,DB01
202112110300,104,7.2,0,0,-0.34202014332566866,-0.9396926207859084,DB01
202112110400,104,7.2,0,0,-0.34202014332566866,-0.9396926207859084,DB02
202112110500,104,5.4,0,0,1.2246467991473532e-16,-1.0,DB02
202112110600,104,6.8,0,0,-0.34202014332566866,-0.9396926207859084,DB02
202112110700,104,6.8,0,0,-0.34202014332566866,-0.9396926207859084,DB02
202112110800,104,7.0,0,0,-0.34202014332566866,-0.9396926207859084,DB03
202112110900,104,8.4,0,0,1.2246467991473532e-16,-1.0,DB02
202112111000,104,9.7,0,0,1.2246467991473532e-16,-1.0,DB03
202112111100,104,10.4,0,0,1.2246467991473532e-16,-1.0,DB03
202112111200,104,10.8,0,0,0.0,1.0,DB03
202112111300,104,12.1,0,0,0.0,1.0,DB03
202112111400,104,11.9,0,0,1.0,6.123233995736766e-17,DB02
202112111500,104,12.3,0,0,0.766044443118978,0.6427876096865394,DB03
202112111600,104,11.9,0,0,0.3420201433256687,0.9396926207859084,DB03
202112111700,104,9.6,0,0,0.3420201433256689,-0.9396926207859083,DB03
202112111800,104,8.4,0,0,0.0,1.0,DB03
202112111900,104,7.4,0,0,0.0,1.0,DB03
202112112000,104,7.5,0,0,0.3420201433256689,-0.9396926207859083,DB03
202112112100,104,7.1,0,0,0.0,1.0,DB03
202112112200,104,8.6,0,0,-0.7660444431189779,-0.6427876096865395,DB03
202112112300,104,9.3,0,0,-0.34202014332566866,-0.9396926207859084,DB04
202112120000,104,8.6,0,0,-0.34202014332566866,-0.9396926207859084,DB04
202112120100,104,8.0,0,0,1.2246467991473532e-16,-1.0,DB03
202112120200,104,8.6,0,0,-0.7660444431189779,-0.6427876096865395,DB04
202112120300,104,9.1,0,0,-0.34202014332566866,-0.9396926207859084,DB04
202112120400,104,8.5,0,0,-0.7660444431189779,-0.6427876096865395,DB04
202112120500,104,7.7,0,0,-0.7660444431189779,-0.6427876096865395,DB04
202112120600,104,6.9,0,0,1.2246467991473532e-16,-1.0,DB04
202112120700,104,6.4,0,0,-0.34202014332566866,-0.9396926207859084,DB04
202112120800,104,6.6,0,0,-1.0,-1.8369701987210297e-16,DB03
202112120900,104,6.6,0,0,-0.6427876096865396,0.7660444431189778,DB02
202112121000,104,7.8,0,0,-0.3420201433256686,0.9396926207859084,DB01
202112121100,104,9.0,0,0,-0.6427876096865396,0.7660444431189778,DB01
202112121200,104,9.1,0,0,-0.6427876096865396,0.7660444431189778,DB01
202112121300,104,9.2,0,0,-0.9396926207859083,0.342020143325669,DB01
202112121400,104,8.9,0,0,-0.9396926207859083,0.342020143325669,DB01
202112121500,104,8.0,0,0,-0.6427876096865396,0.7660444431189778,DB01
202112121600,104,7.4,0,0,-0.6427876096865396,0.7660444431189778,DB01
202112121700,104,5.4,0,0,-1.0,-1.8369701987210297e-16,DB01
202112121800,104,3.9,0,0,-0.9396926207859083,0.342020143325669,DB01
202112121900,104,4.3,0,0,-0.9396926207859083,0.342020143325669,DB01
202112122000,104,2.7,0,0,-0.9396926207859083,0.342020143325669,DB01
202112122100,104,1.0,0,0,0.0,1.0,DB01
202112122200,104,1.2,0,0,-1.0,-1.8369701987210297e-16,DB01
202112122300,104,0.3,0,0,-0.7660444431189779,-0.6427876096865395,DB01
202112130000,104,-0.7,0,0,-0.9396926207859084,-0.34202014332566855,DB01
202112130100,104,-1.7,0,0,1.2246467991473532e-16,-1.0,DB01
202112130200,104,-2.1,0,0,1.2246467991473532e-16,-1.0,DB01
202112130300,104,-2.4,0,0,1.2246467991473532e-16,-1.0,DB01
202112130400,104,-3.5,0,0,0.3420201433256689,-0.9396926207859083,DB01
202112130500,104,-3.7,0,0,1.2246467991473532e-16,-1.0,DB01
202112130600,104,-4.0,0,0,0.3420201433256689,-0.9396926207859083,DB01
202112130700,104,-2.9,0,0,1.2246467991473532e-16,-1.0,DB01
202112130800,104,-2.8,0,0,-0.34202014332566866,-0.9396926207859084,DB01
202112130900,104,-0.5,0,0,1.2246467991473532e-16,-1.0,DB01
202112131000,104,2.0,0,0,-0.34202014332566866,-0.9396926207859084,DB01
202112131100,104,3.3,0,0,0.0,1.0,DB01
202112131200,104,4.3,0,0,0.6427876096865395,-0.7660444431189779,DB01
202112131300,104,5.0,0,0,0.3420201433256687,0.9396926207859084,DB01
202112131400,104,5.7,0,0,1.0,6.123233995736766e-17,DB01
202112131500,104,5.2,0,0,0.9396926207859083,0.3420201433256688,DB01
202112131600,104,5.3,0,0,1.0,6.123233995736766e-17,DB01
202112131700,104,3.1,0,0,0.0,1.0,DB01
202112131800,104,2.4,0,0,-1.0,-1.8369701987210297e-16,DB01
202112131900,104,0.4,0,0,1.2246467991473532e-16,-1.0,DB01
202112132000,104,0.5,0,0,-0.34202014332566866,-0.9396926207859084,DB01
202112132100,104,0.2,0,0,1.2246467991473532e-16,-1.0,DB01
202112132200,104,0.4,0,0,1.2246467991473532e-16,-1.0,DB01
202112132300,104,0.5,0,0,1.2246467991473532e-16,-1.0,DB01
202112140000,104,0.4,0,0,1.2246467991473532e-16,-1.0,DB01
202112140100,104,0.8,0,0,-0.7660444431189779,-0.6427876096865395,DB01
202112140200,104,0.1,0,0,1.2246467991473532e-16,-1.0,DB01
202112140300,104,0.3,0,0,1.2246467991473532e-16,-1.0,DB01
202112140400,104,1.9,0,0,-0.7660444431189779,-0.6427876096865395,DB01
202112140500,104,0.8,0,0,1.2246467991473532e-16,-1.0,DB01
202112140600,104,1.8,0,0,-0.34202014332566866,-0.9396926207859084,DB01
202112140700,104,2.4,0,0,1.2246467991473532e-16,-1.0,DB01
202112140800,104,3.6,0,0,-1.0,-1.8369701987210297e-16,DB01
202112140900,104,4.6,0,0,-0.9396926207859084,-0.34202014332566855,DB01
202112141000,104,5.9,0,0,-0.9396926207859084,-0.34202014332566855,DB01
202112141100,104,7.1,0,0,-1.0,-1.8369701987210297e-16,DB01
202112141200,104,8.0,0,0,-1.0,-1.8369701987210297e-16,DB01
202112141300,104,8.8,0,0,-0.9396926207859084,-0.34202014332566855,DB01
202112141400,104,8.7,0,0,-1.0,-1.8369701987210297e-16,DB01
202112141500,104,8.2,0,0,-1.0,-1.8369701987210297e-16,DB01
202112141600,104,7.6,0,0,-1.0,-1.8369701987210297e-16,DB01
202112141700,104,6.2,0,0,0.766044443118978,0.6427876096865394,DB02
202112141800,104,5.3,0,0,0.6427876096865395,-0.7660444431189779,DB01
202112141900,104,4.2,0,0,-0.34202014332566866,-0.9396926207859084,DB01
202112142000,104,3.1,0,0,0.0,1.0,DB01
202112142100,104,3.1,0,0,0.6427876096865395,-0.7660444431189779,DB02
202112142200,104,6.0,0,0,-0.34202014332566866,-0.9396926207859084,DB03
202112142300,104,3.1,0,0,0.9396926207859084,-0.3420201433256687,DB02
202112150000,104,4.1,0,0,0.3420201433256689,-0.9396926207859083,DB03
202112150100,104,5.3,0,0,0.3420201433256689,-0.9396926207859083,DB03
202112150200,104,6.5,0,0,0.3420201433256689,-0.9396926207859083,DB03
202112150300,104,7.4,0,0,1.2246467991473532e-16,-1.0,DB04
202112150400,104,8.1,0,0,0.3420201433256689,-0.9396926207859083,DB04
202112150500,104,8.1,0,0,0.3420201433256689,-0.9396926207859083,DB03
202112150600,104,9.1,0,0,1.2246467991473532e-16,-1.0,DB04
202112150700,104,9.2,0,0,1.2246467991473532e-16,-1.0,DB04
202112150800,104,8.0,0,0,-0.9396926207859083,0.342020143325669,DB04
202112150900,104,9.1,0,0,0.3420201433256689,-0.9396926207859083,DB04
202112151000,104,10.2,0,0,1.2246467991473532e-16,-1.0,DB03
202112151100,104,10.4,0,0,0.3420201433256689,-0.9396926207859083,DB03
202112151200,104,11.8,0,0,1.2246467991473532e-16,-1.0,DB04
202112151300,104,12.1,0,0,-0.7660444431189779,-0.6427876096865395,DB04
202112151400,104,12.7,0,0,-1.0,-1.8369701987210297e-16,DB03
202112151500,104,12.7,0,0,-0.9396926207859083,0.342020143325669,DB02
202112151600,104,11.8,0,0,-0.9396926207859084,-0.34202014332566855,DB01
202112151700,104,9.8,0,0,-0.34202014332566866,-0.9396926207859084,DB01
202112151800,104,9.0,0,0,-1.0,-1.8369701987210297e-16,DB01
202112151900,104,8.3,0,0,-0.7660444431189779,-0.6427876096865395,DB01
202112152000,104,7.3,0,0,0.9396926207859084,-0.3420201433256687,DB03
202112152100,104,7.5,0,0,-0.9396926207859084,-0.34202014332566855,DB01
202112152200,104,7.5,0,0,-0.9396926207859084,-0.34202014332566855,DB01
202112152300,104,8.2,0,0,-0.7660444431189779,-0.6427876096865395,DB02
202112160000,104,6.9,0,0,-0.3420201433256686,0.9396926207859084,DB02
202112160100,104,4.6,0,0,-1.0,-1.8369701987210297e-16,DB02
202112160200,104,5.4,0,0,-1.0,-1.8369701987210297e-16,DB03
202112160300,104,5.1,0,0,-0.6427876096865396,0.7660444431189778,DB03
202112160400,104,6.1,0,0,-1.0,-1.8369701987210297e-16,DB04
202112160500,104,7.8,0,0,-0.9396926207859084,-0.34202014332566855,DB04
202112160600,104,6.7,0,0,-0.6427876096865396,0.7660444431189778,DB04
202112160700,104,5.4,0,0,-1.0,-1.8369701987210297e-16,DB04
202112160800,104,6.5,0,0,-0.9396926207859084,-0.34202014332566855,DB04
202112160900,104,6.8,0,0,0.0,1.0,DB04
202112161000,104,7.9,0,0,0.9396926207859084,-0.3420201433256687,DB04
202112161100,104,9.3,0,0,0.0,1.0,DB04
202112161200,104,8.9,0,0,0.0,1.0,DB02
202112161300,104,11.6,0,0,-0.9396926207859083,0.342020143325669,DB01
202112161400,104,11.5,0,0,1.0,6.123233995736766e-17,DB01
202112161500,104,11.6,0,0,0.766044443118978,0.6427876096865394,DB03
202112161600,104,11.2,0,0,0.0,1.0,DB03
202112161700,104,8.2,0,0,0.3420201433256689,-0.9396926207859083,DB03
202112161800,104,7.7,0,0,0.3420201433256689,-0.9396926207859083,DB03
202112161900,104,6.8,0,0,0.3420201433256689,-0.9396926207859083,DB03
202112162000,104,6.7,0,0,0.3420201433256689,-0.9396926207859083,DB04
202112162100,104,6.4,0,0,-0.34202014332566866,-0.9396926207859084,DB04
202112162200,104,5.4,0,0,0.0,1.0,DB03
202112162300,104,4.7,0,0,0.0,1.0,DB03
202112170000,104,6.0,0,0,1.0,6.123233995736766e-17,DB03
202112170100,104,6.7,0,0,0.6427876096865395,-0.7660444431189779,DB03
202112170200,104,5.3,0,0,-0.9396926207859083,0.342020143325669,DB03
202112170300,104,5.7,0,0,-1.0,-1.8369701987210297e-16,DB03
202112170400,104,5.1,0,0,-0.9396926207859083,0.342020143325669,DB03
202112170500,104,4.2,0,0,-0.9396926207859083,0.342020143325669,DB02
202112170600,104,3.3,0,0,-1.0,-1.8369701987210297e-16,DB01
202112170700,104,2.4,0,0,-0.6427876096865396,0.7660444431189778,DB01
202112170800,104,1.2,0,0,-0.9396926207859083,0.342020143325669,DB01
202112170900,104,1.3,0,0,-0.9396926207859083,0.342020143325669,DB01
202112171000,104,1.6,0,0,-0.6427876096865396,0.7660444431189778,DB01
202112171100,104,1.6,0,0,-0.9396926207859083,0.342020143325669,DB01
202112171200,104,1.5,0,0,-1.0,-1.8369701987210297e-16,DB01
202112171300,104,0.4,0,0,-1.0,-1.8369701987210297e-16,DB01
202112171400,104,-0.5,0,0,-0.9396926207859083,0.342020143325669,DB01
202112171500,104,-1.2,0,0,-0.9396926207859083,0.342020143325669,DB01
202112171600,104,-1.5,0,0,-0.9396926207859083,0.342020143325669,DB01
202112171700,104,-3.0,0,0,-0.6427876096865396,0.7660444431189778,DB01
202112171800,104,-3.4,0,0,-0.9396926207859083,0.342020143325669,DB01
202112171900,104,-4.1,0,0,-0.9396926207859083,0.342020143325669,DB01
202112172000,104,-4.7,0,0,-0.9396926207859083,0.342020143325669,DB01
202112172100,104,-5.1,0,0,-0.6427876096865396,0.7660444431189778,DB01
202112172200,104,-6.5,0,0,-0.9396926207859084,-0.34202014332566855,DB01
202112172300,104,-6.7,0,0,-1.0,-1.8369701987210297e-16,DB01
202112180000,104,-7.0,0,0,-1.0,-1.8369701987210297e-16,DB01
202112180100,104,-7.6,0,0,-1.0,-1.8369701987210297e-16,DB01
202112180200,104,-7.2,0,0,-0.9396926207859084,-0.34202014332566855,DB01
202112180300,104,-8.4,0,0,0.6427876096865395,-0.7660444431189779,DB01
202112180400,104,-8.0,0,0,1.2246467991473532e-16,-1.0,DB01
202112180500,104,-8.5,0,0,0.3420201433256689,-0.9396926207859083,DB01
202112180600,104,-8.0,0,0,0.3420201433256689,-0.9396926207859083,DB01
202112180700,104,-7.5,0,0,0.3420201433256689,-0.9396926207859083,DB01
202112180800,104,-7.1,0,0,1.2246467991473532e-16,-1.0,DB01
202112180900,104,-4.4,0,0,0.3420201433256689,-0.9396926207859083,DB01
202112181000,104,-1.2,0,0,-1.0,-1.8369701987210297e-16,DB01
202112181100,104,-0.1,0,0,-0.9396926207859083,0.342020143325669,DB01
202112181200,104,1.6,0,0,0.3420201433256689,-0.9396926207859083,DB01
202112181300,104,2.9,0,0,0.6427876096865395,-0.7660444431189779,DB01
202112181400,104,3.5,0,0,-0.6427876096865396,0.7660444431189778,DB02
202112181500,104,3.2,0,0,-0.9396926207859084,-0.34202014332566855,DB03
202112181600,104,1.1,0,0,1.2246467991473532e-16,-1.0,DB02
202112181700,104,0.9,0,0,-0.9396926207859084,-0.34202014332566855,DB01
202112181800,104,0.1,0,0,-0.34202014332566866,-0.9396926207859084,DB01
202112181900,104,-0.1,0,0,-0.34202014332566866,-0.9396926207859084,DB02
202112182000,104,0.0,0,0,-0.34202014332566866,-0.9396926207859084,DB01
202112182100,104,0.2,0,0,1.2246467991473532e-16,-1.0,DB02
202112182200,104,0.2,0,0,-0.34202014332566866,-0.9396926207859084,DB02
202112182300,104,0.8,0,0,1.2246467991473532e-16,-1.0,DB03
202112190000,104,1.0,0,0,1.2246467991473532e-16,-1.0,DB03
202112190100,104,1.5,0,0,1.2246467991473532e-16,-1.0,DB04
202112190200,104,1.1,0,0,0.3420201433256689,-0.9396926207859083,DB03
202112190300,104,0.5,0,0,0.3420201433256689,-0.9396926207859083,DB03
202112190400,104,0.4,0,0,-0.9396926207859083,0.342020143325669,DB02
202112190500,104,-0.9,0,0,-1.0,-1.8369701987210297e-16,DB01
202112190600,104,-0.5,0,0,-1.0,-1.8369701987210297e-16,DB01
202112190700,104,-1.0,0,0,-0.9396926207859083,0.342020143325669,DB01
202112190800,104,-1.1,0,0,-0.7660444431189779,-0.6427876096865395,DB01
202112190900,104,0.1,0,0,0.9396926207859084,-0.3420201433256687,DB01
202112191000,104,1.4,0,0,0.6427876096865395,-0.7660444431189779,DB01
202112191100,104,3.1,0,0,0.9396926207859084,-0.3420201433256687,DB01
202112191200,104,3.6,0,0,0.6427876096865395,-0.7660444431189779,DB01
202112191300,104,4.5,0,0,-0.9396926207859083,0.342020143325669,DB01
202112191400,104,4.1,0,0,-0.6427876096865396,0.7660444431189778,DB01
202112191500,104,4.3,0,0,-0.9396926207859083,0.342020143325669,DB01
202112191600,104,4.5,0,0,-0.9396926207859083,0.342020143325669,DB01
202112191700,104,3.3,0,0,-0.9396926207859084,-0.34202014332566855,DB01
202112191800,104,1.7,0,0,0.9396926207859084,-0.3420201433256687,DB01
202112191900,104,1.7,0,0,1.2246467991473532e-16,-1.0,DB02
202112192000,104,2.6,0,0,0.3420201433256689,-0.9396926207859083,DB02
202112192100,104,3.0,0,0,0.6427876096865395,-0.7660444431189779,DB02
202112192200,104,1.9,0,0,0.6427876096865395,-0.7660444431189779,DB02
202112192300,104,1.5,0,0,0.0,1.0,DB01
202112200000,104,1.4,0,0,0.3420201433256689,-0.9396926207859083,DB01
202112200100,104,1.9,0,0,0.3420201433256689,-0.9396926207859083,DB01
202112200200,104,2.3,0,0,-1.0,-1.8369701987210297e-16,DB01
202112200300,104,4.0,0,0,-0.9396926207859084,-0.34202014332566855,DB01
202112200400,104,2.4,0,0,0.0,1.0,DB02
202112200500,104,2.3,0,0,0.3420201433256689,-0.9396926207859083,DB03
202112200600,104,2.5,0,0,0.0,1.0,DB03
202112200700,104,3.0,0,0,0.3420201433256689,-0.9396926207859083,DB02
202112200800,104,3.8,0,0,0.6427876096865395,-0.7660444431189779,DB03
202112200900,104,5.2,0,0,0.0,1.0,DB02
202112201000,104,9.0,0,0,-0.9396926207859083,0.342020143325669,DB02
202112201100,104,10.7,0,0,-0.9396926207859084,-0.34202014332566855,DB01
202112201200,104,10.6,0,0,-0.9396926207859084,-0.34202014332566855,DB01
202112201300,104,11.3,0,0,-0.9396926207859084,-0.34202014332566855,DB01
202112201400,104,11.1,0,0,-0.9396926207859084,-0.34202014332566855,DB01
202112201500,104,10.4,0,0,-0.9396926207859084,-0.34202014332566855,DB01
202112201600,104,10.2,0,0,-1.0,-1.8369701987210297e-16,DB01
202112201700,104,10.2,0,0,-1.0,-1.8369701987210297e-16,DB02
202112201800,104,9.4,0,0,-0.34202014332566866,-0.9396926207859084,DB01
202112201900,104,9.8,0,0,-0.9396926207859084,-0.34202014332566855,DB01
202112202000,104,9.7,0,0,-0.7660444431189779,-0.6427876096865395,DB01
202112202100,104,9.6,0,0,-1.0,-1.8369701987210297e-16,DB01
202112202200,104,9.8,0,0,-1.0,-1.8369701987210297e-16,DB01
202112202300,104,9.8,0,0,-1.0,-1.8369701987210297e-16,DB01
202112210000,104,9.6,0,0,-0.9396926207859084,-0.34202014332566855,DB01
202112210100,104,9.7,0,0,-0.9396926207859084,-0.34202014332566855,DB01
202112210200,104,9.5,0,0,-1.0,-1.8369701987210297e-16,DB01
202112210300,104,9.7,0,0,-0.9396926207859084,-0.34202014332566855,DB01
202112210400,104,9.5,0,0,-0.9396926207859084,-0.34202014332566855,DB01
202112210500,104,9.4,0,0,-0.9396926207859084,-0.34202014332566855,DB01
202112210600,104,9.0,0,0,-0.7660444431189779,-0.6427876096865395,DB01
202112210700,104,8.9,0,0,-0.9396926207859084,-0.34202014332566855,DB01
202112210800,104,6.8,0,0,0.766044443118978,0.6427876096865394,DB01
202112210900,104,8.7,0,0,-0.7660444431189779,-0.6427876096865395,DB01
202112211000,104,11.0,0,0,-1.0,-1.8369701987210297e-16,DB01
202112211100,104,12.2,0,0,0.3420201433256687,0.9396926207859084,DB01
202112211200,104,13.3,0,0,-0.9396926207859083,0.342020143325669,DB01
202112211300,104,14.0,0,0,-0.6427876096865396,0.7660444431189778,DB01
202112211400,104,14.2,0,0,-0.6427876096865396,0.7660444431189778,DB01
202112211500,104,13.8,0,0,-0.9396926207859083,0.342020143325669,DB01
202112211600,104,13.0,0,0,-0.9396926207859084,-0.34202014332566855,DB01
202112211700,104,10.7,0,0,-0.9396926207859084,-0.34202014332566855,DB01
202112211800,104,9.0,0,0,-1.0,-1.8369701987210297e-16,DB01
202112211900,104,7.6,0,0,0.6427876096865395,-0.7660444431189779,DB01
202112212000,104,7.4,0,0,0.766044443118978,0.6427876096865394,DB01
202112212100,104,4.5,0,0,1.2246467991473532e-16,-1.0,DB01
202112212200,104,4.2,0,0,0.0,1.0,DB01
202112212300,104,3.0,0,0,0.0,1.0,DB01
202112220000,104,4.1,0,0,-1.0,-1.8369701987210297e-16,DB01
202112220100,104,3.3,0,0,-0.9396926207859083,0.342020143325669,DB01
202112220200,104,2.9,0,0,-1.0,-1.8369701987210297e-16,DB01
202112220300,104,2.2,0,0,-0.9396926207859083,0.342020143325669,DB01
202112220400,104,2.7,0,0,-1.0,-1.8369701987210297e-16,DB01
202112220500,104,2.6,0,0,-1.0,-1.8369701987210297e-16,DB01
202112220600,104,1.9,0,0,-0.9396926207859083,0.342020143325669,DB01
202112220700,104,2.3,0,0,-1.0,-1.8369701987210297e-16,DB01
202112220800,104,2.1,0,0,-1.0,-1.8369701987210297e-16,DB02
202112220900,104,4.4,0,0,-0.6427876096865396,0.7660444431189778,DB03
202112221000,104,5.0,0,0,-0.3420201433256686,0.9396926207859084,DB03
202112221100,104,6.6,0,0,-0.3420201433256686,0.9396926207859084,DB04
202112221200,104,7.2,0,0,0.0,1.0,DB03
202112221300,104,6.7,0,0,0.0,1.0,DB04
202112221400,104,6.5,0,0,-0.3420201433256686,0.9396926207859084,DB04
202112221500,104,5.8,100,1,-0.3420201433256686,0.9396926207859084,DB04
202112221600,104,5.5,0,0,-0.3420201433256686,0.9396926207859084,DB04
202112221700,104,5.5,0,0,-0.6427876096865396,0.7660444431189778,DB03
202112221800,104,5.2,100,1,-0.6427876096865396,0.7660444431189778,DB03
202112221900,104,5.2,0,0,-0.9396926207859083,0.342020143325669,DB01
202112222000,104,4.8,0,0,-0.9396926207859084,-0.34202014332566855,DB03
202112222100,104,3.5,0,0,-1.0,-1.8369701987210297e-16,DB02
202112222200,104,3.5,0,0,-0.7660444431189779,-0.6427876096865395,DB01
202112222300,104,3.3,0,0,0.0,1.0,DB01
202112230000,104,2.8,0,0,-0.34202014332566866,-0.9396926207859084,DB01
202112230100,104,1.9,0,0,-0.34202014332566866,-0.9396926207859084,DB01
202112230200,104,1.3,0,0,0.0,1.0,DB01
202112230300,104,1.8,0,0,-0.34202014332566866,-0.9396926207859084,DB01
202112230400,104,1.1,0,0,0.0,1.0,DB01
202112230500,104,1.4,0,0,-0.9396926207859084,-0.34202014332566855,DB01
202112230600,104,0.2,0,0,-0.34202014332566866,-0.9396926207859084,DB01
202112230700,104,1.4,0,0,-0.34202014332566866,-0.9396926207859084,DB01
202112230800,104,1.4,0,0,1.2246467991473532e-16,-1.0,DB01
202112230900,104,2.5,0,0,0.0,1.0,DB01
202112231000,104,5.8,0,0,-0.6427876096865396,0.7660444431189778,DB01
202112231100,104,7.8,0,0,-0.6427876096865396,0.7660444431189778,DB01
202112231200,104,8.3,0,0,0.0,1.0,DB01
202112231300,104,8.6,0,0,0.3420201433256687,0.9396926207859084,DB01
202112231400,104,8.5,0,0,0.3420201433256687,0.9396926207859084,DB01
202112231500,104,8.1,0,0,0.3420201433256687,0.9396926207859084,DB01
202112231600,104,7.4,0,0,0.0,1.0,DB01
202112231700,104,6.1,0,0,-0.3420201433256686,0.9396926207859084,DB01
202112231800,104,3.7,0,0,-1.0,-1.8369701987210297e-16,DB01
202112231900,104,3.2,0,0,-1.0,-1.8369701987210297e-16,DB01
202112232000,104,3.0,0,0,-0.7660444431189779,-0.6427876096865395,DB03
202112232100,104,2.2,0,0,-0.9396926207859084,-0.34202014332566855,DB02
202112232200,104,2.4,0,0,0.0,1.0,DB03
202112232300,104,2.9,0,0,0.0,1.0,DB03
202112240000,104,2.5,0,0,0.3420201433256689,-0.9396926207859083,DB03
202112240100,104,2.3,0,0,0.0,1.0,DB03
202112240200,104,1.6,0,0,-0.7660444431189779,-0.6427876096865395,DB03
202112240300,104,3.8,0,0,-0.34202014332566866,-0.9396926207859084,DB03
202112240400,104,3.9,0,0,-0.34202014332566866,-0.9396926207859084,DB03
202112240500,104,2.6,0,0,0.0,1.0,DB03
202112240600,104,3.6,0,0,-1.0,-1.8369701987210297e-16,DB03
202112240700,104,4.3,0,0,-0.34202014332566866,-0.9396926207859084,DB04
202112240800,104,4.8,0,0,-1.0,-1.8369701987210297e-16,DB04
202112240900,104,5.5,0,0,-0.9396926207859083,0.342020143325669,DB04
202112241000,104,6.0,0,0,-0.6427876096865396,0.7660444431189778,DB04
202112241100,104,6.7,0,0,-0.3420201433256686,0.9396926207859084,DB03
202112241200,104,6.8,0,0,0.0,1.0,DB04
202112241300,104,6.2,0,0,0.0,1.0,DB04
202112241400,104,6.5,0,0,0.0,1.0,DB04
202112241500,104,5.8,0,0,0.0,1.0,DB04
202112241600,104,4.7,0,0,0.0,1.0,DB04
202112241700,104,3.3,0,0,0.0,1.0,DB04
202112241800,104,2.9,0,0,-1.0,-1.8369701987210297e-16,DB03
202112241900,104,4.8,0,0,-1.0,-1.8369701987210297e-16,DB03
202112242000,104,3.0,0,0,-0.6427876096865396,0.7660444431189778,DB04
202112242100,104,0.8,100,1,-0.6427876096865396,0.7660444431189778,DB04
202112242200,104,0.6,0,0,-0.3420201433256686,0.9396926207859084,DB04
202112242300,104,0.5,0,0,-0.6427876096865396,0.7660444431189778,DB04
202112250000,104,0.4,100,1,-0.6427876096865396,0.7660444431189778,DB04
202112250100,104,0.2,0,0,0.0,0.0,DB04
202112250200,104,-0.1,0,0,0.0,0.0,DB04
202112250300,104,-0.4,100,1,0.0,0.0,DB04
202112250400,104,-0.5,0,0,0.0,0.0,DB04
202112250800,104,-2.6,0,0,0.0,0.0,DB03
202112250900,104,-3.8,100,1,0.0,0.0,DB04
202112251000,104,-4.4,0,0,-0.9396926207859084,-0.34202014332566855,DB03
202112251100,104,-4.1,0,0,-0.9396926207859084,-0.34202014332566855,DB02
202112251200,104,-3.5,0,0,-1.0,-1.8369701987210297e-16,DB01
202112251300,104,-3.3,0,0,-0.6427876096865396,0.7660444431189778,DB01
202112251400,104,-3.5,0,0,0.0,1.0,DB01
202112251500,104,-4.0,0,0,-0.3420201433256686,0.9396926207859084,DB01
202112251600,104,-4.8,0,0,-0.6427876096865396,0.7660444431189778,DB01
202112251700,104,-7.3,0,0,-0.9396926207859083,0.342020143325669,DB01
202112251800,104,-8.1,0,0,-0.6427876096865396,0.7660444431189778,DB01
202112251900,104,-8.6,0,0,-1.0,-1.8369701987210297e-16,DB01
202112252000,104,-8.6,0,0,-0.7660444431189779,-0.6427876096865395,DB02
202112252100,104,-11.0,0,0,0.6427876096865395,-0.7660444431189779,DB01
202112252200,104,-10.8,0,0,0.0,1.0,DB02
202112252300,104,-12.0,0,0,0.3420201433256689,-0.9396926207859083,DB02
202112260000,104,-12.1,0,0,-0.9396926207859083,0.342020143325669,DB01
202112260100,104,-12.8,0,0,-0.7660444431189779,-0.6427876096865395,DB02
202112260200,104,-13.9,0,0,0.3420201433256689,-0.9396926207859083,DB02
202112260300,104,-13.1,0,0,0.6427876096865395,-0.7660444431189779,DB01
202112260400,104,-14.2,0,0,0.3420201433256689,-0.9396926207859083,DB01
202112260500,104,-14.2,0,0,0.0,1.0,DB01
202112260600,104,-14.6,0,0,0.3420201433256689,-0.9396926207859083,DB01
202112260700,104,-14.5,0,0,0.3420201433256689,-0.9396926207859083,DB01
202112260800,104,-14.1,0,0,1.2246467991473532e-16,-1.0,DB01
202112260900,104,-11.8,0,0,1.2246467991473532e-16,-1.0,DB01
202112261000,104,-8.8,0,0,-0.9396926207859083,0.342020143325669,DB01
202112261100,104,-6.2,0,0,-0.3420201433256686,0.9396926207859084,DB01
202112261200,104,-5.7,0,0,0.0,1.0,DB01
202112261300,104,-5.4,0,0,-0.6427876096865396,0.7660444431189778,DB01
202112261400,104,-5.1,0,0,-0.6427876096865396,0.7660444431189778,DB01
202112261500,104,-4.9,0,0,-0.6427876096865396,0.7660444431189778,DB01
202112261600,104,-5.0,0,0,-1.0,-1.8369701987210297e-16,DB01
202112261700,104,-7.2,0,0,-0.6427876096865396,0.7660444431189778,DB01
202112261800,104,-8.5,0,0,-0.9396926207859084,-0.34202014332566855,DB01
202112261900,104,-8.3,0,0,-0.9396926207859083,0.342020143325669,DB01
202112262000,104,-7.4,0,0,-0.9396926207859083,0.342020143325669,DB01
202112262100,104,-7.2,0,0,0.0,1.0,DB01
202112262200,104,-6.3,0,0,-0.9396926207859083,0.342020143325669,DB02
202112262300,104,-9.4,0,0,0.3420201433256689,-0.9396926207859083,DB01
202112270000,104,-10.0,0,0,0.3420201433256689,-0.9396926207859083,DB01
202112270100,104,-10.0,0,0,-0.34202014332566866,-0.9396926207859084,DB02
202112270200,104,-10.7,0,0,0.6427876096865395,-0.7660444431189779,DB01
202112270300,104,-11.3,0,0,0.3420201433256689,-0.9396926207859083,DB01
202112270400,104,-12.3,0,0,0.3420201433256689,-0.9396926207859083,DB01
202112270500,104,-11.8,0,0,0.3420201433256689,-0.9396926207859083,DB01
202112270600,104,-11.7,0,0,-0.34202014332566866,-0.9396926207859084,DB01
202112270700,104,-9.5,0,0,0.3420201433256689,-0.9396926207859083,DB01
202112270800,104,-8.6,0,0,0.3420201433256689,-0.9396926207859083,DB01
202112270900,104,-5.0,0,0,-0.9396926207859083,0.342020143325669,DB01
202112271000,104,-3.0,0,0,-0.6427876096865396,0.7660444431189778,DB01
202112271100,104,-2.2,0,0,-0.9396926207859083,0.342020143325669,DB01
202112271200,104,-0.9,0,0,-0.9396926207859083,0.342020143325669,DB01
202112271300,104,0.5,0,0,-0.6427876096865396,0.7660444431189778,DB01
202112271400,104,1.4,0,0,-0.9396926207859083,0.342020143325669,DB01
202112271500,104,1.9,0,0,-0.6427876096865396,0.7660444431189778,DB01
202112271600,104,1.0,0,0,-0.3420201433256686,0.9396926207859084,DB01
202112271700,104,0.0,0,0,-0.3420201433256686,0.9396926207859084,DB01
202112271800,104,0.0,0,0,-0.3420201433256686,0.9396926207859084,DB01
202112271900,104,-1.7,0,0,0.9396926207859084,-0.3420201433256687,DB01
202112272000,104,-3.6,0,0,-0.9396926207859084,-0.34202014332566855,DB01
202112272100,104,-3.0,0,0,1.2246467991473532e-16,-1.0,DB01
202112272200,104,-2.8,0,0,1.2246467991473532e-16,-1.0,DB01
202112272300,104,-3.0,0,0,1.2246467991473532e-16,-1.0,DB01
202112280000,104,-4.5,0,0,1.2246467991473532e-16,-1.0,DB01
202112280100,104,-4.6,0,0,-0.34202014332566866,-0.9396926207859084,DB01
202112280200,104,-4.2,0,0,1.2246467991473532e-16,-1.0,DB01
202112280300,104,-4.2,0,0,1.2246467991473532e-16,-1.0,DB01
202112280400,104,-4.9,0,0,1.2246467991473532e-16,-1.0,DB01
202112280500,104,-3.4,0,0,-0.34202014332566866,-0.9396926207859084,DB01
202112280600,104,-5.3,0,0,-0.7660444431189779,-0.6427876096865395,DB01
202112280700,104,-3.4,0,0,1.2246467991473532e-16,-1.0,DB01
202112280800,104,-3.7,0,0,-0.34202014332566866,-0.9396926207859084,DB01
202112280900,104,-1.5,0,0,1.2246467991473532e-16,-1.0,DB01
202112281000,104,1.4,0,0,-0.34202014332566866,-0.9396926207859084,DB01
202112281100,104,3.6,0,0,1.2246467991473532e-16,-1.0,DB01
202112281200,104,4.5,0,0,1.0,6.123233995736766e-17,DB01
202112281300,104,5.4,0,0,0.9396926207859083,0.3420201433256688,DB01
202112281400,104,6.0,0,0,1.0,6.123233995736766e-17,DB01
202112281500,104,5.8,0,0,-0.6427876096865396,0.7660444431189778,DB01
202112281600,104,4.4,0,0,-0.7660444431189779,-0.6427876096865395,DB01
202112281700,104,2.4,0,0,-0.34202014332566866,-0.9396926207859084,DB01
202112281800,104,2.7,0,0,-0.9396926207859084,-0.34202014332566855,DB01
202112281900,104,2.7,0,0,-0.34202014332566866,-0.9396926207859084,DB03
202112282000,104,3.1,0,0,-1.0,-1.8369701987210297e-16,DB03
202112282100,104,2.0,0,0,1.2246467991473532e-16,-1.0,DB02
202112282200,104,1.7,0,0,1.2246467991473532e-16,-1.0,DB01
202112282300,104,2.8,0,0,1.2246467991473532e-16,-1.0,DB04
202112290000,104,1.3,0,0,-0.9396926207859084,-0.34202014332566855,DB04
202112290100,104,0.3,0,0,0.0,1.0,DB04
202112290200,104,3.2,0,0,-1.0,-1.8369701987210297e-16,DB04
202112290300,104,2.8,0,0,-0.34202014332566866,-0.9396926207859084,DB04
202112290400,104,3.2,0,0,-0.9396926207859084,-0.34202014332566855,DB04
202112290500,104,1.5,0,0,0.3420201433256689,-0.9396926207859083,DB03
202112290600,104,0.0,0,0,0.9396926207859084,-0.3420201433256687,DB01
202112290700,104,2.0,0,0,-0.34202014332566866,-0.9396926207859084,DB02
202112290800,104,4.7,0,0,-0.9396926207859084,-0.34202014332566855,DB03
202112290900,104,4.8,0,0,1.0,6.123233995736766e-17,DB01
202112291000,104,6.9,0,0,-0.6427876096865396,0.7660444431189778,DB01
202112291100,104,7.2,0,0,-0.9396926207859084,-0.34202014332566855,DB01
202112291200,104,7.9,0,0,-0.7660444431189779,-0.6427876096865395,DB02
202112291300,104,7.0,0,0,1.2246467991473532e-16,-1.0,DB03
202112291400,104,5.7,0,0,1.2246467991473532e-16,-1.0,DB03
202112291500,104,6.1,0,0,1.2246467991473532e-16,-1.0,DB03
202112291600,104,6.0,0,0,1.2246467991473532e-16,-1.0,DB03
202112291700,104,5.9,0,0,-0.9396926207859084,-0.34202014332566855,DB03
202112291800,104,5.3,0,0,-1.0,-1.8369701987210297e-16,DB03
202112291900,104,4.5,0,0,1.2246467991473532e-16,-1.0,DB03
202112292000,104,4.9,0,0,-0.9396926207859084,-0.34202014332566855,DB02
202112292100,104,4.8,0,0,-1.0,-1.8369701987210297e-16,DB01
202112292200,104,4.2,0,0,-1.0,-1.8369701987210297e-16,DB02
202112292300,104,2.0,0,0,-0.9396926207859084,-0.34202014332566855,DB02
202112300000,104,1.8,0,0,-1.0,-1.8369701987210297e-16,DB01
202112300100,104,1.3,0,0,-1.0,-1.8369701987210297e-16,DB01
202112300200,104,1.3,0,0,-0.6427876096865396,0.7660444431189778,DB01
202112300300,104,0.3,0,0,-0.9396926207859083,0.342020143325669,DB01
202112300400,104,-0.2,0,0,-0.9396926207859084,-0.34202014332566855,DB01
202112300500,104,-0.9,0,0,-0.34202014332566866,-0.9396926207859084,DB01
202112300600,104,-1.6,0,0,-0.7660444431189779,-0.6427876096865395,DB01
202112300700,104,-2.0,0,0,-0.9396926207859084,-0.34202014332566855,DB01
202112300800,104,-2.6,0,0,-1.0,-1.8369701987210297e-16,DB01
202112300900,104,-1.9,0,0,-0.9396926207859083,0.342020143325669,DB01
202112301000,104,-1.3,0,0,-0.9396926207859083,0.342020143325669,DB01
202112301100,104,-0.6,0,0,-0.6427876096865396,0.7660444431189778,DB01
202112301200,104,0.0,0,0,-0.9396926207859083,0.342020143325669,DB01
202112301300,104,0.5,0,0,-0.9396926207859083,0.342020143325669,DB01
202112301400,104,1.2,0,0,-0.9396926207859083,0.342020143325669,DB01
202112301500,104,1.1,0,0,-0.9396926207859083,0.342020143325669,DB01
202112301600,104,0.6,0,0,-0.9396926207859083,0.342020143325669,DB01
202112301700,104,-0.3,0,0,-0.9396926207859083,0.342020143325669,DB01
202112301800,104,-0.7,0,0,-0.9396926207859083,0.342020143325669,DB01
202112301900,104,-1.1,0,0,-0.9396926207859083,0.342020143325669,DB01
202112302000,104,-1.3,0,0,-0.9396926207859083,0.342020143325669,DB01
202112302100,104,-1.7,0,0,-0.6427876096865396,0.7660444431189778,DB01
202112302200,104,-2.4,0,0,-0.9396926207859083,0.342020143325669,DB02
202112302300,104,-3.1,0,0,-0.9396926207859083,0.342020143325669,DB01
202112310000,104,-3.7,0,0,-0.9396926207859083,0.342020143325669,DB01
202112310100,104,-4.5,0,0,-0.9396926207859083,0.342020143325669,DB02
202112310200,104,-4.8,0,0,-0.6427876096865396,0.7660444431189778,DB01
202112310300,104,-5.3,0,0,-1.0,-1.8369701987210297e-16,DB01
202112310400,104,-6.1,0,0,-0.9396926207859084,-0.34202014332566855,DB01
202112310500,104,-5.7,0,0,-0.6427876096865396,0.7660444431189778,DB01
202112310600,104,-8.2,0,0,-0.9396926207859084,-0.34202014332566855,DB01
202112310700,104,-8.2,0,0,-0.9396926207859083,0.342020143325669,DB01
202112310800,104,-8.7,0,0,-0.34202014332566866,-0.9396926207859084,DB01
202112310900,104,-5.2,0,0,-0.9396926207859084,-0.34202014332566855,DB01
202112311000,104,-3.6,0,0,-0.34202014332566866,-0.9396926207859084,DB01
202112311100,104,-1.8,0,0,-0.3420201433256686,0.9396926207859084,DB01
202112311200,104,-1.4,0,0,-0.6427876096865396,0.7660444431189778,DB01
202112311300,104,-0.5,0,0,-0.6427876096865396,0.7660444431189778,DB01
202112311400,104,0.1,0,0,-0.6427876096865396,0.7660444431189778,DB01
202112311500,104,0.5,0,0,-0.6427876096865396,0.7660444431189778,DB01
202112311600,104,0.1,0,0,-1.0,-1.8369701987210297e-16,DB01
202112311700,104,-1.8,0,0,-0.3420201433256686,0.9396926207859084,DB01
202112311800,104,-3.5,0,0,1.2246467991473532e-16,-1.0,DB01
202112311900,104,-4.3,0,0,0.3420201433256689,-0.9396926207859083,DB01
202112312000,104,-4.3,0,0,0.3420201433256689,-0.9396926207859083,DB01
202112312100,104,-5.8,0,0,0.3420201433256689,-0.9396926207859083,DB01
202112312200,104,-5.3,0,0,1.2246467991473532e-16,-1.0,DB01
202112312300,104,-5.4,0,0,1.2246467991473532e-16,-1.0,DB01
