TM,STN,TA,POP,is_precip,WD_sin,WD_cos,SKY
202001010000,104,-4.2,0,0,0.3420201433256689,-0.9396926207859083,DB01
202001010100,104,-3.5,0,0,0.3420201433256689,-0.9396926207859083,DB01
202001010200,104,-3.6,0,0,-0.34202014332566866,-0.9396926207859084,DB01
202001010300,104,-3.4,0,0,1.0,6.123233995736766e-17,DB01
202001010400,104,-5.2,0,0,0.0,1.0,DB01
202001010500,104,-3.1,0,0,0.6427876096865395,-0.7660444431189779,DB01
202001010600,104,-5.3,0,0,-0.6427876096865396,0.7660444431189778,DB01
202001010700,104,-4.2,0,0,1.2246467991473532e-16,-1.0,DB01
202001010800,104,-3.8,0,0,1.2246467991473532e-16,-1.0,DB01
202001010900,104,-0.6,0,0,-0.34202014332566866,-0.9396926207859084,DB01
202001011000,104,2.1,0,0,0.6427876096865395,-0.7660444431189779,DB01
202001011100,104,3.6,0,0,0.9396926207859084,-0.3420201433256687,DB01
202001011200,104,5.3,0,0,0.0,1.0,DB01
202001011300,104,6.3,0,0,-0.7660444431189779,-0.6427876096865395,DB01
202001011400,104,6.3,0,0,-0.9396926207859084,-0.34202014332566855,DB01
202001011500,104,5.2,0,0,-0.7660444431189779,-0.6427876096865395,DB01
202001011600,104,4.1,0,0,-0.34202014332566866,-0.9396926207859084,DB01
202001011700,104,2.0,0,0,-0.7660444431189779,-0.6427876096865395,DB01
202001011800,104,0.7,0,0,0.3420201433256689,-0.9396926207859083,DB01
202001011900,104,0.6,0,0,0.3420201433256689,-0.9396926207859083,DB01
202001012000,104,0.3,0,0,0.3420201433256689,-0.9396926207859083,DB01
202001012100,104,-0.1,0,0,0.3420201433256689,-0.9396926207859083,DB01
202001012200,104,-0.6,0,0,0.3420201433256689,-0.9396926207859083,DB01
202001012300,104,-0.5,0,0,1.2246467991473532e-16,-1.0,DB01
202001020000,104,-0.8,0,0,0.3420201433256689,-0.9396926207859083,DB01
202001020100,104,-0.5,0,0,1.2246467991473532e-16,-1.0,DB01
202001020200,104,-0.5,0,0,1.2246467991473532e-16,-1.0,DB01
202001020300,104,-0.4,0,0,0.3420201433256689,-0.9396926207859083,DB01
202001020400,104,-0.8,0,0,0.3420201433256689,-0.9396926207859083,DB01
202001020500,104,-0.9,0,0,1.2246467991473532e-16,-1.0,DB01
202001020600,104,-0.8,0,0,1.2246467991473532e-16,-1.0,DB01
202001020700,104,-1.7,0,0,0.3420201433256689,-0.9396926207859083,DB01
202001020800,104,-1.0,0,0,0.3420201433256689,-0.9396926207859083,DB01
202001020900,104,1.6,0,0,0.3420201433256689,-0.9396926207859083,DB01
202001021000,104,4.0,0,0,0.3420201433256689,-0.9396926207859083,DB01
202001021100,104,5.5,0,0,1.2246467991473532e-16,-1.0,DB01
202001021200,104,6.5,0,0,-1.0,-1.8369701987210297e-16,DB01
202001021300,104,6.4,0,0,0.3420201433256689,-0.9396926207859083,DB01
202001021400,104,7.1,0,0,0.6427876096865395,-0.7660444431189779,DB01
202001021500,104,7.1,0,0,0.3420201433256689,-0.9396926207859083,DB01
202001021600,104,6.2,0,0,0.3420201433256689,-0.9396926207859083,DB01
202001021700,104,4.0,0,0,-0.34202014332566866,-0.9396926207859084,DB01
202001021800,104,3.3,0,0,1.2246467991473532e-16,-1.0,DB01
202001021900,104,1.5,0,0,0.0,1.0,DB01
202001022000,104,1.1,0,0,0.9396926207859084,-0.3420201433256687,DB01
202001022100,104,2.3,0,0,1.2246467991473532e-16,-1.0,DB01
202001022200,104,2.1,0,0,1.2246467991473532e-16,-1.0,DB01
202001022300,104,2.1,0,0,-0.34202014332566866,-0.9396926207859084,DB01
202001030000,104,1.8,0,0,0.3420201433256689,-0.9396926207859083,DB02
202001030100,104,1.2,0,0,1.2246467991473532e-16,-1.0,DB01
202001030200,104,1.8,0,0,1.2246467991473532e-16,-1.0,DB01
202001030300,104,0.3,0,0,0.3420201433256689,-0.9396926207859083,DB01
202001030400,104,0.4,0,0,0.3420201433256689,-0.9396926207859083,DB03
202001030500,104,0.5,0,0,0.3420201433256689,-0.9396926207859083,DB01
202001030600,104,1.4,0,0,0.3420201433256689,-0.9396926207859083,DB01
202001030700,104,2.1,0,0,1.2246467991473532e-16,-1.0,DB01
202001030800,104,1.6,0,0,0.3420201433256689,-0.9396926207859083,DB01
202001030900,104,3.1,0,0,-0.7660444431189779,-0.6427876096865395,DB02
202001031000,104,6.2,0,0,-1.0,-1.8369701987210297e-16,DB01
202001031100,104,5.7,0,0,0.3420201433256689,-0.9396926207859083,DB01
202001031200,104,8.2,0,0,-0.6427876096865396,0.7660444431189778,DB01
202001031300,104,9.0,0,0,-0.9396926207859083,0.342020143325669,DB01
202001031400,104,9.2,0,0,-0.9396926207859083,0.342020143325669,DB01
202001031500,104,9.3,0,0,-0.9396926207859083,0.342020143325669,DB01
202001031600,104,9.1,0,0,-0.9396926207859083,0.342020143325669,DB01
202001031700,104,7.5,0,0,-0.9396926207859083,0.342020143325669,DB01
202001031800,104,4.7,0,0,0.6427876096865395,-0.7660444431189779,DB01
202001031900,104,4.8,0,0,1.2246467991473532e-16,-1.0,DB04
202001032000,104,3.4,0,0,-0.34202014332566866,-0.9396926207859084,DB01
202001032100,104,3.1,0,0,1.2246467991473532e-16,-1.0,DB01
202001032200,104,3.3,0,0,1.2246467991473532e-16,-1.0,DB01
202001032300,104,2.0,0,0,1.2246467991473532e-16,-1.0,DB01
202001040000,104,0.9,0,0,1.2246467991473532e-16,-1.0,DB01
202001040100,104,0.8,0,0,0.3420201433256689,-0.9396926207859083,DB01
202001040200,104,-0.2,0,0,0.3420201433256689,-0.9396926207859083,DB01
202001040300,104,0.5,0,0,0.3420201433256689,-0.9396926207859083,DB01
202001040400,104,0.7,0,0,0.3420201433256689,-0.9396926207859083,DB01
202001040500,104,1.8,0,0,1.2246467991473532e-16,-1.0,DB01
202001040600,104,1.5,0,0,0.3420201433256689,-0.9396926207859083,DB01
202001040700,104,1.7,0,0,0.3420201433256689,-0.9396926207859083,DB01
202001040800,104,1.5,0,0,0.3420201433256689,-0.9396926207859083,DB01
202001040900,104,3.1,0,0,0.3420201433256689,-0.9396926207859083,DB01
202001041000,104,6.6,0,0,-0.6427876096865396,0.7660444431189778,DB01
202001041100,104,7.3,0,0,-0.9396926207859083,0.342020143325669,DB01
202001041200,104,8.0,0,0,-0.9396926207859083,0.342020143325669,DB01
202001041300,104,8.4,0,0,-0.9396926207859083,0.342020143325669,DB01
202001041400,104,8.7,0,0,-0.6427876096865396,0.7660444431189778,DB01
202001041500,104,8.6,0,0,-0.9396926207859083,0.342020143325669,DB01
202001041600,104,7.9,0,0,-0.6427876096865396,0.7660444431189778,DB01
202001041700,104,6.4,0,0,-0.9396926207859083,0.342020143325669,DB01
202001041800,104,5.5,0,0,-0.9396926207859083,0.342020143325669,DB01
202001041900,104,4.1,0,0,-0.9396926207859084,-0.34202014332566855,DB01
202001042000,104,3.5,0,0,-0.9396926207859084,-0.34202014332566855,DB01
202001042100,104,3.6,0,0,-0.9396926207859084,-0.34202014332566855,DB01
202001042200,104,3.2,0,0,-0.9396926207859084,-0.34202014332566855,DB01
202001042300,104,2.2,0,0,1.2246467991473532e-16,-1.0,DB01
202001050000,104,1.5,0,0,0.3420201433256689,-0.9396926207859083,DB01
202001050100,104,1.7,0,0,1.2246467991473532e-16,-1.0,DB01
202001050200,104,1.9,0,0,1.2246467991473532e-16,-1.0,DB01
202001050300,104,1.7,0,0,1.2246467991473532e-16,-1.0,DB01
202001050400,104,1.1,0,0,1.2246467991473532e-16,-1.0,DB01
202001050500,104,0.2,0,0,0.3420201433256689,-0.9396926207859083,DB01
202001050600,104,0.3,0,0,0.3420201433256689,-0.9396926207859083,DB01
202001050700,104,-0.8,0,0,1.2246467991473532e-16,-1.0,DB01
202001050800,104,0.6,0,0,1.2246467991473532e-16,-1.0,DB01
202001050900,104,2.5,0,0,0.3420201433256689,-0.9396926207859083,DB01
202001051000,104,5.3,0,0,0.3420201433256689,-0.9396926207859083,DB01
202001051100,104,6.6,0,0,-0.3420201433256686,0.9396926207859084,DB01
202001051200,104,7.3,0,0,0.9396926207859083,0.3420201433256688,DB01
202001051300,104,7.9,0,0,0.3420201433256687,0.9396926207859084,DB01
202001051400,104,8.4,0,0,0.766044443118978,0.6427876096865394,DB01
202001051500,104,8.3,0,0,0.766044443118978,0.6427876096865394,DB01
202001051600,104,7.5,0,0,0.9396926207859084,-0.3420201433256687,DB01
202001051700,104,5.4,0,0,0.0,1.0,DB02
202001051800,104,4.7,0,0,0.0,1.0,DB03
202001051900,104,4.7,0,0,-0.9396926207859084,-0.34202014332566855,DB03
202001052000,104,4.1,0,0,-0.34202014332566866,-0.9396926207859084,DB03
202001052100,104,3.7,0,0,-0.34202014332566866,-0.9396926207859084,DB03
202001052200,104,2.3,0,0,1.2246467991473532e-16,-1.0,DB01
202001052300,104,3.2,0,0,-0.34202014332566866,-0.9396926207859084,DB02
202001060000,104,3.1,0,0,1.2246467991473532e-16,-1.0,DB01
202001060100,104,2.8,0,0,-0.34202014332566866,-0.9396926207859084,DB02
202001060200,104,3.1,0,0,1.2246467991473532e-16,-1.0,DB04
202001060300,104,3.5,0,0,1.2246467991473532e-16,-1.0,DB03
202001060400,104,2.9,0,0,1.2246467991473532e-16,-1.0,DB03
202001060500,104,1.8,0,0,-0.34202014332566866,-0.9396926207859084,DB03
202001060600,104,2.1,0,0,1.2246467991473532e-16,-1.0,DB03
202001060700,104,3.1,0,0,0.3420201433256689,-0.9396926207859083,DB04
202001060800,104,3.4,0,0,1.2246467991473532e-16,-1.0,DB04
202001060900,104,4.4,0,0,0.0,1.0,DB04
202001061000,104,6.4,0,0,-0.6427876096865396,0.7660444431189778,DB04
202001061100,104,8.1,0,0,-1.0,-1.8369701987210297e-16,DB04
202001061200,104,8.5,0,0,-0.3420201433256686,0.9396926207859084,DB04
202001061300,104,8.7,0,0,-0.34202014332566866,-0.9396926207859084,DB04
202001061400,104,7.7,0,0,0.6427876096865395,-0.7660444431189779,DB04
202001061500,104,7.6,0,0,1.2246467991473532e-16,-1.0,DB04
202001061600,104,7.5,0,0,0.3420201433256689,-0.9396926207859083,DB04
202001061700,104,7.3,0,0,-0.34202014332566866,-0.9396926207859084,DB04
202001061800,104,6.6,0,0,-1.0,-1.8369701987210297e-16,DB04
202001061900,104,6.2,0,0,-0.9396926207859083,0.342020143325669,DB04
202001062000,104,6.7,0,0,-1.0,-1.8369701987210297e-16,DB04
202001062100,104,6.6,0,0,-1.0,-1.8369701987210297e-16,DB04
202001062200,104,6.2,0,0,0.0,1.0,DB04
202001062300,104,6.0,0,0,0.0,1.0,DB04
202001070000,104,5.0,0,0,-0.9396926207859084,-0.34202014332566855,DB04
202001070100,104,5.5,0,0,-0.7660444431189779,-0.6427876096865395,DB04
202001070200,104,5.2,0,0,-0.9396926207859084,-0.34202014332566855,DB04
202001070300,104,5.0,100,1,-1.0,-1.8369701987210297e-16,DB04
202001070400,104,4.8,0,0,-0.6427876096865396,0.7660444431189778,DB04
202001070500,104,4.8,0,0,-0.9396926207859083,0.342020143325669,DB04
202001070600,104,5.1,100,1,-0.34202014332566866,-0.9396926207859084,DB04
202001070700,104,5.0,0,0,-0.34202014332566866,-0.9396926207859084,DB04
202001070800,104,5.1,0,0,0.0,1.0,DB04
202001070900,104,5.3,100,1,0.0,1.0,DB04
202001071000,104,5.7,0,0,-1.0,-1.8369701987210297e-16,DB04
202001071100,104,6.4,0,0,-0.9396926207859083,0.342020143325669,DB04
202001071200,104,6.8,100,1,0.0,1.0,DB04
202001071300,104,7.1,0,0,0.0,1.0,DB04
202001071400,104,7.2,0,0,0.0,1.0,DB04
202001071500,104,7.2,100,1,0.0,1.0,DB04
202001071600,104,7.0,0,0,0.0,1.0,DB04
202001071700,104,6.8,0,0,0.3420201433256689,-0.9396926207859083,DB04
202001071800,104,6.7,100,1,-0.9396926207859084,-0.34202014332566855,DB04
202001071900,104,6.6,0,0,0.0,1.0,DB04
202001072000,104,6.6,0,0,-0.34202014332566866,-0.9396926207859084,DB04
202001072100,104,6.7,100,1,-0.34202014332566866,-0.9396926207859084,DB04
202001072200,104,7.3,0,0,-0.9396926207859084,-0.34202014332566855,DB04
202001072300,104,8.4,0,0,-0.9396926207859084,-0.34202014332566855,DB04
202001080000,104,8.1,100,1,-0.34202014332566866,-0.9396926207859084,DB04
202001080100,104,10.0,0,0,-1.0,-1.8369701987210297e-16,DB04
202001080200,104,10.5,0,0,-0.9396926207859083,0.342020143325669,DB04
202001080300,104,10.2,100,1,-0.6427876096865396,0.7660444431189778,DB04
202001080400,104,9.3,0,0,-0.9396926207859083,0.342020143325669,DB04
202001080500,104,8.5,0,0,-0.9396926207859083,0.342020143325669,DB04
202001080600,104,6.8,100,1,-0.6427876096865396,0.7660444431189778,DB04
202001080700,104,5.6,0,0,-0.3420201433256686,0.9396926207859084,DB04
202001080800,104,5.4,0,0,-0.6427876096865396,0.7660444431189778,DB04
202001080900,104,4.9,100,1,-0.6427876096865396,0.7660444431189778,DB04
202001081000,104,5.2,0,0,-0.6427876096865396,0.7660444431189778,DB04
202001081100,104,4.9,0,0,-0.6427876096865396,0.7660444431189778,DB04
202001081200,104,5.0,100,1,-0.6427876096865396,0.7660444431189778,DB04
202001081300,104,5.5,0,0,-0.6427876096865396,0.7660444431189778,DB04
202001081400,104,6.3,0,0,-0.6427876096865396,0.7660444431189778,DB04
202001081500,104,7.5,0,0,-0.3420201433256686,0.9396926207859084,DB03
202001081600,104,7.7,0,0,0.0,1.0,DB02
202001081700,104,6.0,0,0,-0.9396926207859084,-0.34202014332566855,DB01
202001081800,104,4.7,0,0,-0.7660444431189779,-0.6427876096865395,DB02
202001081900,104,4.9,0,0,0.3420201433256689,-0.9396926207859083,DB03
202001082000,104,4.9,0,0,1.2246467991473532e-16,-1.0,DB03
202001082100,104,5.2,0,0,1.2246467991473532e-16,-1.0,DB02
202001082200,104,5.6,0,0,-0.7660444431189779,-0.6427876096865395,DB02
202001082300,104,5.2,0,0,1.2246467991473532e-16,-1.0,DB03
202001090000,104,5.5,0,0,-0.7660444431189779,-0.6427876096865395,DB02
202001090100,104,4.8,0,0,-0.7660444431189779,-0.6427876096865395,DB03
202001090200,104,3.8,0,0,-0.34202014332566866,-0.9396926207859084,DB01
202001090300,104,2.3,0,0,-1.0,-1.8369701987210297e-16,DB01
202001090400,104,2.0,0,0,-0.7660444431189779,-0.6427876096865395,DB01
202001090500,104,1.9,0,0,-0.7660444431189779,-0.6427876096865395,DB01
202001090600,104,1.7,0,0,-0.7660444431189779,-0.6427876096865395,DB01
202001090700,104,1.3,0,0,1.2246467991473532e-16,-1.0,DB01
202001090800,104,0.4,0,0,1.2246467991473532e-16,-1.0,DB01
202001090900,104,2.0,0,0,0.3420201433256689,-0.9396926207859083,DB01
202001091000,104,2.8,0,0,1.2246467991473532e-16,-1.0,DB01
202001091100,104,5.0,0,0,-0.6427876096865396,0.7660444431189778,DB01
202001091200,104,4.8,0,0,-0.6427876096865396,0.7660444431189778,DB01
202001091300,104,5.4,0,0,-0.9396926207859083,0.342020143325669,DB01
202001091400,104,5.9,0,0,-0.9396926207859083,0.342020143325669,DB01
202001091500,104,5.9,0,0,-0.9396926207859083,0.342020143325669,DB01
202001091600,104,5.8,0,0,-0.9396926207859083,0.342020143325669,DB01
202001091700,104,4.7,0,0,-0.6427876096865396,0.7660444431189778,DB02
202001091800,104,3.0,0,0,-1.0,-1.8369701987210297e-16,DB02
202001091900,104,2.6,0,0,1.2246467991473532e-16,-1.0,DB03
202001092000,104,2.0,0,0,1.2246467991473532e-16,-1.0,DB03
202001092100,104,2.1,0,0,0.3420201433256689,-0.9396926207859083,DB03
202001092200,104,1.6,0,0,1.2246467991473532e-16,-1.0,DB02
202001092300,104,1.1,0,0,1.2246467991473532e-16,-1.0,DB02
202001100000,104,0.6,0,0,1.2246467991473532e-16,-1.0,DB02
202001100100,104,0.8,0,0,1.2246467991473532e-16,-1.0,DB02
202001100200,104,0.7,0,0,0.3420201433256689,-0.9396926207859083,DB03
202001100300,104,0.8,0,0,0.3420201433256689,-0.9396926207859083,DB01
202001100400,104,0.8,0,0,0.3420201433256689,-0.9396926207859083,DB01
202001100500,104,0.3,0,0,1.2246467991473532e-16,-1.0,DB02
202001100600,104,0.2,0,0,0.3420201433256689,-0.9396926207859083,DB01
202001100700,104,0.7,0,0,0.3420201433256689,-0.9396926207859083,DB02
202001100800,104,1.6,0,0,1.2246467991473532e-16,-1.0,DB03
202001100900,104,2.8,0,0,1.2246467991473532e-16,-1.0,DB03
202001101000,104,5.0,0,0,0.3420201433256689,-0.9396926207859083,DB02
202001101100,104,6.6,0,0,0.3420201433256689,-0.9396926207859083,DB02
202001101200,104,7.9,0,0,0.6427876096865395,-0.7660444431189779,DB02
202001101300,104,7.8,0,0,1.0,6.123233995736766e-17,DB02
202001101400,104,9.0,0,0,1.0,6.123233995736766e-17,DB02
202001101500,104,8.3,0,0,0.766044443118978,0.6427876096865394,DB01
202001101600,104,8.1,0,0,1.0,6.123233995736766e-17,DB01
202001101700,104,6.8,0,0,0.0,1.0,DB01
202001101800,104,4.6,0,0,-0.9396926207859084,-0.34202014332566855,DB01
202001101900,104,5.0,0,0,-0.7660444431189779,-0.6427876096865395,DB01
202001102000,104,4.7,0,0,-1.0,-1.8369701987210297e-16,DB02
202001102100,104,2.9,0,0,-0.9396926207859084,-0.34202014332566855,DB02
202001102200,104,3.6,0,0,-1.0,-1.8369701987210297e-16,DB02
202001102300,104,2.3,0,0,-0.34202014332566866,-0.9396926207859084,DB03
202001110000,104,2.8,0,0,-0.7660444431189779,-0.6427876096865395,DB02
202001110100,104,3.5,0,0,1.2246467991473532e-16,-1.0,DB03
202001110200,104,2.6,0,0,-0.34202014332566866,-0.9396926207859084,DB03
202001110300,104,2.0,0,0,-0.34202014332566866,-0.9396926207859084,DB01
202001110400,104,1.5,0,0,-0.7660444431189779,-0.6427876096865395,DB01
202001110500,104,1.0,0,0,-0.34202014332566866,-0.9396926207859084,DB01
202001110600,104,0.6,0,0,-0.7660444431189779,-0.6427876096865395,DB01
202001110700,104,-0.4,0,0,-0.7660444431189779,-0.6427876096865395,DB01
202001110800,104,-1.2,0,0,0.3420201433256689,-0.9396926207859083,DB01
202001110900,104,1.8,0,0,1.2246467991473532e-16,-1.0,DB01
202001111000,104,4.1,0,0,1.0,6.123233995736766e-17,DB01
202001111100,104,5.3,0,0,0.9396926207859084,-0.3420201433256687,DB01
202001111200,104,6.2,0,0,-0.6427876096865396,0.7660444431189778,DB01
202001111300,104,6.3,0,0,0.766044443118978,0.6427876096865394,DB01
202001111400,104,6.6,0,0,0.3420201433256687,0.9396926207859084,DB01
202001111500,104,6.1,0,0,0.3420201433256687,0.9396926207859084,DB01
202001111600,104,6.1,0,0,0.3420201433256687,0.9396926207859084,DB01
202001111700,104,4.6,0,0,0.3420201433256689,-0.9396926207859083,DB01
202001111800,104,2.9,0,0,-0.34202014332566866,-0.9396926207859084,DB01
202001111900,104,2.2,0,0,0.3420201433256689,-0.9396926207859083,DB02
202001112000,104,2.3,0,0,-0.34202014332566866,-0.9396926207859084,DB03
202001112100,104,1.6,0,0,-0.34202014332566866,-0.9396926207859084,DB03
202001112200,104,0.3,0,0,0.0,1.0,DB02
202001112300,104,1.4,0,0,1.2246467991473532e-16,-1.0,DB03
202001120000,104,1.1,0,0,1.2246467991473532e-16,-1.0,DB03
202001120100,104,1.3,0,0,1.2246467991473532e-16,-1.0,DB03
202001120200,104,1.2,0,0,1.2246467991473532e-16,-1.0,DB03
202001120300,104,1.4,0,0,-0.7660444431189779,-0.6427876096865395,DB03
202001120400,104,0.9,0,0,0.3420201433256689,-0.9396926207859083,DB04
202001120500,104,1.2,0,0,0.3420201433256689,-0.9396926207859083,DB04
202001120600,104,0.2,0,0,0.3420201433256689,-0.9396926207859083,DB02
202001120700,104,0.0,0,0,1.2246467991473532e-16,-1.0,DB03
202001120800,104,0.3,0,0,1.2246467991473532e-16,-1.0,DB02
202001120900,104,1.9,0,0,0.3420201433256689,-0.9396926207859083,DB03
202001121000,104,3.6,0,0,1.2246467991473532e-16,-1.0,DB03
202001121100,104,4.8,0,0,1.2246467991473532e-16,-1.0,DB03
202001121200,104,5.9,0,0,0.766044443118978,0.6427876096865394,DB02
202001121300,104,7.0,0,0,0.3420201433256687,0.9396926207859084,DB03
202001121400,104,6.5,0,0,-0.3420201433256686,0.9396926207859084,DB04
202001121500,104,5.3,0,0,0.0,1.0,DB03
202001121600,104,5.2,0,0,-0.3420201433256686,0.9396926207859084,DB03
202001121700,104,3.8,0,0,-0.6427876096865396,0.7660444431189778,DB03
202001121800,104,2.9,0,0,-0.9396926207859083,0.342020143325669,DB03
202001121900,104,2.6,0,0,-0.9396926207859083,0.342020143325669,DB03
202001122000,104,2.2,0,0,-0.9396926207859084,-0.34202014332566855,DB03
202001122100,104,1.4,0,0,-1.0,-1.8369701987210297e-16,DB02
202001122200,104,1.1,0,0,-0.9396926207859084,-0.34202014332566855,DB01
202001122300,104,0.0,0,0,-0.7660444431189779,-0.6427876096865395,DB01
202001130000,104,0.6,0,0,-0.9396926207859084,-0.34202014332566855,DB01
202001130100,104,0.3,0,0,-0.9396926207859084,-0.34202014332566855,DB01
202001130200,104,-0.3,0,0,-0.7660444431189779,-0.6427876096865395,DB01
202001130300,104,-0.5,0,0,0.6427876096865395,-0.7660444431189779,DB02
202001130400,104,-0.9,0,0,0.6427876096865395,-0.7660444431189779,DB01
202001130500,104,-0.6,0,0,0.3420201433256689,-0.9396926207859083,DB02
202001130600,104,-0.5,0,0,-0.7660444431189779,-0.6427876096865395,DB02
202001130700,104,-1.2,0,0,0.3420201433256689,-0.9396926207859083,DB01
202001130800,104,-1.6,0,0,-0.7660444431189779,-0.6427876096865395,DB01
202001130900,104,0.1,0,0,-0.9396926207859084,-0.34202014332566855,DB01
202001131000,104,1.0,0,0,-1.0,-1.8369701987210297e-16,DB01
202001131100,104,2.6,0,0,-0.7660444431189779,-0.6427876096865395,DB01
202001131200,104,3.4,0,0,-0.3420201433256686,0.9396926207859084,DB01
202001131300,104,4.5,0,0,-1.0,-1.8369701987210297e-16,DB01
202001131400,104,4.5,0,0,-1.0,-1.8369701987210297e-16,DB01
202001131500,104,4.3,0,0,-0.9396926207859084,-0.34202014332566855,DB01
202001131600,104,4.0,0,0,-0.9396926207859084,-0.34202014332566855,DB01
202001131700,104,1.9,0,0,-0.7660444431189779,-0.6427876096865395,DB01
202001131800,104,0.7,0,0,-0.34202014332566866,-0.9396926207859084,DB01
202001131900,104,0.1,0,0,0.3420201433256689,-0.9396926207859083,DB01
202001132000,104,0.1,0,0,-0.7660444431189779,-0.6427876096865395,DB01
202001132100,104,-0.3,0,0,-0.34202014332566866,-0.9396926207859084,DB01
202001132200,104,-0.4,0,0,-0.9396926207859084,-0.34202014332566855,DB01
202001132300,104,-1.4,0,0,1.2246467991473532e-16,-1.0,DB01
202001140000,104,-2.3,0,0,0.3420201433256689,-0.9396926207859083,DB01
202001140100,104,-2.3,0,0,0.3420201433256689,-0.9396926207859083,DB03
202001140200,104,-2.2,0,0,1.2246467991473532e-16,-1.0,DB03
202001140300,104,-2.3,0,0,1.2246467991473532e-16,-1.0,DB03
202001140400,104,-2.5,0,0,-0.34202014332566866,-0.9396926207859084,DB03
202001140500,104,-3.6,0,0,0.3420201433256689,-0.9396926207859083,DB02
202001140600,104,-3.2,0,0,1.2246467991473532e-16,-1.0,DB01
202001140700,104,-3.3,0,0,1.2246467991473532e-16,-1.0,DB01
202001140800,104,-3.1,0,0,1.2246467991473532e-16,-1.0,DB01
202001140900,104,-1.3,0,0,0.3420201433256689,-0.9396926207859083,DB01
202001141000,104,1.3,0,0,0.3420201433256689,-0.9396926207859083,DB01
202001141100,104,2.7,0,0,0.766044443118978,0.6427876096865394,DB01
202001141200,104,4.0,0,0,0.0,1.0,DB01
202001141300,104,4.0,0,0,0.3420201433256687,0.9396926207859084,DB01
202001141400,104,4.2,0,0,0.0,1.0,DB01
202001141500,104,4.3,0,0,0.0,1.0,DB01
202001141600,104,4.0,0,0,-0.3420201433256686,0.9396926207859084,DB01
202001141700,104,3.1,0,0,-0.3420201433256686,0.9396926207859084,DB01
202001141800,104,0.5,0,0,-0.9396926207859084,-0.34202014332566855,DB01
202001141900,104,-0.3,0,0,-0.9396926207859083,0.342020143325669,DB01
202001142000,104,0.0,0,0,-1.0,-1.8369701987210297e-16,DB01
202001142100,104,0.3,0,0,-0.9396926207859084,-0.34202014332566855,DB01
202001142200,104,-0.4,0,0,-0.34202014332566866,-0.9396926207859084,DB01
202001142300,104,-0.4,0,0,-0.7660444431189779,-0.6427876096865395,DB01
202001150000,104,-0.8,0,0,-0.7660444431189779,-0.6427876096865395,DB01
202001150100,104,-0.8,0,0,-0.7660444431189779,-0.6427876096865395,DB01
202001150200,104,-0.8,0,0,-0.7660444431189779,-0.6427876096865395,DB01
202001150300,104,-1.7,0,0,1.2246467991473532e-16,-1.0,DB01
202001150400,104,-1.7,0,0,1.2246467991473532e-16,-1.0,DB01
202001150500,104,-2.1,0,0,0.3420201433256689,-0.9396926207859083,DB01
202001150600,104,-2.1,0,0,1.2246467991473532e-16,-1.0,DB01
202001150700,104,-2.1,0,0,1.2246467991473532e-16,-1.0,DB01
202001150800,104,-2.3,0,0,0.3420201433256689,-0.9396926207859083,DB01
202001150900,104,-0.6,0,0,0.3420201433256689,-0.9396926207859083,DB01
202001151000,104,1.3,0,0,0.3420201433256689,-0.9396926207859083,DB01
202001151100,104,3.0,0,0,-0.34202014332566866,-0.9396926207859084,DB01
202001151200,104,4.1,0,0,0.6427876096865395,-0.7660444431189779,DB01
202001151300,104,5.0,0,0,0.3420201433256687,0.9396926207859084,DB01
202001151400,104,5.1,0,0,0.0,1.0,DB01
202001151500,104,5.3,0,0,0.9396926207859084,-0.3420201433256687,DB01
202001151600,104,5.5,0,0,-0.6427876096865396,0.7660444431189778,DB01
202001151700,104,3.5,0,0,-0.9396926207859083,0.342020143325669,DB01
202001151800,104,1.7,0,0,-0.9396926207859084,-0.34202014332566855,DB01
202001151900,104,0.4,0,0,-0.34202014332566866,-0.9396926207859084,DB01
202001152000,104,-0.5,0,0,-0.34202014332566866,-0.9396926207859084,DB01
202001152100,104,-2.0,0,0,0.3420201433256689,-0.9396926207859083,DB01
202001152200,104,-1.3,0,0,1.2246467991473532e-16,-1.0,DB01
202001152300,104,-1.2,0,0,1.2246467991473532e-16,-1.0,DB01
202001160000,104,-1.9,0,0,1.2246467991473532e-16,-1.0,DB01
202001160100,104,-2.0,0,0,0.3420201433256689,-0.9396926207859083,DB01
202001160200,104,-1.8,0,0,-0.34202014332566866,-0.9396926207859084,DB01
202001160300,104,-1.8,0,0,0.3420201433256689,-0.9396926207859083,DB02
202001160400,104,-2.1,0,0,0.3420201433256689,-0.9396926207859083,DB01
202001160500,104,-2.0,0,0,0.3420201433256689,-0.9396926207859083,DB02
202001160600,104,-2.4,0,0,0.3420201433256689,-0.9396926207859083,DB03
202001160700,104,-1.8,0,0,0.3420201433256689,-0.9396926207859083,DB03
202001160800,104,-1.8,0,0,0.3420201433256689,-0.9396926207859083,DB03
202001160900,104,-0.4,0,0,1.2246467991473532e-16,-1.0,DB04
202001161000,104,2.2,0,0,0.3420201433256689,-0.9396926207859083,DB03
202001161100,104,4.2,0,0,0.6427876096865395,-0.7660444431189779,DB02
202001161200,104,5.1,0,0,-0.6427876096865396,0.7660444431189778,DB01
202001161300,104,5.2,0,0,0.0,1.0,DB01
202001161400,104,5.4,0,0,0.3420201433256687,0.9396926207859084,DB01
202001161500,104,5.3,0,0,0.0,1.0,DB01
202001161600,104,5.1,0,0,0.0,1.0,DB02
202001161700,104,3.9,0,0,-0.6427876096865396,0.7660444431189778,DB02
202001161800,104,2.2,0,0,-0.9396926207859084,-0.34202014332566855,DB02
202001161900,104,1.7,0,0,-0.9396926207859084,-0.34202014332566855,DB02
202001162000,104,0.8,0,0,-0.34202014332566866,-0.9396926207859084,DB03
202001162100,104,1.7,0,0,-0.9396926207859084,-0.34202014332566855,DB02
202001162200,104,-0.3,0,0,0.3420201433256689,-0.9396926207859083,DB03
202001162300,104,0.6,0,0,1.2246467991473532e-16,-1.0,DB03
202001170000,104,0.4,0,0,1.2246467991473532e-16,-1.0,DB02
202001170100,104,0.2,0,0,0.3420201433256689,-0.9396926207859083,DB03
202001170200,104,0.2,0,0,1.2246467991473532e-16,-1.0,DB03
202001170300,104,0.6,0,0,1.2246467991473532e-16,-1.0,DB03
202001170400,104,0.1,0,0,0.3420201433256689,-0.9396926207859083,DB03
202001170500,104,-0.1,0,0,1.2246467991473532e-16,-1.0,DB03
202001170600,104,0.3,0,0,1.2246467991473532e-16,-1.0,DB03
202001170700,104,1.6,0,0,-0.9396926207859083,0.342020143325669,DB03
202001170800,104,1.2,0,0,-1.0,-1.8369701987210297e-16,DB03
202001170900,104,3.6,0,0,-0.6427876096865396,0.7660444431189778,DB03
202001171000,104,4.7,0,0,-0.6427876096865396,0.7660444431189778,DB04
202001171100,104,5.0,0,0,-0.6427876096865396,0.7660444431189778,DB04
202001171200,104,5.5,0,0,-0.3420201433256686,0.9396926207859084,DB04
202001171300,104,5.6,0,0,-0.3420201433256686,0.9396926207859084,DB04
202001171400,104,4.7,0,0,-0.3420201433256686,0.9396926207859084,DB04
202001171500,104,4.9,0,0,-0.3420201433256686,0.9396926207859084,DB04
202001171600,104,4.0,0,0,-0.6427876096865396,0.7660444431189778,DB04
202001171700,104,3.5,0,0,-0.6427876096865396,0.7660444431189778,DB04
202001171800,104,3.7,100,1,-0.6427876096865396,0.7660444431189778,DB04
202001171900,104,3.9,0,0,-0.9396926207859083,0.342020143325669,DB04
202001172000,104,3.5,0,0,-0.6427876096865396,0.7660444431189778,DB04
202001172100,104,3.3,100,1,-0.9396926207859083,0.342020143325669,DB03
202001172200,104,1.6,0,0,1.2246467991473532e-16,-1.0,DB03
202001172300,104,2.5,0,0,0.3420201433256689,-0.9396926207859083,DB04
202001180000,104,2.0,0,0,-0.34202014332566866,-0.9396926207859084,DB04
202001180100,104,2.0,0,0,-0.7660444431189779,-0.6427876096865395,DB03
202001180200,104,1.1,0,0,0.0,1.0,DB04
202001180300,104,2.4,0,0,0.0,1.0,DB04
202001180400,104,2.2,0,0,-0.3420201433256686,0.9396926207859084,DB04
202001180500,104,2.1,0,0,-0.6427876096865396,0.7660444431189778,DB04
202001180600,104,1.7,100,1,-0.9396926207859083,0.342020143325669,DB04
202001180700,104,2.5,0,0,-0.9396926207859083,0.342020143325669,DB04
202001180800,104,2.2,0,0,-1.0,-1.8369701987210297e-16,DB04
202001180900,104,2.8,100,1,-0.34202014332566866,-0.9396926207859084,DB04
202001181000,104,3.2,0,0,0.0,1.0,DB04
202001181100,104,4.0,0,0,0.0,1.0,DB04
202001181200,104,4.9,0,0,1.0,6.123233995736766e-17,DB03
202001181300,104,5.2,0,0,0.3420201433256687,0.9396926207859084,DB03
202001181400,104,6.3,0,0,-0.3420201433256686,0.9396926207859084,DB03
202001181500,104,5.8,0,0,0.0,1.0,DB03
202001181600,104,6.3,0,0,-0.3420201433256686,0.9396926207859084,DB03
202001181700,104,5.2,0,0,-0.6427876096865396,0.7660444431189778,DB02
202001181800,104,3.5,0,0,-0.9396926207859084,-0.34202014332566855,DB02
202001181900,104,2.9,0,0,-0.9396926207859084,-0.34202014332566855,DB03
202001182000,104,1.9,0,0,-0.7660444431189779,-0.6427876096865395,DB01
202001182100,104,2.3,0,0,-0.34202014332566866,-0.9396926207859084,DB02
202001182200,104,-0.6,0,0,1.2246467991473532e-16,-1.0,DB01
202001182300,104,1.1,0,0,0.3420201433256689,-0.9396926207859083,DB01
202001190000,104,0.4,0,0,1.2246467991473532e-16,-1.0,DB03
202001190100,104,1.8,0,0,1.2246467991473532e-16,-1.0,DB04
202001190200,104,0.5,0,0,0.3420201433256689,-0.9396926207859083,DB04
202001190300,104,2.1,0,0,-0.7660444431189779,-0.6427876096865395,DB04
202001190400,104,3.0,0,0,-0.9396926207859084,-0.34202014332566855,DB04
202001190500,104,3.2,0,0,-0.9396926207859084,-0.34202014332566855,DB04
202001190600,104,2.7,0,0,-0.9396926207859084,-0.34202014332566855,DB04
202001190700,104,2.2,0,0,1.2246467991473532e-16,-1.0,DB04
202001190800,104,2.2,0,0,-0.34202014332566866,-0.9396926207859084,DB04
202001190900,104,1.6,0,0,0.3420201433256689,-0.9396926207859083,DB03
202001191000,104,3.9,0,0,1.0,6.123233995736766e-17,DB02
202001191100,104,5.1,0,0,1.0,6.123233995736766e-17,DB01
202001191200,104,5.5,0,0,-0.6427876096865396,0.7660444431189778,DB02
202001191300,104,5.2,0,0,1.2246467991473532e-16,-1.0,DB02
202001191400,104,5.7,0,0,-0.9396926207859084,-0.34202014332566855,DB02
202001191500,104,6.0,0,0,-1.0,-1.8369701987210297e-16,DB03
202001191600,104,6.0,0,0,-0.9396926207859083,0.342020143325669,DB02
202001191700,104,4.3,0,0,-0.6427876096865396,0.7660444431189778,DB01
202001191800,104,4.2,0,0,-0.9396926207859084,-0.34202014332566855,DB01
202001191900,104,3.3,0,0,0.3420201433256689,-0.9396926207859083,DB01
202001192000,104,2.9,0,0,-0.34202014332566866,-0.9396926207859084,DB01
202001192100,104,3.2,0,0,-0.9396926207859084,-0.34202014332566855,DB01
202001192200,104,2.0,0,0,0.3420201433256689,-0.9396926207859083,DB01
202001192300,104,2.8,0,0,-0.7660444431189779,-0.6427876096865395,DB01
202001200000,104,2.5,0,0,-0.34202014332566866,-0.9396926207859084,DB01
202001200100,104,2.4,0,0,1.2246467991473532e-16,-1.0,DB01
202001200200,104,2.2,0,0,0.3420201433256689,-0.9396926207859083,DB01
202001200300,104,1.1,0,0,0.3420201433256689,-0.9396926207859083,DB01
202001200400,104,0.6,0,0,0.6427876096865395,-0.7660444431189779,DB01
202001200500,104,0.7,0,0,0.3420201433256689,-0.9396926207859083,DB01
202001200600,104,-0.5,0,0,0.0,1.0,DB01
202001200700,104,-1.3,0,0,1.2246467991473532e-16,-1.0,DB01
202001200800,104,-2.0,0,0,0.0,1.0,DB01
202001200900,104,-0.6,0,0,0.6427876096865395,-0.7660444431189779,DB01
202001201000,104,3.3,0,0,0.9396926207859083,0.3420201433256688,DB01
202001201100,104,4.2,0,0,0.3420201433256689,-0.9396926207859083,DB01
202001201200,104,4.7,0,0,-0.6427876096865396,0.7660444431189778,DB01
202001201300,104,4.9,0,0,-0.6427876096865396,0.7660444431189778,DB01
202001201400,104,5.5,0,0,-0.6427876096865396,0.7660444431189778,DB01
202001201500,104,5.9,0,0,-0.6427876096865396,0.7660444431189778,DB01
202001201600,104,6.1,0,0,-0.6427876096865396,0.7660444431189778,DB01
202001201700,104,4.9,0,0,-0.9396926207859084,-0.34202014332566855,DB01
202001201800,104,3.8,0,0,-1.0,-1.8369701987210297e-16,DB01
202001201900,104,1.7,0,0,-0.9396926207859083,0.342020143325669,DB02
202001202000,104,1.2,0,0,0.3420201433256689,-0.9396926207859083,DB01
202001202100,104,3.3,0,0,-0.6427876096865396,0.7660444431189778,DB01
202001202200,104,2.9,0,0,-0.9396926207859083,0.342020143325669,DB01
202001202300,104,2.3,0,0,-0.9396926207859083,0.342020143325669,DB01
202001210000,104,0.0,0,0,0.9396926207859084,-0.3420201433256687,DB01
202001210100,104,-1.0,0,0,0.0,1.0,DB01
202001210200,104,-1.1,0,0,-1.0,-1.8369701987210297e-16,DB01
202001210300,104,-1.7,0,0,-0.7660444431189779,-0.6427876096865395,DB01
202001210400,104,-2.1,0,0,-1.0,-1.8369701987210297e-16,DB01
202001210500,104,-2.2,0,0,-0.7660444431189779,-0.6427876096865395,DB01
202001210600,104,-2.5,0,0,1.2246467991473532e-16,-1.0,DB01
202001210700,104,-2.5,0,0,1.2246467991473532e-16,-1.0,DB01
202001210800,104,-2.3,0,0,1.2246467991473532e-16,-1.0,DB01
202001210900,104,-0.4,0,0,0.3420201433256689,-0.9396926207859083,DB01
202001211000,104,1.8,0,0,0.3420201433256689,-0.9396926207859083,DB01
202001211100,104,3.1,0,0,0.6427876096865395,-0.7660444431189779,DB01
202001211200,104,4.2,0,0,0.6427876096865395,-0.7660444431189779,DB01
202001211300,104,4.6,0,0,0.9396926207859084,-0.3420201433256687,DB01
202001211400,104,5.0,0,0,1.0,6.123233995736766e-17,DB02
202001211500,104,5.8,0,0,1.0,6.123233995736766e-17,DB02
202001211600,104,5.5,0,0,0.9396926207859084,-0.3420201433256687,DB02
202001211700,104,4.8,0,0,0.6427876096865395,-0.7660444431189779,DB01
202001211800,104,1.9,0,0,0.0,1.0,DB01
202001211900,104,2.0,0,0,-0.7660444431189779,-0.6427876096865395,DB01
202001212000,104,1.4,0,0,-0.7660444431189779,-0.6427876096865395,DB01
202001212100,104,2.8,0,0,-0.7660444431189779,-0.6427876096865395,DB03
202001212200,104,1.1,0,0,0.6427876096865395,-0.7660444431189779,DB03
202001212300,104,2.3,0,0,0.0,1.0,DB04
202001220000,104,3.6,0,0,-1.0,-1.8369701987210297e-16,DB04
202001220100,104,3.1,0,0,-0.3420201433256686,0.9396926207859084,DB04
202001220200,104,4.6,0,0,-0.34202014332566866,-0.9396926207859084,DB04
202001220300,104,3.7,0,0,-0.9396926207859084,-0.34202014332566855,DB04
202001220400,104,3.5,0,0,-0.9396926207859084,-0.34202014332566855,DB04
202001220500,104,6.4,0,0,-0.9396926207859084,-0.34202014332566855,DB04
202001220600,104,3.6,0,0,-0.9396926207859083,0.342020143325669,DB04
202001220700,104,4.1,0,0,0.3420201433256689,-0.9396926207859083,DB04
202001220800,104,4.5,0,0,0.3420201433256689,-0.9396926207859083,DB04
202001220900,104,5.3,0,0,0.3420201433256689,-0.9396926207859083,DB04
202001221000,104,6.4,0,0,1.2246467991473532e-16,-1.0,DB04
202001221100,104,6.7,0,0,0.3420201433256689,-0.9396926207859083,DB04
202001221200,104,7.0,0,0,0.6427876096865395,-0.7660444431189779,DB04
202001221300,104,8.4,0,0,1.0,6.123233995736766e-17,DB04
202001221400,104,9.2,0,0,1.0,6.123233995736766e-17,DB03
202001221500,104,8.3,0,0,1.2246467991473532e-16,-1.0,DB04
202001221600,104,7.9,0,0,0.3420201433256689,-0.9396926207859083,DB04
202001221700,104,7.5,0,0,1.2246467991473532e-16,-1.0,DB04
202001221800,104,6.8,0,0,0.3420201433256689,-0.9396926207859083,DB04
202001221900,104,6.3,0,0,1.2246467991473532e-16,-1.0,DB03
202001222000,104,4.6,0,0,1.2246467991473532e-16,-1.0,DB03
202001222100,104,4.5,0,0,-0.34202014332566866,-0.9396926207859084,DB03
202001222200,104,5.1,0,0,1.2246467991473532e-16,-1.0,DB03
202001222300,104,5.1,0,0,-0.34202014332566866,-0.9396926207859084,DB04
202001230000,104,5.1,0,0,1.2246467991473532e-16,-1.0,DB03
202001230100,104,3.0,0,0,0.3420201433256689,-0.9396926207859083,DB03
202001230200,104,3.0,0,0,-0.7660444431189779,-0.6427876096865395,DB03
202001230300,104,4.8,0,0,-1.0,-1.8369701987210297e-16,DB04
202001230400,104,5.2,0,0,-0.7660444431189779,-0.6427876096865395,DB04
202001230500,104,5.2,0,0,-1.0,-1.8369701987210297e-16,DB04
202001230600,104,4.2,0,0,-0.7660444431189779,-0.6427876096865395,DB03
202001230700,104,4.6,0,0,-0.9396926207859084,-0.34202014332566855,DB03
202001230800,104,4.1,0,0,-0.34202014332566866,-0.9396926207859084,DB02
202001230900,104,5.3,0,0,-1.0,-1.8369701987210297e-16,DB02
202001231000,104,7.8,0,0,0.0,1.0,DB02
202001231100,104,9.4,0,0,-0.3420201433256686,0.9396926207859084,DB01
202001231200,104,10.1,0,0,0.3420201433256687,0.9396926207859084,DB01
202001231300,104,9.9,0,0,0.0,1.0,DB01
202001231400,104,10.0,0,0,0.766044443118978,0.6427876096865394,DB01
202001231500,104,9.9,0,0,0.3420201433256687,0.9396926207859084,DB01
202001231600,104,9.8,0,0,1.0,6.123233995736766e-17,DB01
202001231700,104,8.9,0,0,0.0,1.0,DB03
202001231800,104,5.7,0,0,-0.9396926207859083,0.342020143325669,DB02
202001231900,104,6.1,0,0,-0.9396926207859084,-0.34202014332566855,DB03
202001232000,104,4.8,0,0,1.2246467991473532e-16,-1.0,DB03
202001232100,104,4.7,0,0,-0.7660444431189779,-0.6427876096865395,DB02
202001232200,104,3.8,0,0,-0.9396926207859083,0.342020143325669,DB03
202001232300,104,5.9,0,0,1.2246467991473532e-16,-1.0,DB03
202001240000,104,5.8,0,0,-0.34202014332566866,-0.9396926207859084,DB02
202001240100,104,3.6,0,0,0.0,1.0,DB03
202001240200,104,3.3,0,0,0.3420201433256689,-0.9396926207859083,DB03
202001240300,104,3.4,0,0,0.3420201433256689,-0.9396926207859083,DB02
202001240400,104,3.9,0,0,-0.9396926207859083,0.342020143325669,DB02
202001240500,104,4.2,0,0,-0.9396926207859083,0.342020143325669,DB01
202001240600,104,4.0,0,0,-0.9396926207859083,0.342020143325669,DB01
202001240700,104,3.3,0,0,-1.0,-1.8369701987210297e-16,DB01
202001240800,104,3.2,0,0,-1.0,-1.8369701987210297e-16,DB02
202001240900,104,5.2,0,0,-0.6427876096865396,0.7660444431189778,DB02
202001241000,104,4.8,0,0,-0.3420201433256686,0.9396926207859084,DB04
202001241100,104,2.8,0,0,-0.9396926207859083,0.342020143325669,DB04
202001241200,104,3.4,100,1,-1.0,-1.8369701987210297e-16,DB04
202001241300,104,4.1,0,0,-1.0,-1.8369701987210297e-16,DB04
202001241400,104,4.5,0,0,-0.6427876096865396,0.7660444431189778,DB04
202001241500,104,4.4,100,1,-0.9396926207859083,0.342020143325669,DB04
202001241600,104,4.3,0,0,-0.6427876096865396,0.7660444431189778,DB04
202001241700,104,4.1,0,0,0.3420201433256689,-0.9396926207859083,DB04
202001241800,104,4.0,100,1,1.2246467991473532e-16,-1.0,DB04
202001241900,104,3.8,0,0,-0.34202014332566866,-0.9396926207859084,DB04
202001242000,104,3.8,0,0,0.0,1.0,DB04
202001242100,104,3.6,100,1,0.0,1.0,DB04
202001242200,104,3.6,0,0,0.3420201433256689,-0.9396926207859083,DB04
202001242300,104,3.5,0,0,-0.34202014332566866,-0.9396926207859084,DB04
202001250000,104,3.3,100,1,0.0,1.0,DB04
202001250100,104,3.2,0,0,0.0,1.0,DB04
202001250200,104,2.8,0,0,0.0,1.0,DB04
202001250300,104,2.5,0,0,-0.9396926207859084,-0.34202014332566855,DB02
202001250400,104,2.4,0,0,1.2246467991473532e-16,-1.0,DB03
202001250500,104,2.6,0,0,1.2246467991473532e-16,-1.0,DB03
202001250600,104,2.0,0,0,1.2246467991473532e-16,-1.0,DB03
202001250700,104,1.6,0,0,1.2246467991473532e-16,-1.0,DB03
202001250800,104,1.7,0,0,1.2246467991473532e-16,-1.0,DB03
202001250900,104,2.9,0,0,1.2246467991473532e-16,-1.0,DB03
202001251000,104,5.5,0,0,0.0,1.0,DB03
202001251100,104,8.0,0,0,0.6427876096865395,-0.7660444431189779,DB02
202001251200,104,7.8,0,0,0.0,1.0,DB03
202001251300,104,7.9,0,0,0.0,1.0,DB03
202001251400,104,7.9,0,0,0.0,1.0,DB04
202001251500,104,7.7,0,0,0.0,1.0,DB04
202001251600,104,7.6,0,0,-0.3420201433256686,0.9396926207859084,DB04
202001251700,104,7.1,0,0,-0.6427876096865396,0.7660444431189778,DB04
202001251800,104,6.3,0,0,-0.9396926207859083,0.342020143325669,DB04
202001251900,104,5.7,0,0,-0.9396926207859083,0.342020143325669,DB03
202001252000,104,5.2,0,0,-0.9396926207859083,0.342020143325669,DB04
202001252100,104,5.0,0,0,-0.9396926207859083,0.342020143325669,DB04
202001252200,104,5.2,0,0,-1.0,-1.8369701987210297e-16,DB03
202001252300,104,4.3,0,0,0.0,1.0,DB03
202001260000,104,3.6,0,0,-0.9396926207859083,0.342020143325669,DB04
202001260100,104,4.1,0,0,-0.9396926207859083,0.342020143325669,DB03
202001260200,104,5.0,0,0,-0.9396926207859083,0.342020143325669,DB03
202001260300,104,4.3,0,0,-0.9396926207859083,0.342020143325669,DB04
202001260400,104,4.3,0,0,-0.9396926207859083,0.342020143325669,DB03
202001260500,104,4.2,0,0,-0.6427876096865396,0.7660444431189778,DB03
202001260600,104,4.4,0,0,-0.6427876096865396,0.7660444431189778,DB02
202001260700,104,4.3,0,0,-0.9396926207859083,0.342020143325669,DB03
202001260800,104,4.4,0,0,-0.6427876096865396,0.7660444431189778,DB02
202001260900,104,4.2,100,1,-0.3420201433256686,0.9396926207859084,DB04
202001261000,104,4.6,0,0,-0.6427876096865396,0.7660444431189778,DB04
202001261100,104,5.9,0,0,-0.6427876096865396,0.7660444431189778,DB03
202001261200,104,5.5,100,1,-0.9396926207859083,0.342020143325669,DB04
202001261300,104,5.1,0,0,-0.9396926207859083,0.342020143325669,DB04
202001261400,104,4.8,0,0,-1.0,-1.8369701987210297e-16,DB04
202001261500,104,5.1,100,1,0.9396926207859083,0.3420201433256688,DB04
202001261600,104,4.7,0,0,0.0,1.0,DB04
202001261700,104,4.9,0,0,0.6427876096865395,-0.7660444431189779,DB04
202001261800,104,4.9,100,1,0.9396926207859084,-0.3420201433256687,DB04
202001261900,104,5.5,0,0,1.0,6.123233995736766e-17,DB04
202001262000,104,5.5,0,0,1.0,6.123233995736766e-17,DB04
202001262100,104,5.4,0,0,0.9396926207859083,0.3420201433256688,DB04
202001262200,104,5.5,0,0,0.9396926207859083,0.3420201433256688,DB04
202001262300,104,5.5,0,0,0.9396926207859083,0.3420201433256688,DB04
202001270000,104,5.5,0,0,1.0,6.123233995736766e-17,DB04
202001270100,104,5.4,0,0,1.0,6.123233995736766e-17,DB04
202001270200,104,5.5,0,0,1.0,6.123233995736766e-17,DB04
202001270300,104,5.6,0,0,1.0,6.123233995736766e-17,DB04
202001270400,104,5.6,0,0,0.9396926207859083,0.3420201433256688,DB04
202001270500,104,5.5,0,0,1.0,6.123233995736766e-17,DB04
202001270600,104,5.5,0,0,0.766044443118978,0.6427876096865394,DB04
202001270700,104,5.5,0,0,0.9396926207859083,0.3420201433256688,DB04
202001270800,104,5.5,0,0,0.766044443118978,0.6427876096865394,DB04
202001270900,104,5.9,0,0,0.9396926207859083,0.3420201433256688,DB04
202001271000,104,6.4,0,0,0.9396926207859083,0.3420201433256688,DB04
202001271100,104,6.7,0,0,1.0,6.123233995736766e-17,DB04
202001271200,104,6.7,0,0,0.9396926207859083,0.3420201433256688,DB04
202001271300,104,6.6,0,0,0.9396926207859083,0.3420201433256688,DB04
202001271400,104,6.7,0,0,0.766044443118978,0.6427876096865394,DB04
202001271500,104,6.6,0,0,0.766044443118978,0.6427876096865394,DB04
202001271600,104,6.4,0,0,0.766044443118978,0.6427876096865394,DB04
202001271700,104,6.3,0,0,0.766044443118978,0.6427876096865394,DB04
202001271800,104,6.3,0,0,0.766044443118978,0.6427876096865394,DB04
202001271900,104,6.3,0,0,0.766044443118978,0.6427876096865394,DB04
202001272000,104,6.5,0,0,0.3420201433256687,0.9396926207859084,DB04
202001272100,104,6.2,0,0,0.766044443118978,0.6427876096865394,DB04
202001272200,104,5.7,0,0,0.3420201433256687,0.9396926207859084,DB04
202001272300,104,5.6,0,0,0.3420201433256687,0.9396926207859084,DB04
202001280000,104,5.8,100,1,0.3420201433256687,0.9396926207859084,DB04
202001280100,104,6.1,0,0,0.3420201433256687,0.9396926207859084,DB04
202001280200,104,5.9,0,0,0.0,1.0,DB04
202001280300,104,5.8,100,1,0.3420201433256687,0.9396926207859084,DB04
202001280400,104,5.3,0,0,0.3420201433256687,0.9396926207859084,DB04
202001280500,104,5.0,0,0,-0.3420201433256686,0.9396926207859084,DB04
202001280600,104,5.6,100,1,0.3420201433256687,0.9396926207859084,DB04
202001280700,104,5.6,0,0,0.0,1.0,DB04
202001280800,104,6.2,0,0,0.3420201433256687,0.9396926207859084,DB04
202001280900,104,6.9,100,1,0.3420201433256687,0.9396926207859084,DB04
202001281000,104,7.4,0,0,0.0,1.0,DB04
202001281100,104,5.9,0,0,-0.3420201433256686,0.9396926207859084,DB04
202001281200,104,5.9,100,1,-0.6427876096865396,0.7660444431189778,DB04
202001281300,104,7.0,0,0,-0.3420201433256686,0.9396926207859084,DB04
202001281400,104,7.3,0,0,0.0,1.0,DB04
202001281500,104,7.7,0,0,0.0,1.0,DB04
202001281600,104,7.4,0,0,0.0,1.0,DB04
202001281700,104,6.9,0,0,0.0,1.0,DB03
202001281800,104,6.4,0,0,-0.6427876096865396,0.7660444431189778,DB04
202001281900,104,6.5,0,0,0.0,1.0,DB04
202001282000,104,5.4,0,0,-0.6427876096865396,0.7660444431189778,DB04
202001282100,104,5.8,0,0,-0.6427876096865396,0.7660444431189778,DB04
202001282200,104,4.6,0,0,-0.9396926207859083,0.342020143325669,DB04
202001282300,104,5.0,0,0,-0.9396926207859083,0.342020143325669,DB04
202001290000,104,4.4,0,0,-0.9396926207859083,0.342020143325669,DB04
202001290100,104,5.0,0,0,-0.6427876096865396,0.7660444431189778,DB04
202001290200,104,5.2,0,0,-0.6427876096865396,0.7660444431189778,DB04
202001290300,104,5.2,0,0,-0.6427876096865396,0.7660444431189778,DB04
202001290400,104,4.8,0,0,-0.6427876096865396,0.7660444431189778,DB04
202001290500,104,4.6,0,0,-0.9396926207859083,0.342020143325669,DB04
202001290600,104,5.1,0,0,-0.6427876096865396,0.7660444431189778,DB04
202001290700,104,5.2,0,0,-0.6427876096865396,0.7660444431189778,DB04
202001290800,104,4.3,0,0,-0.7660444431189779,-0.6427876096865395,DB04
202001290900,104,5.1,100,1,-0.6427876096865396,0.7660444431189778,DB04
202001291000,104,5.5,0,0,-0.9396926207859083,0.342020143325669,DB04
202001291100,104,6.6,0,0,-0.6427876096865396,0.7660444431189778,DB04
202001291200,104,7.2,0,0,0.0,1.0,DB03
202001291300,104,6.7,0,0,0.0,1.0,DB04
202001291400,104,6.9,0,0,-0.3420201433256686,0.9396926207859084,DB04
202001291500,104,5.8,0,0,-0.3420201433256686,0.9396926207859084,DB04
202001291600,104,5.5,0,0,-0.9396926207859083,0.342020143325669,DB04
202001291700,104,5.4,0,0,-0.3420201433256686,0.9396926207859084,DB04
202001291800,104,3.9,100,1,-0.9396926207859083,0.342020143325669,DB04
202001291900,104,4.4,0,0,-0.6427876096865396,0.7660444431189778,DB03
202001292000,104,4.5,0,0,-0.6427876096865396,0.7660444431189778,DB04
202001292100,104,4.9,0,0,-0.6427876096865396,0.7660444431189778,DB04
202001292200,104,4.8,0,0,-0.6427876096865396,0.7660444431189778,DB03
202001292300,104,5.4,0,0,0.0,1.0,DB03
202001300000,104,5.5,0,0,0.0,1.0,DB04
202001300100,104,5.4,0,0,0.0,1.0,DB03
202001300200,104,5.2,0,0,0.0,1.0,DB03
202001300300,104,4.9,0,0,0.3420201433256687,0.9396926207859084,DB04
202001300400,104,5.1,0,0,0.3420201433256687,0.9396926207859084,DB04
202001300500,104,3.8,0,0,-1.0,-1.8369701987210297e-16,DB04
202001300600,104,3.2,0,0,0.3420201433256687,0.9396926207859084,DB04
202001300700,104,2.3,0,0,-1.0,-1.8369701987210297e-16,DB04
202001300800,104,3.1,0,0,-0.9396926207859083,0.342020143325669,DB04
202001300900,104,4.2,100,1,0.0,1.0,DB04
202001301000,104,2.9,0,0,-0.9396926207859083,0.342020143325669,DB04
202001301100,104,1.0,0,0,-0.9396926207859083,0.342020143325669,DB04
202001301200,104,1.7,100,1,-0.6427876096865396,0.7660444431189778,DB04
202001301300,104,2.3,0,0,-0.9396926207859083,0.342020143325669,DB04
202001301400,104,1.7,0,0,-0.6427876096865396,0.7660444431189778,DB04
202001301500,104,2.0,100,1,-0.6427876096865396,0.7660444431189778,DB04
202001301600,104,1.6,0,0,-0.6427876096865396,0.7660444431189778,DB04
202001301700,104,1.6,0,0,-0.6427876096865396,0.7660444431189778,DB04
202001301800,104,1.7,100,1,-1.0,-1.8369701987210297e-16,DB04
202001301900,104,1.5,0,0,-0.9396926207859083,0.342020143325669,DB04
202001302000,104,1.6,0,0,-0.9396926207859083,0.342020143325669,DB04
202001302100,104,1.6,100,1,-1.0,-1.8369701987210297e-16,DB04
202001302200,104,1.2,0,0,0.0,1.0,DB04
202001302300,104,0.5,0,0,-0.9396926207859084,-0.34202014332566855,DB04
202001310000,104,0.8,100,1,-1.0,-1.8369701987210297e-16,DB03
202001310100,104,0.8,0,0,-1.0,-1.8369701987210297e-16,DB03
202001310200,104,0.4,0,0,0.6427876096865395,-0.7660444431189779,DB04
202001310300,104,0.7,0,0,-1.0,-1.8369701987210297e-16,DB04
202001310400,104,0.0,0,0,-0.34202014332566866,-0.9396926207859084,DB02
202001310500,104,-0.3,0,0,0.0,1.0,DB04
202001310600,104,0.0,0,0,0.0,1.0,DB03
202001310700,104,-0.1,0,0,0.0,1.0,DB03
202001310800,104,-0.5,0,0,0.0,1.0,DB02
202001310900,104,1.3,0,0,1.2246467991473532e-16,-1.0,DB02
202001311000,104,3.0,0,0,-0.7660444431189779,-0.6427876096865395,DB02
202001311100,104,4.7,0,0,-0.6427876096865396,0.7660444431189778,DB01
202001311200,104,5.9,0,0,-0.3420201433256686,0.9396926207859084,DB02
202001311300,104,6.1,0,0,0.766044443118978,0.6427876096865394,DB02
202001311400,104,5.0,0,0,0.3420201433256687,0.9396926207859084,DB02
202001311500,104,6.3,0,0,-0.6427876096865396,0.7660444431189778,DB02
202001311600,104,5.2,0,0,0.9396926207859083,0.3420201433256688,DB03
202001311700,104,4.8,0,0,0.0,1.0,DB02
202001311800,104,3.2,0,0,-0.7660444431189779,-0.6427876096865395,DB03
202001311900,104,2.7,0,0,-0.7660444431189779,-0.6427876096865395,DB02
202001312000,104,2.1,0,0,-0.7660444431189779,-0.6427876096865395,DB01
202001312100,104,1.0,0,0,-0.34202014332566866,-0.9396926207859084,DB02
202001312200,104,1.0,0,0,-0.7660444431189779,-0.6427876096865395,DB02
202001312300,104,0.9,0,0,-0.9396926207859084,-0.34202014332566855,DB02
202002010000,104,1.4,0,0,-0.9396926207859084,-0.34202014332566855,DB01
202002010100,104,1.3,0,0,-0.9396926207859084,-0.34202014332566855,DB01
202002010200,104,-0.1,0,0,0.3420201433256689,-0.9396926207859083,DB01
202002010300,104,1.3,0,0,-0.7660444431189779,-0.6427876096865395,DB01
202002010400,104,2.0,0,0,1.2246467991473532e-16,-1.0,DB01
202002010500,104,-0.2,0,0,0.3420201433256689,-0.9396926207859083,DB01
202002010600,104,0.9,0,0,1.2246467991473532e-16,-1.0,DB01
202002010700,104,-0.3,0,0,1.2246467991473532e-16,-1.0,DB01
202002010800,104,1.3,0,0,0.3420201433256689,-0.9396926207859083,DB01
202002010900,104,3.5,0,0,1.2246467991473532e-16,-1.0,DB01
202002011000,104,5.4,0,0,-0.7660444431189779,-0.6427876096865395,DB01
202002011100,104,6.0,0,0,0.3420201433256689,-0.9396926207859083,DB01
202002011200,104,7.2,0,0,1.2246467991473532e-16,-1.0,DB01
202002011300,104,8.3,0,0,-0.9396926207859083,0.342020143325669,DB01
202002011400,104,8.6,0,0,-0.9396926207859084,-0.34202014332566855,DB01
202002011500,104,8.3,0,0,-0.9396926207859084,-0.34202014332566855,DB01
202002011600,104,7.7,0,0,-0.9396926207859083,0.342020143325669,DB01
202002011700,104,6.4,0,0,-1.0,-1.8369701987210297e-16,DB01
202002011800,104,4.0,0,0,-1.0,-1.8369701987210297e-16,DB01
202002011900,104,3.5,0,0,-0.7660444431189779,-0.6427876096865395,DB01
202002012000,104,3.2,0,0,-1.0,-1.8369701987210297e-16,DB01
202002012100,104,3.1,0,0,-0.9396926207859084,-0.34202014332566855,DB01
202002012200,104,1.6,0,0,-0.7660444431189779,-0.6427876096865395,DB01
202002012300,104,3.3,0,0,-0.9396926207859084,-0.34202014332566855,DB01
202002020000,104,2.1,0,0,-0.7660444431189779,-0.6427876096865395,DB01
202002020100,104,-0.2,0,0,1.2246467991473532e-16,-1.0,DB01
202002020200,104,0.1,0,0,1.2246467991473532e-16,-1.0,DB02
202002020300,104,0.1,0,0,1.2246467991473532e-16,-1.0,DB02
202002020400,104,0.0,0,0,1.2246467991473532e-16,-1.0,DB02
202002020500,104,0.7,0,0,1.2246467991473532e-16,-1.0,DB02
202002020600,104,0.8,0,0,1.2246467991473532e-16,-1.0,DB02
202002020700,104,0.8,0,0,0.3420201433256689,-0.9396926207859083,DB02
202002020800,104,1.0,0,0,-0.34202014332566866,-0.9396926207859084,DB02
202002020900,104,2.8,0,0,0.3420201433256689,-0.9396926207859083,DB02
202002021000,104,4.5,0,0,0.3420201433256689,-0.9396926207859083,DB02
202002021100,104,5.7,0,0,1.2246467991473532e-16,-1.0,DB03
202002021200,104,7.3,0,0,-0.9396926207859084,-0.34202014332566855,DB03
202002021300,104,7.7,0,0,0.6427876096865395,-0.7660444431189779,DB03
202002021400,104,8.1,0,0,0.766044443118978,0.6427876096865394,DB03
202002021500,104,7.4,0,0,0.3420201433256687,0.9396926207859084,DB03
202002021600,104,7.6,0,0,0.9396926207859083,0.3420201433256688,DB02
202002021700,104,6.8,0,0,0.9396926207859084,-0.3420201433256687,DB02
202002021800,104,3.8,0,0,-0.7660444431189779,-0.6427876096865395,DB02
202002021900,104,4.8,0,0,-0.7660444431189779,-0.6427876096865395,DB02
202002022000,104,4.6,0,0,-0.34202014332566866,-0.9396926207859084,DB03
202002022100,104,3.8,0,0,-0.34202014332566866,-0.9396926207859084,DB02
202002022200,104,3.2,0,0,1.2246467991473532e-16,-1.0,DB02
202002022300,104,3.4,0,0,1.2246467991473532e-16,-1.0,DB02
202002030000,104,3.0,0,0,-0.9396926207859084,-0.34202014332566855,DB01
202002030100,104,2.3,0,0,-1.0,-1.8369701987210297e-16,DB03
202002030200,104,2.9,0,0,-0.9396926207859084,-0.34202014332566855,DB02
202002030300,104,2.3,0,0,1.2246467991473532e-16,-1.0,DB01
202002030400,104,2.2,0,0,-0.9396926207859084,-0.34202014332566855,DB02
202002030500,104,1.0,0,0,0.9396926207859083,0.3420201433256688,DB01
202002030600,104,1.2,0,0,0.3420201433256687,0.9396926207859084,DB02
202002030700,104,1.2,0,0,-0.9396926207859084,-0.34202014332566855,DB02
202002030800,104,0.0,0,0,-0.3420201433256686,0.9396926207859084,DB02
202002030900,104,1.2,0,0,0.0,1.0,DB01
202002031000,104,2.3,0,0,-0.6427876096865396,0.7660444431189778,DB01
202002031100,104,3.0,0,0,-0.9396926207859083,0.342020143325669,DB01
202002031200,104,3.8,0,0,-0.9396926207859083,0.342020143325669,DB01
202002031300,104,4.5,0,0,-0.6427876096865396,0.7660444431189778,DB01
202002031400,104,5.5,0,0,-0.9396926207859083,0.342020143325669,DB01
202002031500,104,5.7,0,0,-0.9396926207859083,0.342020143325669,DB01
202002031600,104,5.4,0,0,-0.9396926207859084,-0.34202014332566855,DB01
202002031700,104,4.6,0,0,-1.0,-1.8369701987210297e-16,DB01
202002031800,104,2.8,0,0,-0.7660444431189779,-0.6427876096865395,DB01
202002031900,104,2.2,0,0,-0.9396926207859084,-0.34202014332566855,DB01
202002032000,104,1.2,0,0,-0.9396926207859084,-0.34202014332566855,DB01
202002032100,104,-0.7,0,0,0.9396926207859084,-0.3420201433256687,DB01
202002032200,104,-0.1,0,0,1.2246467991473532e-16,-1.0,DB01
202002032300,104,0.3,0,0,-0.9396926207859084,-0.34202014332566855,DB01
202002040000,104,-0.5,0,0,-0.34202014332566866,-0.9396926207859084,DB01
202002040100,104,-1.2,0,0,-0.34202014332566866,-0.9396926207859084,DB01
202002040200,104,-1.9,0,0,-0.7660444431189779,-0.6427876096865395,DB01
202002040300,104,-2.3,0,0,1.2246467991473532e-16,-1.0,DB01
202002040400,104,-1.9,0,0,1.2246467991473532e-16,-1.0,DB01
202002040500,104,-1.5,0,0,-1.0,-1.8369701987210297e-16,DB01
202002040600,104,-2.0,0,0,-0.9396926207859084,-0.34202014332566855,DB01
202002040700,104,-1.6,0,0,-0.9396926207859084,-0.34202014332566855,DB01
202002040800,104,-1.6,0,0,0.3420201433256687,0.9396926207859084,DB01
202002040900,104,-0.3,0,0,-1.0,-1.8369701987210297e-16,DB01
202002041000,104,1.3,0,0,-0.9396926207859084,-0.34202014332566855,DB01
202002041100,104,3.0,0,0,-0.9396926207859084,-0.34202014332566855,DB01
202002041200,104,4.1,0,0,1.2246467991473532e-16,-1.0,DB01
202002041300,104,5.2,0,0,-0.9396926207859084,-0.34202014332566855,DB01
202002041400,104,5.5,0,0,-0.3420201433256686,0.9396926207859084,DB01
202002041500,104,6.4,0,0,-0.9396926207859084,-0.34202014332566855,DB01
202002041600,104,5.8,0,0,-0.7660444431189779,-0.6427876096865395,DB01
202002041700,104,4.8,0,0,1.2246467991473532e-16,-1.0,DB02
202002041800,104,3.8,0,0,-0.34202014332566866,-0.9396926207859084,DB02
202002041900,104,3.0,0,0,1.2246467991473532e-16,-1.0,DB03
202002042000,104,3.3,0,0,-0.7660444431189779,-0.6427876096865395,DB03
202002042100,104,3.1,0,0,-0.34202014332566866,-0.9396926207859084,DB03
202002042200,104,3.0,0,0,0.0,1.0,DB03
202002042300,104,2.8,0,0,0.766044443118978,0.6427876096865394,DB04
202002050000,104,3.3,0,0,-1.0,-1.8369701987210297e-16,DB03
202002050100,104,2.1,0,0,-0.6427876096865396,0.7660444431189778,DB02
202002050200,104,-0.1,0,0,-0.9396926207859083,0.342020143325669,DB02
202002050300,104,-0.9,0,0,-0.9396926207859083,0.342020143325669,DB01
202002050400,104,-2.0,0,0,-0.6427876096865396,0.7660444431189778,DB01
202002050500,104,-3.0,0,0,-1.0,-1.8369701987210297e-16,DB01
202002050600,104,-3.6,0,0,-0.9396926207859083,0.342020143325669,DB01
202002050700,104,-4.3,0,0,-0.9396926207859083,0.342020143325669,DB01
202002050800,104,-4.7,0,0,-0.6427876096865396,0.7660444431189778,DB01
202002050900,104,-4.0,0,0,-0.3420201433256686,0.9396926207859084,DB01
202002051000,104,-3.0,0,0,-0.9396926207859083,0.342020143325669,DB01
202002051100,104,-2.0,0,0,-0.3420201433256686,0.9396926207859084,DB01
202002051200,104,-1.2,0,0,0.3420201433256687,0.9396926207859084,DB01
202002051300,104,-0.7,0,0,0.3420201433256687,0.9396926207859084,DB01
202002051400,104,-0.8,0,0,0.3420201433256687,0.9396926207859084,DB01
202002051500,104,-0.3,0,0,0.3420201433256687,0.9396926207859084,DB01
202002051600,104,-0.5,0,0,0.0,1.0,DB01
202002051700,104,-0.8,0,0,-0.3420201433256686,0.9396926207859084,DB01
202002051800,104,-2.0,0,0,-0.3420201433256686,0.9396926207859084,DB01
202002051900,104,-2.9,0,0,-1.0,-1.8369701987210297e-16,DB03
202002052000,104,-3.3,0,0,-1.0,-1.8369701987210297e-16,DB03
202002052100,104,-4.0,0,0,-0.9396926207859084,-0.34202014332566855,DB01
202002052200,104,-4.3,0,0,-0.9396926207859084,-0.34202014332566855,DB03
202002052300,104,-4.8,0,0,-0.34202014332566866,-0.9396926207859084,DB02
202002060000,104,-6.2,0,0,1.2246467991473532e-16,-1.0,DB01
202002060100,104,-6.4,0,0,-0.34202014332566866,-0.9396926207859084,DB02
202002060200,104,-6.9,0,0,-0.34202014332566866,-0.9396926207859084,DB03
202002060300,104,-6.7,0,0,-0.9396926207859084,-0.34202014332566855,DB01
202002060400,104,-7.6,0,0,0.3420201433256689,-0.9396926207859083,DB01
202002060500,104,-7.3,0,0,1.2246467991473532e-16,-1.0,DB01
202002060600,104,-7.4,0,0,-0.34202014332566866,-0.9396926207859084,DB01
202002060700,104,-7.4,0,0,-0.34202014332566866,-0.9396926207859084,DB01
202002060800,104,-7.2,0,0,0.3420201433256689,-0.9396926207859083,DB01
202002060900,104,-4.2,0,0,-1.0,-1.8369701987210297e-16,DB02
202002061000,104,-1.7,0,0,-0.6427876096865396,0.7660444431189778,DB02
202002061100,104,-0.9,0,0,-0.3420201433256686,0.9396926207859084,DB02
202002061200,104,-0.1,0,0,-0.3420201433256686,0.9396926207859084,DB02
202002061300,104,0.8,0,0,0.0,1.0,DB03
202002061400,104,0.6,0,0,0.0,1.0,DB03
202002061500,104,-0.1,0,0,0.3420201433256687,0.9396926207859084,DB03
202002061600,104,0.6,0,0,0.3420201433256687,0.9396926207859084,DB03
202002061700,104,-0.7,0,0,0.3420201433256687,0.9396926207859084,DB03
202002061800,104,-1.6,0,0,-0.9396926207859084,-0.34202014332566855,DB02
202002061900,104,-1.8,0,0,-0.9396926207859084,-0.34202014332566855,DB04
202002062000,104,-2.5,0,0,-1.0,-1.8369701987210297e-16,DB03
202002062100,104,-3.0,0,0,0.0,1.0,DB01
202002062200,104,-3.0,0,0,0.3420201433256689,-0.9396926207859083,DB01
202002062300,104,-1.9,0,0,1.2246467991473532e-16,-1.0,DB01
202002070000,104,-3.7,0,0,-1.0,-1.8369701987210297e-16,DB01
202002070100,104,-3.9,0,0,0.0,1.0,DB01
202002070200,104,-2.3,0,0,-0.6427876096865396,0.7660444431189778,DB01
202002070300,104,-3.8,0,0,0.0,1.0,DB01
202002070400,104,-2.4,0,0,-0.34202014332566866,-0.9396926207859084,DB01
202002070500,104,-0.3,0,0,0.3420201433256689,-0.9396926207859083,DB01
202002070600,104,-0.4,0,0,-0.7660444431189779,-0.6427876096865395,DB01
202002070700,104,-0.5,0,0,-0.7660444431189779,-0.6427876096865395,DB01
202002070800,104,-0.7,0,0,1.0,6.123233995736766e-17,DB01
202002070900,104,0.7,0,0,1.2246467991473532e-16,-1.0,DB01
202002071000,104,2.1,0,0,1.2246467991473532e-16,-1.0,DB01
202002071100,104,4.0,0,0,-0.7660444431189779,-0.6427876096865395,DB01
202002071200,104,4.7,0,0,0.3420201433256687,0.9396926207859084,DB01
202002071300,104,5.7,0,0,0.9396926207859083,0.3420201433256688,DB01
202002071400,104,5.6,0,0,-0.9396926207859083,0.342020143325669,DB01
202002071500,104,5.5,0,0,-0.9396926207859083,0.342020143325669,DB01
202002071600,104,5.4,0,0,-1.0,-1.8369701987210297e-16,DB01
202002071700,104,4.2,0,0,0.0,1.0,DB01
202002071800,104,1.7,0,0,0.9396926207859084,-0.3420201433256687,DB01
202002071900,104,1.6,0,0,-0.7660444431189779,-0.6427876096865395,DB01
202002072000,104,1.1,0,0,1.2246467991473532e-16,-1.0,DB01
202002072100,104,0.8,0,0,1.2246467991473532e-16,-1.0,DB01
202002072200,104,0.8,0,0,-0.7660444431189779,-0.6427876096865395,DB01
202002072300,104,0.4,0,0,-0.7660444431189779,-0.6427876096865395,DB01
202002080000,104,0.6,0,0,-1.0,-1.8369701987210297e-16,DB01
202002080100,104,0.0,0,0,1.2246467991473532e-16,-1.0,DB01
202002080200,104,-0.5,0,0,1.2246467991473532e-16,-1.0,DB01
202002080300,104,-0.5,0,0,1.2246467991473532e-16,-1.0,DB01
202002080400,104,-1.2,0,0,0.6427876096865395,-0.7660444431189779,DB01
202002080500,104,-0.6,0,0,1.2246467991473532e-16,-1.0,DB01
202002080600,104,-2.3,0,0,0.9396926207859084,-0.3420201433256687,DB01
202002080700,104,-2.0,0,0,0.6427876096865395,-0.7660444431189779,DB01
202002080800,104,-1.4,0,0,-0.34202014332566866,-0.9396926207859084,DB01
202002080900,104,1.7,0,0,-0.9396926207859083,0.342020143325669,DB01
202002081000,104,2.7,0,0,-0.9396926207859083,0.342020143325669,DB01
202002081100,104,3.4,0,0,0.0,1.0,DB01
202002081200,104,4.0,0,0,0.3420201433256687,0.9396926207859084,DB01
202002081300,104,3.8,0,0,0.0,1.0,DB01
202002081400,104,4.1,0,0,0.0,1.0,DB01
202002081500,104,4.4,0,0,0.0,1.0,DB02
202002081600,104,4.1,0,0,0.0,1.0,DB02
202002081700,104,2.9,0,0,-0.3420201433256686,0.9396926207859084,DB03
202002081800,104,1.5,0,0,0.3420201433256687,0.9396926207859084,DB04
202002081900,104,1.4,0,0,-0.9396926207859084,-0.34202014332566855,DB03
202002082000,104,0.3,0,0,-0.3420201433256686,0.9396926207859084,DB04
202002082100,104,-0.9,100,1,-1.0,-1.8369701987210297e-16,DB04
202002082200,104,-0.9,0,0,-0.6427876096865396,0.7660444431189778,DB04
202002082300,104,-0.9,0,0,0.0,1.0,DB04
202002090000,104,-0.7,100,1,0.3420201433256689,-0.9396926207859083,DB03
202002090100,104,-1.0,0,0,1.2246467991473532e-16,-1.0,DB03
202002090200,104,-1.7,0,0,0.3420201433256689,-0.9396926207859083,DB03
202002090300,104,-2.6,0,0,-0.7660444431189779,-0.6427876096865395,DB02
202002090400,104,-2.0,0,0,1.2246467991473532e-16,-1.0,DB02
202002090500,104,-2.9,0,0,1.2246467991473532e-16,-1.0,DB01
202002090600,104,-3.6,0,0,0.3420201433256689,-0.9396926207859083,DB01
202002090700,104,-2.6,0,0,1.2246467991473532e-16,-1.0,DB01
202002090800,104,-2.4,0,0,0.3420201433256689,-0.9396926207859083,DB01
202002090900,104,-0.5,0,0,0.3420201433256689,-0.9396926207859083,DB01
202002091000,104,2.1,0,0,0.6427876096865395,-0.7660444431189779,DB01
202002091100,104,4.0,0,0,-1.0,-1.8369701987210297e-16,DB01
202002091200,104,4.8,0,0,-0.3420201433256686,0.9396926207859084,DB01
202002091300,104,5.7,0,0,-0.6427876096865396,0.7660444431189778,DB01
202002091400,104,5.5,0,0,0.3420201433256687,0.9396926207859084,DB01
202002091500,104,5.7,0,0,0.3420201433256687,0.9396926207859084,DB01
202002091600,104,5.9,0,0,0.0,1.0,DB01
202002091700,104,5.4,0,0,0.766044443118978,0.6427876096865394,DB03
202002091800,104,3.6,0,0,-1.0,-1.8369701987210297e-16,DB03
202002091900,104,3.2,0,0,1.2246467991473532e-16,-1.0,DB03
202002092000,104,2.8,0,0,0.6427876096865395,-0.7660444431189779,DB03
202002092100,104,2.2,0,0,0.6427876096865395,-0.7660444431189779,DB03
202002092200,104,1.0,0,0,0.6427876096865395,-0.7660444431189779,DB02
202002092300,104,1.4,0,0,-0.7660444431189779,-0.6427876096865395,DB01
202002100000,104,2.6,0,0,-1.0,-1.8369701987210297e-16,DB01
202002100100,104,2.6,0,0,-1.0,-1.8369701987210297e-16,DB01
202002100200,104,2.4,0,0,-1.0,-1.8369701987210297e-16,DB01
202002100300,104,3.1,0,0,-0.9396926207859083,0.342020143325669,DB01
202002100400,104,3.3,0,0,-0.9396926207859083,0.342020143325669,DB01
202002100500,104,3.0,0,0,-0.9396926207859084,-0.34202014332566855,DB01
202002100600,104,1.8,0,0,-0.34202014332566866,-0.9396926207859084,DB01
202002100700,104,-0.8,0,0,0.3420201433256689,-0.9396926207859083,DB01
202002100800,104,0.6,0,0,-0.34202014332566866,-0.9396926207859084,DB01
202002100900,104,3.4,0,0,0.9396926207859084,-0.3420201433256687,DB01
202002101000,104,5.9,0,0,-0.9396926207859083,0.342020143325669,DB01
202002101100,104,6.5,0,0,-0.6427876096865396,0.7660444431189778,DB01
202002101200,104,7.0,0,0,0.3420201433256687,0.9396926207859084,DB02
202002101300,104,7.0,0,0,0.3420201433256687,0.9396926207859084,DB01
202002101400,104,7.3,0,0,0.3420201433256687,0.9396926207859084,DB01
202002101500,104,7.2,0,0,0.766044443118978,0.6427876096865394,DB01
202002101600,104,7.4,0,0,0.766044443118978,0.6427876096865394,DB01
202002101700,104,6.7,0,0,0.9396926207859083,0.3420201433256688,DB01
202002101800,104,4.5,0,0,0.0,1.0,DB01
202002101900,104,3.4,0,0,-0.9396926207859084,-0.34202014332566855,DB01
202002102000,104,2.8,0,0,-0.9396926207859084,-0.34202014332566855,DB01
202002102100,104,0.8,0,0,-0.34202014332566866,-0.9396926207859084,DB01
202002102200,104,1.6,0,0,-0.34202014332566866,-0.9396926207859084,DB01
202002102300,104,0.2,0,0,0.3420201433256689,-0.9396926207859083,DB01
202002110000,104,0.9,0,0,0.3420201433256689,-0.9396926207859083,DB01
202002110100,104,-0.1,0,0,0.3420201433256689,-0.9396926207859083,DB01
202002110200,104,0.4,0,0,1.2246467991473532e-16,-1.0,DB01
202002110300,104,2.2,0,0,1.2246467991473532e-16,-1.0,DB01
202002110400,104,2.0,0,0,1.2246467991473532e-16,-1.0,DB01
202002110500,104,2.6,0,0,1.2246467991473532e-16,-1.0,DB01
202002110600,104,2.5,0,0,1.2246467991473532e-16,-1.0,DB01
202002110700,104,2.0,0,0,1.2246467991473532e-16,-1.0,DB01
202002110800,104,3.3,0,0,1.2246467991473532e-16,-1.0,DB01
202002110900,104,6.0,0,0,0.3420201433256689,-0.9396926207859083,DB01
202002111000,104,8.2,0,0,0.3420201433256689,-0.9396926207859083,DB01
202002111100,104,10.0,0,0,0.9396926207859084,-0.3420201433256687,DB01
202002111200,104,11.4,0,0,0.9396926207859084,-0.3420201433256687,DB01
202002111300,104,12.7,0,0,0.9396926207859084,-0.3420201433256687,DB01
202002111400,104,12.5,0,0,0.9396926207859084,-0.3420201433256687,DB01
202002111500,104,12.9,0,0,0.9396926207859084,-0.3420201433256687,DB01
202002111600,104,13.7,0,0,0.9396926207859084,-0.3420201433256687,DB01
202002111700,104,13.1,0,0,0.0,1.0,DB01
202002111800,104,9.4,0,0,-0.9396926207859083,0.342020143325669,DB02
202002111900,104,10.6,0,0,-0.7660444431189779,-0.6427876096865395,DB02
202002112000,104,9.7,0,0,1.2246467991473532e-16,-1.0,DB01
202002112100,104,9.7,0,0,-0.34202014332566866,-0.9396926207859084,DB02
202002112200,104,9.3,0,0,-0.7660444431189779,-0.6427876096865395,DB03
202002112300,104,9.5,0,0,1.2246467991473532e-16,-1.0,DB03
202002120000,104,8.2,0,0,1.2246467991473532e-16,-1.0,DB03
202002120100,104,7.4,0,0,0.3420201433256689,-0.9396926207859083,DB04
202002120200,104,9.2,0,0,0.0,1.0,DB04
202002120300,104,8.4,0,0,-0.7660444431189779,-0.6427876096865395,DB04
202002120400,104,8.5,0,0,0.3420201433256689,-0.9396926207859083,DB04
202002120500,104,9.2,0,0,-0.7660444431189779,-0.6427876096865395,DB04
202002120600,104,9.0,0,0,1.2246467991473532e-16,-1.0,DB04
202002120700,104,8.8,0,0,1.2246467991473532e-16,-1.0,DB04
202002120800,104,9.5,0,0,1.2246467991473532e-16,-1.0,DB04
202002120900,104,9.9,0,0,1.2246467991473532e-16,-1.0,DB04
202002121000,104,10.1,0,0,-0.7660444431189779,-0.6427876096865395,DB04
202002121100,104,10.4,0,0,0.0,1.0,DB04
202002121200,104,10.2,0,0,0.9396926207859084,-0.3420201433256687,DB04
202002121300,104,8.6,0,0,0.9396926207859084,-0.3420201433256687,DB04
202002121400,104,7.8,0,0,1.2246467991473532e-16,-1.0,DB04
202002121500,104,8.2,100,1,-0.9396926207859083,0.342020143325669,DB04
202002121600,104,8.0,0,0,0.3420201433256689,-0.9396926207859083,DB04
202002121700,104,8.5,0,0,0.0,1.0,DB04
202002121800,104,8.3,100,1,0.0,1.0,DB04
202002121900,104,7.9,0,0,0.3420201433256689,-0.9396926207859083,DB04
202002122000,104,7.6,0,0,-0.9396926207859083,0.342020143325669,DB04
202002122100,104,7.0,100,1,-0.9396926207859084,-0.34202014332566855,DB03
202002122200,104,7.9,0,0,0.0,1.0,DB03
202002122300,104,7.4,0,0,0.0,1.0,DB04
202002130000,104,7.3,100,1,0.0,1.0,DB03
202002130100,104,6.9,0,0,1.2246467991473532e-16,-1.0,DB03
202002130200,104,6.6,0,0,0.0,1.0,DB04
202002130300,104,6.8,0,0,-1.0,-1.8369701987210297e-16,DB04
202002130400,104,7.5,0,0,-0.7660444431189779,-0.6427876096865395,DB03
202002130500,104,6.7,0,0,0.0,1.0,DB01
202002130600,104,5.9,0,0,-0.7660444431189779,-0.6427876096865395,DB01
202002130700,104,5.8,0,0,-0.9396926207859084,-0.34202014332566855,DB01
202002130800,104,6.4,0,0,0.3420201433256689,-0.9396926207859083,DB01
202002130900,104,10.0,0,0,1.2246467991473532e-16,-1.0,DB01
202002131000,104,12.2,0,0,-0.9396926207859084,-0.34202014332566855,DB01
202002131100,104,13.7,0,0,-0.9396926207859084,-0.34202014332566855,DB01
202002131200,104,13.7,0,0,-0.9396926207859084,-0.34202014332566855,DB01
202002131300,104,14.4,0,0,1.2246467991473532e-16,-1.0,DB01
202002131400,104,15.5,0,0,1.2246467991473532e-16,-1.0,DB01
202002131500,104,16.0,0,0,0.0,1.0,DB01
202002131600,104,15.6,0,0,0.3420201433256689,-0.9396926207859083,DB01
202002131700,104,15.1,0,0,-1.0,-1.8369701987210297e-16,DB01
202002131800,104,12.5,0,0,-0.9396926207859084,-0.34202014332566855,DB01
202002131900,104,11.3,0,0,-0.9396926207859084,-0.34202014332566855,DB01
202002132000,104,9.1,0,0,0.3420201433256689,-0.9396926207859083,DB01
202002132100,104,8.6,0,0,1.2246467991473532e-16,-1.0,DB01
202002132200,104,8.4,0,0,1.2246467991473532e-16,-1.0,DB01
202002132300,104,8.2,0,0,1.2246467991473532e-16,-1.0,DB02
202002140000,104,8.1,0,0,0.3420201433256689,-0.9396926207859083,DB02
202002140100,104,7.5,0,0,0.3420201433256689,-0.9396926207859083,DB04
202002140200,104,7.6,0,0,0.3420201433256689,-0.9396926207859083,DB04
202002140300,104,7.6,0,0,0.3420201433256689,-0.9396926207859083,DB03
202002140400,104,7.9,0,0,1.2246467991473532e-16,-1.0,DB03
202002140500,104,8.4,0,0,0.3420201433256689,-0.9396926207859083,DB04
202002140600,104,8.1,0,0,0.3420201433256689,-0.9396926207859083,DB04
202002140700,104,7.0,0,0,0.3420201433256689,-0.9396926207859083,DB03
202002140800,104,6.4,0,0,1.2246467991473532e-16,-1.0,DB03
202002140900,104,8.3,0,0,-0.7660444431189779,-0.6427876096865395,DB03
202002141000,104,11.9,0,0,0.3420201433256689,-0.9396926207859083,DB03
202002141100,104,12.8,0,0,0.0,1.0,DB03
202002141200,104,13.0,0,0,0.3420201433256687,0.9396926207859084,DB02
202002141300,104,13.2,0,0,0.0,1.0,DB01
202002141400,104,13.4,0,0,0.3420201433256687,0.9396926207859084,DB01
202002141500,104,13.6,0,0,0.0,1.0,DB01
202002141600,104,12.3,0,0,0.766044443118978,0.6427876096865394,DB01
202002141700,104,11.2,0,0,0.0,1.0,DB01
202002141800,104,10.2,0,0,-0.6427876096865396,0.7660444431189778,DB02
202002141900,104,10.0,0,0,-0.6427876096865396,0.7660444431189778,DB03
202002142000,104,9.7,0,0,-1.0,-1.8369701987210297e-16,DB03
202002142100,104,9.8,0,0,-0.9396926207859083,0.342020143325669,DB04
202002142200,104,9.8,0,0,-0.9396926207859083,0.342020143325669,DB04
202002142300,104,10.2,0,0,-0.6427876096865396,0.7660444431189778,DB04
202002150000,104,9.7,0,0,-1.0,-1.8369701987210297e-16,DB04
202002150100,104,9.9,0,0,-0.6427876096865396,0.7660444431189778,DB04
202002150200,104,9.5,0,0,-0.6427876096865396,0.7660444431189778,DB03
202002150300,104,9.3,0,0,-1.0,-1.8369701987210297e-16,DB03
202002150400,104,8.9,0,0,-1.0,-1.8369701987210297e-16,DB03
202002150500,104,8.0,0,0,0.0,1.0,DB03
202002150600,104,8.3,0,0,-0.34202014332566866,-0.9396926207859084,DB04
202002150700,104,8.1,0,0,0.0,1.0,DB03
202002150800,104,8.1,0,0,0.0,1.0,DB04
202002150900,104,8.4,0,0,0.0,1.0,DB04
202002151000,104,8.6,0,0,0.0,1.0,DB04
202002151100,104,11.2,0,0,0.0,1.0,DB03
202002151200,104,12.4,0,0,1.0,6.123233995736766e-17,DB03
202002151300,104,12.9,0,0,1.0,6.123233995736766e-17,DB03
202002151400,104,12.7,0,0,0.9396926207859084,-0.3420201433256687,DB03
202002151500,104,13.1,0,0,0.6427876096865395,-0.7660444431189779,DB03
202002151600,104,12.0,0,0,0.9396926207859084,-0.3420201433256687,DB04
202002151700,104,11.6,0,0,0.6427876096865395,-0.7660444431189779,DB04
202002151800,104,11.3,0,0,0.6427876096865395,-0.7660444431189779,DB03
202002151900,104,11.0,0,0,0.0,1.0,DB03
202002152000,104,10.6,0,0,-0.9396926207859083,0.342020143325669,DB02
202002152100,104,8.9,0,0,-0.3420201433256686,0.9396926207859084,DB04
202002152200,104,7.1,0,0,-0.3420201433256686,0.9396926207859084,DB04
202002152300,104,5.9,0,0,-0.3420201433256686,0.9396926207859084,DB04
202002160000,104,5.8,0,0,-0.6427876096865396,0.7660444431189778,DB04
202002160100,104,5.5,0,0,-0.6427876096865396,0.7660444431189778,DB04
202002160200,104,5.1,0,0,-0.6427876096865396,0.7660444431189778,DB04
202002160300,104,5.0,100,1,-0.6427876096865396,0.7660444431189778,DB04
202002160400,104,4.3,0,0,-0.6427876096865396,0.7660444431189778,DB04
202002160500,104,3.8,0,0,-0.6427876096865396,0.7660444431189778,DB04
202002160600,104,3.2,100,1,-0.6427876096865396,0.7660444431189778,DB04
202002160700,104,3.5,0,0,-0.6427876096865396,0.7660444431189778,DB04
202002160800,104,3.7,0,0,-0.6427876096865396,0.7660444431189778,DB04
202002160900,104,4.0,100,1,-0.6427876096865396,0.7660444431189778,DB04
202002161000,104,4.9,0,0,-0.6427876096865396,0.7660444431189778,DB03
202002161100,104,5.9,0,0,-0.6427876096865396,0.7660444431189778,DB03
202002161200,104,5.5,0,0,-0.9396926207859084,-0.34202014332566855,DB03
202002161300,104,5.3,0,0,-0.9396926207859084,-0.34202014332566855,DB03
202002161400,104,4.3,0,0,-1.0,-1.8369701987210297e-16,DB03
202002161500,104,2.4,0,0,-1.0,-1.8369701987210297e-16,DB03
202002161600,104,2.9,0,0,-1.0,-1.8369701987210297e-16,DB04
202002161700,104,2.6,0,0,-1.0,-1.8369701987210297e-16,DB03
202002161800,104,1.4,0,0,-1.0,-1.8369701987210297e-16,DB02
202002161900,104,0.9,0,0,-0.9396926207859084,-0.34202014332566855,DB01
202002162000,104,0.0,0,0,-1.0,-1.8369701987210297e-16,DB03
202002162100,104,-0.1,0,0,-0.9396926207859084,-0.34202014332566855,DB03
202002162200,104,-0.1,0,0,-1.0,-1.8369701987210297e-16,DB03
202002162300,104,-0.6,0,0,-1.0,-1.8369701987210297e-16,DB03
202002170000,104,-1.4,0,0,-0.9396926207859084,-0.34202014332566855,DB02
202002170100,104,-1.8,0,0,-0.9396926207859084,-0.34202014332566855,DB03
202002170200,104,-2.5,0,0,-0.34202014332566866,-0.9396926207859084,DB03
202002170300,104,-2.3,0,0,-0.9396926207859084,-0.34202014332566855,DB03
202002170400,104,-2.3,0,0,-1.0,-1.8369701987210297e-16,DB03
202002170500,104,-2.5,0,0,-1.0,-1.8369701987210297e-16,DB03
202002170600,104,-2.4,0,0,-1.0,-1.8369701987210297e-16,DB03
202002170700,104,-2.4,0,0,-1.0,-1.8369701987210297e-16,DB03
202002170800,104,-2.1,0,0,-1.0,-1.8369701987210297e-16,DB03
202002170900,104,-1.7,0,0,-1.0,-1.8369701987210297e-16,DB03
202002171000,104,-0.9,0,0,-1.0,-1.8369701987210297e-16,DB03
202002171100,104,-0.6,0,0,-1.0,-1.8369701987210297e-16,DB03
202002171200,104,-0.8,0,0,-1.0,-1.8369701987210297e-16,DB04
202002171300,104,-1.2,0,0,-1.0,-1.8369701987210297e-16,DB04
202002171400,104,-0.2,0,0,-1.0,-1.8369701987210297e-16,DB03
202002171500,104,-0.6,0,0,-1.0,-1.8369701987210297e-16,DB03
202002171600,104,-0.6,0,0,-1.0,-1.8369701987210297e-16,DB03
202002171700,104,-1.5,0,0,-1.0,-1.8369701987210297e-16,DB03
202002171800,104,-2.2,0,0,-1.0,-1.8369701987210297e-16,DB03
202002171900,104,-2.5,0,0,-1.0,-1.8369701987210297e-16,DB03
202002172000,104,-3.1,0,0,-1.0,-1.8369701987210297e-16,DB02
202002172100,104,-3.5,0,0,-1.0,-1.8369701987210297e-16,DB01
202002172200,104,-4.0,0,0,-1.0,-1.8369701987210297e-16,DB01
202002172300,104,-4.3,0,0,-0.9396926207859084,-0.34202014332566855,DB01
202002180000,104,-4.6,0,0,-1.0,-1.8369701987210297e-16,DB01
202002180100,104,-4.6,0,0,-1.0,-1.8369701987210297e-16,DB01
202002180200,104,-4.9,0,0,-1.0,-1.8369701987210297e-16,DB01
202002180300,104,-5.3,0,0,-0.7660444431189779,-0.6427876096865395,DB01
202002180400,104,-5.0,0,0,-0.9396926207859084,-0.34202014332566855,DB01
202002180500,104,-5.8,0,0,1.2246467991473532e-16,-1.0,DB01
202002180600,104,-5.8,0,0,0.3420201433256689,-0.9396926207859083,DB01
202002180700,104,-5.9,0,0,1.2246467991473532e-16,-1.0,DB01
202002180800,104,-5.1,0,0,0.3420201433256689,-0.9396926207859083,DB01
202002180900,104,-2.5,0,0,0.3420201433256689,-0.9396926207859083,DB01
202002181000,104,-1.1,0,0,0.3420201433256689,-0.9396926207859083,DB01
202002181100,104,1.1,0,0,1.2246467991473532e-16,-1.0,DB01
202002181200,104,1.9,0,0,0.0,1.0,DB01
202002181300,104,3.5,0,0,0.9396926207859084,-0.3420201433256687,DB01
202002181400,104,4.6,0,0,0.9396926207859083,0.3420201433256688,DB01
202002181500,104,4.2,0,0,0.9396926207859084,-0.3420201433256687,DB01
202002181600,104,5.1,0,0,1.0,6.123233995736766e-17,DB01
202002181700,104,5.9,0,0,-0.6427876096865396,0.7660444431189778,DB01
202002181800,104,3.7,0,0,-0.6427876096865396,0.7660444431189778,DB01
202002181900,104,0.8,0,0,0.3420201433256689,-0.9396926207859083,DB01
202002182000,104,-0.4,0,0,0.3420201433256689,-0.9396926207859083,DB01
202002182100,104,-0.3,0,0,0.3420201433256689,-0.9396926207859083,DB01
202002182200,104,-0.7,0,0,0.3420201433256689,-0.9396926207859083,DB01
202002182300,104,-0.3,0,0,0.3420201433256689,-0.9396926207859083,DB01
202002190000,104,0.3,0,0,1.2246467991473532e-16,-1.0,DB01
202002190100,104,-0.1,0,0,1.2246467991473532e-16,-1.0,DB04
202002190200,104,-0.1,0,0,1.2246467991473532e-16,-1.0,DB04
202002190300,104,-0.4,0,0,0.3420201433256689,-0.9396926207859083,DB02
202002190400,104,-0.7,0,0,1.2246467991473532e-16,-1.0,DB03
202002190500,104,-1.4,0,0,0.3420201433256689,-0.9396926207859083,DB03
202002190600,104,-1.3,0,0,0.6427876096865395,-0.7660444431189779,DB03
202002190700,104,-1.0,0,0,0.3420201433256689,-0.9396926207859083,DB02
202002190800,104,0.2,0,0,1.2246467991473532e-16,-1.0,DB01
202002190900,104,3.0,0,0,0.3420201433256689,-0.9396926207859083,DB01
202002191000,104,5.1,0,0,0.6427876096865395,-0.7660444431189779,DB01
202002191100,104,6.6,0,0,1.0,6.123233995736766e-17,DB01
202002191200,104,6.3,0,0,0.766044443118978,0.6427876096865394,DB01
202002191300,104,7.1,0,0,0.3420201433256687,0.9396926207859084,DB01
202002191400,104,7.2,0,0,0.9396926207859083,0.3420201433256688,DB02
202002191500,104,7.3,0,0,0.766044443118978,0.6427876096865394,DB03
202002191600,104,7.5,0,0,0.3420201433256687,0.9396926207859084,DB03
202002191700,104,6.6,0,0,1.0,6.123233995736766e-17,DB03
202002191800,104,5.3,0,0,0.0,1.0,DB03
202002191900,104,3.9,0,0,-0.9396926207859084,-0.34202014332566855,DB03
202002192000,104,2.9,0,0,0.0,1.0,DB03
202002192100,104,2.2,0,0,-0.34202014332566866,-0.9396926207859084,DB03
202002192200,104,2.9,0,0,-0.7660444431189779,-0.6427876096865395,DB03
202002192300,104,2.3,0,0,0.0,1.0,DB03
202002200000,104,3.1,0,0,1.2246467991473532e-16,-1.0,DB03
202002200100,104,2.7,0,0,0.3420201433256689,-0.9396926207859083,DB03
202002200200,104,2.7,0,0,-0.34202014332566866,-0.9396926207859084,DB02
202002200300,104,3.0,0,0,1.2246467991473532e-16,-1.0,DB03
202002200400,104,2.1,0,0,0.6427876096865395,-0.7660444431189779,DB03
202002200500,104,2.3,0,0,1.2246467991473532e-16,-1.0,DB03
202002200600,104,2.8,0,0,1.2246467991473532e-16,-1.0,DB01
202002200700,104,2.4,0,0,1.2246467991473532e-16,-1.0,DB01
202002200800,104,3.2,0,0,1.2246467991473532e-16,-1.0,DB01
202002200900,104,5.4,0,0,0.3420201433256689,-0.9396926207859083,DB01
202002201000,104,8.1,0,0,0.0,1.0,DB01
202002201100,104,8.8,0,0,0.0,1.0,DB01
202002201200,104,9.0,0,0,0.3420201433256687,0.9396926207859084,DB01
202002201300,104,10.1,0,0,0.9396926207859083,0.3420201433256688,DB01
202002201400,104,9.3,0,0,0.3420201433256687,0.9396926207859084,DB01
202002201500,104,9.8,0,0,0.9396926207859084,-0.3420201433256687,DB01
202002201600,104,9.1,0,0,0.9396926207859084,-0.3420201433256687,DB01
202002201700,104,8.7,0,0,1.0,6.123233995736766e-17,DB01
202002201800,104,6.9,0,0,0.6427876096865395,-0.7660444431189779,DB01
202002201900,104,5.1,0,0,-1.0,-1.8369701987210297e-16,DB01
202002202000,104,4.7,0,0,-0.9396926207859084,-0.34202014332566855,DB01
202002202100,104,3.2,0,0,0.3420201433256689,-0.9396926207859083,DB01
202002202200,104,4.2,0,0,-0.34202014332566866,-0.9396926207859084,DB01
202002202300,104,2.2,0,0,1.2246467991473532e-16,-1.0,DB01
202002210000,104,4.5,0,0,-0.34202014332566866,-0.9396926207859084,DB01
202002210100,104,4.6,0,0,1.2246467991473532e-16,-1.0,DB02
202002210200,104,5.6,0,0,1.2246467991473532e-16,-1.0,DB03
202002210300,104,6.4,0,0,1.2246467991473532e-16,-1.0,DB03
202002210400,104,6.9,0,0,-0.34202014332566866,-0.9396926207859084,DB04
202002210500,104,4.9,0,0,-1.0,-1.8369701987210297e-16,DB04
202002210600,104,6.0,0,0,1.2246467991473532e-16,-1.0,DB04
202002210700,104,6.8,0,0,0.3420201433256689,-0.9396926207859083,DB04
202002210800,104,6.6,0,0,-0.9396926207859084,-0.34202014332566855,DB04
202002210900,104,8.5,0,0,-0.34202014332566866,-0.9396926207859084,DB04
202002211000,104,8.9,0,0,0.9396926207859084,-0.3420201433256687,DB04
202002211100,104,9.8,0,0,-0.7660444431189779,-0.6427876096865395,DB04
202002211200,104,10.2,0,0,0.6427876096865395,-0.7660444431189779,DB04
202002211300,104,11.7,0,0,0.6427876096865395,-0.7660444431189779,DB04
202002211400,104,13.4,0,0,-0.9396926207859084,-0.34202014332566855,DB04
202002211500,104,13.9,0,0,-0.7660444431189779,-0.6427876096865395,DB04
202002211600,104,13.1,0,0,-0.7660444431189779,-0.6427876096865395,DB04
202002211700,104,12.6,0,0,-0.9396926207859084,-0.34202014332566855,DB04
202002211800,104,11.8,0,0,-0.34202014332566866,-0.9396926207859084,DB04
202002211900,104,11.2,0,0,-0.7660444431189779,-0.6427876096865395,DB04
202002212000,104,10.6,0,0,-0.9396926207859084,-0.34202014332566855,DB03
202002212100,104,8.8,0,0,0.3420201433256689,-0.9396926207859083,DB02
202002212200,104,6.9,0,0,0.3420201433256689,-0.9396926207859083,DB02
202002212300,104,7.0,0,0,1.2246467991473532e-16,-1.0,DB03
202002220000,104,9.3,0,0,-1.0,-1.8369701987210297e-16,DB03
202002220100,104,8.9,0,0,-0.9396926207859084,-0.34202014332566855,DB03
202002220200,104,8.7,0,0,0.6427876096865395,-0.7660444431189779,DB03
202002220300,104,8.5,0,0,0.0,1.0,DB03
202002220400,104,7.1,0,0,0.3420201433256689,-0.9396926207859083,DB02
202002220500,104,6.6,0,0,0.3420201433256689,-0.9396926207859083,DB03
202002220600,104,6.4,0,0,-0.9396926207859084,-0.34202014332566855,DB02
202002220700,104,7.2,0,0,-1.0,-1.8369701987210297e-16,DB02
202002220800,104,6.8,0,0,-0.9396926207859084,-0.34202014332566855,DB02
202002220900,104,7.2,0,0,-0.9396926207859084,-0.34202014332566855,DB02
202002221000,104,7.6,0,0,-1.0,-1.8369701987210297e-16,DB01
202002221100,104,7.9,0,0,-1.0,-1.8369701987210297e-16,DB01
202002221200,104,7.4,0,0,-1.0,-1.8369701987210297e-16,DB01
202002221300,104,8.2,0,0,-1.0,-1.8369701987210297e-16,DB01
202002221400,104,7.6,0,0,-1.0,-1.8369701987210297e-16,DB01
202002221500,104,8.1,0,0,-1.0,-1.8369701987210297e-16,DB02
202002221600,104,6.0,0,0,-1.0,-1.8369701987210297e-16,DB02
202002221700,104,4.6,0,0,-0.9396926207859084,-0.34202014332566855,DB02
202002221800,104,5.1,0,0,-1.0,-1.8369701987210297e-16,DB02
202002221900,104,5.4,0,0,-0.3420201433256686,0.9396926207859084,DB03
202002222000,104,4.8,0,0,-0.6427876096865396,0.7660444431189778,DB01
202002222100,104,4.3,0,0,-1.0,-1.8369701987210297e-16,DB01
202002222200,104,3.9,0,0,-0.9396926207859083,0.342020143325669,DB01
202002222300,104,3.0,0,0,-0.9396926207859083,0.342020143325669,DB01
202002230000,104,2.3,0,0,-0.6427876096865396,0.7660444431189778,DB01
202002230100,104,0.6,0,0,-0.7660444431189779,-0.6427876096865395,DB01
202002230200,104,1.3,0,0,-0.6427876096865396,0.7660444431189778,DB01
202002230300,104,0.0,0,0,-1.0,-1.8369701987210297e-16,DB01
202002230400,104,-0.3,0,0,0.3420201433256689,-0.9396926207859083,DB01
202002230500,104,-1.1,0,0,0.9396926207859084,-0.3420201433256687,DB01
202002230600,104,-1.6,0,0,1.2246467991473532e-16,-1.0,DB01
202002230700,104,-0.4,0,0,0.3420201433256689,-0.9396926207859083,DB01
202002230800,104,1.3,0,0,0.3420201433256689,-0.9396926207859083,DB01
202002230900,104,4.8,0,0,-0.9396926207859083,0.342020143325669,DB01
202002231000,104,6.5,0,0,-0.9396926207859083,0.342020143325669,DB01
202002231100,104,8.1,0,0,-1.0,-1.8369701987210297e-16,DB01
202002231200,104,8.8,0,0,-0.3420201433256686,0.9396926207859084,DB01
202002231300,104,9.5,0,0,-0.3420201433256686,0.9396926207859084,DB01
202002231400,104,10.8,0,0,-1.0,-1.8369701987210297e-16,DB01
202002231500,104,10.8,0,0,-0.9396926207859083,0.342020143325669,DB01
202002231600,104,10.7,0,0,-0.9396926207859084,-0.34202014332566855,DB01
202002231700,104,9.0,0,0,-0.7660444431189779,-0.6427876096865395,DB01
202002231800,104,7.1,0,0,-0.7660444431189779,-0.6427876096865395,DB01
202002231900,104,5.0,0,0,0.3420201433256689,-0.9396926207859083,DB01
202002232000,104,6.4,0,0,-0.9396926207859084,-0.34202014332566855,DB02
202002232100,104,6.1,0,0,-0.34202014332566866,-0.9396926207859084,DB01
202002232200,104,5.4,0,0,0.3420201433256689,-0.9396926207859083,DB01
202002232300,104,4.7,0,0,0.6427876096865395,-0.7660444431189779,DB01
202002240000,104,5.7,0,0,0.3420201433256689,-0.9396926207859083,DB01
202002240100,104,6.4,0,0,-0.34202014332566866,-0.9396926207859084,DB01
202002240200,104,4.4,0,0,0.6427876096865395,-0.7660444431189779,DB01
202002240300,104,4.3,0,0,0.3420201433256689,-0.9396926207859083,DB01
202002240400,104,5.8,0,0,0.3420201433256689,-0.9396926207859083,DB01
202002240500,104,5.4,0,0,0.3420201433256689,-0.9396926207859083,DB01
202002240600,104,4.9,0,0,1.2246467991473532e-16,-1.0,DB01
202002240700,104,4.3,0,0,1.2246467991473532e-16,-1.0,DB01
202002240800,104,5.4,0,0,0.3420201433256689,-0.9396926207859083,DB01
202002240900,104,8.6,0,0,0.3420201433256689,-0.9396926207859083,DB01
202002241000,104,10.6,0,0,-0.3420201433256686,0.9396926207859084,DB01
202002241100,104,11.9,0,0,0.6427876096865395,-0.7660444431189779,DB01
202002241200,104,12.0,0,0,0.3420201433256687,0.9396926207859084,DB03
202002241300,104,12.1,0,0,0.766044443118978,0.6427876096865394,DB02
202002241400,104,12.8,0,0,0.9396926207859083,0.3420201433256688,DB03
202002241500,104,11.6,0,0,1.0,6.123233995736766e-17,DB03
202002241600,104,12.2,0,0,0.9396926207859084,-0.3420201433256687,DB03
202002241700,104,12.3,0,0,-0.9396926207859083,0.342020143325669,DB03
202002241800,104,11.0,0,0,-0.6427876096865396,0.7660444431189778,DB04
202002241900,104,10.2,0,0,0.9396926207859083,0.3420201433256688,DB04
202002242000,104,9.2,0,0,-1.0,-1.8369701987210297e-16,DB04
202002242100,104,9.4,0,0,-0.34202014332566866,-0.9396926207859084,DB04
202002242200,104,9.5,0,0,1.2246467991473532e-16,-1.0,DB04
202002242300,104,10.5,0,0,1.2246467991473532e-16,-1.0,DB04
202002250000,104,9.8,0,0,1.2246467991473532e-16,-1.0,DB04
202002250100,104,9.6,0,0,1.2246467991473532e-16,-1.0,DB04
202002250200,104,9.9,0,0,-0.9396926207859084,-0.34202014332566855,DB04
202002250300,104,9.6,0,0,0.6427876096865395,-0.7660444431189779,DB04
202002250400,104,9.4,0,0,-0.9396926207859084,-0.34202014332566855,DB04
202002250500,104,9.3,0,0,-0.9396926207859083,0.342020143325669,DB04
202002250600,104,7.9,0,0,-0.9396926207859083,0.342020143325669,DB04
202002250700,104,5.8,0,0,-1.0,-1.8369701987210297e-16,DB04
202002250800,104,5.8,0,0,-0.9396926207859084,-0.34202014332566855,DB04
202002250900,104,5.2,100,1,-0.9396926207859084,-0.34202014332566855,DB04
202002251000,104,5.2,0,0,-0.7660444431189779,-0.6427876096865395,DB04
202002251100,104,5.3,0,0,0.0,1.0,DB04
202002251200,104,4.2,100,1,-0.7660444431189779,-0.6427876096865395,DB04
202002251300,104,3.9,0,0,-0.7660444431189779,-0.6427876096865395,DB04
202002251400,104,3.7,0,0,-0.9396926207859084,-0.34202014332566855,DB04
202002251500,104,3.9,100,1,-1.0,-1.8369701987210297e-16,DB04
202002251600,104,5.1,0,0,-0.9396926207859083,0.342020143325669,DB04
202002251700,104,5.0,0,0,-0.9396926207859083,0.342020143325669,DB04
202002251800,104,5.1,100,1,0.0,1.0,DB04
202002251900,104,5.8,0,0,0.766044443118978,0.6427876096865394,DB04
202002252000,104,6.0,0,0,0.766044443118978,0.6427876096865394,DB04
202002252100,104,5.9,100,1,0.766044443118978,0.6427876096865394,DB04
202002252200,104,5.4,0,0,-0.6427876096865396,0.7660444431189778,DB04
202002252300,104,5.2,0,0,-0.9396926207859083,0.342020143325669,DB04
202002260000,104,5.2,100,1,0.3420201433256687,0.9396926207859084,DB04
202002260100,104,4.8,0,0,-0.6427876096865396,0.7660444431189778,DB04
202002260200,104,4.2,0,0,-0.9396926207859083,0.342020143325669,DB04
202002260300,104,4.0,100,1,-0.9396926207859083,0.342020143325669,DB04
202002260400,104,3.9,0,0,-0.9396926207859083,0.342020143325669,DB04
202002260500,104,3.9,0,0,-0.9396926207859083,0.342020143325669,DB04
202002260600,104,3.7,100,1,-0.9396926207859083,0.342020143325669,DB04
202002260700,104,3.7,0,0,-1.0,-1.8369701987210297e-16,DB04
202002260800,104,3.8,0,0,-0.9396926207859084,-0.34202014332566855,DB04
202002260900,104,4.0,100,1,-0.9396926207859084,-0.34202014332566855,DB04
202002261000,104,4.4,0,0,-0.6427876096865396,0.7660444431189778,DB04
202002261100,104,4.6,0,0,0.0,1.0,DB04
202002261200,104,4.4,100,1,0.0,1.0,DB04
202002261300,104,4.4,0,0,0.3420201433256687,0.9396926207859084,DB04
202002261400,104,4.3,0,0,-0.3420201433256686,0.9396926207859084,DB04
202002261500,104,3.9,100,1,-0.6427876096865396,0.7660444431189778,DB04
202002261600,104,3.8,0,0,-0.6427876096865396,0.7660444431189778,DB04
202002261700,104,3.3,0,0,-0.6427876096865396,0.7660444431189778,DB04
202002261800,104,2.3,100,1,-0.6427876096865396,0.7660444431189778,DB04
202002261900,104,0.5,0,0,-1.0,-1.8369701987210297e-16,DB04
202002262000,104,0.9,0,0,-0.9396926207859084,-0.34202014332566855,DB04
202002262100,104,1.5,100,1,-0.9396926207859084,-0.34202014332566855,DB04
202002262200,104,1.6,0,0,-1.0,-1.8369701987210297e-16,DB04
202002262300,104,1.8,0,0,0.0,1.0,DB04
202002270000,104,1.8,0,0,-0.34202014332566866,-0.9396926207859084,DB04
202002270100,104,2.0,0,0,-0.9396926207859083,0.342020143325669,DB04
202002270200,104,1.8,0,0,-1.0,-1.8369701987210297e-16,DB04
202002270300,104,1.7,100,1,-1.0,-1.8369701987210297e-16,DB04
202002270400,104,1.5,0,0,-1.0,-1.8369701987210297e-16,DB04
202002270500,104,1.4,0,0,-1.0,-1.8369701987210297e-16,DB04
202002270600,104,1.7,0,0,-0.9396926207859084,-0.34202014332566855,DB04
202002270700,104,1.8,0,0,-0.9396926207859084,-0.34202014332566855,DB03
202002270800,104,1.9,0,0,-0.34202014332566866,-0.9396926207859084,DB03
202002270900,104,3.0,0,0,-0.9396926207859084,-0.34202014332566855,DB03
202002271000,104,4.4,0,0,-0.9396926207859084,-0.34202014332566855,DB03
202002271100,104,4.9,0,0,0.3420201433256689,-0.9396926207859083,DB03
202002271200,104,5.1,0,0,-0.9396926207859084,-0.34202014332566855,DB03
202002271300,104,5.9,0,0,0.766044443118978,0.6427876096865394,DB03
202002271400,104,5.1,0,0,0.766044443118978,0.6427876096865394,DB03
202002271500,104,5.1,0,0,0.9396926207859083,0.3420201433256688,DB03
202002271600,104,5.9,0,0,1.0,6.123233995736766e-17,DB02
202002271700,104,4.9,0,0,1.0,6.123233995736766e-17,DB03
202002271800,104,4.5,0,0,0.9396926207859084,-0.3420201433256687,DB03
202002271900,104,3.3,0,0,0.3420201433256689,-0.9396926207859083,DB03
202002272000,104,1.9,0,0,-0.34202014332566866,-0.9396926207859084,DB01
202002272100,104,1.7,0,0,1.2246467991473532e-16,-1.0,DB01
202002272200,104,1.0,0,0,0.3420201433256689,-0.9396926207859083,DB01
202002272300,104,2.0,0,0,1.2246467991473532e-16,-1.0,DB01
202002280000,104,-0.1,0,0,0.3420201433256689,-0.9396926207859083,DB01
202002280100,104,0.4,0,0,1.2246467991473532e-16,-1.0,DB01
202002280200,104,-0.3,0,0,0.6427876096865395,-0.7660444431189779,DB03
202002280300,104,0.9,0,0,0.3420201433256689,-0.9396926207859083,DB01
202002280400,104,2.5,0,0,0.3420201433256689,-0.9396926207859083,DB03
202002280500,104,2.9,0,0,0.3420201433256689,-0.9396926207859083,DB03
202002280600,104,2.7,0,0,0.3420201433256689,-0.9396926207859083,DB04
202002280700,104,3.8,0,0,0.3420201433256689,-0.9396926207859083,DB04
202002280800,104,4.2,0,0,0.3420201433256689,-0.9396926207859083,DB04
202002280900,104,5.3,0,0,0.3420201433256689,-0.9396926207859083,DB04
202002281000,104,6.6,0,0,0.3420201433256689,-0.9396926207859083,DB04
202002281100,104,7.5,0,0,1.2246467991473532e-16,-1.0,DB04
202002281200,104,6.7,0,0,0.9396926207859084,-0.3420201433256687,DB04
202002281300,104,7.5,0,0,0.9396926207859084,-0.3420201433256687,DB04
202002281400,104,8.0,0,0,0.6427876096865395,-0.7660444431189779,DB04
202002281500,104,8.6,0,0,0.3420201433256689,-0.9396926207859083,DB04
202002281600,104,8.7,0,0,0.6427876096865395,-0.7660444431189779,DB03
202002281700,104,8.4,0,0,1.2246467991473532e-16,-1.0,DB03
202002281800,104,7.7,0,0,-0.9396926207859084,-0.34202014332566855,DB03
202002281900,104,7.1,0,0,1.2246467991473532e-16,-1.0,DB04
202002282000,104,6.9,0,0,-0.7660444431189779,-0.6427876096865395,DB04
202002282100,104,6.5,0,0,1.2246467991473532e-16,-1.0,DB03
202002282200,104,6.6,0,0,1.2246467991473532e-16,-1.0,DB03
202002282300,104,6.9,0,0,1.2246467991473532e-16,-1.0,DB04
202002290000,104,6.3,0,0,0.3420201433256689,-0.9396926207859083,DB04
202002290100,104,6.0,0,0,0.3420201433256689,-0.9396926207859083,DB01
202002290200,104,4.4,0,0,-0.9396926207859083,0.342020143325669,DB01
202002290300,104,3.4,0,0,1.2246467991473532e-16,-1.0,DB02
202002290400,104,5.1,0,0,-0.34202014332566866,-0.9396926207859084,DB02
202002290500,104,4.5,0,0,-0.9396926207859084,-0.34202014332566855,DB01
202002290600,104,4.4,0,0,-0.7660444431189779,-0.6427876096865395,DB01
202002290700,104,3.0,0,0,0.0,1.0,DB02
202002290800,104,4.3,0,0,0.9396926207859084,-0.3420201433256687,DB02
202002290900,104,7.2,0,0,0.0,1.0,DB03
202002291000,104,9.1,0,0,0.0,1.0,DB03
202002291100,104,8.3,0,0,0.0,1.0,DB03
202002291200,104,8.1,0,0,-0.3420201433256686,0.9396926207859084,DB03
202002291300,104,8.3,0,0,0.3420201433256687,0.9396926207859084,DB03
202002291400,104,8.7,0,0,0.3420201433256687,0.9396926207859084,DB03
202002291500,104,8.0,0,0,0.0,1.0,DB03
202002291600,104,8.1,0,0,-0.3420201433256686,0.9396926207859084,DB03
202002291700,104,7.9,0,0,-0.3420201433256686,0.9396926207859084,DB03
202002291800,104,7.5,0,0,-1.0,-1.8369701987210297e-16,DB04
202002291900,104,5.5,0,0,1.2246467991473532e-16,-1.0,DB04
202002292000,104,4.8,0,0,-0.9396926207859084,-0.34202014332566855,DB04
202002292100,104,4.9,0,0,-0.9396926207859084,-0.34202014332566855,DB02
202002292200,104,4.3,0,0,-0.34202014332566866,-0.9396926207859084,DB03
202002292300,104,3.8,0,0,-0.7660444431189779,-0.6427876096865395,DB01
202003010000,104,2.7,0,0,1.2246467991473532e-16,-1.0,DB01
202003010100,104,3.7,0,0,-0.34202014332566866,-0.9396926207859084,DB03
202003010200,104,3.0,0,0,0.0,1.0,DB01
202003010300,104,2.6,0,0,-0.34202014332566866,-0.9396926207859084,DB02
202003010400,104,1.7,0,0,0.3420201433256689,-0.9396926207859083,DB02
202003010500,104,2.0,0,0,-0.34202014332566866,-0.9396926207859084,DB01
202003010600,104,1.9,0,0,0.0,1.0,DB01
202003010700,104,2.1,0,0,-0.34202014332566866,-0.9396926207859084,DB01
202003010800,104,3.5,0,0,0.0,1.0,DB01
202003010900,104,7.4,0,0,0.3420201433256689,-0.9396926207859083,DB01
202003011000,104,10.2,0,0,0.6427876096865395,-0.7660444431189779,DB01
202003011100,104,11.0,0,0,0.9396926207859084,-0.3420201433256687,DB01
202003011200,104,12.4,0,0,0.3420201433256689,-0.9396926207859083,DB03
202003011300,104,11.3,0,0,0.6427876096865395,-0.7660444431189779,DB03
202003011400,104,11.1,0,0,0.9396926207859084,-0.3420201433256687,DB02
202003011500,104,10.8,0,0,0.9396926207859084,-0.3420201433256687,DB03
202003011600,104,10.4,0,0,0.9396926207859084,-0.3420201433256687,DB04
202003011700,104,10.2,0,0,0.9396926207859084,-0.3420201433256687,DB03
202003011800,104,9.6,0,0,0.9396926207859084,-0.3420201433256687,DB04
202003011900,104,8.9,0,0,0.0,1.0,DB04
202003012000,104,8.3,0,0,-0.6427876096865396,0.7660444431189778,DB04
202003012100,104,7.7,0,0,-0.6427876096865396,0.7660444431189778,DB04
202003012200,104,7.4,0,0,-0.6427876096865396,0.7660444431189778,DB04
202003012300,104,6.9,0,0,-0.7660444431189779,-0.6427876096865395,DB04
202003020000,104,7.7,0,0,-0.7660444431189779,-0.6427876096865395,DB04
202003020100,104,7.4,0,0,-0.7660444431189779,-0.6427876096865395,DB04
202003020200,104,7.2,0,0,-0.9396926207859084,-0.34202014332566855,DB03
202003020300,104,6.7,0,0,0.3420201433256689,-0.9396926207859083,DB04
202003020400,104,5.9,0,0,-0.9396926207859084,-0.34202014332566855,DB02
202003020500,104,5.2,0,0,-0.6427876096865396,0.7660444431189778,DB01
202003020600,104,4.1,0,0,-1.0,-1.8369701987210297e-16,DB01
202003020700,104,3.3,0,0,-1.0,-1.8369701987210297e-16,DB01
202003020800,104,4.7,0,0,-0.6427876096865396,0.7660444431189778,DB01
202003020900,104,5.9,0,0,-0.9396926207859083,0.342020143325669,DB01
202003021000,104,6.7,0,0,-0.6427876096865396,0.7660444431189778,DB01
202003021100,104,6.7,0,0,-0.6427876096865396,0.7660444431189778,DB03
202003021200,104,7.1,0,0,-0.6427876096865396,0.7660444431189778,DB03
202003021300,104,6.6,0,0,-0.3420201433256686,0.9396926207859084,DB04
202003021400,104,6.3,0,0,0.0,1.0,DB03
202003021500,104,6.6,0,0,-0.6427876096865396,0.7660444431189778,DB03
202003021600,104,5.9,0,0,-0.3420201433256686,0.9396926207859084,DB04
202003021700,104,5.5,0,0,0.0,1.0,DB03
202003021800,104,4.7,0,0,-0.6427876096865396,0.7660444431189778,DB03
202003021900,104,4.3,0,0,-0.6427876096865396,0.7660444431189778,DB03
202003022000,104,3.2,0,0,0.766044443118978,0.6427876096865394,DB04
202003022100,104,2.7,100,1,-1.0,-1.8369701987210297e-16,DB04
202003022200,104,2.8,0,0,-0.9396926207859083,0.342020143325669,DB04
202003022300,104,2.9,0,0,0.6427876096865395,-0.7660444431189779,DB03
202003030000,104,3.0,100,1,1.2246467991473532e-16,-1.0,DB02
202003030100,104,2.1,0,0,1.2246467991473532e-16,-1.0,DB03
202003030200,104,2.6,0,0,0.3420201433256689,-0.9396926207859083,DB04
202003030300,104,1.8,0,0,0.0,1.0,DB02
202003030400,104,1.9,0,0,1.2246467991473532e-16,-1.0,DB03
202003030500,104,1.6,0,0,0.0,1.0,DB02
202003030600,104,0.6,0,0,1.2246467991473532e-16,-1.0,DB02
202003030700,104,0.6,0,0,0.3420201433256689,-0.9396926207859083,DB02
202003030800,104,1.7,0,0,0.3420201433256689,-0.9396926207859083,DB03
202003030900,104,5.0,0,0,0.6427876096865395,-0.7660444431189779,DB03
202003031000,104,7.0,0,0,0.6427876096865395,-0.7660444431189779,DB03
202003031100,104,7.9,0,0,0.9396926207859084,-0.3420201433256687,DB03
202003031200,104,9.5,0,0,0.9396926207859084,-0.3420201433256687,DB03
202003031300,104,9.7,0,0,0.9396926207859084,-0.3420201433256687,DB03
202003031400,104,9.3,0,0,0.9396926207859084,-0.3420201433256687,DB02
202003031500,104,9.6,0,0,0.9396926207859084,-0.3420201433256687,DB02
202003031600,104,9.4,0,0,0.9396926207859084,-0.3420201433256687,DB02
202003031700,104,8.3,0,0,0.9396926207859084,-0.3420201433256687,DB03
202003031800,104,8.0,0,0,0.6427876096865395,-0.7660444431189779,DB03
202003031900,104,7.3,0,0,0.6427876096865395,-0.7660444431189779,DB03
202003032000,104,6.7,0,0,0.0,1.0,DB04
202003032100,104,6.3,0,0,0.3420201433256689,-0.9396926207859083,DB04
202003032200,104,6.6,0,0,0.3420201433256689,-0.9396926207859083,DB04
202003032300,104,6.0,0,0,-0.6427876096865396,0.7660444431189778,DB04
202003040000,104,8.4,0,0,-0.34202014332566866,-0.9396926207859084,DB04
202003040100,104,8.5,0,0,-0.7660444431189779,-0.6427876096865395,DB04
202003040200,104,8.0,0,0,1.2246467991473532e-16,-1.0,DB03
202003040300,104,6.4,0,0,1.2246467991473532e-16,-1.0,DB03
202003040400,104,5.5,0,0,-0.7660444431189779,-0.6427876096865395,DB04
202003040500,104,4.9,0,0,-0.9396926207859084,-0.34202014332566855,DB03
202003040600,104,4.1,0,0,-0.7660444431189779,-0.6427876096865395,DB03
202003040700,104,4.1,0,0,0.6427876096865395,-0.7660444431189779,DB04
202003040800,104,5.4,0,0,-1.0,-1.8369701987210297e-16,DB02
202003040900,104,6.3,0,0,-0.9396926207859083,0.342020143325669,DB02
202003041000,104,6.9,0,0,-1.0,-1.8369701987210297e-16,DB02
202003041100,104,6.9,0,0,-1.0,-1.8369701987210297e-16,DB01
202003041200,104,7.2,0,0,-1.0,-1.8369701987210297e-16,DB01
202003041300,104,8.3,0,0,-0.9396926207859084,-0.34202014332566855,DB01
202003041400,104,8.1,0,0,-1.0,-1.8369701987210297e-16,DB01
202003041500,104,8.0,0,0,-0.9396926207859083,0.342020143325669,DB01
202003041600,104,6.9,0,0,-1.0,-1.8369701987210297e-16,DB01
202003041700,104,5.6,0,0,-1.0,-1.8369701987210297e-16,DB01
202003041800,104,4.0,0,0,-1.0,-1.8369701987210297e-16,DB01
202003041900,104,3.4,0,0,-0.9396926207859083,0.342020143325669,DB01
202003042000,104,2.8,0,0,-0.9396926207859083,0.342020143325669,DB01
202003042100,104,2.6,0,0,-0.9396926207859083,0.342020143325669,DB01
202003042200,104,2.3,0,0,-0.9396926207859083,0.342020143325669,DB01
202003042300,104,2.2,0,0,-1.0,-1.8369701987210297e-16,DB02
202003050000,104,1.2,0,0,-0.7660444431189779,-0.6427876096865395,DB01
202003050100,104,1.6,0,0,-1.0,-1.8369701987210297e-16,DB01
202003050200,104,1.2,0,0,-1.0,-1.8369701987210297e-16,DB01
202003050300,104,-0.3,0,0,1.2246467991473532e-16,-1.0,DB01
202003050400,104,-1.5,0,0,0.6427876096865395,-0.7660444431189779,DB01
202003050500,104,-0.8,0,0,1.2246467991473532e-16,-1.0,DB01
202003050600,104,-0.7,0,0,1.2246467991473532e-16,-1.0,DB01
202003050700,104,-1.1,0,0,-0.34202014332566866,-0.9396926207859084,DB01
202003050800,104,0.1,0,0,0.3420201433256689,-0.9396926207859083,DB01
202003050900,104,2.5,0,0,0.3420201433256689,-0.9396926207859083,DB01
202003051000,104,3.5,0,0,1.0,6.123233995736766e-17,DB01
202003051100,104,5.1,0,0,0.3420201433256687,0.9396926207859084,DB01
202003051200,104,5.7,0,0,0.3420201433256687,0.9396926207859084,DB01
202003051300,104,6.1,0,0,0.766044443118978,0.6427876096865394,DB01
202003051400,104,5.9,0,0,0.9396926207859083,0.3420201433256688,DB01
202003051500,104,6.4,0,0,0.9396926207859083,0.3420201433256688,DB01
202003051600,104,6.3,0,0,1.0,6.123233995736766e-17,DB01
202003051700,104,5.7,0,0,1.0,6.123233995736766e-17,DB01
202003051800,104,4.6,0,0,0.9396926207859084,-0.3420201433256687,DB01
202003051900,104,3.0,0,0,0.0,1.0,DB01
202003052000,104,1.6,0,0,-0.9396926207859084,-0.34202014332566855,DB01
202003052100,104,0.3,0,0,0.6427876096865395,-0.7660444431189779,DB01
202003052200,104,-0.3,0,0,1.2246467991473532e-16,-1.0,DB01
202003052300,104,-0.8,0,0,1.2246467991473532e-16,-1.0,DB01
202003060000,104,0.2,0,0,-1.0,-1.8369701987210297e-16,DB01
202003060100,104,1.4,0,0,0.3420201433256689,-0.9396926207859083,DB01
202003060200,104,1.0,0,0,0.3420201433256689,-0.9396926207859083,DB01
202003060300,104,-0.2,0,0,1.2246467991473532e-16,-1.0,DB01
202003060400,104,0.5,0,0,0.3420201433256689,-0.9396926207859083,DB01
202003060500,104,0.4,0,0,0.3420201433256689,-0.9396926207859083,DB01
202003060600,104,0.4,0,0,0.3420201433256689,-0.9396926207859083,DB01
202003060700,104,0.3,0,0,0.3420201433256689,-0.9396926207859083,DB01
202003060800,104,2.5,0,0,0.3420201433256689,-0.9396926207859083,DB01
202003060900,104,5.3,0,0,0.3420201433256689,-0.9396926207859083,DB01
202003061000,104,7.3,0,0,0.0,1.0,DB01
202003061100,104,8.0,0,0,0.9396926207859083,0.3420201433256688,DB01
202003061200,104,9.1,0,0,0.9396926207859083,0.3420201433256688,DB01
202003061300,104,8.9,0,0,0.9396926207859083,0.3420201433256688,DB01
202003061400,104,8.5,0,0,0.9396926207859084,-0.3420201433256687,DB02
202003061500,104,8.9,0,0,0.9396926207859084,-0.3420201433256687,DB03
202003061600,104,8.8,0,0,0.9396926207859084,-0.3420201433256687,DB02
202003061700,104,9.1,0,0,0.9396926207859084,-0.3420201433256687,DB02
202003061800,104,8.1,0,0,1.0,6.123233995736766e-17,DB02
202003061900,104,5.3,0,0,0.0,1.0,DB01
202003062000,104,4.4,0,0,-1.0,-1.8369701987210297e-16,DB01
202003062100,104,3.0,0,0,0.3420201433256689,-0.9396926207859083,DB01
202003062200,104,2.6,0,0,0.3420201433256689,-0.9396926207859083,DB01
202003062300,104,2.9,0,0,-0.9396926207859084,-0.34202014332566855,DB03
202003070000,104,3.8,0,0,-0.9396926207859084,-0.34202014332566855,DB02
202003070100,104,3.8,0,0,-0.9396926207859084,-0.34202014332566855,DB02
202003070200,104,2.6,0,0,1.2246467991473532e-16,-1.0,DB03
202003070300,104,2.9,0,0,0.3420201433256689,-0.9396926207859083,DB03
202003070400,104,3.2,0,0,-0.9396926207859084,-0.34202014332566855,DB01
202003070500,104,2.7,0,0,-0.34202014332566866,-0.9396926207859084,DB01
202003070600,104,2.7,0,0,-0.7660444431189779,-0.6427876096865395,DB01
202003070700,104,3.0,0,0,-0.9396926207859084,-0.34202014332566855,DB02
202003070800,104,4.9,0,0,0.0,1.0,DB03
202003070900,104,7.5,0,0,-0.6427876096865396,0.7660444431189778,DB03
202003071000,104,8.7,0,0,-0.3420201433256686,0.9396926207859084,DB03
202003071100,104,9.3,0,0,0.3420201433256687,0.9396926207859084,DB04
202003071200,104,9.8,0,0,0.766044443118978,0.6427876096865394,DB04
202003071300,104,9.9,0,0,0.3420201433256687,0.9396926207859084,DB03
202003071400,104,9.3,0,0,0.0,1.0,DB03
202003071500,104,10.5,0,0,0.3420201433256687,0.9396926207859084,DB03
202003071600,104,9.8,0,0,0.0,1.0,DB03
202003071700,104,8.9,0,0,0.0,1.0,DB04
202003071800,104,8.7,0,0,-0.3420201433256686,0.9396926207859084,DB03
202003071900,104,7.7,0,0,-0.9396926207859083,0.342020143325669,DB03
202003072000,104,6.7,0,0,-0.9396926207859084,-0.34202014332566855,DB03
202003072100,104,5.8,0,0,-0.9396926207859084,-0.34202014332566855,DB01
202003072200,104,4.4,0,0,1.2246467991473532e-16,-1.0,DB01
202003072300,104,4.8,0,0,-1.0,-1.8369701987210297e-16,DB02
202003080000,104,3.6,0,0,0.0,1.0,DB01
202003080100,104,3.5,0,0,1.2246467991473532e-16,-1.0,DB01
202003080200,104,3.6,0,0,-0.7660444431189779,-0.6427876096865395,DB01
202003080300,104,3.9,0,0,-0.9396926207859084,-0.34202014332566855,DB01
202003080400,104,2.8,0,0,1.2246467991473532e-16,-1.0,DB01
202003080500,104,3.7,0,0,-0.9396926207859084,-0.34202014332566855,DB01
202003080600,104,2.2,0,0,0.3420201433256689,-0.9396926207859083,DB01
202003080700,104,3.2,0,0,-1.0,-1.8369701987210297e-16,DB01
202003080800,104,5.9,0,0,-1.0,-1.8369701987210297e-16,DB01
202003080900,104,8.5,0,0,0.0,1.0,DB01
202003081000,104,10.0,0,0,0.9396926207859084,-0.3420201433256687,DB01
202003081100,104,11.8,0,0,1.2246467991473532e-16,-1.0,DB01
202003081200,104,12.2,0,0,1.0,6.123233995736766e-17,DB01
202003081300,104,11.5,0,0,0.9396926207859084,-0.3420201433256687,DB01
202003081400,104,12.3,0,0,0.9396926207859084,-0.3420201433256687,DB01
202003081500,104,11.6,0,0,0.9396926207859084,-0.3420201433256687,DB01
202003081600,104,11.6,0,0,0.9396926207859084,-0.3420201433256687,DB01
202003081700,104,11.2,0,0,0.9396926207859084,-0.3420201433256687,DB01
202003081800,104,10.0,0,0,0.9396926207859084,-0.3420201433256687,DB01
202003081900,104,8.4,0,0,0.9396926207859084,-0.3420201433256687,DB01
202003082000,104,6.9,0,0,0.6427876096865395,-0.7660444431189779,DB01
202003082100,104,6.3,0,0,0.0,1.0,DB01
202003082200,104,6.2,0,0,-1.0,-1.8369701987210297e-16,DB01
202003082300,104,4.9,0,0,0.3420201433256689,-0.9396926207859083,DB01
202003090000,104,4.8,0,0,0.3420201433256689,-0.9396926207859083,DB01
202003090100,104,5.9,0,0,-1.0,-1.8369701987210297e-16,DB01
202003090200,104,4.5,0,0,0.0,1.0,DB01
202003090300,104,5.0,0,0,-0.9396926207859084,-0.34202014332566855,DB01
202003090400,104,3.8,0,0,0.3420201433256689,-0.9396926207859083,DB02
202003090500,104,6.5,0,0,1.2246467991473532e-16,-1.0,DB01
202003090600,104,4.9,0,0,0.3420201433256689,-0.9396926207859083,DB01
202003090700,104,5.7,0,0,0.0,1.0,DB01
202003090800,104,7.4,0,0,0.3420201433256687,0.9396926207859084,DB01
202003090900,104,9.2,0,0,0.0,1.0,DB01
202003091000,104,11.8,0,0,-0.6427876096865396,0.7660444431189778,DB01
202003091100,104,14.6,0,0,-0.6427876096865396,0.7660444431189778,DB02
202003091200,104,14.3,0,0,1.0,6.123233995736766e-17,DB03
202003091300,104,12.6,0,0,0.9396926207859084,-0.3420201433256687,DB03
202003091400,104,13.0,0,0,0.9396926207859083,0.3420201433256688,DB03
202003091500,104,12.7,0,0,1.0,6.123233995736766e-17,DB04
202003091600,104,12.2,0,0,1.0,6.123233995736766e-17,DB04
202003091700,104,11.6,0,0,0.9396926207859084,-0.3420201433256687,DB04
202003091800,104,10.7,0,0,0.9396926207859084,-0.3420201433256687,DB04
202003091900,104,10.2,0,0,1.0,6.123233995736766e-17,DB04
202003092000,104,9.7,0,0,0.9396926207859084,-0.3420201433256687,DB04
202003092100,104,9.4,0,0,-0.6427876096865396,0.7660444431189778,DB04
202003092200,104,9.3,0,0,-0.9396926207859083,0.342020143325669,DB04
202003092300,104,9.5,0,0,0.0,1.0,DB04
202003100000,104,9.5,0,0,0.0,1.0,DB04
202003100100,104,9.2,0,0,0.0,1.0,DB04
202003100200,104,9.0,0,0,0.0,1.0,DB04
202003100300,104,8.9,100,1,0.0,1.0,DB04
202003100400,104,8.8,0,0,1.0,6.123233995736766e-17,DB04
202003100500,104,8.5,0,0,0.9396926207859083,0.3420201433256688,DB04
202003100600,104,8.2,100,1,0.0,1.0,DB04
202003100700,104,8.3,0,0,0.9396926207859083,0.3420201433256688,DB04
202003100800,104,8.3,0,0,1.0,6.123233995736766e-17,DB04
202003100900,104,7.7,100,1,0.9396926207859083,0.3420201433256688,DB04
202003101000,104,8.2,0,0,0.766044443118978,0.6427876096865394,DB04
202003101100,104,8.3,0,0,-0.6427876096865396,0.7660444431189778,DB04
202003101200,104,7.5,100,1,0.0,1.0,DB04
202003101300,104,7.7,0,0,0.3420201433256687,0.9396926207859084,DB04
202003101400,104,7.7,0,0,0.3420201433256687,0.9396926207859084,DB04
202003101500,104,7.6,100,1,-0.6427876096865396,0.7660444431189778,DB04
202003101600,104,7.0,0,0,-0.6427876096865396,0.7660444431189778,DB04
202003101700,104,6.6,0,0,-0.6427876096865396,0.7660444431189778,DB04
202003101800,104,6.3,100,1,-0.6427876096865396,0.7660444431189778,DB04
202003101900,104,6.3,0,0,-0.6427876096865396,0.7660444431189778,DB04
202003102000,104,6.0,0,0,-0.9396926207859083,0.342020143325669,DB04
202003102100,104,6.0,0,0,1.2246467991473532e-16,-1.0,DB04
202003102200,104,5.5,0,0,0.0,1.0,DB03
202003102300,104,5.1,0,0,-0.9396926207859084,-0.34202014332566855,DB02
202003110000,104,5.3,0,0,-0.6427876096865396,0.7660444431189778,DB02
202003110100,104,6.1,0,0,-0.9396926207859083,0.342020143325669,DB01
202003110200,104,4.7,0,0,-0.9396926207859084,-0.34202014332566855,DB01
202003110300,104,5.3,0,0,-0.9396926207859083,0.342020143325669,DB01
202003110400,104,2.1,0,0,0.6427876096865395,-0.7660444431189779,DB01
202003110500,104,3.0,0,0,-1.0,-1.8369701987210297e-16,DB01
202003110600,104,1.5,0,0,0.3420201433256689,-0.9396926207859083,DB01
202003110700,104,1.3,0,0,0.6427876096865395,-0.7660444431189779,DB01
202003110800,104,3.3,0,0,0.6427876096865395,-0.7660444431189779,DB01
202003110900,104,5.7,0,0,-0.9396926207859083,0.342020143325669,DB01
202003111000,104,6.3,0,0,-0.9396926207859083,0.342020143325669,DB01
202003111100,104,7.1,0,0,-0.6427876096865396,0.7660444431189778,DB01
202003111200,104,7.9,0,0,-0.9396926207859083,0.342020143325669,DB01
202003111300,104,8.8,0,0,-0.9396926207859083,0.342020143325669,DB01
202003111400,104,9.6,0,0,-0.9396926207859083,0.342020143325669,DB01
202003111500,104,9.9,0,0,-0.9396926207859083,0.342020143325669,DB01
202003111600,104,10.2,0,0,-0.9396926207859083,0.342020143325669,DB01
202003111700,104,9.6,0,0,-1.0,-1.8369701987210297e-16,DB01
202003111800,104,8.4,0,0,-0.9396926207859084,-0.34202014332566855,DB01
202003111900,104,6.9,0,0,-0.7660444431189779,-0.6427876096865395,DB01
202003112000,104,6.3,0,0,-0.34202014332566866,-0.9396926207859084,DB01
202003112100,104,5.7,0,0,-0.34202014332566866,-0.9396926207859084,DB01
202003112200,104,3.9,0,0,0.3420201433256689,-0.9396926207859083,DB01
202003112300,104,4.5,0,0,1.2246467991473532e-16,-1.0,DB01
202003120000,104,3.7,0,0,0.3420201433256689,-0.9396926207859083,DB01
202003120100,104,4.6,0,0,-0.7660444431189779,-0.6427876096865395,DB01
202003120200,104,4.9,0,0,-0.7660444431189779,-0.6427876096865395,DB01
202003120300,104,5.2,0,0,-0.7660444431189779,-0.6427876096865395,DB01
202003120400,104,4.6,0,0,1.2246467991473532e-16,-1.0,DB01
202003120500,104,2.9,0,0,0.3420201433256689,-0.9396926207859083,DB01
202003120600,104,4.0,0,0,0.3420201433256689,-0.9396926207859083,DB01
202003120700,104,5.1,0,0,0.3420201433256689,-0.9396926207859083,DB01
202003120800,104,7.3,0,0,0.3420201433256689,-0.9396926207859083,DB01
202003120900,104,9.7,0,0,0.6427876096865395,-0.7660444431189779,DB01
202003121000,104,11.8,0,0,1.0,6.123233995736766e-17,DB01
202003121100,104,13.3,0,0,-1.0,-1.8369701987210297e-16,DB01
202003121200,104,14.3,0,0,-0.9396926207859084,-0.34202014332566855,DB01
202003121300,104,14.9,0,0,-0.7660444431189779,-0.6427876096865395,DB01
202003121400,104,15.7,0,0,-0.34202014332566866,-0.9396926207859084,DB01
202003121500,104,14.9,0,0,-0.34202014332566866,-0.9396926207859084,DB01
202003121600,104,14.7,0,0,-0.34202014332566866,-0.9396926207859084,DB01
202003121700,104,14.6,0,0,-1.0,-1.8369701987210297e-16,DB01
202003121800,104,13.1,0,0,-0.7660444431189779,-0.6427876096865395,DB01
202003121900,104,12.3,0,0,-0.9396926207859084,-0.34202014332566855,DB01
202003122000,104,12.1,0,0,-0.7660444431189779,-0.6427876096865395,DB01
202003122100,104,12.3,0,0,0.9396926207859084,-0.3420201433256687,DB01
202003122200,104,11.4,0,0,0.766044443118978,0.6427876096865394,DB01
202003122300,104,10.7,0,0,0.6427876096865395,-0.7660444431189779,DB01
202003130000,104,11.3,0,0,-1.0,-1.8369701987210297e-16,DB01
202003130100,104,11.3,0,0,-0.9396926207859084,-0.34202014332566855,DB01
202003130200,104,10.1,0,0,1.2246467991473532e-16,-1.0,DB02
202003130300,104,10.7,0,0,1.2246467991473532e-16,-1.0,DB02
202003130400,104,9.6,0,0,-0.34202014332566866,-0.9396926207859084,DB02
202003130500,104,9.5,0,0,-0.34202014332566866,-0.9396926207859084,DB02
202003130600,104,8.8,0,0,0.3420201433256689,-0.9396926207859083,DB02
202003130700,104,8.0,0,0,0.9396926207859083,0.3420201433256688,DB02
202003130800,104,8.6,0,0,0.0,1.0,DB03
202003130900,104,9.4,0,0,-0.6427876096865396,0.7660444431189778,DB03
202003131000,104,10.9,0,0,-0.9396926207859083,0.342020143325669,DB01
202003131100,104,11.8,0,0,-0.6427876096865396,0.7660444431189778,DB03
202003131200,104,12.9,0,0,0.0,1.0,DB02
202003131300,104,9.3,0,0,0.766044443118978,0.6427876096865394,DB03
202003131400,104,8.6,0,0,-0.3420201433256686,0.9396926207859084,DB03
202003131500,104,7.7,0,0,0.766044443118978,0.6427876096865394,DB02
202003131600,104,6.9,0,0,0.3420201433256687,0.9396926207859084,DB03
202003131700,104,6.3,0,0,-0.3420201433256686,0.9396926207859084,DB03
202003131800,104,5.6,0,0,-0.3420201433256686,0.9396926207859084,DB02
202003131900,104,4.1,0,0,-0.9396926207859083,0.342020143325669,DB01
202003132000,104,2.8,0,0,-0.9396926207859084,-0.34202014332566855,DB01
202003132100,104,2.5,0,0,-0.9396926207859084,-0.34202014332566855,DB01
202003132200,104,2.2,0,0,-0.9396926207859084,-0.34202014332566855,DB01
202003132300,104,2.2,0,0,-0.7660444431189779,-0.6427876096865395,DB01
202003140000,104,2.1,0,0,-0.9396926207859084,-0.34202014332566855,DB01
202003140100,104,2.0,0,0,-0.7660444431189779,-0.6427876096865395,DB01
202003140200,104,0.3,0,0,-0.34202014332566866,-0.9396926207859084,DB01
202003140300,104,0.5,0,0,-0.34202014332566866,-0.9396926207859084,DB02
202003140400,104,0.0,0,0,-0.7660444431189779,-0.6427876096865395,DB01
202003140500,104,-1.2,0,0,0.3420201433256689,-0.9396926207859083,DB01
202003140600,104,-0.3,0,0,0.3420201433256689,-0.9396926207859083,DB01
202003140700,104,-0.4,0,0,1.2246467991473532e-16,-1.0,DB01
202003140800,104,1.9,0,0,0.3420201433256689,-0.9396926207859083,DB01
202003140900,104,4.4,0,0,0.3420201433256689,-0.9396926207859083,DB01
202003141000,104,5.5,0,0,0.9396926207859084,-0.3420201433256687,DB01
202003141100,104,6.8,0,0,-0.9396926207859083,0.342020143325669,DB01
202003141200,104,7.3,0,0,0.766044443118978,0.6427876096865394,DB01
202003141300,104,8.4,0,0,1.0,6.123233995736766e-17,DB01
202003141400,104,10.9,0,0,-1.0,-1.8369701987210297e-16,DB01
202003141500,104,11.0,0,0,-1.0,-1.8369701987210297e-16,DB01
202003141600,104,10.7,0,0,-0.9396926207859083,0.342020143325669,DB01
202003141700,104,10.4,0,0,-1.0,-1.8369701987210297e-16,DB01
202003141800,104,9.2,0,0,-0.9396926207859083,0.342020143325669,DB03
202003141900,104,7.2,0,0,-0.9396926207859084,-0.34202014332566855,DB02
202003142000,104,7.2,0,0,1.2246467991473532e-16,-1.0,DB02
202003142100,104,6.2,0,0,1.2246467991473532e-16,-1.0,DB02
202003142200,104,5.5,0,0,1.2246467991473532e-16,-1.0,DB03
202003142300,104,5.9,0,0,-0.7660444431189779,-0.6427876096865395,DB02
202003150000,104,4.4,0,0,0.0,1.0,DB02
202003150100,104,5.5,0,0,-0.6427876096865396,0.7660444431189778,DB02
202003150200,104,5.0,0,0,-0.7660444431189779,-0.6427876096865395,DB01
202003150300,104,5.6,0,0,-1.0,-1.8369701987210297e-16,DB01
202003150400,104,5.8,0,0,-0.9396926207859083,0.342020143325669,DB01
202003150500,104,5.8,0,0,-1.0,-1.8369701987210297e-16,DB01
202003150600,104,5.1,0,0,-0.9396926207859084,-0.34202014332566855,DB04
202003150700,104,4.5,0,0,-0.9396926207859084,-0.34202014332566855,DB03
202003150800,104,4.2,0,0,-0.9396926207859084,-0.34202014332566855,DB02
202003150900,104,6.6,0,0,-0.9396926207859083,0.342020143325669,DB03
202003151000,104,6.8,0,0,-1.0,-1.8369701987210297e-16,DB02
202003151100,104,7.5,0,0,-0.9396926207859083,0.342020143325669,DB02
202003151200,104,8.2,0,0,-0.9396926207859083,0.342020143325669,DB02
202003151300,104,7.5,0,0,-0.9396926207859083,0.342020143325669,DB03
202003151400,104,6.3,0,0,0.3420201433256687,0.9396926207859084,DB03
202003151500,104,6.3,0,0,0.766044443118978,0.6427876096865394,DB04
202003151600,104,5.1,0,0,-0.6427876096865396,0.7660444431189778,DB04
202003151700,104,2.5,0,0,-0.6427876096865396,0.7660444431189778,DB04
202003151800,104,0.7,100,1,-0.9396926207859083,0.342020143325669,DB04
202003151900,104,0.5,0,0,-0.9396926207859083,0.342020143325669,DB04
202003152000,104,1.0,0,0,-0.9396926207859083,0.342020143325669,DB04
202003152100,104,1.2,100,1,0.3420201433256687,0.9396926207859084,DB04
202003152200,104,0.3,0,0,-0.3420201433256686,0.9396926207859084,DB04
202003152300,104,0.1,0,0,-0.9396926207859084,-0.34202014332566855,DB04
202003160000,104,0.3,100,1,-0.6427876096865396,0.7660444431189778,DB04
202003160100,104,0.1,0,0,-0.9396926207859083,0.342020143325669,DB04
202003160200,104,0.5,0,0,-0.9396926207859083,0.342020143325669,DB04
202003160300,104,0.6,100,1,-0.9396926207859083,0.342020143325669,DB04
202003160400,104,1.1,0,0,-0.6427876096865396,0.7660444431189778,DB03
202003160500,104,1.0,0,0,-0.9396926207859083,0.342020143325669,DB04
202003160600,104,0.5,100,1,-0.9396926207859083,0.342020143325669,DB03
202003160700,104,0.2,0,0,0.0,1.0,DB03
202003160800,104,1.5,0,0,1.2246467991473532e-16,-1.0,DB03
202003160900,104,3.0,0,0,0.6427876096865395,-0.7660444431189779,DB01
202003161000,104,4.8,0,0,-0.9396926207859083,0.342020143325669,DB02
202003161100,104,5.3,0,0,0.3420201433256687,0.9396926207859084,DB02
202003161200,104,6.4,0,0,0.9396926207859084,-0.3420201433256687,DB02
202003161300,104,6.6,0,0,1.0,6.123233995736766e-17,DB01
202003161400,104,7.1,0,0,0.9396926207859084,-0.3420201433256687,DB01
202003161500,104,6.7,0,0,0.9396926207859084,-0.3420201433256687,DB01
202003161600,104,7.4,0,0,0.9396926207859084,-0.3420201433256687,DB01
202003161700,104,9.5,0,0,0.3420201433256689,-0.9396926207859083,DB01
202003161800,104,8.6,0,0,1.2246467991473532e-16,-1.0,DB01
202003161900,104,7.8,0,0,-0.34202014332566866,-0.9396926207859084,DB01
202003162000,104,7.0,0,0,-0.34202014332566866,-0.9396926207859084,DB01
202003162100,104,6.8,0,0,0.3420201433256689,-0.9396926207859083,DB01
202003162200,104,6.2,0,0,1.2246467991473532e-16,-1.0,DB01
202003162300,104,5.5,0,0,-0.34202014332566866,-0.9396926207859084,DB01
202003170000,104,4.7,0,0,0.9396926207859084,-0.3420201433256687,DB01
202003170100,104,4.2,0,0,0.6427876096865395,-0.7660444431189779,DB01
202003170200,104,2.2,0,0,-0.6427876096865396,0.7660444431189778,DB01
202003170300,104,4.0,0,0,0.9396926207859084,-0.3420201433256687,DB01
202003170400,104,2.2,0,0,0.3420201433256689,-0.9396926207859083,DB01
202003170500,104,3.2,0,0,0.3420201433256689,-0.9396926207859083,DB01
202003170600,104,4.1,0,0,0.3420201433256689,-0.9396926207859083,DB01
202003170700,104,3.3,0,0,0.0,1.0,DB01
202003170800,104,5.6,0,0,0.9396926207859084,-0.3420201433256687,DB01
202003170900,104,8.9,0,0,0.0,1.0,DB01
202003171000,104,10.3,0,0,1.2246467991473532e-16,-1.0,DB02
202003171100,104,11.1,0,0,-0.9396926207859084,-0.34202014332566855,DB02
202003171200,104,10.6,0,0,-0.9396926207859084,-0.34202014332566855,DB03
202003171300,104,12.0,0,0,-0.9396926207859084,-0.34202014332566855,DB03
202003171400,104,11.8,0,0,-0.9396926207859084,-0.34202014332566855,DB01
202003171500,104,11.4,0,0,-0.9396926207859084,-0.34202014332566855,DB01
202003171600,104,11.6,0,0,-0.9396926207859084,-0.34202014332566855,DB01
202003171700,104,11.3,0,0,-0.9396926207859084,-0.34202014332566855,DB01
202003171800,104,9.9,0,0,0.6427876096865395,-0.7660444431189779,DB01
202003171900,104,9.0,0,0,0.9396926207859083,0.3420201433256688,DB04
202003172000,104,6.7,0,0,-0.6427876096865396,0.7660444431189778,DB04
202003172100,104,7.0,100,1,-0.34202014332566866,-0.9396926207859084,DB01
202003172200,104,6.3,0,0,-1.0,-1.8369701987210297e-16,DB01
202003172300,104,9.4,0,0,-0.9396926207859084,-0.34202014332566855,DB01
202003180000,104,6.8,0,0,0.3420201433256689,-0.9396926207859083,DB01
202003180100,104,9.0,0,0,-1.0,-1.8369701987210297e-16,DB01
202003180200,104,9.1,0,0,-0.9396926207859083,0.342020143325669,DB01
202003180300,104,8.9,0,0,-1.0,-1.8369701987210297e-16,DB01
202003180400,104,8.0,0,0,-0.9396926207859084,-0.34202014332566855,DB01
202003180500,104,7.6,0,0,-0.7660444431189779,-0.6427876096865395,DB01
202003180600,104,6.5,0,0,-0.34202014332566866,-0.9396926207859084,DB01
202003180700,104,4.8,0,0,1.2246467991473532e-16,-1.0,DB01
202003180800,104,8.4,0,0,0.3420201433256689,-0.9396926207859083,DB01
202003180900,104,11.4,0,0,0.6427876096865395,-0.7660444431189779,DB01
202003181000,104,12.9,0,0,-0.34202014332566866,-0.9396926207859084,DB01
202003181100,104,14.6,0,0,0.9396926207859084,-0.3420201433256687,DB01
202003181200,104,15.7,0,0,0.9396926207859084,-0.3420201433256687,DB01
202003181300,104,16.8,0,0,0.9396926207859084,-0.3420201433256687,DB01
202003181400,104,17.7,0,0,0.3420201433256689,-0.9396926207859083,DB01
202003181500,104,16.5,0,0,0.9396926207859084,-0.3420201433256687,DB01
202003181600,104,18.6,0,0,-0.9396926207859084,-0.34202014332566855,DB01
202003181700,104,17.5,0,0,-0.9396926207859084,-0.34202014332566855,DB01
202003181800,104,16.5,0,0,-0.3420201433256686,0.9396926207859084,DB01
202003181900,104,13.5,0,0,0.9396926207859084,-0.3420201433256687,DB01
202003182000,104,11.4,0,0,0.3420201433256687,0.9396926207859084,DB01
202003182100,104,14.6,0,0,-0.34202014332566866,-0.9396926207859084,DB01
202003182200,104,14.9,0,0,1.2246467991473532e-16,-1.0,DB01
202003182300,104,13.6,0,0,0.3420201433256687,0.9396926207859084,DB02
202003190000,104,15.7,0,0,1.2246467991473532e-16,-1.0,DB01
202003190100,104,15.2,0,0,1.2246467991473532e-16,-1.0,DB03
202003190200,104,15.4,0,0,1.2246467991473532e-16,-1.0,DB03
202003190300,104,14.9,0,0,-0.7660444431189779,-0.6427876096865395,DB02
202003190400,104,15.0,0,0,-0.34202014332566866,-0.9396926207859084,DB03
202003190500,104,15.0,0,0,-0.7660444431189779,-0.6427876096865395,DB03
202003190600,104,15.3,0,0,-0.7660444431189779,-0.6427876096865395,DB02
202003190700,104,15.2,0,0,1.2246467991473532e-16,-1.0,DB01
202003190800,104,16.5,0,0,-0.34202014332566866,-0.9396926207859084,DB01
202003190900,104,17.3,0,0,-0.7660444431189779,-0.6427876096865395,DB01
202003191000,104,16.7,0,0,-0.7660444431189779,-0.6427876096865395,DB03
202003191100,104,11.4,0,0,-0.9396926207859084,-0.34202014332566855,DB04
202003191200,104,13.6,100,1,-0.9396926207859084,-0.34202014332566855,DB02
202003191300,104,13.4,0,0,-0.9396926207859084,-0.34202014332566855,DB03
202003191400,104,12.0,0,0,-0.9396926207859084,-0.34202014332566855,DB02
202003191500,104,11.1,0,0,-1.0,-1.8369701987210297e-16,DB03
202003191600,104,10.8,0,0,-0.9396926207859084,-0.34202014332566855,DB03
202003191700,104,8.5,0,0,-1.0,-1.8369701987210297e-16,DB02
202003191800,104,7.7,0,0,-0.9396926207859084,-0.34202014332566855,DB02
202003191900,104,7.7,0,0,-1.0,-1.8369701987210297e-16,DB01
202003192000,104,7.7,0,0,-1.0,-1.8369701987210297e-16,DB03
202003192100,104,7.6,0,0,-0.9396926207859083,0.342020143325669,DB01
202003192200,104,7.7,0,0,-1.0,-1.8369701987210297e-16,DB01
202003192300,104,7.7,0,0,-1.0,-1.8369701987210297e-16,DB01
202003200000,104,7.5,0,0,-1.0,-1.8369701987210297e-16,DB01
202003200100,104,7.0,0,0,-1.0,-1.8369701987210297e-16,DB01
202003200200,104,7.1,0,0,-1.0,-1.8369701987210297e-16,DB01
202003200300,104,6.7,0,0,-0.9396926207859084,-0.34202014332566855,DB01
202003200400,104,5.5,0,0,1.0,6.123233995736766e-17,DB01
202003200500,104,6.2,0,0,-1.0,-1.8369701987210297e-16,DB01
202003200600,104,6.4,0,0,-1.0,-1.8369701987210297e-16,DB01
202003200700,104,6.7,0,0,-0.9396926207859083,0.342020143325669,DB01
202003200800,104,8.7,0,0,-0.6427876096865396,0.7660444431189778,DB01
202003200900,104,10.1,0,0,-0.6427876096865396,0.7660444431189778,DB01
202003201000,104,12.2,0,0,-0.9396926207859083,0.342020143325669,DB01
202003201100,104,13.7,0,0,-0.9396926207859083,0.342020143325669,DB01
202003201200,104,15.3,0,0,-0.6427876096865396,0.7660444431189778,DB01
202003201300,104,15.2,0,0,-1.0,-1.8369701987210297e-16,DB03
202003201400,104,16.4,0,0,-0.34202014332566866,-0.9396926207859084,DB02
202003201500,104,16.9,0,0,-0.9396926207859084,-0.34202014332566855,DB02
202003201600,104,15.8,0,0,-0.7660444431189779,-0.6427876096865395,DB01
202003201700,104,15.1,0,0,-0.7660444431189779,-0.6427876096865395,DB01
202003201800,104,14.1,0,0,-0.7660444431189779,-0.6427876096865395,DB01
202003201900,104,12.9,0,0,-0.9396926207859084,-0.34202014332566855,DB03
202003202000,104,12.3,0,0,-0.34202014332566866,-0.9396926207859084,DB04
202003202100,104,11.8,0,0,1.2246467991473532e-16,-1.0,DB01
202003202200,104,10.7,0,0,0.3420201433256689,-0.9396926207859083,DB01
202003202300,104,11.6,0,0,-0.7660444431189779,-0.6427876096865395,DB01
202003210000,104,11.7,0,0,-0.9396926207859084,-0.34202014332566855,DB01
202003210100,104,12.0,0,0,-1.0,-1.8369701987210297e-16,DB04
202003210200,104,12.0,0,0,-0.9396926207859084,-0.34202014332566855,DB03
202003210300,104,12.0,0,0,-0.7660444431189779,-0.6427876096865395,DB02
202003210400,104,11.0,0,0,1.2246467991473532e-16,-1.0,DB02
202003210500,104,10.5,0,0,-0.34202014332566866,-0.9396926207859084,DB02
202003210600,104,10.4,0,0,-0.34202014332566866,-0.9396926207859084,DB03
202003210700,104,11.0,0,0,-0.7660444431189779,-0.6427876096865395,DB02
202003210800,104,12.1,0,0,-0.9396926207859084,-0.34202014332566855,DB01
202003210900,104,13.6,0,0,0.0,1.0,DB01
202003211000,104,14.2,0,0,0.766044443118978,0.6427876096865394,DB01
202003211100,104,14.6,0,0,0.9396926207859083,0.3420201433256688,DB01
202003211200,104,14.8,0,0,1.0,6.123233995736766e-17,DB01
202003211300,104,14.9,0,0,0.9396926207859084,-0.3420201433256687,DB01
202003211400,104,14.9,0,0,1.0,6.123233995736766e-17,DB03
202003211500,104,14.8,0,0,0.9396926207859084,-0.3420201433256687,DB02
202003211600,104,14.7,0,0,0.9396926207859084,-0.3420201433256687,DB02
202003211700,104,14.4,0,0,0.3420201433256687,0.9396926207859084,DB02
202003211800,104,12.1,0,0,0.766044443118978,0.6427876096865394,DB03
202003211900,104,11.2,0,0,0.0,1.0,DB03
202003212000,104,11.4,0,0,-0.9396926207859083,0.342020143325669,DB04
202003212100,104,10.7,100,1,-0.6427876096865396,0.7660444431189778,DB04
202003212200,104,10.3,0,0,-0.6427876096865396,0.7660444431189778,DB04
202003212300,104,10.0,0,0,-0.9396926207859083,0.342020143325669,DB04
202003220000,104,9.5,100,1,-0.7660444431189779,-0.6427876096865395,DB03
202003220100,104,9.4,0,0,1.2246467991473532e-16,-1.0,DB04
202003220200,104,9.1,0,0,-1.0,-1.8369701987210297e-16,DB03
202003220300,104,9.6,0,0,-0.6427876096865396,0.7660444431189778,DB02
202003220400,104,9.2,0,0,-0.6427876096865396,0.7660444431189778,DB02
202003220500,104,8.9,0,0,-0.6427876096865396,0.7660444431189778,DB02
202003220600,104,8.3,0,0,-0.6427876096865396,0.7660444431189778,DB03
202003220700,104,8.0,0,0,-0.6427876096865396,0.7660444431189778,DB03
202003220800,104,8.8,0,0,-0.9396926207859083,0.342020143325669,DB03
202003220900,104,9.9,0,0,-0.6427876096865396,0.7660444431189778,DB03
202003221000,104,9.7,0,0,0.766044443118978,0.6427876096865394,DB03
202003221100,104,10.4,0,0,0.766044443118978,0.6427876096865394,DB02
202003221200,104,9.9,0,0,0.9396926207859083,0.3420201433256688,DB02
202003221300,104,11.2,0,0,1.0,6.123233995736766e-17,DB01
202003221400,104,11.1,0,0,0.9396926207859084,-0.3420201433256687,DB01
202003221500,104,10.8,0,0,1.0,6.123233995736766e-17,DB01
202003221600,104,9.8,0,0,0.9396926207859084,-0.3420201433256687,DB01
202003221700,104,9.6,0,0,0.9396926207859084,-0.3420201433256687,DB01
202003221800,104,9.0,0,0,0.9396926207859084,-0.3420201433256687,DB01
202003221900,104,8.1,0,0,0.6427876096865395,-0.7660444431189779,DB01
202003222000,104,6.5,0,0,-1.0,-1.8369701987210297e-16,DB01
202003222100,104,6.1,0,0,-1.0,-1.8369701987210297e-16,DB01
202003222200,104,5.1,0,0,0.3420201433256689,-0.9396926207859083,DB01
202003222300,104,5.0,0,0,1.2246467991473532e-16,-1.0,DB01
202003230000,104,5.0,0,0,-0.9396926207859084,-0.34202014332566855,DB01
202003230100,104,4.3,0,0,-0.34202014332566866,-0.9396926207859084,DB01
202003230200,104,5.8,0,0,-0.9396926207859084,-0.34202014332566855,DB01
202003230300,104,6.1,0,0,-0.9396926207859084,-0.34202014332566855,DB01
202003230400,104,4.4,0,0,-0.7660444431189779,-0.6427876096865395,DB01
202003230500,104,4.5,0,0,0.3420201433256689,-0.9396926207859083,DB01
202003230600,104,5.0,0,0,1.2246467991473532e-16,-1.0,DB02
202003230700,104,3.5,0,0,0.3420201433256689,-0.9396926207859083,DB02
202003230800,104,8.1,0,0,0.0,1.0,DB01
202003230900,104,10.7,0,0,0.0,1.0,DB01
202003231000,104,12.3,0,0,0.3420201433256687,0.9396926207859084,DB01
202003231100,104,12.2,0,0,0.9396926207859083,0.3420201433256688,DB01
202003231200,104,12.2,0,0,0.766044443118978,0.6427876096865394,DB01
202003231300,104,11.6,0,0,0.3420201433256687,0.9396926207859084,DB01
202003231400,104,12.1,0,0,-0.3420201433256686,0.9396926207859084,DB02
202003231500,104,11.5,0,0,0.0,1.0,DB02
202003231600,104,11.4,0,0,0.3420201433256687,0.9396926207859084,DB01
202003231700,104,10.8,0,0,-0.6427876096865396,0.7660444431189778,DB01
202003231800,104,10.0,0,0,-0.3420201433256686,0.9396926207859084,DB01
202003231900,104,8.0,0,0,0.0,1.0,DB01
202003232000,104,6.8,0,0,0.0,1.0,DB01
202003232100,104,5.4,0,0,1.2246467991473532e-16,-1.0,DB01
202003232200,104,5.6,0,0,0.3420201433256689,-0.9396926207859083,DB01
202003232300,104,6.1,0,0,1.2246467991473532e-16,-1.0,DB01
202003240000,104,5.5,0,0,1.2246467991473532e-16,-1.0,DB01
202003240100,104,4.3,0,0,-0.7660444431189779,-0.6427876096865395,DB01
202003240200,104,4.3,0,0,-1.0,-1.8369701987210297e-16,DB01
202003240300,104,2.9,0,0,0.6427876096865395,-0.7660444431189779,DB01
202003240400,104,2.2,0,0,0.0,1.0,DB01
202003240500,104,4.6,0,0,-1.0,-1.8369701987210297e-16,DB01
202003240600,104,4.1,0,0,-0.9396926207859083,0.342020143325669,DB01
202003240700,104,5.1,0,0,-1.0,-1.8369701987210297e-16,DB01
202003240800,104,8.4,0,0,-0.3420201433256686,0.9396926207859084,DB01
202003240900,104,9.6,0,0,-0.3420201433256686,0.9396926207859084,DB01
202003241000,104,10.5,0,0,0.0,1.0,DB01
202003241100,104,11.0,0,0,-0.3420201433256686,0.9396926207859084,DB01
202003241200,104,12.0,0,0,0.9396926207859083,0.3420201433256688,DB01
202003241300,104,11.4,0,0,0.9396926207859083,0.3420201433256688,DB01
202003241400,104,11.7,0,0,0.766044443118978,0.6427876096865394,DB01
202003241500,104,11.4,0,0,0.9396926207859084,-0.3420201433256687,DB01
202003241600,104,11.4,0,0,1.0,6.123233995736766e-17,DB01
202003241700,104,10.5,0,0,1.0,6.123233995736766e-17,DB02
202003241800,104,10.0,0,0,0.9396926207859084,-0.3420201433256687,DB03
202003241900,104,9.2,0,0,0.9396926207859084,-0.3420201433256687,DB02
202003242000,104,7.6,0,0,0.3420201433256689,-0.9396926207859083,DB01
202003242100,104,5.9,0,0,0.3420201433256689,-0.9396926207859083,DB01
202003242200,104,6.2,0,0,-1.0,-1.8369701987210297e-16,DB01
202003242300,104,5.4,0,0,0.0,1.0,DB01
202003250000,104,4.4,0,0,0.0,1.0,DB01
202003250100,104,5.5,0,0,-0.9396926207859084,-0.34202014332566855,DB01
202003250200,104,4.9,0,0,0.0,1.0,DB01
202003250300,104,5.5,0,0,-0.9396926207859084,-0.34202014332566855,DB01
202003250400,104,5.4,0,0,-0.9396926207859084,-0.34202014332566855,DB01
202003250500,104,4.4,0,0,0.3420201433256689,-0.9396926207859083,DB01
202003250600,104,5.2,0,0,0.0,1.0,DB01
202003250700,104,5.8,0,0,0.0,1.0,DB01
202003250800,104,9.3,0,0,0.0,1.0,DB01
202003250900,104,10.3,0,0,-0.3420201433256686,0.9396926207859084,DB01
202003251000,104,11.5,0,0,0.9396926207859083,0.3420201433256688,DB01
202003251100,104,13.2,0,0,0.766044443118978,0.6427876096865394,DB01
202003251200,104,13.5,0,0,1.0,6.123233995736766e-17,DB01
202003251300,104,14.2,0,0,1.0,6.123233995736766e-17,DB02
202003251400,104,14.2,0,0,0.9396926207859083,0.3420201433256688,DB03
202003251500,104,14.0,0,0,1.0,6.123233995736766e-17,DB03
202003251600,104,14.9,0,0,-0.9396926207859083,0.342020143325669,DB03
202003251700,104,14.9,0,0,-0.9396926207859083,0.342020143325669,DB03
202003251800,104,13.6,0,0,-0.6427876096865396,0.7660444431189778,DB04
202003251900,104,12.3,0,0,0.0,1.0,DB04
202003252000,104,11.1,0,0,-0.9396926207859083,0.342020143325669,DB04
202003252100,104,11.2,0,0,0.0,1.0,DB04
202003252200,104,10.4,0,0,-0.7660444431189779,-0.6427876096865395,DB03
202003252300,104,11.1,0,0,-1.0,-1.8369701987210297e-16,DB03
202003260000,104,11.2,0,0,0.0,1.0,DB03
202003260100,104,10.4,0,0,-0.7660444431189779,-0.6427876096865395,DB02
202003260200,104,11.2,0,0,0.0,1.0,DB03
202003260300,104,11.9,0,0,-0.7660444431189779,-0.6427876096865395,DB02
202003260400,104,12.4,0,0,0.3420201433256689,-0.9396926207859083,DB02
202003260500,104,10.7,0,0,-0.7660444431189779,-0.6427876096865395,DB01
202003260600,104,10.9,0,0,0.3420201433256689,-0.9396926207859083,DB01
202003260700,104,11.6,0,0,0.0,1.0,DB01
202003260800,104,14.6,0,0,0.3420201433256689,-0.9396926207859083,DB01
202003260900,104,17.7,0,0,1.2246467991473532e-16,-1.0,DB01
202003261000,104,17.2,0,0,0.9396926207859083,0.3420201433256688,DB01
202003261100,104,16.9,0,0,1.0,6.123233995736766e-17,DB01
202003261200,104,16.9,0,0,0.9396926207859084,-0.3420201433256687,DB01
202003261300,104,18.3,0,0,1.0,6.123233995736766e-17,DB01
202003261400,104,18.6,0,0,1.0,6.123233995736766e-17,DB01
202003261500,104,17.7,0,0,1.0,6.123233995736766e-17,DB02
202003261600,104,16.9,0,0,0.766044443118978,0.6427876096865394,DB03
202003261700,104,15.7,0,0,0.766044443118978,0.6427876096865394,DB04
202003261800,104,14.9,0,0,-0.6427876096865396,0.7660444431189778,DB04
202003261900,104,15.0,0,0,0.3420201433256689,-0.9396926207859083,DB04
202003262000,104,15.0,0,0,0.9396926207859084,-0.3420201433256687,DB04
202003262100,104,14.4,0,0,0.3420201433256689,-0.9396926207859083,DB03
202003262200,104,16.0,0,0,0.3420201433256689,-0.9396926207859083,DB04
202003262300,104,17.6,0,0,1.2246467991473532e-16,-1.0,DB04
202003270000,104,15.5,0,0,0.0,1.0,DB04
202003270100,104,15.2,0,0,0.3420201433256689,-0.9396926207859083,DB04
202003270200,104,13.8,0,0,-0.6427876096865396,0.7660444431189778,DB04
202003270300,104,13.7,100,1,0.0,1.0,DB04
202003270400,104,13.6,0,0,-0.9396926207859083,0.342020143325669,DB04
202003270500,104,13.2,0,0,-0.9396926207859083,0.342020143325669,DB04
202003270600,104,11.9,100,1,-1.0,-1.8369701987210297e-16,DB04
202003270700,104,11.6,0,0,0.0,1.0,DB04
202003270800,104,11.8,0,0,-1.0,-1.8369701987210297e-16,DB04
202003270900,104,12.2,100,1,-1.0,-1.8369701987210297e-16,DB04
202003271000,104,10.4,0,0,1.0,6.123233995736766e-17,DB04
202003271100,104,8.6,0,0,-0.9396926207859084,-0.34202014332566855,DB04
202003271200,104,8.3,100,1,-1.0,-1.8369701987210297e-16,DB04
202003271300,104,8.1,0,0,0.9396926207859084,-0.3420201433256687,DB04
202003271400,104,7.7,0,0,1.0,6.123233995736766e-17,DB04
202003271500,104,7.5,100,1,1.2246467991473532e-16,-1.0,DB04
202003271600,104,6.6,0,0,1.0,6.123233995736766e-17,DB04
202003271700,104,6.4,0,0,0.9396926207859084,-0.3420201433256687,DB04
202003271800,104,6.0,100,1,0.9396926207859084,-0.3420201433256687,DB04
202003271900,104,5.6,0,0,-1.0,-1.8369701987210297e-16,DB04
202003272000,104,5.4,0,0,-0.9396926207859084,-0.34202014332566855,DB04
202003272100,104,5.5,100,1,-0.9396926207859084,-0.34202014332566855,DB04
202003272200,104,5.7,0,0,0.0,1.0,DB04
202003272300,104,5.9,0,0,-0.7660444431189779,-0.6427876096865395,DB04
202003280000,104,6.0,0,0,-0.9396926207859084,-0.34202014332566855,DB04
202003280100,104,5.8,0,0,0.0,1.0,DB04
202003280200,104,5.2,0,0,-0.34202014332566866,-0.9396926207859084,DB03
202003280300,104,5.7,0,0,-0.9396926207859083,0.342020143325669,DB04
202003280400,104,6.9,0,0,-0.9396926207859083,0.342020143325669,DB04
202003280500,104,6.4,0,0,-0.9396926207859083,0.342020143325669,DB03
202003280600,104,5.5,0,0,-1.0,-1.8369701987210297e-16,DB03
202003280700,104,5.6,0,0,-0.9396926207859083,0.342020143325669,DB03
202003280800,104,6.2,0,0,-0.9396926207859083,0.342020143325669,DB02
202003280900,104,6.8,0,0,-1.0,-1.8369701987210297e-16,DB03
202003281000,104,6.9,0,0,-1.0,-1.8369701987210297e-16,DB04
202003281100,104,7.3,0,0,-0.7660444431189779,-0.6427876096865395,DB03
202003281200,104,7.4,0,0,0.6427876096865395,-0.7660444431189779,DB03
202003281300,104,8.0,0,0,0.6427876096865395,-0.7660444431189779,DB03
202003281400,104,7.3,0,0,1.2246467991473532e-16,-1.0,DB03
202003281500,104,7.3,0,0,-0.34202014332566866,-0.9396926207859084,DB03
202003281600,104,7.3,0,0,1.2246467991473532e-16,-1.0,DB02
202003281700,104,6.7,0,0,0.3420201433256689,-0.9396926207859083,DB03
202003281800,104,6.5,0,0,-1.0,-1.8369701987210297e-16,DB03
202003281900,104,5.0,0,0,-1.0,-1.8369701987210297e-16,DB04
202003282000,104,4.0,0,0,-0.9396926207859084,-0.34202014332566855,DB03
202003282100,104,3.7,0,0,-0.9396926207859084,-0.34202014332566855,DB03
202003282200,104,2.8,0,0,0.0,1.0,DB02
202003282300,104,2.5,0,0,-0.9396926207859084,-0.34202014332566855,DB01
202003290000,104,3.1,0,0,-0.9396926207859084,-0.34202014332566855,DB01
202003290100,104,3.3,0,0,-0.7660444431189779,-0.6427876096865395,DB01
202003290200,104,1.7,0,0,0.3420201433256689,-0.9396926207859083,DB01
202003290300,104,2.4,0,0,0.3420201433256689,-0.9396926207859083,DB02
202003290400,104,2.8,0,0,-0.34202014332566866,-0.9396926207859084,DB01
202003290500,104,1.9,0,0,0.0,1.0,DB02
202003290600,104,3.6,0,0,-0.9396926207859084,-0.34202014332566855,DB03
202003290700,104,5.1,0,0,-0.9396926207859084,-0.34202014332566855,DB03
202003290800,104,5.7,0,0,1.2246467991473532e-16,-1.0,DB04
202003290900,104,7.0,0,0,0.9396926207859083,0.3420201433256688,DB04
202003291000,104,6.3,0,0,-0.9396926207859083,0.342020143325669,DB04
202003291100,104,7.0,0,0,-1.0,-1.8369701987210297e-16,DB04
202003291200,104,7.7,100,1,0.6427876096865395,-0.7660444431189779,DB04
202003291300,104,8.6,0,0,0.9396926207859084,-0.3420201433256687,DB03
202003291400,104,10.0,0,0,0.9396926207859084,-0.3420201433256687,DB03
202003291500,104,9.8,0,0,0.9396926207859084,-0.3420201433256687,DB03
202003291600,104,9.0,0,0,0.9396926207859084,-0.3420201433256687,DB03
202003291700,104,8.8,0,0,0.9396926207859084,-0.3420201433256687,DB03
202003291800,104,8.4,0,0,0.9396926207859084,-0.3420201433256687,DB02
202003291900,104,7.3,0,0,0.6427876096865395,-0.7660444431189779,DB03
202003292000,104,6.2,0,0,0.6427876096865395,-0.7660444431189779,DB03
202003292100,104,5.8,0,0,0.3420201433256689,-0.9396926207859083,DB03
202003292200,104,4.5,0,0,0.0,1.0,DB03
202003292300,104,5.1,0,0,-1.0,-1.8369701987210297e-16,DB03
202003300000,104,4.9,0,0,0.0,1.0,DB03
202003300100,104,4.2,0,0,0.3420201433256689,-0.9396926207859083,DB03
202003300200,104,3.1,0,0,-1.0,-1.8369701987210297e-16,DB01
202003300300,104,3.2,0,0,0.0,1.0,DB01
202003300400,104,2.8,0,0,0.0,1.0,DB01
202003300500,104,3.9,0,0,-0.9396926207859083,0.342020143325669,DB01
202003300600,104,2.9,0,0,0.3420201433256689,-0.9396926207859083,DB01
202003300700,104,3.5,0,0,0.6427876096865395,-0.7660444431189779,DB01
202003300800,104,8.0,0,0,0.0,1.0,DB01
202003300900,104,9.2,0,0,-0.9396926207859084,-0.34202014332566855,DB01
202003301000,104,10.7,0,0,0.9396926207859084,-0.3420201433256687,DB01
202003301100,104,11.6,0,0,0.9396926207859083,0.3420201433256688,DB01
202003301200,104,12.0,0,0,1.0,6.123233995736766e-17,DB01
202003301300,104,11.6,0,0,0.9396926207859084,-0.3420201433256687,DB01
202003301400,104,12.8,0,0,0.9396926207859084,-0.3420201433256687,DB01
202003301500,104,12.7,0,0,0.9396926207859084,-0.3420201433256687,DB01
202003301600,104,12.9,0,0,0.9396926207859084,-0.3420201433256687,DB01
202003301700,104,12.9,0,0,0.9396926207859084,-0.3420201433256687,DB01
202003301800,104,12.3,0,0,0.9396926207859084,-0.3420201433256687,DB01
202003301900,104,10.3,0,0,0.6427876096865395,-0.7660444431189779,DB01
202003302000,104,9.0,0,0,0.0,1.0,DB01
202003302100,104,7.8,0,0,0.0,1.0,DB01
202003302200,104,7.1,0,0,0.0,1.0,DB01
202003302300,104,6.0,0,0,0.6427876096865395,-0.7660444431189779,DB01
202003310000,104,7.0,0,0,1.2246467991473532e-16,-1.0,DB01
202003310100,104,6.6,0,0,1.2246467991473532e-16,-1.0,DB02
202003310200,104,5.4,0,0,0.3420201433256689,-0.9396926207859083,DB03
202003310300,104,5.6,0,0,0.3420201433256689,-0.9396926207859083,DB01
202003310400,104,7.6,0,0,-0.34202014332566866,-0.9396926207859084,DB02
202003310500,104,7.5,0,0,1.2246467991473532e-16,-1.0,DB01
202003310600,104,6.9,0,0,1.2246467991473532e-16,-1.0,DB01
202003310700,104,7.8,0,0,0.3420201433256689,-0.9396926207859083,DB03
202003310800,104,10.5,0,0,0.0,1.0,DB02
202003310900,104,11.5,0,0,-0.9396926207859084,-0.34202014332566855,DB01
202003311000,104,12.3,0,0,-0.7660444431189779,-0.6427876096865395,DB02
202003311100,104,14.2,0,0,1.0,6.123233995736766e-17,DB02
202003311200,104,15.6,0,0,0.9396926207859084,-0.3420201433256687,DB01
202003311300,104,16.6,0,0,0.9396926207859084,-0.3420201433256687,DB01
202003311400,104,15.4,0,0,0.9396926207859084,-0.3420201433256687,DB03
202003311500,104,15.9,0,0,0.9396926207859084,-0.3420201433256687,DB03
202003311600,104,15.1,0,0,0.9396926207859084,-0.3420201433256687,DB03
202003311700,104,13.6,0,0,0.9396926207859084,-0.3420201433256687,DB03
202003311800,104,13.4,0,0,0.6427876096865395,-0.7660444431189779,DB03
202003311900,104,11.5,0,0,0.0,1.0,DB03
202003312000,104,10.9,0,0,0.0,1.0,DB03
202003312100,104,9.7,0,0,0.0,1.0,DB03
202003312200,104,9.5,0,0,0.0,1.0,DB04
202003312300,104,9.2,0,0,1.2246467991473532e-16,-1.0,DB04
202004010000,104,9.0,0,0,0.0,1.0,DB03
202004010100,104,8.6,0,0,0.0,1.0,DB03
202004010200,104,9.5,0,0,0.0,1.0,DB04
202004010300,104,11.7,0,0,-0.34202014332566866,-0.9396926207859084,DB04
202004010400,104,12.2,0,0,-0.9396926207859084,-0.34202014332566855,DB04
202004010500,104,11.0,0,0,0.0,1.0,DB04
202004010600,104,10.2,0,0,-1.0,-1.8369701987210297e-16,DB04
202004010700,104,11.0,0,0,-1.0,-1.8369701987210297e-16,DB04
202004010800,104,12.2,0,0,-0.9396926207859083,0.342020143325669,DB04
202004010900,104,12.5,0,0,-0.7660444431189779,-0.6427876096865395,DB04
202004011000,104,12.1,0,0,-1.0,-1.8369701987210297e-16,DB04
202004011100,104,10.7,0,0,0.9396926207859084,-0.3420201433256687,DB04
202004011200,104,10.7,0,0,1.0,6.123233995736766e-17,DB04
202004011300,104,9.8,0,0,1.2246467991473532e-16,-1.0,DB04
202004011400,104,8.9,100,1,-0.9396926207859084,-0.34202014332566855,DB04
202004011500,104,8.1,100,1,-0.9396926207859083,0.342020143325669,DB04
202004011600,104,7.5,100,1,-0.9396926207859083,0.342020143325669,DB04
202004011700,104,7.0,100,1,-0.9396926207859083,0.342020143325669,DB04
202004011800,104,6.1,100,1,-1.0,-1.8369701987210297e-16,DB04
202004011900,104,5.6,100,1,-1.0,-1.8369701987210297e-16,DB04
202004012000,104,4.1,100,1,-1.0,-1.8369701987210297e-16,DB04
202004012100,104,4.1,100,1,-0.9396926207859084,-0.34202014332566855,DB04
202004012200,104,4.9,0,0,-0.9396926207859084,-0.34202014332566855,DB04
202004012300,104,4.3,0,0,-0.7660444431189779,-0.6427876096865395,DB03
202004020000,104,4.8,0,0,-0.9396926207859084,-0.34202014332566855,DB01
202004020100,104,4.9,0,0,-0.9396926207859084,-0.34202014332566855,DB01
202004020200,104,3.8,0,0,0.3420201433256689,-0.9396926207859083,DB01
202004020300,104,2.8,0,0,0.3420201433256689,-0.9396926207859083,DB01
202004020400,104,3.5,0,0,1.2246467991473532e-16,-1.0,DB01
202004020500,104,3.2,0,0,1.2246467991473532e-16,-1.0,DB01
202004020600,104,2.9,0,0,1.2246467991473532e-16,-1.0,DB01
202004020700,104,3.7,0,0,0.3420201433256689,-0.9396926207859083,DB01
202004020800,104,6.8,0,0,0.3420201433256689,-0.9396926207859083,DB01
202004020900,104,9.7,0,0,0.3420201433256689,-0.9396926207859083,DB01
202004021000,104,12.0,0,0,1.2246467991473532e-16,-1.0,DB01
202004021100,104,13.4,0,0,0.6427876096865395,-0.7660444431189779,DB01
202004021200,104,15.3,0,0,1.2246467991473532e-16,-1.0,DB01
202004021300,104,15.6,0,0,1.0,6.123233995736766e-17,DB01
202004021400,104,16.0,0,0,0.9396926207859084,-0.3420201433256687,DB01
202004021500,104,16.0,0,0,0.9396926207859084,-0.3420201433256687,DB01
202004021600,104,15.8,0,0,0.6427876096865395,-0.7660444431189779,DB02
202004021700,104,16.8,0,0,0.6427876096865395,-0.7660444431189779,DB02
202004021800,104,16.4,0,0,-0.9396926207859084,-0.34202014332566855,DB01
202004021900,104,14.6,0,0,-0.7660444431189779,-0.6427876096865395,DB01
202004022000,104,13.5,0,0,-0.7660444431189779,-0.6427876096865395,DB01
202004022100,104,12.8,0,0,-0.7660444431189779,-0.6427876096865395,DB01
202004022200,104,11.0,0,0,-1.0,-1.8369701987210297e-16,DB01
202004022300,104,9.8,0,0,0.6427876096865395,-0.7660444431189779,DB01
202004030000,104,8.9,0,0,0.9396926207859084,-0.3420201433256687,DB01
202004030100,104,7.0,0,0,-0.7660444431189779,-0.6427876096865395,DB01
202004030200,104,8.9,0,0,-0.34202014332566866,-0.9396926207859084,DB01
202004030300,104,6.9,0,0,0.6427876096865395,-0.7660444431189779,DB01
202004030400,104,8.8,0,0,0.3420201433256689,-0.9396926207859083,DB01
202004030500,104,9.3,0,0,1.2246467991473532e-16,-1.0,DB01
202004030600,104,8.8,0,0,1.2246467991473532e-16,-1.0,DB01
202004030700,104,9.4,0,0,0.3420201433256689,-0.9396926207859083,DB01
202004030800,104,12.0,0,0,0.3420201433256689,-0.9396926207859083,DB01
202004030900,104,14.6,0,0,0.3420201433256689,-0.9396926207859083,DB01
202004031000,104,16.9,0,0,0.6427876096865395,-0.7660444431189779,DB01
202004031100,104,18.1,0,0,-0.7660444431189779,-0.6427876096865395,DB01
202004031200,104,17.7,0,0,1.0,6.123233995736766e-17,DB01
202004031300,104,18.2,0,0,0.9396926207859084,-0.3420201433256687,DB01
202004031400,104,18.0,0,0,0.9396926207859084,-0.3420201433256687,DB01
202004031500,104,17.7,0,0,0.9396926207859084,-0.3420201433256687,DB01
202004031600,104,17.9,0,0,1.0,6.123233995736766e-17,DB01
202004031700,104,18.7,0,0,-1.0,-1.8369701987210297e-16,DB01
202004031800,104,17.4,0,0,-1.0,-1.8369701987210297e-16,DB01
202004031900,104,15.8,0,0,-0.9396926207859084,-0.34202014332566855,DB01
202004032000,104,15.0,0,0,-0.7660444431189779,-0.6427876096865395,DB01
202004032100,104,13.9,0,0,0.3420201433256689,-0.9396926207859083,DB01
202004032200,104,13.4,0,0,0.3420201433256689,-0.9396926207859083,DB01
202004032300,104,13.3,0,0,-0.34202014332566866,-0.9396926207859084,DB01
202004040000,104,12.3,0,0,-0.34202014332566866,-0.9396926207859084,DB01
202004040100,104,10.6,0,0,0.3420201433256689,-0.9396926207859083,DB01
202004040200,104,11.4,0,0,-0.9396926207859084,-0.34202014332566855,DB01
202004040300,104,10.3,0,0,0.3420201433256689,-0.9396926207859083,DB01
202004040400,104,9.4,0,0,0.9396926207859084,-0.3420201433256687,DB01
202004040500,104,9.0,0,0,0.6427876096865395,-0.7660444431189779,DB01
202004040600,104,9.5,0,0,0.6427876096865395,-0.7660444431189779,DB01
202004040700,104,9.7,0,0,-1.0,-1.8369701987210297e-16,DB01
202004040800,104,11.1,0,0,-1.0,-1.8369701987210297e-16,DB01
202004040900,104,11.7,0,0,-0.9396926207859083,0.342020143325669,DB02
202004041000,104,8.6,0,0,-0.9396926207859084,-0.34202014332566855,DB04
202004041100,104,8.4,0,0,-1.0,-1.8369701987210297e-16,DB03
202004041200,104,8.8,0,0,-0.34202014332566866,-0.9396926207859084,DB03
202004041300,104,8.2,0,0,-0.34202014332566866,-0.9396926207859084,DB03
202004041400,104,8.7,0,0,-0.34202014332566866,-0.9396926207859084,DB03
202004041500,104,8.5,0,0,-0.34202014332566866,-0.9396926207859084,DB03
202004041600,104,7.7,0,0,-0.7660444431189779,-0.6427876096865395,DB03
202004041700,104,7.7,0,0,-1.0,-1.8369701987210297e-16,DB04
202004041800,104,7.6,0,0,-1.0,-1.8369701987210297e-16,DB03
202004041900,104,6.8,0,0,-0.7660444431189779,-0.6427876096865395,DB03
202004042000,104,5.5,0,0,-0.34202014332566866,-0.9396926207859084,DB02
202004042100,104,4.6,0,0,0.3420201433256689,-0.9396926207859083,DB02
202004042200,104,3.9,0,0,-0.9396926207859084,-0.34202014332566855,DB01
202004042300,104,5.4,0,0,-0.9396926207859083,0.342020143325669,DB01
202004050000,104,5.3,0,0,-0.9396926207859083,0.342020143325669,DB01
202004050100,104,3.8,0,0,-0.9396926207859084,-0.34202014332566855,DB01
202004050200,104,3.5,0,0,-1.0,-1.8369701987210297e-16,DB01
202004050300,104,2.6,0,0,-0.9396926207859084,-0.34202014332566855,DB01
202004050400,104,2.1,0,0,-0.9396926207859084,-0.34202014332566855,DB01
202004050500,104,1.8,0,0,-0.9396926207859084,-0.34202014332566855,DB01
202004050600,104,0.6,0,0,-0.7660444431189779,-0.6427876096865395,DB01
202004050700,104,1.9,0,0,-0.34202014332566866,-0.9396926207859084,DB01
202004050800,104,5.7,0,0,0.6427876096865395,-0.7660444431189779,DB01
202004050900,104,7.3,0,0,0.9396926207859084,-0.3420201433256687,DB01
202004051000,104,9.1,0,0,0.3420201433256689,-0.9396926207859083,DB01
202004051100,104,9.8,0,0,1.0,6.123233995736766e-17,DB01
202004051200,104,9.9,0,0,1.0,6.123233995736766e-17,DB01
202004051300,104,9.3,0,0,1.0,6.123233995736766e-17,DB01
202004051400,104,10.1,0,0,0.9396926207859083,0.3420201433256688,DB01
202004051500,104,10.2,0,0,1.0,6.123233995736766e-17,DB01
202004051600,104,10.2,0,0,0.9396926207859084,-0.3420201433256687,DB01
202004051700,104,9.6,0,0,1.0,6.123233995736766e-17,DB01
202004051800,104,9.1,0,0,0.3420201433256689,-0.9396926207859083,DB01
202004051900,104,6.9,0,0,0.6427876096865395,-0.7660444431189779,DB01
202004052000,104,6.4,0,0,1.2246467991473532e-16,-1.0,DB01
202004052100,104,4.5,0,0,1.2246467991473532e-16,-1.0,DB01
202004052200,104,4.8,0,0,0.0,1.0,DB01
202004052300,104,5.1,0,0,0.3420201433256689,-0.9396926207859083,DB01
202004060000,104,7.2,0,0,1.2246467991473532e-16,-1.0,DB01
202004060100,104,7.5,0,0,1.2246467991473532e-16,-1.0,DB01
202004060200,104,6.5,0,0,0.3420201433256689,-0.9396926207859083,DB01
202004060300,104,6.7,0,0,1.2246467991473532e-16,-1.0,DB01
202004060400,104,5.5,0,0,0.3420201433256689,-0.9396926207859083,DB01
202004060500,104,6.0,0,0,1.2246467991473532e-16,-1.0,DB01
202004060600,104,5.4,0,0,0.3420201433256689,-0.9396926207859083,DB01
202004060700,104,6.2,0,0,0.3420201433256689,-0.9396926207859083,DB01
202004060800,104,8.7,0,0,0.3420201433256689,-0.9396926207859083,DB01
202004060900,104,11.5,0,0,-1.0,-1.8369701987210297e-16,DB01
202004061000,104,11.7,0,0,1.0,6.123233995736766e-17,DB01
202004061100,104,13.0,0,0,0.6427876096865395,-0.7660444431189779,DB01
202004061200,104,12.9,0,0,0.6427876096865395,-0.7660444431189779,DB01
202004061300,104,13.3,0,0,1.0,6.123233995736766e-17,DB01
202004061400,104,12.9,0,0,0.9396926207859084,-0.3420201433256687,DB01
202004061500,104,13.0,0,0,0.9396926207859084,-0.3420201433256687,DB01
202004061600,104,12.7,0,0,0.9396926207859084,-0.3420201433256687,DB01
202004061700,104,12.6,0,0,0.9396926207859084,-0.3420201433256687,DB02
202004061800,104,11.8,0,0,0.9396926207859084,-0.3420201433256687,DB03
202004061900,104,9.8,0,0,0.0,1.0,DB03
202004062000,104,8.9,0,0,0.6427876096865395,-0.7660444431189779,DB03
202004062100,104,11.9,0,0,-0.9396926207859084,-0.34202014332566855,DB03
202004062200,104,13.4,0,0,-0.9396926207859084,-0.34202014332566855,DB03
202004062300,104,12.8,0,0,-0.7660444431189779,-0.6427876096865395,DB03
202004070000,104,12.5,0,0,-0.7660444431189779,-0.6427876096865395,DB03
202004070100,104,11.5,0,0,-0.34202014332566866,-0.9396926207859084,DB03
202004070200,104,10.8,0,0,0.3420201433256689,-0.9396926207859083,DB03
202004070300,104,9.8,0,0,0.3420201433256689,-0.9396926207859083,DB03
202004070400,104,9.4,0,0,0.3420201433256689,-0.9396926207859083,DB02
202004070500,104,9.0,0,0,0.3420201433256689,-0.9396926207859083,DB01
202004070600,104,9.1,0,0,0.3420201433256689,-0.9396926207859083,DB01
202004070700,104,10.1,0,0,-0.34202014332566866,-0.9396926207859084,DB01
202004070800,104,12.7,0,0,0.3420201433256689,-0.9396926207859083,DB01
202004070900,104,15.5,0,0,-1.0,-1.8369701987210297e-16,DB01
202004071000,104,16.8,0,0,0.6427876096865395,-0.7660444431189779,DB01
202004071100,104,16.7,0,0,-1.0,-1.8369701987210297e-16,DB03
202004071200,104,16.1,0,0,0.9396926207859084,-0.3420201433256687,DB03
202004071300,104,18.3,0,0,1.0,6.123233995736766e-17,DB03
202004071400,104,14.6,0,0,1.0,6.123233995736766e-17,DB02
202004071500,104,14.3,0,0,1.0,6.123233995736766e-17,DB02
202004071600,104,13.7,0,0,1.0,6.123233995736766e-17,DB02
202004071700,104,12.7,0,0,0.9396926207859084,-0.3420201433256687,DB02
202004071800,104,11.7,0,0,1.0,6.123233995736766e-17,DB02
202004071900,104,10.6,0,0,1.0,6.123233995736766e-17,DB03
202004072000,104,10.3,0,0,0.9396926207859084,-0.3420201433256687,DB03
202004072100,104,10.1,0,0,0.9396926207859084,-0.3420201433256687,DB03
202004072200,104,10.3,0,0,0.9396926207859084,-0.3420201433256687,DB03
202004072300,104,10.1,0,0,0.9396926207859084,-0.3420201433256687,DB03
202004080000,104,10.2,0,0,0.9396926207859084,-0.3420201433256687,DB03
202004080100,104,9.9,0,0,1.0,6.123233995736766e-17,DB04
202004080200,104,9.2,100,1,0.9396926207859084,-0.3420201433256687,DB04
202004080300,104,7.7,100,1,0.6427876096865395,-0.7660444431189779,DB04
202004080400,104,7.4,100,1,-1.0,-1.8369701987210297e-16,DB04
202004080500,104,6.6,0,0,1.2246467991473532e-16,-1.0,DB03
202004080600,104,5.5,0,0,1.2246467991473532e-16,-1.0,DB01
202004080700,104,5.6,0,0,0.0,1.0,DB01
202004080800,104,7.7,0,0,-1.0,-1.8369701987210297e-16,DB01
202004080900,104,8.3,0,0,-0.7660444431189779,-0.6427876096865395,DB03
202004081000,104,8.0,0,0,-0.9396926207859084,-0.34202014332566855,DB03
202004081100,104,9.0,0,0,-0.9396926207859084,-0.34202014332566855,DB03
202004081200,104,8.6,0,0,1.2246467991473532e-16,-1.0,DB02
202004081300,104,8.9,0,0,-0.7660444431189779,-0.6427876096865395,DB04
202004081400,104,9.5,0,0,1.2246467991473532e-16,-1.0,DB01
202004081500,104,10.3,0,0,0.3420201433256689,-0.9396926207859083,DB01
202004081600,104,10.0,0,0,1.2246467991473532e-16,-1.0,DB01
202004081700,104,9.7,0,0,-0.34202014332566866,-0.9396926207859084,DB01
202004081800,104,9.2,0,0,1.0,6.123233995736766e-17,DB01
202004081900,104,6.9,0,0,0.0,1.0,DB01
202004082000,104,5.9,0,0,-0.7660444431189779,-0.6427876096865395,DB01
202004082100,104,5.2,0,0,1.2246467991473532e-16,-1.0,DB01
202004082200,104,5.4,0,0,0.3420201433256689,-0.9396926207859083,DB01
202004082300,104,5.0,0,0,1.2246467991473532e-16,-1.0,DB01
202004090000,104,2.8,0,0,-0.7660444431189779,-0.6427876096865395,DB01
202004090100,104,3.1,0,0,1.2246467991473532e-16,-1.0,DB01
202004090200,104,4.1,0,0,0.3420201433256689,-0.9396926207859083,DB01
202004090300,104,3.6,0,0,0.0,1.0,DB01
202004090400,104,5.2,0,0,1.2246467991473532e-16,-1.0,DB01
202004090500,104,3.8,0,0,-0.34202014332566866,-0.9396926207859084,DB01
202004090600,104,4.4,0,0,1.2246467991473532e-16,-1.0,DB01
202004090700,104,4.7,0,0,0.0,1.0,DB01
202004090800,104,7.2,0,0,0.6427876096865395,-0.7660444431189779,DB01
202004090900,104,9.3,0,0,1.0,6.123233995736766e-17,DB01
202004091000,104,10.1,0,0,0.9396926207859084,-0.3420201433256687,DB01
202004091100,104,10.5,0,0,0.9396926207859084,-0.3420201433256687,DB01
202004091200,104,10.7,0,0,0.9396926207859084,-0.3420201433256687,DB01
202004091300,104,10.4,0,0,0.9396926207859084,-0.3420201433256687,DB03
202004091400,104,10.6,0,0,0.9396926207859084,-0.3420201433256687,DB02
202004091500,104,10.1,0,0,-0.7660444431189779,-0.6427876096865395,DB02
202004091600,104,8.6,0,0,1.0,6.123233995736766e-17,DB03
202004091700,104,8.5,0,0,1.0,6.123233995736766e-17,DB03
202004091800,104,8.3,0,0,1.0,6.123233995736766e-17,DB04
202004091900,104,8.0,0,0,0.9396926207859084,-0.3420201433256687,DB04
202004092000,104,6.8,0,0,-0.9396926207859084,-0.34202014332566855,DB03
202004092100,104,6.9,0,0,0.0,1.0,DB02
202004092200,104,5.8,0,0,-0.9396926207859084,-0.34202014332566855,DB03
202004092300,104,5.7,0,0,-0.9396926207859084,-0.34202014332566855,DB03
202004100000,104,5.2,0,0,-0.9396926207859084,-0.34202014332566855,DB02
202004100100,104,4.9,0,0,0.0,1.0,DB01
202004100200,104,4.9,0,0,-0.9396926207859084,-0.34202014332566855,DB01
202004100300,104,3.9,0,0,0.0,1.0,DB01
202004100400,104,4.3,0,0,-0.9396926207859084,-0.34202014332566855,DB01
202004100500,104,4.7,0,0,-0.9396926207859084,-0.34202014332566855,DB01
202004100600,104,4.4,0,0,-0.9396926207859084,-0.34202014332566855,DB01
202004100700,104,5.0,0,0,0.0,1.0,DB01
202004100800,104,8.4,0,0,0.3420201433256689,-0.9396926207859083,DB01
202004100900,104,9.4,0,0,0.9396926207859084,-0.3420201433256687,DB01
202004101000,104,10.5,0,0,0.3420201433256689,-0.9396926207859083,DB01
202004101100,104,10.6,0,0,0.9396926207859084,-0.3420201433256687,DB01
202004101200,104,11.1,0,0,1.0,6.123233995736766e-17,DB01
202004101300,104,11.5,0,0,0.9396926207859084,-0.3420201433256687,DB02
202004101400,104,11.0,0,0,0.9396926207859084,-0.3420201433256687,DB03
202004101500,104,11.5,0,0,0.9396926207859084,-0.3420201433256687,DB03
202004101600,104,11.5,0,0,0.9396926207859084,-0.3420201433256687,DB02
202004101700,104,10.4,0,0,0.9396926207859084,-0.3420201433256687,DB03
202004101800,104,10.1,0,0,0.9396926207859084,-0.3420201433256687,DB04
202004101900,104,9.6,0,0,0.9396926207859084,-0.3420201433256687,DB03
202004102000,104,8.3,0,0,-0.34202014332566866,-0.9396926207859084,DB03
202004102100,104,7.1,0,0,0.0,1.0,DB02
202004102200,104,6.1,0,0,-0.9396926207859083,0.342020143325669,DB02
202004102300,104,5.6,0,0,0.3420201433256689,-0.9396926207859083,DB03
202004110000,104,5.4,0,0,0.0,1.0,DB03
202004110100,104,5.8,0,0,-0.9396926207859084,-0.34202014332566855,DB03
202004110200,104,5.0,0,0,0.0,1.0,DB02
202004110300,104,5.5,0,0,-0.34202014332566866,-0.9396926207859084,DB03
202004110400,104,5.0,0,0,1.2246467991473532e-16,-1.0,DB01
202004110500,104,7.0,0,0,-0.34202014332566866,-0.9396926207859084,DB02
202004110600,104,6.5,0,0,1.2246467991473532e-16,-1.0,DB02
202004110700,104,7.7,0,0,0.3420201433256689,-0.9396926207859083,DB01
202004110800,104,9.8,0,0,1.0,6.123233995736766e-17,DB01
202004110900,104,12.0,0,0,-1.0,-1.8369701987210297e-16,DB02
202004111000,104,13.2,0,0,0.9396926207859083,0.3420201433256688,DB02
202004111100,104,13.4,0,0,1.0,6.123233995736766e-17,DB02
202004111200,104,12.9,0,0,0.9396926207859084,-0.3420201433256687,DB03
202004111300,104,13.4,0,0,0.9396926207859084,-0.3420201433256687,DB03
202004111400,104,13.1,0,0,0.9396926207859084,-0.3420201433256687,DB03
202004111500,104,14.4,0,0,0.9396926207859084,-0.3420201433256687,DB03
202004111600,104,14.8,0,0,0.9396926207859084,-0.3420201433256687,DB03
202004111700,104,14.0,0,0,0.9396926207859084,-0.3420201433256687,DB02
202004111800,104,13.2,0,0,0.9396926207859084,-0.3420201433256687,DB03
202004111900,104,11.4,0,0,0.9396926207859084,-0.3420201433256687,DB03
202004112000,104,10.0,0,0,-0.9396926207859084,-0.34202014332566855,DB03
202004112100,104,9.1,0,0,-0.9396926207859084,-0.34202014332566855,DB01
202004112200,104,7.7,0,0,0.0,1.0,DB01
202004112300,104,7.8,0,0,-0.34202014332566866,-0.9396926207859084,DB01
202004120000,104,7.3,0,0,0.0,1.0,DB01
202004120100,104,6.8,0,0,0.0,1.0,DB01
202004120200,104,6.7,0,0,-1.0,-1.8369701987210297e-16,DB01
202004120300,104,7.3,0,0,-1.0,-1.8369701987210297e-16,DB01
202004120400,104,7.9,0,0,-1.0,-1.8369701987210297e-16,DB02
202004120500,104,7.3,0,0,0.6427876096865395,-0.7660444431189779,DB03
202004120600,104,9.6,0,0,0.9396926207859084,-0.3420201433256687,DB04
202004120700,104,8.1,0,0,0.3420201433256689,-0.9396926207859083,DB04
202004120800,104,7.0,100,1,0.9396926207859084,-0.3420201433256687,DB04
202004120900,104,6.8,100,1,1.2246467991473532e-16,-1.0,DB04
202004121000,104,6.6,100,1,-0.7660444431189779,-0.6427876096865395,DB04
202004121100,104,6.8,100,1,-0.9396926207859083,0.342020143325669,DB04
202004121200,104,7.7,100,1,-1.0,-1.8369701987210297e-16,DB04
202004121300,104,7.1,100,1,-0.7660444431189779,-0.6427876096865395,DB04
202004121400,104,6.2,100,1,-0.9396926207859084,-0.34202014332566855,DB04
202004121500,104,8.5,100,1,1.0,6.123233995736766e-17,DB04
202004121600,104,8.4,100,1,1.0,6.123233995736766e-17,DB04
202004121700,104,7.7,100,1,1.0,6.123233995736766e-17,DB04
202004121800,104,7.8,100,1,1.0,6.123233995736766e-17,DB04
202004121900,104,7.4,0,0,1.0,6.123233995736766e-17,DB04
202004122000,104,7.4,0,0,1.0,6.123233995736766e-17,DB03
202004122100,104,7.3,100,1,-0.34202014332566866,-0.9396926207859084,DB04
202004122200,104,6.9,100,1,0.9396926207859084,-0.3420201433256687,DB04
202004122300,104,6.6,100,1,0.3420201433256689,-0.9396926207859083,DB03
202004130000,104,5.3,0,0,-1.0,-1.8369701987210297e-16,DB03
202004130100,104,6.3,0,0,1.2246467991473532e-16,-1.0,DB03
202004130200,104,4.9,0,0,-1.0,-1.8369701987210297e-16,DB03
202004130300,104,5.0,0,0,-1.0,-1.8369701987210297e-16,DB03
202004130400,104,4.7,0,0,-0.9396926207859083,0.342020143325669,DB03
202004130500,104,4.8,0,0,-0.9396926207859083,0.342020143325669,DB03
202004130600,104,4.3,0,0,-0.9396926207859083,0.342020143325669,DB03
202004130700,104,5.8,0,0,-0.9396926207859083,0.342020143325669,DB03
202004130800,104,7.1,0,0,-1.0,-1.8369701987210297e-16,DB02
202004130900,104,8.2,0,0,-1.0,-1.8369701987210297e-16,DB03
202004131000,104,9.9,0,0,-0.9396926207859084,-0.34202014332566855,DB03
202004131100,104,10.3,0,0,-1.0,-1.8369701987210297e-16,DB03
202004131200,104,11.7,0,0,-1.0,-1.8369701987210297e-16,DB02
202004131300,104,12.4,0,0,-0.7660444431189779,-0.6427876096865395,DB02
202004131400,104,12.9,0,0,-0.9396926207859084,-0.34202014332566855,DB02
202004131500,104,13.1,0,0,-0.7660444431189779,-0.6427876096865395,DB03
202004131600,104,13.0,0,0,-0.34202014332566866,-0.9396926207859084,DB03
202004131700,104,12.6,0,0,-0.7660444431189779,-0.6427876096865395,DB01
202004131800,104,12.1,0,0,-0.7660444431189779,-0.6427876096865395,DB01
202004131900,104,8.9,0,0,0.3420201433256689,-0.9396926207859083,DB01
202004132000,104,6.6,0,0,0.3420201433256689,-0.9396926207859083,DB01
202004132100,104,7.7,0,0,-0.9396926207859084,-0.34202014332566855,DB01
202004132200,104,5.9,0,0,0.3420201433256689,-0.9396926207859083,DB01
202004132300,104,7.8,0,0,0.3420201433256689,-0.9396926207859083,DB01
202004140000,104,8.7,0,0,1.2246467991473532e-16,-1.0,DB01
202004140100,104,8.4,0,0,0.3420201433256689,-0.9396926207859083,DB01
202004140200,104,8.8,0,0,1.2246467991473532e-16,-1.0,DB01
202004140300,104,8.0,0,0,0.3420201433256689,-0.9396926207859083,DB01
202004140400,104,9.4,0,0,0.3420201433256689,-0.9396926207859083,DB01
202004140500,104,9.5,0,0,0.3420201433256689,-0.9396926207859083,DB01
202004140600,104,9.1,0,0,0.3420201433256689,-0.9396926207859083,DB01
202004140700,104,10.8,0,0,0.3420201433256689,-0.9396926207859083,DB01
202004140800,104,15.0,0,0,0.6427876096865395,-0.7660444431189779,DB01
202004140900,104,18.5,0,0,1.2246467991473532e-16,-1.0,DB01
202004141000,104,19.6,0,0,-0.9396926207859083,0.342020143325669,DB01
202004141100,104,20.6,0,0,-1.0,-1.8369701987210297e-16,DB01
202004141200,104,21.6,0,0,-1.0,-1.8369701987210297e-16,DB01
202004141300,104,22.1,0,0,-1.0,-1.8369701987210297e-16,DB01
202004141400,104,22.6,0,0,-1.0,-1.8369701987210297e-16,DB01
202004141500,104,21.2,0,0,-0.7660444431189779,-0.6427876096865395,DB01
202004141600,104,20.0,0,0,0.9396926207859084,-0.3420201433256687,DB01
202004141700,104,19.3,0,0,0.9396926207859084,-0.3420201433256687,DB01
202004141800,104,18.5,0,0,0.9396926207859084,-0.3420201433256687,DB01
202004141900,104,15.3,0,0,0.0,1.0,DB01
202004142000,104,15.6,0,0,-0.7660444431189779,-0.6427876096865395,DB01
202004142100,104,17.5,0,0,-1.0,-1.8369701987210297e-16,DB01
202004142200,104,15.2,0,0,1.2246467991473532e-16,-1.0,DB01
202004142300,104,15.0,0,0,-0.34202014332566866,-0.9396926207859084,DB02
202004150000,104,14.2,0,0,1.2246467991473532e-16,-1.0,DB01
202004150100,104,14.3,0,0,0.3420201433256689,-0.9396926207859083,DB01
202004150200,104,13.6,0,0,0.3420201433256689,-0.9396926207859083,DB01
202004150300,104,13.4,0,0,0.3420201433256689,-0.9396926207859083,DB02
202004150400,104,13.2,0,0,0.3420201433256689,-0.9396926207859083,DB01
202004150500,104,13.2,0,0,0.3420201433256689,-0.9396926207859083,DB01
202004150600,104,13.0,0,0,0.3420201433256689,-0.9396926207859083,DB01
202004150700,104,13.6,0,0,0.3420201433256689,-0.9396926207859083,DB02
202004150800,104,15.4,0,0,0.3420201433256689,-0.9396926207859083,DB02
202004150900,104,18.0,0,0,0.3420201433256689,-0.9396926207859083,DB02
202004151000,104,20.2,0,0,1.0,6.123233995736766e-17,DB02
202004151100,104,16.6,0,0,0.9396926207859084,-0.3420201433256687,DB02
202004151200,104,15.5,0,0,0.3420201433256689,-0.9396926207859083,DB02
202004151300,104,14.9,0,0,0.6427876096865395,-0.7660444431189779,DB03
202004151400,104,14.5,0,0,0.6427876096865395,-0.7660444431189779,DB02
202004151500,104,13.4,0,0,-0.34202014332566866,-0.9396926207859084,DB03
202004151600,104,12.9,0,0,0.3420201433256689,-0.9396926207859083,DB03
202004151700,104,12.3,0,0,-0.7660444431189779,-0.6427876096865395,DB03
202004151800,104,11.3,0,0,0.6427876096865395,-0.7660444431189779,DB03
202004151900,104,10.6,0,0,1.2246467991473532e-16,-1.0,DB03
202004152000,104,10.0,0,0,-0.9396926207859083,0.342020143325669,DB02
202004152100,104,8.4,0,0,0.0,1.0,DB02
202004152200,104,8.2,0,0,0.0,1.0,DB02
202004152300,104,8.1,0,0,-0.9396926207859084,-0.34202014332566855,DB02
202004160000,104,7.7,0,0,-0.9396926207859084,-0.34202014332566855,DB02
202004160100,104,7.5,0,0,-0.9396926207859084,-0.34202014332566855,DB03
202004160200,104,7.7,0,0,-0.9396926207859084,-0.34202014332566855,DB03
202004160300,104,7.8,0,0,-0.9396926207859084,-0.34202014332566855,DB02
202004160400,104,7.0,0,0,-0.9396926207859084,-0.34202014332566855,DB02
202004160500,104,7.4,0,0,-0.9396926207859084,-0.34202014332566855,DB02
202004160600,104,7.5,0,0,-0.9396926207859084,-0.34202014332566855,DB02
202004160700,104,8.5,0,0,-0.9396926207859084,-0.34202014332566855,DB02
202004160800,104,10.1,0,0,-0.9396926207859084,-0.34202014332566855,DB02
202004160900,104,10.4,0,0,0.6427876096865395,-0.7660444431189779,DB02
202004161000,104,11.0,0,0,1.0,6.123233995736766e-17,DB02
202004161100,104,11.4,0,0,1.0,6.123233995736766e-17,DB02
202004161200,104,12.4,0,0,0.9396926207859084,-0.3420201433256687,DB02
202004161300,104,12.6,0,0,0.9396926207859084,-0.3420201433256687,DB01
202004161400,104,12.5,0,0,1.0,6.123233995736766e-17,DB02
202004161500,104,12.2,0,0,0.9396926207859084,-0.3420201433256687,DB03
202004161600,104,12.1,0,0,0.9396926207859084,-0.3420201433256687,DB01
202004161700,104,11.4,0,0,0.9396926207859084,-0.3420201433256687,DB03
202004161800,104,10.8,0,0,0.9396926207859084,-0.3420201433256687,DB03
202004161900,104,10.3,0,0,0.9396926207859084,-0.3420201433256687,DB02
202004162000,104,10.0,0,0,0.6427876096865395,-0.7660444431189779,DB02
202004162100,104,8.6,0,0,0.0,1.0,DB03
202004162200,104,7.8,0,0,0.6427876096865395,-0.7660444431189779,DB03
202004162300,104,7.5,0,0,0.0,1.0,DB03
202004170000,104,7.8,0,0,0.0,1.0,DB03
202004170100,104,7.7,0,0,0.0,1.0,DB04
202004170200,104,7.4,0,0,-0.9396926207859084,-0.34202014332566855,DB03
202004170300,104,7.3,0,0,1.2246467991473532e-16,-1.0,DB03
202004170400,104,7.2,0,0,0.0,1.0,DB04
202004170500,104,7.7,0,0,0.0,1.0,DB04
202004170600,104,7.8,0,0,0.0,1.0,DB04
202004170700,104,8.5,0,0,0.6427876096865395,-0.7660444431189779,DB04
202004170800,104,10.3,0,0,0.0,1.0,DB03
202004170900,104,12.0,0,0,0.6427876096865395,-0.7660444431189779,DB03
202004171000,104,12.8,0,0,-0.9396926207859084,-0.34202014332566855,DB04
202004171100,104,13.6,0,0,0.6427876096865395,-0.7660444431189779,DB04
202004171200,104,14.6,0,0,0.6427876096865395,-0.7660444431189779,DB04
202004171300,104,14.6,0,0,0.3420201433256689,-0.9396926207859083,DB04
202004171400,104,17.8,0,0,0.3420201433256689,-0.9396926207859083,DB03
202004171500,104,14.3,0,0,0.9396926207859084,-0.3420201433256687,DB03
202004171600,104,15.1,0,0,1.0,6.123233995736766e-17,DB03
202004171700,104,13.0,100,1,-0.7660444431189779,-0.6427876096865395,DB04
202004171800,104,11.4,100,1,-1.0,-1.8369701987210297e-16,DB04
202004171900,104,10.7,0,0,-0.9396926207859084,-0.34202014332566855,DB03
202004172000,104,9.9,0,0,0.3420201433256689,-0.9396926207859083,DB03
202004172100,104,9.3,0,0,-0.34202014332566866,-0.9396926207859084,DB03
202004172200,104,8.1,0,0,1.2246467991473532e-16,-1.0,DB02
202004172300,104,7.7,0,0,-0.9396926207859084,-0.34202014332566855,DB01
202004180000,104,7.5,0,0,0.0,1.0,DB01
202004180100,104,8.2,0,0,-0.9396926207859084,-0.34202014332566855,DB01
202004180200,104,8.1,0,0,-0.9396926207859084,-0.34202014332566855,DB01
202004180300,104,7.0,0,0,0.6427876096865395,-0.7660444431189779,DB01
202004180400,104,8.8,0,0,-0.9396926207859084,-0.34202014332566855,DB01
202004180500,104,8.9,100,1,-0.9396926207859083,0.342020143325669,DB04
202004180600,104,8.8,100,1,-0.9396926207859083,0.342020143325669,DB04
202004180700,104,9.1,100,1,-0.9396926207859083,0.342020143325669,DB04
202004180800,104,8.8,100,1,-0.9396926207859083,0.342020143325669,DB04
202004180900,104,8.5,100,1,-1.0,-1.8369701987210297e-16,DB04
202004181000,104,10.0,0,0,-1.0,-1.8369701987210297e-16,DB04
202004181100,104,10.3,0,0,-1.0,-1.8369701987210297e-16,DB04
202004181200,104,10.4,0,0,-1.0,-1.8369701987210297e-16,DB04
202004181300,104,11.7,0,0,-0.9396926207859084,-0.34202014332566855,DB04
202004181400,104,12.6,0,0,-0.9396926207859084,-0.34202014332566855,DB03
202004181500,104,12.7,0,0,0.6427876096865395,-0.7660444431189779,DB02
202004181600,104,12.1,0,0,0.6427876096865395,-0.7660444431189779,DB01
202004181700,104,12.0,0,0,0.3420201433256689,-0.9396926207859083,DB03
202004181800,104,11.1,0,0,1.0,6.123233995736766e-17,DB03
202004181900,104,10.8,0,0,-0.9396926207859084,-0.34202014332566855,DB01
202004182000,104,10.8,0,0,-0.9396926207859083,0.342020143325669,DB03
202004182100,104,10.6,0,0,-0.9396926207859083,0.342020143325669,DB03
202004182200,104,10.0,0,0,-0.9396926207859084,-0.34202014332566855,DB03
202004182300,104,9.3,0,0,-0.9396926207859084,-0.34202014332566855,DB01
202004190000,104,8.6,0,0,-0.9396926207859084,-0.34202014332566855,DB03
202004190100,104,8.6,0,0,-0.9396926207859084,-0.34202014332566855,DB03
202004190200,104,8.4,0,0,-0.9396926207859084,-0.34202014332566855,DB02
202004190300,104,8.1,0,0,-0.7660444431189779,-0.6427876096865395,DB03
202004190400,104,7.1,0,0,-0.34202014332566866,-0.9396926207859084,DB03
202004190500,104,6.8,0,0,-0.9396926207859084,-0.34202014332566855,DB02
202004190600,104,7.5,0,0,-0.9396926207859084,-0.34202014332566855,DB03
202004190700,104,9.4,0,0,-0.9396926207859084,-0.34202014332566855,DB04
202004190800,104,10.8,0,0,0.0,1.0,DB04
202004190900,104,10.9,0,0,-0.7660444431189779,-0.6427876096865395,DB04
202004191000,104,11.6,0,0,0.0,1.0,DB04
202004191100,104,11.5,0,0,0.9396926207859084,-0.3420201433256687,DB04
202004191200,104,11.8,0,0,0.9396926207859084,-0.3420201433256687,DB04
202004191300,104,12.2,0,0,1.0,6.123233995736766e-17,DB04
202004191400,104,11.8,0,0,0.9396926207859084,-0.3420201433256687,DB04
202004191500,104,11.5,0,0,0.9396926207859084,-0.3420201433256687,DB04
202004191600,104,11.1,0,0,1.0,6.123233995736766e-17,DB04
202004191700,104,11.1,0,0,0.9396926207859084,-0.3420201433256687,DB04
202004191800,104,9.7,100,1,0.9396926207859084,-0.3420201433256687,DB04
202004191900,104,9.6,100,1,1.0,6.123233995736766e-17,DB04
202004192000,104,9.3,100,1,0.9396926207859084,-0.3420201433256687,DB04
202004192100,104,9.0,100,1,1.0,6.123233995736766e-17,DB04
202004192200,104,8.8,100,1,1.0,6.123233995736766e-17,DB04
202004192300,104,8.6,100,1,1.0,6.123233995736766e-17,DB04
202004200000,104,8.6,100,1,0.3420201433256689,-0.9396926207859083,DB04
202004200100,104,8.6,100,1,-1.0,-1.8369701987210297e-16,DB04
202004200200,104,8.2,100,1,-0.9396926207859083,0.342020143325669,DB04
202004200300,104,7.9,100,1,-0.9396926207859083,0.342020143325669,DB04
202004200400,104,7.8,100,1,-0.9396926207859083,0.342020143325669,DB04
202004200500,104,7.8,100,1,-1.0,-1.8369701987210297e-16,DB04
202004200600,104,7.7,0,0,-1.0,-1.8369701987210297e-16,DB04
202004200700,104,8.0,0,0,-0.9396926207859083,0.342020143325669,DB04
202004200800,104,9.0,0,0,-0.9396926207859083,0.342020143325669,DB03
202004200900,104,9.7,0,0,-0.9396926207859084,-0.34202014332566855,DB04
202004201000,104,11.2,0,0,0.6427876096865395,-0.7660444431189779,DB02
202004201100,104,12.2,0,0,1.0,6.123233995736766e-17,DB03
202004201200,104,11.9,0,0,1.0,6.123233995736766e-17,DB03
202004201300,104,13.1,0,0,1.0,6.123233995736766e-17,DB02
202004201400,104,16.1,0,0,-0.9396926207859084,-0.34202014332566855,DB02
202004201500,104,14.6,0,0,-0.9396926207859084,-0.34202014332566855,DB04
202004201600,104,14.9,0,0,-1.0,-1.8369701987210297e-16,DB04
202004201700,104,15.3,0,0,-0.7660444431189779,-0.6427876096865395,DB03
202004201800,104,14.3,0,0,-1.0,-1.8369701987210297e-16,DB02
202004201900,104,13.2,0,0,-0.9396926207859084,-0.34202014332566855,DB03
202004202000,104,13.3,0,0,-1.0,-1.8369701987210297e-16,DB02
202004202100,104,12.0,0,0,-0.9396926207859084,-0.34202014332566855,DB02
202004202200,104,12.0,0,0,-1.0,-1.8369701987210297e-16,DB02
202004202300,104,11.1,0,0,-1.0,-1.8369701987210297e-16,DB02
202004210000,104,10.0,0,0,-1.0,-1.8369701987210297e-16,DB02
202004210100,104,9.2,0,0,-1.0,-1.8369701987210297e-16,DB02
202004210200,104,8.9,0,0,-0.9396926207859083,0.342020143325669,DB02
202004210300,104,7.0,0,0,0.0,1.0,DB03
202004210400,104,6.2,0,0,0.3420201433256689,-0.9396926207859083,DB03
202004210500,104,6.7,0,0,-0.7660444431189779,-0.6427876096865395,DB04
202004210600,104,6.6,0,0,0.6427876096865395,-0.7660444431189779,DB03
202004210700,104,7.8,0,0,0.6427876096865395,-0.7660444431189779,DB03
202004210800,104,9.4,0,0,0.9396926207859084,-0.3420201433256687,DB03
202004210900,104,10.6,0,0,-1.0,-1.8369701987210297e-16,DB03
202004211000,104,11.3,0,0,-0.9396926207859084,-0.34202014332566855,DB03
202004211100,104,11.1,0,0,-0.9396926207859084,-0.34202014332566855,DB03
202004211200,104,12.4,0,0,-1.0,-1.8369701987210297e-16,DB02
202004211300,104,13.9,0,0,-1.0,-1.8369701987210297e-16,DB02
202004211400,104,13.3,0,0,-0.7660444431189779,-0.6427876096865395,DB02
202004211500,104,13.0,0,0,-1.0,-1.8369701987210297e-16,DB01
202004211600,104,12.3,0,0,-1.0,-1.8369701987210297e-16,DB01
202004211700,104,11.3,0,0,-1.0,-1.8369701987210297e-16,DB02
202004211800,104,9.1,0,0,-0.9396926207859084,-0.34202014332566855,DB02
202004211900,104,7.8,0,0,-0.9396926207859084,-0.34202014332566855,DB02
202004212000,104,7.1,0,0,-1.0,-1.8369701987210297e-16,DB03
202004212100,104,6.3,0,0,-0.9396926207859084,-0.34202014332566855,DB01
202004212200,104,5.8,0,0,-1.0,-1.8369701987210297e-16,DB03
202004212300,104,5.2,0,0,-0.9396926207859084,-0.34202014332566855,DB03
202004220000,104,4.7,0,0,-0.9396926207859084,-0.34202014332566855,DB01
202004220100,104,4.2,0,0,-1.0,-1.8369701987210297e-16,DB01
202004220200,104,5.3,0,0,-1.0,-1.8369701987210297e-16,DB01
202004220300,104,4.8,0,0,-1.0,-1.8369701987210297e-16,DB02
202004220400,104,5.3,0,0,-1.0,-1.8369701987210297e-16,DB03
202004220500,104,5.1,0,0,-1.0,-1.8369701987210297e-16,DB02
202004220600,104,5.2,0,0,-1.0,-1.8369701987210297e-16,DB01
202004220700,104,5.8,0,0,-1.0,-1.8369701987210297e-16,DB01
202004220800,104,6.7,0,0,-1.0,-1.8369701987210297e-16,DB01
202004220900,104,7.7,0,0,-1.0,-1.8369701987210297e-16,DB01
202004221000,104,8.8,0,0,-0.9396926207859084,-0.34202014332566855,DB01
202004221100,104,10.0,0,0,-1.0,-1.8369701987210297e-16,DB01
202004221200,104,11.6,0,0,-1.0,-1.8369701987210297e-16,DB01
202004221300,104,12.1,0,0,-0.9396926207859084,-0.34202014332566855,DB01
202004221400,104,11.8,0,0,-1.0,-1.8369701987210297e-16,DB01
202004221500,104,11.4,0,0,-0.9396926207859084,-0.34202014332566855,DB01
202004221600,104,10.6,0,0,-0.9396926207859084,-0.34202014332566855,DB01
202004221700,104,10.5,0,0,-0.9396926207859084,-0.34202014332566855,DB01
202004221800,104,9.0,0,0,-1.0,-1.8369701987210297e-16,DB01
202004221900,104,7.7,0,0,-1.0,-1.8369701987210297e-16,DB01
202004222000,104,6.7,0,0,-1.0,-1.8369701987210297e-16,DB02
202004222100,104,6.7,0,0,-1.0,-1.8369701987210297e-16,DB01
202004222200,104,6.7,0,0,-1.0,-1.8369701987210297e-16,DB01
202004222300,104,6.6,0,0,-1.0,-1.8369701987210297e-16,DB01
202004230000,104,6.4,0,0,-1.0,-1.8369701987210297e-16,DB01
202004230100,104,6.1,0,0,-1.0,-1.8369701987210297e-16,DB01
202004230200,104,5.9,0,0,-1.0,-1.8369701987210297e-16,DB01
202004230300,104,5.7,0,0,-1.0,-1.8369701987210297e-16,DB01
202004230400,104,5.6,0,0,-1.0,-1.8369701987210297e-16,DB01
202004230500,104,5.4,0,0,-1.0,-1.8369701987210297e-16,DB01
202004230600,104,5.3,0,0,-1.0,-1.8369701987210297e-16,DB01
202004230700,104,6.3,0,0,-0.9396926207859084,-0.34202014332566855,DB01
202004230800,104,7.5,0,0,-1.0,-1.8369701987210297e-16,DB01
202004230900,104,8.8,0,0,-1.0,-1.8369701987210297e-16,DB01
202004231000,104,9.8,0,0,-1.0,-1.8369701987210297e-16,DB01
202004231100,104,11.0,0,0,-0.9396926207859083,0.342020143325669,DB01
202004231200,104,11.7,0,0,-1.0,-1.8369701987210297e-16,DB01
202004231300,104,13.1,0,0,-1.0,-1.8369701987210297e-16,DB03
202004231400,104,14.0,0,0,-1.0,-1.8369701987210297e-16,DB01
202004231500,104,14.9,0,0,-1.0,-1.8369701987210297e-16,DB02
202004231600,104,14.6,0,0,-1.0,-1.8369701987210297e-16,DB03
202004231700,104,10.2,0,0,0.9396926207859084,-0.3420201433256687,DB03
202004231800,104,9.7,0,0,0.9396926207859084,-0.3420201433256687,DB03
202004231900,104,8.6,0,0,0.9396926207859084,-0.3420201433256687,DB03
202004232000,104,8.1,0,0,0.9396926207859084,-0.3420201433256687,DB03
202004232100,104,6.8,0,0,-1.0,-1.8369701987210297e-16,DB03
202004232200,104,7.5,0,0,-0.9396926207859084,-0.34202014332566855,DB03
202004232300,104,8.4,0,0,-1.0,-1.8369701987210297e-16,DB03
202004240000,104,7.2,0,0,-0.7660444431189779,-0.6427876096865395,DB01
202004240100,104,6.4,0,0,-0.7660444431189779,-0.6427876096865395,DB01
202004240200,104,6.3,0,0,-0.9396926207859084,-0.34202014332566855,DB01
202004240300,104,7.2,0,0,-1.0,-1.8369701987210297e-16,DB02
202004240400,104,6.7,0,0,-1.0,-1.8369701987210297e-16,DB02
202004240500,104,5.6,0,0,1.2246467991473532e-16,-1.0,DB01
202004240600,104,7.6,0,0,-1.0,-1.8369701987210297e-16,DB01
202004240700,104,8.5,0,0,-0.9396926207859083,0.342020143325669,DB01
202004240800,104,10.4,0,0,-1.0,-1.8369701987210297e-16,DB01
202004240900,104,10.8,0,0,-1.0,-1.8369701987210297e-16,DB02
202004241000,104,13.3,0,0,-1.0,-1.8369701987210297e-16,DB03
202004241100,104,13.7,0,0,-1.0,-1.8369701987210297e-16,DB03
202004241200,104,14.6,0,0,-1.0,-1.8369701987210297e-16,DB03
202004241300,104,14.9,0,0,-0.9396926207859084,-0.34202014332566855,DB03
202004241400,104,16.0,0,0,-0.9396926207859084,-0.34202014332566855,DB03
202004241500,104,16.4,0,0,-0.9396926207859084,-0.34202014332566855,DB03
202004241600,104,16.1,0,0,-1.0,-1.8369701987210297e-16,DB03
202004241700,104,16.5,0,0,-0.9396926207859084,-0.34202014332566855,DB02
202004241800,104,16.4,0,0,-0.9396926207859084,-0.34202014332566855,DB03
202004241900,104,14.5,0,0,-0.7660444431189779,-0.6427876096865395,DB04
202004242000,104,13.4,0,0,-0.7660444431189779,-0.6427876096865395,DB03
202004242100,104,12.3,0,0,0.3420201433256689,-0.9396926207859083,DB01
202004242200,104,12.3,0,0,0.3420201433256689,-0.9396926207859083,DB01
202004242300,104,11.9,0,0,0.6427876096865395,-0.7660444431189779,DB01
202004250000,104,11.8,0,0,0.6427876096865395,-0.7660444431189779,DB03
202004250100,104,11.8,0,0,-0.34202014332566866,-0.9396926207859084,DB02
202004250200,104,12.7,0,0,-0.7660444431189779,-0.6427876096865395,DB01
202004250300,104,12.5,0,0,-0.7660444431189779,-0.6427876096865395,DB01
202004250400,104,12.4,0,0,-0.7660444431189779,-0.6427876096865395,DB01
202004250500,104,12.4,0,0,-0.7660444431189779,-0.6427876096865395,DB01
202004250600,104,13.5,0,0,-0.7660444431189779,-0.6427876096865395,DB01
202004250700,104,14.5,0,0,-0.7660444431189779,-0.6427876096865395,DB01
202004250800,104,15.8,0,0,-0.7660444431189779,-0.6427876096865395,DB01
202004250900,104,17.1,0,0,-1.0,-1.8369701987210297e-16,DB01
202004251000,104,17.7,0,0,-1.0,-1.8369701987210297e-16,DB01
202004251100,104,19.4,0,0,-0.9396926207859084,-0.34202014332566855,DB01
202004251200,104,20.9,0,0,-0.9396926207859084,-0.34202014332566855,DB01
202004251300,104,20.9,0,0,-0.9396926207859084,-0.34202014332566855,DB01
202004251400,104,21.4,0,0,-0.9396926207859084,-0.34202014332566855,DB01
202004251500,104,21.5,0,0,-0.9396926207859084,-0.34202014332566855,DB01
202004251600,104,21.3,0,0,-0.9396926207859084,-0.34202014332566855,DB02
202004251700,104,20.2,0,0,-0.9396926207859084,-0.34202014332566855,DB03
202004251800,104,15.5,0,0,-1.0,-1.8369701987210297e-16,DB03
202004251900,104,14.7,0,0,1.2246467991473532e-16,-1.0,DB04
202004252000,104,16.2,0,0,-0.9396926207859084,-0.34202014332566855,DB03
202004252100,104,13.6,0,0,1.0,6.123233995736766e-17,DB02
202004252200,104,12.0,0,0,0.0,1.0,DB02
202004252300,104,12.5,0,0,-0.9396926207859083,0.342020143325669,DB02
202004260000,104,11.6,0,0,0.0,1.0,DB02
202004260100,104,11.3,0,0,-0.9396926207859083,0.342020143325669,DB02
202004260200,104,10.5,0,0,-0.9396926207859084,-0.34202014332566855,DB03
202004260300,104,10.3,0,0,-0.9396926207859084,-0.34202014332566855,DB02
202004260400,104,9.2,0,0,-0.9396926207859083,0.342020143325669,DB02
202004260500,104,10.1,0,0,-1.0,-1.8369701987210297e-16,DB03
202004260600,104,9.6,0,0,-1.0,-1.8369701987210297e-16,DB03
202004260700,104,9.3,0,0,-0.9396926207859084,-0.34202014332566855,DB03
202004260800,104,8.5,0,0,-1.0,-1.8369701987210297e-16,DB04
202004260900,104,7.7,100,1,-1.0,-1.8369701987210297e-16,DB04
202004261000,104,8.1,100,1,-0.9396926207859084,-0.34202014332566855,DB04
202004261100,104,8.4,0,0,0.0,1.0,DB04
202004261200,104,8.7,0,0,-1.0,-1.8369701987210297e-16,DB03
202004261300,104,9.9,0,0,-0.34202014332566866,-0.9396926207859084,DB03
202004261400,104,11.8,0,0,0.6427876096865395,-0.7660444431189779,DB03
202004261500,104,12.7,0,0,0.9396926207859084,-0.3420201433256687,DB03
202004261600,104,11.7,0,0,0.9396926207859084,-0.3420201433256687,DB01
202004261700,104,12.2,0,0,0.6427876096865395,-0.7660444431189779,DB01
202004261800,104,11.6,0,0,0.9396926207859084,-0.3420201433256687,DB02
202004261900,104,9.8,0,0,0.6427876096865395,-0.7660444431189779,DB03
202004262000,104,8.7,0,0,0.3420201433256689,-0.9396926207859083,DB03
202004262100,104,7.6,0,0,0.6427876096865395,-0.7660444431189779,DB03
202004262200,104,6.4,0,0,-1.0,-1.8369701987210297e-16,DB02
202004262300,104,6.7,0,0,-0.7660444431189779,-0.6427876096865395,DB03
202004270000,104,6.9,0,0,-1.0,-1.8369701987210297e-16,DB03
202004270100,104,6.3,0,0,0.3420201433256689,-0.9396926207859083,DB02
202004270200,104,6.1,0,0,-0.34202014332566866,-0.9396926207859084,DB01
202004270300,104,8.8,0,0,-0.9396926207859084,-0.34202014332566855,DB01
202004270400,104,9.1,0,0,-0.9396926207859084,-0.34202014332566855,DB01
202004270500,104,9.3,0,0,-0.9396926207859084,-0.34202014332566855,DB02
202004270600,104,7.0,0,0,0.9396926207859084,-0.3420201433256687,DB01
202004270700,104,9.4,0,0,0.0,1.0,DB01
202004270800,104,11.3,0,0,0.6427876096865395,-0.7660444431189779,DB01
202004270900,104,13.1,0,0,0.9396926207859084,-0.3420201433256687,DB01
202004271000,104,13.0,0,0,1.0,6.123233995736766e-17,DB02
202004271100,104,11.9,0,0,1.0,6.123233995736766e-17,DB03
202004271200,104,9.9,100,1,-0.9396926207859084,-0.34202014332566855,DB04
202004271300,104,9.3,100,1,-1.0,-1.8369701987210297e-16,DB04
202004271400,104,11.2,0,0,1.2246467991473532e-16,-1.0,DB03
202004271500,104,10.9,100,1,1.0,6.123233995736766e-17,DB03
202004271600,104,10.6,0,0,-0.9396926207859084,-0.34202014332566855,DB03
202004271700,104,10.8,0,0,-0.9396926207859084,-0.34202014332566855,DB03
202004271800,104,10.8,0,0,1.2246467991473532e-16,-1.0,DB02
202004271900,104,9.7,0,0,-0.7660444431189779,-0.6427876096865395,DB02
202004272000,104,9.6,0,0,-0.7660444431189779,-0.6427876096865395,DB03
202004272100,104,9.3,0,0,-0.7660444431189779,-0.6427876096865395,DB03
202004272200,104,8.7,0,0,-0.34202014332566866,-0.9396926207859084,DB02
202004272300,104,8.3,0,0,1.2246467991473532e-16,-1.0,DB02
202004280000,104,9.0,0,0,1.2246467991473532e-16,-1.0,DB01
202004280100,104,7.6,0,0,0.3420201433256689,-0.9396926207859083,DB01
202004280200,104,7.6,0,0,-0.34202014332566866,-0.9396926207859084,DB01
202004280300,104,7.1,0,0,-0.34202014332566866,-0.9396926207859084,DB01
202004280400,104,8.6,0,0,-0.34202014332566866,-0.9396926207859084,DB01
202004280500,104,9.5,0,0,-0.7660444431189779,-0.6427876096865395,DB01
202004280600,104,8.3,0,0,-0.34202014332566866,-0.9396926207859084,DB01
202004280700,104,10.6,0,0,0.6427876096865395,-0.7660444431189779,DB01
202004280800,104,13.3,0,0,0.6427876096865395,-0.7660444431189779,DB01
202004280900,104,16.8,0,0,-1.0,-1.8369701987210297e-16,DB01
202004281000,104,17.9,0,0,-0.9396926207859084,-0.34202014332566855,DB01
202004281100,104,19.1,0,0,-0.9396926207859084,-0.34202014332566855,DB01
202004281200,104,19.3,0,0,-1.0,-1.8369701987210297e-16,DB01
202004281300,104,20.9,0,0,-0.9396926207859084,-0.34202014332566855,DB02
202004281400,104,21.4,0,0,-0.7660444431189779,-0.6427876096865395,DB03
202004281500,104,21.7,0,0,-1.0,-1.8369701987210297e-16,DB02
202004281600,104,21.3,0,0,-0.9396926207859084,-0.34202014332566855,DB02
202004281700,104,21.3,0,0,-0.7660444431189779,-0.6427876096865395,DB01
202004281800,104,20.9,0,0,-0.9396926207859084,-0.34202014332566855,DB02
202004281900,104,19.7,0,0,-0.7660444431189779,-0.6427876096865395,DB03
202004282000,104,17.7,0,0,0.6427876096865395,-0.7660444431189779,DB03
202004282100,104,17.3,0,0,0.3420201433256689,-0.9396926207859083,DB01
202004282200,104,16.9,0,0,1.2246467991473532e-16,-1.0,DB01
202004282300,104,16.8,0,0,-0.7660444431189779,-0.6427876096865395,DB01
202004290000,104,17.3,0,0,-0.9396926207859084,-0.34202014332566855,DB01
202004290100,104,16.8,0,0,-0.9396926207859084,-0.34202014332566855,DB02
202004290200,104,15.3,0,0,0.3420201433256689,-0.9396926207859083,DB02
202004290300,104,16.0,0,0,-0.7660444431189779,-0.6427876096865395,DB01
202004290400,104,15.6,0,0,-0.9396926207859084,-0.34202014332566855,DB01
202004290500,104,14.4,0,0,0.3420201433256689,-0.9396926207859083,DB02
202004290600,104,13.4,0,0,0.6427876096865395,-0.7660444431189779,DB02
202004290700,104,16.8,0,0,-0.9396926207859084,-0.34202014332566855,DB01
202004290800,104,17.3,0,0,0.9396926207859084,-0.3420201433256687,DB01
202004290900,104,19.3,0,0,0.9396926207859084,-0.3420201433256687,DB02
202004291000,104,20.8,0,0,0.6427876096865395,-0.7660444431189779,DB01
202004291100,104,21.4,0,0,1.0,6.123233995736766e-17,DB02
202004291200,104,21.2,0,0,1.0,6.123233995736766e-17,DB02
202004291300,104,18.6,0,0,0.9396926207859084,-0.3420201433256687,DB03
202004291400,104,19.6,0,0,0.9396926207859084,-0.3420201433256687,DB03
202004291500,104,20.5,0,0,0.9396926207859084,-0.3420201433256687,DB02
202004291600,104,19.5,0,0,0.9396926207859084,-0.3420201433256687,DB03
202004291700,104,19.0,0,0,0.9396926207859084,-0.3420201433256687,DB02
202004291800,104,17.8,0,0,0.9396926207859084,-0.3420201433256687,DB01
202004291900,104,20.1,0,0,-0.9396926207859084,-0.34202014332566855,DB01
202004292000,104,19.3,0,0,-0.7660444431189779,-0.6427876096865395,DB01
202004292100,104,16.9,0,0,-0.34202014332566866,-0.9396926207859084,DB01
202004292200,104,17.1,0,0,0.3420201433256689,-0.9396926207859083,DB01
202004292300,104,17.5,0,0,1.2246467991473532e-16,-1.0,DB02
202004300000,104,16.9,0,0,0.3420201433256689,-0.9396926207859083,DB02
202004300100,104,16.7,0,0,1.2246467991473532e-16,-1.0,DB03
202004300200,104,15.9,0,0,0.3420201433256689,-0.9396926207859083,DB03
202004300300,104,16.2,0,0,0.3420201433256689,-0.9396926207859083,DB03
202004300400,104,11.8,0,0,-0.9396926207859084,-0.34202014332566855,DB01
202004300500,104,14.8,0,0,0.3420201433256689,-0.9396926207859083,DB01
202004300600,104,15.1,0,0,1.2246467991473532e-16,-1.0,DB01
202004300700,104,15.9,0,0,1.2246467991473532e-16,-1.0,DB01
202004300800,104,17.8,0,0,0.3420201433256689,-0.9396926207859083,DB01
202004300900,104,19.2,0,0,1.0,6.123233995736766e-17,DB01
202004301000,104,20.9,0,0,0.6427876096865395,-0.7660444431189779,DB02
202004301100,104,21.4,0,0,1.0,6.123233995736766e-17,DB02
202004301200,104,23.6,0,0,0.3420201433256689,-0.9396926207859083,DB03
202004301300,104,23.2,0,0,-0.9396926207859083,0.342020143325669,DB02
202004301400,104,21.4,0,0,-0.9396926207859084,-0.34202014332566855,DB03
202004301500,104,21.3,0,0,0.6427876096865395,-0.7660444431189779,DB03
202004301600,104,21.2,0,0,-0.9396926207859084,-0.34202014332566855,DB03
202004301700,104,23.0,0,0,0.3420201433256689,-0.9396926207859083,DB03
202004301800,104,21.7,0,0,-0.9396926207859084,-0.34202014332566855,DB03
202004301900,104,20.1,0,0,0.9396926207859084,-0.3420201433256687,DB03
202004302000,104,19.2,0,0,1.0,6.123233995736766e-17,DB03
202004302100,104,19.1,0,0,0.3420201433256689,-0.9396926207859083,DB02
202004302200,104,19.1,0,0,0.6427876096865395,-0.7660444431189779,DB03
202004302300,104,21.0,0,0,1.2246467991473532e-16,-1.0,DB03
202005010000,104,20.7,0,0,1.2246467991473532e-16,-1.0,DB01
202005010100,104,19.9,0,0,0.3420201433256689,-0.9396926207859083,DB01
202005010200,104,19.5,0,0,-0.34202014332566866,-0.9396926207859084,DB01
202005010300,104,19.4,0,0,1.2246467991473532e-16,-1.0,DB02
202005010400,104,17.6,0,0,0.6427876096865395,-0.7660444431189779,DB01
202005010500,104,16.4,0,0,0.6427876096865395,-0.7660444431189779,DB01
202005010600,104,17.9,0,0,0.3420201433256689,-0.9396926207859083,DB01
202005010700,104,18.4,0,0,-0.34202014332566866,-0.9396926207859084,DB01
202005010800,104,22.1,0,0,0.3420201433256689,-0.9396926207859083,DB01
202005010900,104,23.2,0,0,1.2246467991473532e-16,-1.0,DB01
202005011000,104,23.5,0,0,1.2246467991473532e-16,-1.0,DB01
202005011100,104,24.8,0,0,-0.7660444431189779,-0.6427876096865395,DB01
202005011200,104,26.7,0,0,-0.34202014332566866,-0.9396926207859084,DB01
202005011300,104,28.3,0,0,1.0,6.123233995736766e-17,DB01
202005011400,104,29.5,0,0,1.0,6.123233995736766e-17,DB01
202005011500,104,32.2,0,0,-1.0,-1.8369701987210297e-16,DB01
202005011600,104,31.3,0,0,-1.0,-1.8369701987210297e-16,DB01
202005011700,104,30.5,0,0,-0.9396926207859084,-0.34202014332566855,DB01
202005011800,104,29.0,0,0,-0.9396926207859084,-0.34202014332566855,DB01
202005011900,104,28.2,0,0,-0.9396926207859084,-0.34202014332566855,DB01
202005012000,104,27.9,0,0,-0.9396926207859084,-0.34202014332566855,DB01
202005012100,104,27.2,0,0,-1.0,-1.8369701987210297e-16,DB01
202005012200,104,26.1,0,0,-1.0,-1.8369701987210297e-16,DB01
202005012300,104,25.8,0,0,-1.0,-1.8369701987210297e-16,DB02
202005020000,104,26.0,0,0,-0.9396926207859084,-0.34202014332566855,DB01
202005020100,104,25.6,0,0,-0.9396926207859084,-0.34202014332566855,DB01
202005020200,104,25.0,0,0,-0.9396926207859084,-0.34202014332566855,DB01
202005020300,104,24.1,0,0,-0.9396926207859084,-0.34202014332566855,DB01
202005020400,104,23.5,0,0,-0.9396926207859084,-0.34202014332566855,DB01
202005020500,104,23.1,0,0,-0.9396926207859084,-0.34202014332566855,DB01
202005020600,104,22.6,0,0,-0.7660444431189779,-0.6427876096865395,DB01
202005020700,104,22.3,0,0,0.6427876096865395,-0.7660444431189779,DB02
202005020800,104,24.5,0,0,-0.9396926207859084,-0.34202014332566855,DB02
202005020900,104,25.8,0,0,-0.7660444431189779,-0.6427876096865395,DB02
202005021000,104,27.4,0,0,1.2246467991473532e-16,-1.0,DB02
202005021100,104,26.6,0,0,-0.9396926207859084,-0.34202014332566855,DB03
202005021200,104,28.3,0,0,-0.9396926207859084,-0.34202014332566855,DB03
202005021300,104,27.3,0,0,1.0,6.123233995736766e-17,DB03
202005021400,104,28.3,0,0,1.2246467991473532e-16,-1.0,DB03
202005021500,104,27.1,0,0,0.3420201433256689,-0.9396926207859083,DB03
202005021600,104,26.2,0,0,-0.9396926207859084,-0.34202014332566855,DB03
202005021700,104,25.7,0,0,-0.9396926207859084,-0.34202014332566855,DB03
202005021800,104,24.7,0,0,-0.7660444431189779,-0.6427876096865395,DB04
202005021900,104,23.8,0,0,1.2246467991473532e-16,-1.0,DB04
202005022000,104,22.6,0,0,-0.9396926207859084,-0.34202014332566855,DB04
202005022100,104,22.3,0,0,-0.34202014332566866,-0.9396926207859084,DB03
202005022200,104,21.5,0,0,-0.34202014332566866,-0.9396926207859084,DB04
202005022300,104,22.8,0,0,-0.9396926207859084,-0.34202014332566855,DB04
202005030000,104,21.3,0,0,1.2246467991473532e-16,-1.0,DB04
202005030100,104,20.7,0,0,1.2246467991473532e-16,-1.0,DB04
202005030200,104,21.2,0,0,1.2246467991473532e-16,-1.0,DB04
202005030300,104,20.8,0,0,-0.7660444431189779,-0.6427876096865395,DB04
202005030400,104,21.7,0,0,-0.7660444431189779,-0.6427876096865395,DB04
202005030500,104,19.5,0,0,0.0,1.0,DB04
202005030600,104,19.8,0,0,0.6427876096865395,-0.7660444431189779,DB04
202005030700,104,20.0,0,0,0.3420201433256689,-0.9396926207859083,DB03
202005030800,104,22.7,0,0,0.3420201433256689,-0.9396926207859083,DB03
202005030900,104,23.9,0,0,1.2246467991473532e-16,-1.0,DB03
202005031000,104,23.1,0,0,1.0,6.123233995736766e-17,DB04
202005031100,104,23.9,0,0,0.9396926207859084,-0.3420201433256687,DB04
202005031200,104,24.9,0,0,0.3420201433256689,-0.9396926207859083,DB03
202005031300,104,24.0,0,0,0.9396926207859084,-0.3420201433256687,DB03
202005031400,104,25.9,0,0,0.6427876096865395,-0.7660444431189779,DB04
202005031500,104,26.3,0,0,0.3420201433256689,-0.9396926207859083,DB03
202005031600,104,25.5,0,0,0.9396926207859084,-0.3420201433256687,DB03
202005031700,104,22.4,0,0,0.9396926207859084,-0.3420201433256687,DB03
202005031800,104,22.8,0,0,0.6427876096865395,-0.7660444431189779,DB03
202005031900,104,21.2,0,0,0.0,1.0,DB03
202005032000,104,20.0,0,0,0.0,1.0,DB03
202005032100,104,18.2,0,0,-1.0,-1.8369701987210297e-16,DB03
202005032200,104,17.2,0,0,-0.34202014332566866,-0.9396926207859084,DB02
202005032300,104,17.6,0,0,0.3420201433256689,-0.9396926207859083,DB01
202005040000,104,18.1,0,0,0.3420201433256689,-0.9396926207859083,DB01
202005040100,104,19.5,0,0,0.3420201433256689,-0.9396926207859083,DB02
202005040200,104,15.1,0,0,-0.9396926207859084,-0.34202014332566855,DB03
202005040300,104,14.4,0,0,0.0,1.0,DB04
202005040400,104,14.0,0,0,-0.9396926207859084,-0.34202014332566855,DB04
202005040500,104,13.6,0,0,-0.9396926207859084,-0.34202014332566855,DB01
202005040600,104,14.5,0,0,0.0,1.0,DB01
202005040700,104,17.9,0,0,0.0,1.0,DB01
202005040800,104,22.5,0,0,0.9396926207859084,-0.3420201433256687,DB01
202005040900,104,24.5,0,0,0.6427876096865395,-0.7660444431189779,DB02
202005041000,104,25.9,0,0,1.0,6.123233995736766e-17,DB03
202005041100,104,24.1,0,0,0.9396926207859084,-0.3420201433256687,DB03
202005041200,104,25.1,0,0,1.0,6.123233995736766e-17,DB02
202005041300,104,15.1,0,0,0.6427876096865395,-0.7660444431189779,DB04
202005041400,104,15.2,0,0,0.6427876096865395,-0.7660444431189779,DB04
202005041500,104,13.6,0,0,1.0,6.123233995736766e-17,DB04
202005041600,104,12.6,100,1,1.0,6.123233995736766e-17,DB04
202005041700,104,12.2,100,1,1.0,6.123233995736766e-17,DB04
202005041800,104,11.7,100,1,1.0,6.123233995736766e-17,DB04
202005041900,104,11.6,0,0,0.6427876096865395,-0.7660444431189779,DB04
202005042000,104,11.7,0,0,0.3420201433256689,-0.9396926207859083,DB03
202005042100,104,11.6,0,0,-0.9396926207859084,-0.34202014332566855,DB04
202005042200,104,11.9,0,0,0.6427876096865395,-0.7660444431189779,DB03
202005042300,104,11.9,0,0,0.0,1.0,DB03
202005050000,104,11.4,0,0,0.0,1.0,DB03
202005050100,104,11.5,0,0,0.0,1.0,DB03
202005050200,104,11.5,0,0,0.0,1.0,DB03
202005050300,104,11.6,0,0,0.0,1.0,DB03
202005050400,104,11.5,0,0,-1.0,-1.8369701987210297e-16,DB04
202005050500,104,11.9,0,0,0.0,1.0,DB04
202005050600,104,12.2,0,0,0.3420201433256689,-0.9396926207859083,DB04
202005050700,104,12.4,0,0,0.3420201433256689,-0.9396926207859083,DB03
202005050800,104,13.7,0,0,0.6427876096865395,-0.7660444431189779,DB03
202005050900,104,14.5,0,0,0.3420201433256689,-0.9396926207859083,DB04
202005051000,104,16.9,0,0,0.6427876096865395,-0.7660444431189779,DB03
202005051100,104,16.9,0,0,0.9396926207859084,-0.3420201433256687,DB04
202005051200,104,16.8,0,0,0.9396926207859084,-0.3420201433256687,DB04
202005051300,104,15.5,0,0,1.0,6.123233995736766e-17,DB04
202005051400,104,15.7,0,0,0.9396926207859084,-0.3420201433256687,DB04
202005051500,104,15.7,0,0,1.0,6.123233995736766e-17,DB04
202005051600,104,14.5,0,0,0.9396926207859084,-0.3420201433256687,DB04
202005051700,104,14.8,0,0,0.9396926207859084,-0.3420201433256687,DB04
202005051800,104,16.0,0,0,1.2246467991473532e-16,-1.0,DB01
202005051900,104,14.8,0,0,0.3420201433256689,-0.9396926207859083,DB01
202005052000,104,12.8,0,0,0.3420201433256689,-0.9396926207859083,DB01
202005052100,104,13.1,0,0,0.0,1.0,DB01
202005052200,104,11.8,0,0,0.0,1.0,DB01
202005052300,104,11.3,0,0,0.0,1.0,DB01
202005060000,104,11.8,0,0,-0.7660444431189779,-0.6427876096865395,DB01
202005060100,104,11.6,0,0,-1.0,-1.8369701987210297e-16,DB01
202005060200,104,14.0,0,0,-0.9396926207859083,0.342020143325669,DB03
202005060300,104,13.5,0,0,-1.0,-1.8369701987210297e-16,DB02
202005060400,104,13.1,0,0,-0.9396926207859083,0.342020143325669,DB02
202005060500,104,12.5,0,0,-1.0,-1.8369701987210297e-16,DB02
202005060600,104,12.0,0,0,0.0,1.0,DB01
202005060700,104,13.7,0,0,-1.0,-1.8369701987210297e-16,DB01
202005060800,104,14.8,0,0,-1.0,-1.8369701987210297e-16,DB03
202005060900,104,16.2,0,0,0.3420201433256689,-0.9396926207859083,DB01
202005061000,104,16.1,0,0,1.0,6.123233995736766e-17,DB01
202005061100,104,16.6,0,0,1.0,6.123233995736766e-17,DB01
202005061200,104,18.2,0,0,1.0,6.123233995736766e-17,DB01
202005061300,104,18.2,0,0,0.9396926207859084,-0.3420201433256687,DB01
202005061400,104,17.6,0,0,1.0,6.123233995736766e-17,DB01
202005061500,104,17.5,0,0,1.0,6.123233995736766e-17,DB01
202005061600,104,16.3,0,0,0.9396926207859084,-0.3420201433256687,DB03
202005061700,104,16.1,0,0,1.0,6.123233995736766e-17,DB03
202005061800,104,15.3,0,0,0.9396926207859084,-0.3420201433256687,DB02
202005061900,104,14.0,0,0,0.9396926207859084,-0.3420201433256687,DB01
202005062000,104,12.7,0,0,0.6427876096865395,-0.7660444431189779,DB01
202005062100,104,12.0,0,0,-0.9396926207859084,-0.34202014332566855,DB01
202005062200,104,11.1,0,0,-1.0,-1.8369701987210297e-16,DB01
202005062300,104,10.3,0,0,0.0,1.0,DB01
202005070000,104,10.4,0,0,0.0,1.0,DB02
202005070100,104,11.4,0,0,-0.9396926207859084,-0.34202014332566855,DB02
202005070200,104,9.2,0,0,0.0,1.0,DB01
202005070300,104,8.7,0,0,0.3420201433256689,-0.9396926207859083,DB01
202005070400,104,7.5,0,0,0.3420201433256689,-0.9396926207859083,DB01
202005070500,104,8.1,0,0,-0.7660444431189779,-0.6427876096865395,DB01
202005070600,104,9.3,0,0,0.0,1.0,DB03
202005070700,104,11.6,0,0,0.6427876096865395,-0.7660444431189779,DB01
202005070800,104,13.8,0,0,1.0,6.123233995736766e-17,DB01
202005070900,104,14.9,0,0,0.9396926207859084,-0.3420201433256687,DB03
202005071000,104,16.2,0,0,0.9396926207859084,-0.3420201433256687,DB02
202005071100,104,17.3,0,0,0.9396926207859084,-0.3420201433256687,DB02
202005071200,104,16.6,0,0,0.9396926207859084,-0.3420201433256687,DB03
202005071300,104,17.2,0,0,0.9396926207859084,-0.3420201433256687,DB04
202005071400,104,17.5,0,0,0.9396926207859084,-0.3420201433256687,DB04
202005071500,104,16.6,0,0,0.9396926207859084,-0.3420201433256687,DB04
202005071600,104,17.1,0,0,0.9396926207859084,-0.3420201433256687,DB03
202005071700,104,16.4,0,0,0.9396926207859084,-0.3420201433256687,DB03
202005071800,104,15.5,0,0,0.9396926207859084,-0.3420201433256687,DB03
202005071900,104,14.5,0,0,0.6427876096865395,-0.7660444431189779,DB04
202005072000,104,13.4,0,0,1.2246467991473532e-16,-1.0,DB03
202005072100,104,12.1,0,0,0.0,1.0,DB03
202005072200,104,12.3,0,0,0.3420201433256689,-0.9396926207859083,DB04
202005072300,104,11.6,0,0,0.0,1.0,DB04
202005080000,104,12.0,0,0,-0.9396926207859084,-0.34202014332566855,DB03
202005080100,104,11.7,0,0,0.0,1.0,DB04
202005080200,104,11.2,0,0,-1.0,-1.8369701987210297e-16,DB03
202005080300,104,10.0,0,0,0.0,1.0,DB03
202005080400,104,9.4,0,0,0.0,1.0,DB02
202005080500,104,9.6,0,0,0.0,1.0,DB03
202005080600,104,10.8,0,0,0.0,1.0,DB03
202005080700,104,12.8,0,0,0.0,1.0,DB02
202005080800,104,15.0,0,0,-1.0,-1.8369701987210297e-16,DB03
202005080900,104,17.2,0,0,-1.0,-1.8369701987210297e-16,DB03
202005081000,104,16.9,0,0,0.3420201433256689,-0.9396926207859083,DB01
202005081100,104,17.8,0,0,-0.7660444431189779,-0.6427876096865395,DB01
202005081200,104,19.2,0,0,0.9396926207859084,-0.3420201433256687,DB01
202005081300,104,19.4,0,0,1.0,6.123233995736766e-17,DB01
202005081400,104,19.4,0,0,1.0,6.123233995736766e-17,DB03
202005081500,104,20.0,0,0,-1.0,-1.8369701987210297e-16,DB03
202005081600,104,17.9,0,0,1.2246467991473532e-16,-1.0,DB03
202005081700,104,17.1,0,0,1.2246467991473532e-16,-1.0,DB03
202005081800,104,15.2,0,0,1.0,6.123233995736766e-17,DB04
202005081900,104,15.0,0,0,-0.34202014332566866,-0.9396926207859084,DB04
202005082000,104,14.9,0,0,-0.9396926207859083,0.342020143325669,DB04
202005082100,104,14.8,0,0,-0.9396926207859084,-0.34202014332566855,DB04
202005082200,104,14.3,0,0,-1.0,-1.8369701987210297e-16,DB04
202005082300,104,14.1,100,1,-1.0,-1.8369701987210297e-16,DB04
202005090000,104,13.9,100,1,-0.9396926207859083,0.342020143325669,DB04
202005090100,104,13.5,100,1,0.0,1.0,DB04
202005090200,104,12.9,100,1,0.3420201433256689,-0.9396926207859083,DB04
202005090300,104,12.4,100,1,0.9396926207859084,-0.3420201433256687,DB04
202005090400,104,12.7,100,1,0.9396926207859084,-0.3420201433256687,DB04
202005090500,104,12.5,100,1,0.9396926207859084,-0.3420201433256687,DB04
202005090600,104,12.6,100,1,0.0,1.0,DB04
202005090700,104,12.8,100,1,-0.9396926207859083,0.342020143325669,DB04
202005090800,104,12.6,100,1,-0.9396926207859083,0.342020143325669,DB04
202005090900,104,13.2,100,1,0.6427876096865395,-0.7660444431189779,DB04
202005091000,104,13.6,100,1,0.0,1.0,DB04
202005091100,104,13.4,100,1,1.0,6.123233995736766e-17,DB04
202005091200,104,13.8,100,1,0.0,1.0,DB04
202005091300,104,14.1,100,1,-1.0,-1.8369701987210297e-16,DB04
202005091400,104,15.1,100,1,0.0,1.0,DB04
202005091500,104,15.1,100,1,0.9396926207859084,-0.3420201433256687,DB04
202005091600,104,16.4,100,1,-1.0,-1.8369701987210297e-16,DB04
202005091700,104,16.8,0,0,-1.0,-1.8369701987210297e-16,DB04
202005091800,104,15.5,0,0,0.0,1.0,DB04
202005091900,104,15.3,0,0,-0.9396926207859083,0.342020143325669,DB03
202005092000,104,14.9,0,0,-0.9396926207859083,0.342020143325669,DB03
202005092100,104,14.8,0,0,-0.9396926207859083,0.342020143325669,DB03
202005092200,104,14.8,0,0,0.0,1.0,DB04
202005092300,104,14.5,0,0,-0.9396926207859083,0.342020143325669,DB04
202005100000,104,14.5,0,0,-1.0,-1.8369701987210297e-16,DB04
202005100100,104,14.2,0,0,0.3420201433256689,-0.9396926207859083,DB04
202005100200,104,14.2,0,0,0.3420201433256689,-0.9396926207859083,DB04
202005100300,104,14.1,0,0,0.6427876096865395,-0.7660444431189779,DB03
202005100400,104,13.6,0,0,-0.34202014332566866,-0.9396926207859084,DB03
202005100500,104,13.8,0,0,-0.7660444431189779,-0.6427876096865395,DB04
202005100600,104,15.4,0,0,-0.9396926207859084,-0.34202014332566855,DB02
202005100700,104,16.3,0,0,-0.9396926207859084,-0.34202014332566855,DB03
202005100800,104,17.5,0,0,1.0,6.123233995736766e-17,DB03
202005100900,104,19.4,0,0,-0.9396926207859084,-0.34202014332566855,DB02
202005101000,104,20.4,0,0,-0.9396926207859083,0.342020143325669,DB02
202005101100,104,21.8,0,0,-1.0,-1.8369701987210297e-16,DB01
202005101200,104,21.5,0,0,-0.7660444431189779,-0.6427876096865395,DB03
202005101300,104,21.8,0,0,-0.7660444431189779,-0.6427876096865395,DB03
202005101400,104,21.4,0,0,-1.0,-1.8369701987210297e-16,DB03
202005101500,104,22.1,0,0,-1.0,-1.8369701987210297e-16,DB02
202005101600,104,22.3,0,0,-0.9396926207859084,-0.34202014332566855,DB02
202005101700,104,22.3,0,0,-1.0,-1.8369701987210297e-16,DB01
202005101800,104,21.6,0,0,-0.9396926207859084,-0.34202014332566855,DB01
202005101900,104,18.4,0,0,0.3420201433256689,-0.9396926207859083,DB01
202005102000,104,16.3,0,0,0.6427876096865395,-0.7660444431189779,DB01
202005102100,104,19.6,0,0,1.2246467991473532e-16,-1.0,DB01
202005102200,104,19.6,0,0,-0.9396926207859084,-0.34202014332566855,DB01
202005102300,104,18.7,0,0,-0.34202014332566866,-0.9396926207859084,DB01
202005110000,104,20.0,0,0,-0.7660444431189779,-0.6427876096865395,DB01
202005110100,104,18.8,0,0,-0.7660444431189779,-0.6427876096865395,DB01
202005110200,104,18.9,0,0,-0.9396926207859084,-0.34202014332566855,DB01
202005110300,104,18.8,0,0,-0.9396926207859084,-0.34202014332566855,DB01
202005110400,104,18.1,0,0,-0.9396926207859084,-0.34202014332566855,DB01
202005110500,104,18.2,0,0,-1.0,-1.8369701987210297e-16,DB01
202005110600,104,18.1,0,0,-0.7660444431189779,-0.6427876096865395,DB01
202005110700,104,17.7,0,0,0.9396926207859084,-0.3420201433256687,DB01
202005110800,104,20.1,0,0,-0.9396926207859084,-0.34202014332566855,DB01
202005110900,104,21.4,0,0,-1.0,-1.8369701987210297e-16,DB01
202005111000,104,23.3,0,0,-1.0,-1.8369701987210297e-16,DB02
202005111100,104,24.2,0,0,-1.0,-1.8369701987210297e-16,DB02
202005111200,104,24.3,0,0,-0.9396926207859084,-0.34202014332566855,DB02
202005111300,104,24.1,0,0,-0.9396926207859084,-0.34202014332566855,DB02
202005111400,104,24.6,0,0,-0.9396926207859084,-0.34202014332566855,DB01
202005111500,104,24.3,0,0,-1.0,-1.8369701987210297e-16,DB02
202005111600,104,25.1,0,0,-1.0,-1.8369701987210297e-16,DB02
202005111700,104,24.4,0,0,-0.9396926207859084,-0.34202014332566855,DB02
202005111800,104,22.0,0,0,-0.7660444431189779,-0.6427876096865395,DB02
202005111900,104,20.4,0,0,-0.34202014332566866,-0.9396926207859084,DB03
202005112000,104,19.9,0,0,-0.7660444431189779,-0.6427876096865395,DB03
202005112100,104,19.0,0,0,0.3420201433256689,-0.9396926207859083,DB03
202005112200,104,18.4,0,0,-0.34202014332566866,-0.9396926207859084,DB03
202005112300,104,18.4,0,0,-0.7660444431189779,-0.6427876096865395,DB02
202005120000,104,16.7,0,0,0.3420201433256689,-0.9396926207859083,DB02
202005120100,104,16.9,0,0,0.6427876096865395,-0.7660444431189779,DB02
202005120200,104,16.4,0,0,0.3420201433256689,-0.9396926207859083,DB04
202005120300,104,14.7,0,0,0.3420201433256689,-0.9396926207859083,DB03
202005120400,104,15.4,0,0,-0.7660444431189779,-0.6427876096865395,DB02
202005120500,104,15.6,0,0,-0.9396926207859084,-0.34202014332566855,DB03
202005120600,104,15.2,0,0,-0.9396926207859084,-0.34202014332566855,DB02
202005120700,104,16.1,0,0,-0.9396926207859084,-0.34202014332566855,DB01
202005120800,104,16.8,0,0,0.3420201433256689,-0.9396926207859083,DB01
202005120900,104,17.7,0,0,-0.34202014332566866,-0.9396926207859084,DB01
202005121000,104,18.6,0,0,-0.7660444431189779,-0.6427876096865395,DB01
202005121100,104,20.4,0,0,-0.7660444431189779,-0.6427876096865395,DB02
202005121200,104,19.9,0,0,-1.0,-1.8369701987210297e-16,DB03
202005121300,104,21.0,0,0,-0.9396926207859084,-0.34202014332566855,DB03
202005121400,104,21.0,0,0,-0.9396926207859084,-0.34202014332566855,DB03
202005121500,104,21.4,0,0,-0.9396926207859084,-0.34202014332566855,DB03
202005121600,104,21.2,0,0,-0.9396926207859084,-0.34202014332566855,DB02
202005121700,104,20.4,0,0,-1.0,-1.8369701987210297e-16,DB02
202005121800,104,19.7,0,0,-1.0,-1.8369701987210297e-16,DB02
202005121900,104,18.1,0,0,-0.9396926207859084,-0.34202014332566855,DB03
202005122000,104,16.8,0,0,-0.7660444431189779,-0.6427876096865395,DB02
202005122100,104,16.4,0,0,-1.0,-1.8369701987210297e-16,DB02
202005122200,104,16.6,0,0,-1.0,-1.8369701987210297e-16,DB01
202005122300,104,16.4,0,0,-1.0,-1.8369701987210297e-16,DB03
202005130000,104,15.6,0,0,-1.0,-1.8369701987210297e-16,DB02
202005130100,104,15.0,0,0,-1.0,-1.8369701987210297e-16,DB02
202005130200,104,15.1,0,0,-1.0,-1.8369701987210297e-16,DB01
202005130300,104,15.2,0,0,-1.0,-1.8369701987210297e-16,DB01
202005130400,104,15.4,0,0,-1.0,-1.8369701987210297e-16,DB01
202005130500,104,15.7,0,0,-1.0,-1.8369701987210297e-16,DB01
202005130600,104,15.7,0,0,-0.9396926207859084,-0.34202014332566855,DB01
202005130700,104,16.6,0,0,-0.9396926207859084,-0.34202014332566855,DB01
202005130800,104,18.4,0,0,-0.9396926207859084,-0.34202014332566855,DB01
202005130900,104,19.5,0,0,-0.9396926207859084,-0.34202014332566855,DB01
202005131000,104,21.1,0,0,-0.34202014332566866,-0.9396926207859084,DB01
202005131100,104,22.1,0,0,-0.7660444431189779,-0.6427876096865395,DB01
202005131200,104,23.0,0,0,-0.34202014332566866,-0.9396926207859084,DB01
202005131300,104,23.4,0,0,-0.7660444431189779,-0.6427876096865395,DB01
202005131400,104,23.9,0,0,-0.7660444431189779,-0.6427876096865395,DB01
202005131500,104,25.3,0,0,-0.9396926207859084,-0.34202014332566855,DB01
202005131600,104,25.2,0,0,-1.0,-1.8369701987210297e-16,DB01
202005131700,104,25.0,0,0,-1.0,-1.8369701987210297e-16,DB01
202005131800,104,23.8,0,0,-0.9396926207859084,-0.34202014332566855,DB01
202005131900,104,21.6,0,0,-0.9396926207859084,-0.34202014332566855,DB01
202005132000,104,20.3,0,0,-0.9396926207859084,-0.34202014332566855,DB01
202005132100,104,20.2,0,0,-1.0,-1.8369701987210297e-16,DB01
202005132200,104,18.9,0,0,0.6427876096865395,-0.7660444431189779,DB01
202005132300,104,18.5,0,0,0.3420201433256689,-0.9396926207859083,DB01
202005140000,104,19.5,0,0,-0.7660444431189779,-0.6427876096865395,DB01
202005140100,104,17.8,0,0,1.2246467991473532e-16,-1.0,DB03
202005140200,104,19.0,0,0,-0.9396926207859084,-0.34202014332566855,DB03
202005140300,104,18.6,0,0,-0.34202014332566866,-0.9396926207859084,DB02
202005140400,104,17.5,0,0,1.2246467991473532e-16,-1.0,DB03
202005140500,104,17.5,0,0,1.2246467991473532e-16,-1.0,DB03
202005140600,104,16.9,0,0,0.6427876096865395,-0.7660444431189779,DB03
202005140700,104,18.4,0,0,0.3420201433256689,-0.9396926207859083,DB03
202005140800,104,21.1,0,0,0.3420201433256689,-0.9396926207859083,DB02
202005140900,104,24.2,0,0,0.3420201433256689,-0.9396926207859083,DB02
202005141000,104,25.5,0,0,-0.7660444431189779,-0.6427876096865395,DB02
202005141100,104,26.7,0,0,0.3420201433256689,-0.9396926207859083,DB03
202005141200,104,27.3,0,0,1.2246467991473532e-16,-1.0,DB03
202005141300,104,26.6,0,0,1.2246467991473532e-16,-1.0,DB02
202005141400,104,28.1,0,0,1.0,6.123233995736766e-17,DB02
202005141500,104,26.1,0,0,0.9396926207859083,0.3420201433256688,DB03
202005141600,104,25.4,0,0,1.0,6.123233995736766e-17,DB03
202005141700,104,24.1,0,0,0.0,1.0,DB03
202005141800,104,23.2,0,0,-0.9396926207859084,-0.34202014332566855,DB04
202005141900,104,22.7,0,0,-0.9396926207859084,-0.34202014332566855,DB04
202005142000,104,20.7,0,0,0.9396926207859084,-0.3420201433256687,DB04
202005142100,104,19.7,0,0,-1.0,-1.8369701987210297e-16,DB04
202005142200,104,19.8,0,0,-0.9396926207859084,-0.34202014332566855,DB04
202005142300,104,20.2,0,0,1.2246467991473532e-16,-1.0,DB04
202005150000,104,20.4,0,0,1.2246467991473532e-16,-1.0,DB04
202005150100,104,19.6,0,0,-1.0,-1.8369701987210297e-16,DB04
202005150200,104,21.0,0,0,-0.9396926207859084,-0.34202014332566855,DB04
202005150300,104,19.3,0,0,-1.0,-1.8369701987210297e-16,DB04
202005150400,104,20.5,0,0,1.2246467991473532e-16,-1.0,DB04
202005150500,104,19.8,0,0,0.6427876096865395,-0.7660444431189779,DB04
202005150600,104,21.6,0,0,-0.9396926207859084,-0.34202014332566855,DB04
202005150700,104,21.4,0,0,0.3420201433256689,-0.9396926207859083,DB04
202005150800,104,17.6,0,0,-0.9396926207859084,-0.34202014332566855,DB04
202005150900,104,16.7,0,0,-1.0,-1.8369701987210297e-16,DB04
202005151000,104,15.9,100,1,-0.9396926207859084,-0.34202014332566855,DB04
202005151100,104,14.9,100,1,0.9396926207859084,-0.3420201433256687,DB04
202005151200,104,14.8,100,1,0.0,1.0,DB04
202005151300,104,14.0,100,1,1.0,6.123233995736766e-17,DB04
202005151400,104,14.1,100,1,0.9396926207859084,-0.3420201433256687,DB04
202005151500,104,14.6,100,1,0.9396926207859084,-0.3420201433256687,DB04
202005151600,104,14.1,0,0,0.9396926207859084,-0.3420201433256687,DB04
202005151700,104,14.1,0,0,0.9396926207859084,-0.3420201433256687,DB04
202005151800,104,14.4,0,0,0.6427876096865395,-0.7660444431189779,DB04
202005151900,104,14.3,0,0,0.9396926207859084,-0.3420201433256687,DB04
202005152000,104,14.0,0,0,0.6427876096865395,-0.7660444431189779,DB04
202005152100,104,13.8,100,1,0.6427876096865395,-0.7660444431189779,DB04
202005152200,104,13.7,0,0,0.6427876096865395,-0.7660444431189779,DB04
202005152300,104,13.7,0,0,-1.0,-1.8369701987210297e-16,DB04
202005160000,104,13.7,0,0,-0.9396926207859083,0.342020143325669,DB04
202005160100,104,13.7,0,0,-1.0,-1.8369701987210297e-16,DB04
202005160200,104,13.4,0,0,0.0,1.0,DB04
202005160300,104,13.1,0,0,0.3420201433256689,-0.9396926207859083,DB03
202005160400,104,13.0,0,0,0.0,1.0,DB03
202005160500,104,13.0,0,0,0.0,1.0,DB04
202005160600,104,13.5,0,0,0.0,1.0,DB04
202005160700,104,14.1,0,0,-0.9396926207859083,0.342020143325669,DB04
202005160800,104,14.9,0,0,-0.9396926207859084,-0.34202014332566855,DB04
202005160900,104,15.3,0,0,-0.7660444431189779,-0.6427876096865395,DB04
202005161000,104,15.7,0,0,0.9396926207859084,-0.3420201433256687,DB04
202005161100,104,15.9,0,0,0.6427876096865395,-0.7660444431189779,DB04
202005161200,104,15.7,0,0,0.3420201433256689,-0.9396926207859083,DB04
202005161300,104,16.6,0,0,1.2246467991473532e-16,-1.0,DB04
202005161400,104,16.3,0,0,0.3420201433256689,-0.9396926207859083,DB04
202005161500,104,16.5,0,0,1.0,6.123233995736766e-17,DB04
202005161600,104,15.6,0,0,1.0,6.123233995736766e-17,DB04
202005161700,104,15.4,0,0,1.2246467991473532e-16,-1.0,DB04
202005161800,104,15.3,0,0,1.0,6.123233995736766e-17,DB04
202005161900,104,15.2,0,0,0.9396926207859084,-0.3420201433256687,DB03
202005162000,104,14.8,0,0,0.9396926207859084,-0.3420201433256687,DB03
202005162100,104,14.8,0,0,0.9396926207859084,-0.3420201433256687,DB03
202005162200,104,14.9,0,0,0.0,1.0,DB03
202005162300,104,14.7,0,0,0.9396926207859084,-0.3420201433256687,DB03
202005170000,104,14.6,0,0,0.0,1.0,DB03
202005170100,104,14.4,0,0,0.3420201433256689,-0.9396926207859083,DB03
202005170200,104,14.3,0,0,0.6427876096865395,-0.7660444431189779,DB03
202005170300,104,14.4,0,0,1.0,6.123233995736766e-17,DB04
202005170400,104,14.2,0,0,-0.9396926207859084,-0.34202014332566855,DB04
202005170500,104,14.3,0,0,-1.0,-1.8369701987210297e-16,DB04
202005170600,104,14.4,0,0,-1.0,-1.8369701987210297e-16,DB04
202005170700,104,15.0,0,0,0.0,1.0,DB04
202005170800,104,16.4,0,0,0.6427876096865395,-0.7660444431189779,DB03
202005170900,104,17.7,0,0,0.9396926207859084,-0.3420201433256687,DB02
202005171000,104,18.8,0,0,0.6427876096865395,-0.7660444431189779,DB02
202005171100,104,20.4,0,0,1.0,6.123233995736766e-17,DB01
202005171200,104,21.5,0,0,0.9396926207859084,-0.3420201433256687,DB01
202005171300,104,21.0,0,0,0.9396926207859084,-0.3420201433256687,DB01
202005171400,104,21.2,0,0,0.9396926207859084,-0.3420201433256687,DB01
202005171500,104,19.8,0,0,1.0,6.123233995736766e-17,DB03
202005171600,104,16.9,0,0,1.0,6.123233995736766e-17,DB04
202005171700,104,15.6,0,0,-0.34202014332566866,-0.9396926207859084,DB04
202005171800,104,15.5,0,0,-0.34202014332566866,-0.9396926207859084,DB04
202005171900,104,15.3,0,0,-0.9396926207859083,0.342020143325669,DB04
202005172000,104,15.2,0,0,-0.9396926207859083,0.342020143325669,DB04
202005172100,104,15.2,0,0,-0.9396926207859084,-0.34202014332566855,DB04
202005172200,104,15.6,0,0,0.6427876096865395,-0.7660444431189779,DB02
202005172300,104,15.5,0,0,0.0,1.0,DB03
202005180000,104,15.1,0,0,1.0,6.123233995736766e-17,DB04
202005180100,104,14.7,0,0,0.3420201433256689,-0.9396926207859083,DB04
202005180200,104,14.7,100,1,1.0,6.123233995736766e-17,DB04
202005180300,104,14.8,100,1,0.9396926207859084,-0.3420201433256687,DB04
202005180400,104,14.8,100,1,0.0,1.0,DB04
202005180500,104,14.8,100,1,0.9396926207859084,-0.3420201433256687,DB04
202005180600,104,14.8,100,1,0.9396926207859084,-0.3420201433256687,DB04
202005180700,104,15.0,0,0,0.9396926207859084,-0.3420201433256687,DB04
202005180800,104,15.1,0,0,0.9396926207859084,-0.3420201433256687,DB04
202005180900,104,15.0,0,0,0.9396926207859084,-0.3420201433256687,DB04
202005181000,104,15.3,0,0,0.9396926207859084,-0.3420201433256687,DB04
202005181100,104,15.8,0,0,0.9396926207859084,-0.3420201433256687,DB04
202005181200,104,15.8,0,0,0.9396926207859084,-0.3420201433256687,DB04
202005181300,104,15.3,0,0,0.9396926207859084,-0.3420201433256687,DB04
202005181400,104,14.9,0,0,0.9396926207859084,-0.3420201433256687,DB04
202005181500,104,14.5,0,0,0.9396926207859084,-0.3420201433256687,DB04
202005181600,104,14.5,100,1,0.9396926207859084,-0.3420201433256687,DB04
202005181700,104,14.5,100,1,0.9396926207859084,-0.3420201433256687,DB04
202005181800,104,14.6,100,1,0.9396926207859084,-0.3420201433256687,DB04
202005181900,104,14.4,100,1,0.9396926207859084,-0.3420201433256687,DB04
202005182000,104,14.3,100,1,0.6427876096865395,-0.7660444431189779,DB04
202005182100,104,14.1,100,1,1.0,6.123233995736766e-17,DB04
202005182200,104,14.0,100,1,0.9396926207859084,-0.3420201433256687,DB04
202005182300,104,14.1,100,1,0.9396926207859084,-0.3420201433256687,DB04
202005190000,104,13.8,100,1,0.9396926207859084,-0.3420201433256687,DB04
202005190100,104,13.7,100,1,1.0,6.123233995736766e-17,DB04
202005190200,104,13.7,100,1,0.9396926207859084,-0.3420201433256687,DB04
202005190300,104,13.8,100,1,0.9396926207859084,-0.3420201433256687,DB04
202005190400,104,13.8,100,1,-1.0,-1.8369701987210297e-16,DB04
202005190500,104,13.7,100,1,-0.7660444431189779,-0.6427876096865395,DB04
202005190600,104,12.6,100,1,-0.9396926207859084,-0.34202014332566855,DB03
202005190700,104,13.3,0,0,-1.0,-1.8369701987210297e-16,DB03
202005190800,104,14.5,0,0,-1.0,-1.8369701987210297e-16,DB03
202005190900,104,16.1,0,0,-1.0,-1.8369701987210297e-16,DB03
202005191000,104,15.4,0,0,-1.0,-1.8369701987210297e-16,DB04
202005191100,104,13.5,100,1,-1.0,-1.8369701987210297e-16,DB04
202005191200,104,12.4,100,1,-1.0,-1.8369701987210297e-16,DB04
202005191300,104,12.2,100,1,-1.0,-1.8369701987210297e-16,DB04
202005191400,104,11.1,0,0,-1.0,-1.8369701987210297e-16,DB04
202005191500,104,10.1,100,1,-1.0,-1.8369701987210297e-16,DB04
202005191600,104,9.8,100,1,-1.0,-1.8369701987210297e-16,DB04
202005191700,104,9.2,100,1,-1.0,-1.8369701987210297e-16,DB04
202005191800,104,8.8,100,1,-1.0,-1.8369701987210297e-16,DB04
202005191900,104,8.4,0,0,-1.0,-1.8369701987210297e-16,DB04
202005192000,104,8.7,100,1,-1.0,-1.8369701987210297e-16,DB04
202005192100,104,8.6,0,0,-1.0,-1.8369701987210297e-16,DB04
202005192200,104,8.9,0,0,-1.0,-1.8369701987210297e-16,DB03
202005192300,104,9.2,0,0,-1.0,-1.8369701987210297e-16,DB03
202005200000,104,8.7,0,0,-1.0,-1.8369701987210297e-16,DB04
202005200100,104,8.8,0,0,-1.0,-1.8369701987210297e-16,DB04
202005200200,104,9.0,0,0,-1.0,-1.8369701987210297e-16,DB04
202005200300,104,8.9,100,1,-1.0,-1.8369701987210297e-16,DB04
202005200400,104,8.8,100,1,-1.0,-1.8369701987210297e-16,DB04
202005200500,104,8.7,100,1,-0.9396926207859083,0.342020143325669,DB04
202005200600,104,8.8,100,1,-0.9396926207859083,0.342020143325669,DB04
202005200700,104,9.0,100,1,-1.0,-1.8369701987210297e-16,DB04
202005200800,104,9.3,100,1,-1.0,-1.8369701987210297e-16,DB04
202005200900,104,9.2,0,0,-1.0,-1.8369701987210297e-16,DB04
202005201000,104,10.1,0,0,-1.0,-1.8369701987210297e-16,DB04
202005201100,104,10.2,0,0,-1.0,-1.8369701987210297e-16,DB04
202005201200,104,10.7,0,0,-1.0,-1.8369701987210297e-16,DB04
202005201300,104,10.7,100,1,-1.0,-1.8369701987210297e-16,DB04
202005201400,104,12.4,0,0,-0.7660444431189779,-0.6427876096865395,DB04
202005201500,104,13.1,0,0,-0.9396926207859084,-0.34202014332566855,DB03
202005201600,104,13.4,0,0,1.2246467991473532e-16,-1.0,DB03
202005201700,104,13.0,0,0,-0.34202014332566866,-0.9396926207859084,DB03
202005201800,104,12.4,0,0,-0.34202014332566866,-0.9396926207859084,DB03
202005201900,104,12.1,0,0,-1.0,-1.8369701987210297e-16,DB04
202005202000,104,9.8,0,0,-0.9396926207859083,0.342020143325669,DB02
202005202100,104,9.0,0,0,-0.9396926207859084,-0.34202014332566855,DB03
202005202200,104,8.8,0,0,-0.9396926207859084,-0.34202014332566855,DB02
202005202300,104,8.5,0,0,-0.9396926207859084,-0.34202014332566855,DB02
202005210000,104,8.0,0,0,-1.0,-1.8369701987210297e-16,DB02
202005210100,104,9.5,0,0,-0.9396926207859083,0.342020143325669,DB03
202005210200,104,9.9,0,0,-1.0,-1.8369701987210297e-16,DB03
202005210300,104,9.0,0,0,-1.0,-1.8369701987210297e-16,DB03
202005210400,104,8.8,0,0,-1.0,-1.8369701987210297e-16,DB03
202005210500,104,8.6,0,0,-1.0,-1.8369701987210297e-16,DB03
202005210600,104,8.6,0,0,-0.9396926207859084,-0.34202014332566855,DB02
202005210700,104,11.4,0,0,-0.9396926207859083,0.342020143325669,DB02
202005210800,104,12.3,0,0,-1.0,-1.8369701987210297e-16,DB01
202005210900,104,14.1,0,0,-0.9396926207859084,-0.34202014332566855,DB02
202005211000,104,13.8,0,0,1.0,6.123233995736766e-17,DB02
202005211100,104,14.5,0,0,0.9396926207859084,-0.3420201433256687,DB02
202005211200,104,14.7,0,0,0.9396926207859084,-0.3420201433256687,DB02
202005211300,104,13.9,0,0,1.0,6.123233995736766e-17,DB03
202005211400,104,13.6,0,0,1.0,6.123233995736766e-17,DB03
202005211500,104,13.4,0,0,1.0,6.123233995736766e-17,DB04
202005211600,104,13.2,0,0,1.0,6.123233995736766e-17,DB04
202005211700,104,13.4,0,0,1.0,6.123233995736766e-17,DB03
202005211800,104,13.0,0,0,0.9396926207859084,-0.3420201433256687,DB03
202005211900,104,12.3,0,0,0.9396926207859084,-0.3420201433256687,DB03
202005212000,104,12.1,0,0,0.9396926207859084,-0.3420201433256687,DB03
202005212100,104,12.3,0,0,0.6427876096865395,-0.7660444431189779,DB03
202005212200,104,12.1,0,0,0.9396926207859084,-0.3420201433256687,DB03
202005212300,104,12.0,0,0,0.9396926207859084,-0.3420201433256687,DB03
202005220000,104,11.8,0,0,0.3420201433256689,-0.9396926207859083,DB03
202005220100,104,11.8,0,0,0.6427876096865395,-0.7660444431189779,DB03
202005220200,104,11.6,0,0,0.0,1.0,DB03
202005220300,104,11.5,0,0,0.0,1.0,DB03
202005220400,104,11.4,0,0,0.0,1.0,DB03
202005220500,104,11.5,0,0,0.0,1.0,DB04
202005220600,104,11.6,0,0,0.0,1.0,DB04
202005220700,104,12.2,0,0,0.0,1.0,DB04
202005220800,104,12.7,0,0,0.0,1.0,DB04
202005220900,104,12.9,0,0,0.9396926207859084,-0.3420201433256687,DB04
202005221000,104,13.1,0,0,0.6427876096865395,-0.7660444431189779,DB04
202005221100,104,14.2,0,0,0.9396926207859084,-0.3420201433256687,DB04
202005221200,104,14.8,0,0,0.9396926207859084,-0.3420201433256687,DB04
202005221300,104,15.0,0,0,0.9396926207859084,-0.3420201433256687,DB04
202005221400,104,14.3,0,0,1.0,6.123233995736766e-17,DB04
202005221500,104,14.1,0,0,0.9396926207859084,-0.3420201433256687,DB04
202005221600,104,13.8,0,0,0.9396926207859084,-0.3420201433256687,DB04
202005221700,104,13.6,0,0,0.9396926207859084,-0.3420201433256687,DB04
202005221800,104,13.6,0,0,0.9396926207859084,-0.3420201433256687,DB04
202005221900,104,13.1,0,0,0.9396926207859084,-0.3420201433256687,DB04
202005222000,104,12.9,0,0,0.9396926207859084,-0.3420201433256687,DB04
202005222100,104,12.4,0,0,0.9396926207859084,-0.3420201433256687,DB04
202005222200,104,12.1,100,1,0.3420201433256689,-0.9396926207859083,DB04
202005222300,104,12.1,0,0,0.9396926207859084,-0.3420201433256687,DB04
202005230000,104,12.2,0,0,0.6427876096865395,-0.7660444431189779,DB04
202005230100,104,12.2,0,0,0.6427876096865395,-0.7660444431189779,DB03
202005230200,104,12.4,0,0,0.0,1.0,DB04
202005230300,104,12.1,0,0,0.0,1.0,DB04
202005230400,104,12.0,100,1,0.0,1.0,DB04
202005230500,104,11.8,100,1,0.0,1.0,DB04
202005230600,104,11.9,0,0,1.2246467991473532e-16,-1.0,DB03
202005230700,104,13.2,0,0,0.0,1.0,DB03
202005230800,104,15.0,0,0,0.3420201433256689,-0.9396926207859083,DB04
202005230900,104,15.4,0,0,-0.9396926207859084,-0.34202014332566855,DB03
202005231000,104,16.6,0,0,-0.7660444431189779,-0.6427876096865395,DB02
202005231100,104,16.7,0,0,-0.9396926207859084,-0.34202014332566855,DB03
202005231200,104,18.7,0,0,-1.0,-1.8369701987210297e-16,DB02
202005231300,104,19.3,0,0,-0.9396926207859084,-0.34202014332566855,DB02
202005231400,104,18.9,0,0,-0.9396926207859084,-0.34202014332566855,DB02
202005231500,104,17.7,0,0,1.0,6.123233995736766e-17,DB01
202005231600,104,18.2,0,0,-0.9396926207859084,-0.34202014332566855,DB02
202005231700,104,15.7,0,0,1.0,6.123233995736766e-17,DB02
202005231800,104,14.7,0,0,1.0,6.123233995736766e-17,DB02
202005231900,104,15.0,0,0,-1.0,-1.8369701987210297e-16,DB03
202005232000,104,14.1,0,0,-1.0,-1.8369701987210297e-16,DB03
202005232100,104,13.9,0,0,-0.9396926207859083,0.342020143325669,DB03
202005232200,104,14.0,0,0,-0.9396926207859083,0.342020143325669,DB03
202005232300,104,13.3,0,0,0.0,1.0,DB04
202005240000,104,13.4,0,0,0.0,1.0,DB04
202005240100,104,13.4,0,0,0.3420201433256689,-0.9396926207859083,DB04
202005240200,104,13.6,0,0,0.3420201433256689,-0.9396926207859083,DB04
202005240300,104,13.7,0,0,0.0,1.0,DB04
202005240400,104,15.8,0,0,1.2246467991473532e-16,-1.0,DB04
202005240500,104,15.0,0,0,0.3420201433256689,-0.9396926207859083,DB04
202005240600,104,16.0,0,0,0.3420201433256689,-0.9396926207859083,DB03
202005240700,104,18.5,0,0,0.3420201433256689,-0.9396926207859083,DB03
202005240800,104,20.6,0,0,0.6427876096865395,-0.7660444431189779,DB04
202005240900,104,19.3,0,0,1.2246467991473532e-16,-1.0,DB04
202005241000,104,19.0,100,1,0.9396926207859084,-0.3420201433256687,DB03
202005241100,104,22.1,0,0,-0.7660444431189779,-0.6427876096865395,DB03
202005241200,104,24.0,0,0,-0.7660444431189779,-0.6427876096865395,DB03
202005241300,104,21.0,0,0,0.9396926207859084,-0.3420201433256687,DB03
202005241400,104,19.3,0,0,0.9396926207859083,0.3420201433256688,DB02
202005241500,104,20.0,0,0,0.9396926207859084,-0.3420201433256687,DB02
202005241600,104,19.8,0,0,0.9396926207859084,-0.3420201433256687,DB01
202005241700,104,20.4,0,0,1.0,6.123233995736766e-17,DB02
202005241800,104,19.8,0,0,0.6427876096865395,-0.7660444431189779,DB02
202005241900,104,20.0,0,0,-0.7660444431189779,-0.6427876096865395,DB03
202005242000,104,17.8,0,0,-0.34202014332566866,-0.9396926207859084,DB01
202005242100,104,17.7,0,0,-0.34202014332566866,-0.9396926207859084,DB02
202005242200,104,16.2,0,0,0.6427876096865395,-0.7660444431189779,DB01
202005242300,104,17.4,0,0,0.3420201433256689,-0.9396926207859083,DB03
202005250000,104,17.6,0,0,-0.34202014332566866,-0.9396926207859084,DB01
202005250100,104,18.7,0,0,-0.9396926207859084,-0.34202014332566855,DB03
202005250200,104,18.7,0,0,-0.9396926207859084,-0.34202014332566855,DB03
202005250300,104,17.2,0,0,1.2246467991473532e-16,-1.0,DB03
202005250400,104,16.8,0,0,1.2246467991473532e-16,-1.0,DB02
202005250500,104,15.9,0,0,0.3420201433256689,-0.9396926207859083,DB03
202005250600,104,16.4,0,0,0.3420201433256689,-0.9396926207859083,DB03
202005250700,104,18.2,0,0,0.3420201433256689,-0.9396926207859083,DB02
202005250800,104,21.1,0,0,0.3420201433256689,-0.9396926207859083,DB03
202005250900,104,22.4,0,0,1.0,6.123233995736766e-17,DB02
202005251000,104,23.4,0,0,1.0,6.123233995736766e-17,DB03
202005251100,104,22.1,0,0,1.0,6.123233995736766e-17,DB04
202005251200,104,21.7,0,0,0.9396926207859084,-0.3420201433256687,DB04
202005251300,104,22.3,0,0,0.9396926207859084,-0.3420201433256687,DB04
202005251400,104,22.1,0,0,0.9396926207859084,-0.3420201433256687,DB04
202005251500,104,22.6,0,0,0.9396926207859084,-0.3420201433256687,DB04
202005251600,104,21.8,0,0,0.9396926207859084,-0.3420201433256687,DB04
202005251700,104,22.2,0,0,0.6427876096865395,-0.7660444431189779,DB04
202005251800,104,21.4,0,0,0.9396926207859084,-0.3420201433256687,DB03
202005251900,104,20.0,0,0,0.0,1.0,DB03
202005252000,104,18.2,0,0,0.0,1.0,DB03
202005252100,104,18.7,0,0,-0.9396926207859084,-0.34202014332566855,DB02
202005252200,104,17.1,0,0,1.2246467991473532e-16,-1.0,DB02
202005252300,104,17.1,0,0,0.3420201433256689,-0.9396926207859083,DB01
202005260000,104,17.5,0,0,0.3420201433256689,-0.9396926207859083,DB02
202005260100,104,17.4,0,0,-0.34202014332566866,-0.9396926207859084,DB03
202005260200,104,17.2,0,0,0.3420201433256689,-0.9396926207859083,DB03
202005260300,104,16.4,0,0,0.3420201433256689,-0.9396926207859083,DB04
202005260400,104,16.7,0,0,1.2246467991473532e-16,-1.0,DB03
202005260500,104,16.5,0,0,0.3420201433256689,-0.9396926207859083,DB03
202005260600,104,16.8,0,0,0.3420201433256689,-0.9396926207859083,DB03
202005260700,104,17.5,0,0,0.3420201433256689,-0.9396926207859083,DB03
202005260800,104,19.1,0,0,0.3420201433256689,-0.9396926207859083,DB03
202005260900,104,20.2,0,0,0.3420201433256689,-0.9396926207859083,DB03
202005261000,104,22.6,0,0,0.6427876096865395,-0.7660444431189779,DB03
202005261100,104,23.7,0,0,0.6427876096865395,-0.7660444431189779,DB03
202005261200,104,23.3,0,0,1.0,6.123233995736766e-17,DB03
202005261300,104,21.4,0,0,0.9396926207859084,-0.3420201433256687,DB02
202005261400,104,21.4,0,0,1.0,6.123233995736766e-17,DB03
202005261500,104,21.3,0,0,1.0,6.123233995736766e-17,DB04
202005261600,104,20.4,0,0,1.0,6.123233995736766e-17,DB03
202005261700,104,19.0,0,0,0.6427876096865395,-0.7660444431189779,DB03
202005261800,104,18.2,0,0,-0.7660444431189779,-0.6427876096865395,DB04
202005261900,104,14.4,100,1,-1.0,-1.8369701987210297e-16,DB04
202005262000,104,13.1,0,0,0.6427876096865395,-0.7660444431189779,DB03
202005262100,104,13.5,0,0,0.3420201433256689,-0.9396926207859083,DB03
202005262200,104,13.5,0,0,0.0,1.0,DB04
202005262300,104,13.3,100,1,-0.34202014332566866,-0.9396926207859084,DB04
202005270000,104,13.3,0,0,1.0,6.123233995736766e-17,DB04
202005270100,104,13.2,0,0,0.6427876096865395,-0.7660444431189779,DB03
202005270200,104,13.1,0,0,-0.34202014332566866,-0.9396926207859084,DB01
202005270300,104,12.6,0,0,-0.9396926207859084,-0.34202014332566855,DB01
202005270400,104,14.2,0,0,-0.9396926207859084,-0.34202014332566855,DB01
202005270500,104,14.7,0,0,-0.9396926207859084,-0.34202014332566855,DB01
202005270600,104,15.5,0,0,-0.9396926207859084,-0.34202014332566855,DB01
202005270700,104,17.4,0,0,-0.9396926207859083,0.342020143325669,DB01
202005270800,104,18.9,0,0,-1.0,-1.8369701987210297e-16,DB01
202005270900,104,20.2,0,0,-1.0,-1.8369701987210297e-16,DB01
202005271000,104,20.6,0,0,-0.34202014332566866,-0.9396926207859084,DB01
202005271100,104,20.9,0,0,0.3420201433256689,-0.9396926207859083,DB01
202005271200,104,21.4,0,0,1.0,6.123233995736766e-17,DB01
202005271300,104,21.1,0,0,1.0,6.123233995736766e-17,DB01
202005271400,104,22.2,0,0,0.9396926207859084,-0.3420201433256687,DB01
202005271500,104,23.0,0,0,0.9396926207859084,-0.3420201433256687,DB02
202005271600,104,22.5,0,0,0.9396926207859084,-0.3420201433256687,DB02
202005271700,104,22.5,0,0,1.0,6.123233995736766e-17,DB02
202005271800,104,21.7,0,0,0.9396926207859084,-0.3420201433256687,DB02
202005271900,104,20.1,0,0,0.6427876096865395,-0.7660444431189779,DB01
202005272000,104,16.9,0,0,0.0,1.0,DB02
202005272100,104,15.5,0,0,0.0,1.0,DB02
202005272200,104,15.0,0,0,0.3420201433256689,-0.9396926207859083,DB01
202005272300,104,16.6,0,0,-0.9396926207859084,-0.34202014332566855,DB02
202005280000,104,16.2,0,0,-0.34202014332566866,-0.9396926207859084,DB02
202005280100,104,15.5,0,0,0.0,1.0,DB01
202005280200,104,16.3,0,0,1.2246467991473532e-16,-1.0,DB02
202005280300,104,15.1,0,0,-0.34202014332566866,-0.9396926207859084,DB02
202005280400,104,15.5,0,0,0.3420201433256689,-0.9396926207859083,DB03
202005280500,104,15.3,0,0,0.3420201433256689,-0.9396926207859083,DB03
202005280600,104,15.9,0,0,0.6427876096865395,-0.7660444431189779,DB03
202005280700,104,16.8,0,0,0.3420201433256689,-0.9396926207859083,DB03
202005280800,104,18.4,0,0,0.0,1.0,DB02
202005280900,104,22.4,0,0,0.3420201433256689,-0.9396926207859083,DB03
202005281000,104,22.5,0,0,1.0,6.123233995736766e-17,DB03
202005281100,104,21.4,0,0,1.0,6.123233995736766e-17,DB03
202005281200,104,20.9,0,0,1.0,6.123233995736766e-17,DB03
202005281300,104,20.7,0,0,0.9396926207859084,-0.3420201433256687,DB03
202005281400,104,21.6,0,0,0.9396926207859084,-0.3420201433256687,DB03
202005281500,104,20.8,0,0,0.9396926207859084,-0.3420201433256687,DB03
202005281600,104,22.3,0,0,1.0,6.123233995736766e-17,DB02
202005281700,104,19.8,0,0,1.0,6.123233995736766e-17,DB03
202005281800,104,19.1,0,0,1.0,6.123233995736766e-17,DB03
202005281900,104,17.9,0,0,0.0,1.0,DB03
202005282000,104,17.2,0,0,-0.9396926207859083,0.342020143325669,DB03
202005282100,104,15.2,0,0,0.0,1.0,DB02
202005282200,104,14.2,0,0,0.6427876096865395,-0.7660444431189779,DB01
202005282300,104,14.1,0,0,0.3420201433256689,-0.9396926207859083,DB01
202005290000,104,13.2,0,0,0.0,1.0,DB01
202005290100,104,12.9,0,0,-0.9396926207859084,-0.34202014332566855,DB01
202005290200,104,13.4,0,0,0.0,1.0,DB01
202005290300,104,13.3,0,0,0.0,1.0,DB01
202005290400,104,12.2,0,0,0.3420201433256689,-0.9396926207859083,DB01
202005290500,104,12.4,0,0,0.0,1.0,DB01
202005290600,104,13.4,0,0,-0.9396926207859084,-0.34202014332566855,DB01
202005290700,104,17.0,0,0,-0.9396926207859084,-0.34202014332566855,DB01
202005290800,104,18.6,0,0,0.9396926207859084,-0.3420201433256687,DB01
202005290900,104,19.3,0,0,1.0,6.123233995736766e-17,DB01
202005291000,104,20.7,0,0,0.9396926207859084,-0.3420201433256687,DB01
202005291100,104,22.2,0,0,0.9396926207859084,-0.3420201433256687,DB01
202005291200,104,20.4,0,0,1.0,6.123233995736766e-17,DB01
202005291300,104,21.1,0,0,1.0,6.123233995736766e-17,DB01
202005291400,104,22.3,0,0,0.9396926207859084,-0.3420201433256687,DB01
202005291500,104,21.7,0,0,0.9396926207859084,-0.3420201433256687,DB01
202005291600,104,21.9,0,0,0.9396926207859084,-0.3420201433256687,DB01
202005291700,104,22.2,0,0,1.0,6.123233995736766e-17,DB01
202005291800,104,21.0,0,0,0.9396926207859084,-0.3420201433256687,DB01
202005291900,104,19.6,0,0,0.9396926207859084,-0.3420201433256687,DB01
202005292000,104,17.4,0,0,-0.9396926207859084,-0.34202014332566855,DB01
202005292100,104,15.1,0,0,0.6427876096865395,-0.7660444431189779,DB01
202005292200,104,14.3,0,0,0.6427876096865395,-0.7660444431189779,DB01
202005292300,104,13.8,0,0,0.3420201433256689,-0.9396926207859083,DB01
202005300000,104,13.3,0,0,0.6427876096865395,-0.7660444431189779,DB01
202005300100,104,13.4,0,0,0.0,1.0,DB01
202005300200,104,12.7,0,0,1.2246467991473532e-16,-1.0,DB01
202005300300,104,11.6,0,0,0.6427876096865395,-0.7660444431189779,DB01
202005300400,104,13.3,0,0,-0.7660444431189779,-0.6427876096865395,DB01
202005300500,104,11.8,0,0,0.0,1.0,DB01
202005300600,104,13.4,0,0,0.6427876096865395,-0.7660444431189779,DB01
202005300700,104,17.0,0,0,0.3420201433256689,-0.9396926207859083,DB01
202005300800,104,19.6,0,0,0.6427876096865395,-0.7660444431189779,DB01
202005300900,104,21.6,0,0,-0.9396926207859084,-0.34202014332566855,DB01
202005301000,104,22.3,0,0,1.0,6.123233995736766e-17,DB01
202005301100,104,23.5,0,0,1.0,6.123233995736766e-17,DB01
202005301200,104,23.9,0,0,1.0,6.123233995736766e-17,DB01
202005301300,104,24.7,0,0,0.9396926207859084,-0.3420201433256687,DB01
202005301400,104,24.6,0,0,0.9396926207859084,-0.3420201433256687,DB01
202005301500,104,24.8,0,0,0.9396926207859084,-0.3420201433256687,DB01
202005301600,104,23.9,0,0,0.9396926207859084,-0.3420201433256687,DB01
202005301700,104,22.7,0,0,1.0,6.123233995736766e-17,DB02
202005301800,104,22.8,0,0,1.0,6.123233995736766e-17,DB01
202005301900,104,20.1,0,0,-0.9396926207859084,-0.34202014332566855,DB01
202005302000,104,18.0,0,0,-1.0,-1.8369701987210297e-16,DB01
202005302100,104,16.6,0,0,0.0,1.0,DB01
202005302200,104,15.8,0,0,0.0,1.0,DB01
202005302300,104,15.3,0,0,0.0,1.0,DB01
202005310000,104,14.5,0,0,0.0,1.0,DB01
202005310100,104,14.5,0,0,0.0,1.0,DB01
202005310200,104,13.5,0,0,0.6427876096865395,-0.7660444431189779,DB01
202005310300,104,13.9,0,0,0.0,1.0,DB01
202005310400,104,12.9,0,0,-1.0,-1.8369701987210297e-16,DB01
202005310500,104,13.5,0,0,-1.0,-1.8369701987210297e-16,DB01
202005310600,104,15.9,0,0,-0.9396926207859083,0.342020143325669,DB01
202005310700,104,17.9,0,0,-1.0,-1.8369701987210297e-16,DB02
202005310800,104,19.1,0,0,-1.0,-1.8369701987210297e-16,DB02
202005310900,104,20.2,0,0,0.9396926207859084,-0.3420201433256687,DB02
202005311000,104,20.0,0,0,1.0,6.123233995736766e-17,DB02
202005311100,104,19.8,0,0,0.9396926207859084,-0.3420201433256687,DB02
202005311200,104,19.4,0,0,0.9396926207859084,-0.3420201433256687,DB02
202005311300,104,20.1,0,0,1.0,6.123233995736766e-17,DB01
202005311400,104,20.4,0,0,1.0,6.123233995736766e-17,DB02
202005311500,104,20.3,0,0,0.9396926207859084,-0.3420201433256687,DB02
202005311600,104,20.1,0,0,1.0,6.123233995736766e-17,DB02
202005311700,104,18.5,0,0,1.0,6.123233995736766e-17,DB03
202005311800,104,18.1,0,0,1.0,6.123233995736766e-17,DB03
202005311900,104,18.6,0,0,-1.0,-1.8369701987210297e-16,DB04
202005312000,104,18.3,0,0,-1.0,-1.8369701987210297e-16,DB04
202005312100,104,18.0,0,0,0.6427876096865395,-0.7660444431189779,DB04
202005312200,104,18.1,0,0,0.0,1.0,DB04
202005312300,104,18.1,0,0,0.3420201433256689,-0.9396926207859083,DB04
202006010000,104,22.3,0,0,-0.7660444431189779,-0.6427876096865395,DB04
202006010100,104,22.3,0,0,-0.7660444431189779,-0.6427876096865395,DB04
202006010200,104,21.3,0,0,1.2246467991473532e-16,-1.0,DB04
202006010300,104,20.7,0,0,1.2246467991473532e-16,-1.0,DB04
202006010400,104,20.2,0,0,0.3420201433256689,-0.9396926207859083,DB04
202006010500,104,19.8,0,0,-0.7660444431189779,-0.6427876096865395,DB03
202006010600,104,18.7,0,0,0.0,1.0,DB04
202006010700,104,19.4,0,0,0.3420201433256689,-0.9396926207859083,DB03
202006010800,104,22.4,0,0,-0.9396926207859084,-0.34202014332566855,DB02
202006010900,104,23.6,0,0,-0.7660444431189779,-0.6427876096865395,DB02
202006011000,104,24.1,0,0,-0.7660444431189779,-0.6427876096865395,DB02
202006011100,104,24.6,0,0,-1.0,-1.8369701987210297e-16,DB01
202006011200,104,26.1,0,0,-0.9396926207859084,-0.34202014332566855,DB01
202006011300,104,26.3,0,0,-1.0,-1.8369701987210297e-16,DB01
202006011400,104,27.1,0,0,-0.9396926207859084,-0.34202014332566855,DB01
202006011500,104,27.0,0,0,-0.9396926207859084,-0.34202014332566855,DB01
202006011600,104,27.1,0,0,-1.0,-1.8369701987210297e-16,DB02
202006011700,104,27.2,0,0,-0.9396926207859084,-0.34202014332566855,DB02
202006011800,104,26.0,0,0,-1.0,-1.8369701987210297e-16,DB02
202006011900,104,24.3,0,0,-0.9396926207859084,-0.34202014332566855,DB01
202006012000,104,21.1,0,0,0.3420201433256689,-0.9396926207859083,DB01
202006012100,104,22.1,0,0,-0.9396926207859084,-0.34202014332566855,DB01
202006012200,104,20.8,0,0,0.3420201433256689,-0.9396926207859083,DB01
202006012300,104,19.2,0,0,0.3420201433256689,-0.9396926207859083,DB03
202006020000,104,19.5,0,0,0.6427876096865395,-0.7660444431189779,DB02
202006020100,104,20.6,0,0,-0.9396926207859084,-0.34202014332566855,DB03
202006020200,104,18.4,0,0,0.3420201433256689,-0.9396926207859083,DB03
202006020300,104,18.2,0,0,0.3420201433256689,-0.9396926207859083,DB03
202006020400,104,18.3,0,0,0.3420201433256689,-0.9396926207859083,DB03
202006020500,104,17.8,0,0,0.3420201433256689,-0.9396926207859083,DB03
202006020600,104,18.5,0,0,0.3420201433256689,-0.9396926207859083,DB03
202006020700,104,19.4,0,0,0.3420201433256689,-0.9396926207859083,DB03
202006020800,104,21.0,0,0,0.3420201433256689,-0.9396926207859083,DB03
202006020900,104,23.1,0,0,0.3420201433256689,-0.9396926207859083,DB03
202006021000,104,24.5,0,0,0.3420201433256689,-0.9396926207859083,DB04
202006021100,104,23.4,0,0,0.6427876096865395,-0.7660444431189779,DB04
202006021200,104,22.3,0,0,0.0,1.0,DB04
202006021300,104,22.0,0,0,0.6427876096865395,-0.7660444431189779,DB04
202006021400,104,23.6,0,0,-0.7660444431189779,-0.6427876096865395,DB04
202006021500,104,22.9,0,0,0.9396926207859084,-0.3420201433256687,DB04
202006021600,104,24.0,0,0,0.6427876096865395,-0.7660444431189779,DB04
202006021700,104,24.5,0,0,1.0,6.123233995736766e-17,DB03
202006021800,104,24.1,0,0,-0.9396926207859084,-0.34202014332566855,DB04
202006021900,104,17.3,0,0,-1.0,-1.8369701987210297e-16,DB04
202006022000,104,16.3,0,0,-1.0,-1.8369701987210297e-16,DB03
202006022100,104,15.8,0,0,0.6427876096865395,-0.7660444431189779,DB03
202006022200,104,14.7,0,0,0.0,1.0,DB02
202006022300,104,13.8,0,0,0.0,1.0,DB03
202006030000,104,13.8,0,0,0.0,1.0,DB02
202006030100,104,14.2,0,0,0.0,1.0,DB01
202006030200,104,15.0,0,0,0.0,1.0,DB01
202006030300,104,18.5,0,0,0.0,1.0,DB01
202006030400,104,14.2,0,0,-0.9396926207859084,-0.34202014332566855,DB01
202006030500,104,14.4,0,0,-0.9396926207859083,0.342020143325669,DB01
202006030600,104,15.5,0,0,-1.0,-1.8369701987210297e-16,DB02
202006030700,104,18.0,0,0,-0.7660444431189779,-0.6427876096865395,DB03
202006030800,104,20.5,0,0,0.9396926207859084,-0.3420201433256687,DB02
202006030900,104,20.9,0,0,1.0,6.123233995736766e-17,DB03
202006031000,104,22.2,0,0,0.9396926207859084,-0.3420201433256687,DB03
202006031100,104,23.0,0,0,0.9396926207859084,-0.3420201433256687,DB02
202006031200,104,23.8,0,0,0.9396926207859084,-0.3420201433256687,DB02
202006031300,104,24.6,0,0,0.9396926207859084,-0.3420201433256687,DB02
202006031400,104,24.8,0,0,0.9396926207859084,-0.3420201433256687,DB02
202006031500,104,25.4,0,0,0.9396926207859084,-0.3420201433256687,DB01
202006031600,104,25.7,0,0,0.9396926207859084,-0.3420201433256687,DB01
202006031700,104,25.9,0,0,0.9396926207859084,-0.3420201433256687,DB01
202006031800,104,25.7,0,0,0.0,1.0,DB01
202006031900,104,24.5,0,0,0.6427876096865395,-0.7660444431189779,DB01
202006032000,104,24.2,0,0,0.3420201433256689,-0.9396926207859083,DB01
202006032100,104,24.6,0,0,-0.7660444431189779,-0.6427876096865395,DB01
202006032200,104,25.8,0,0,-1.0,-1.8369701987210297e-16,DB01
202006032300,104,22.4,0,0,0.9396926207859084,-0.3420201433256687,DB01
202006040000,104,22.9,0,0,0.6427876096865395,-0.7660444431189779,DB01
202006040100,104,22.6,0,0,0.6427876096865395,-0.7660444431189779,DB01
202006040200,104,23.8,0,0,-0.34202014332566866,-0.9396926207859084,DB01
202006040300,104,22.7,0,0,-0.9396926207859084,-0.34202014332566855,DB01
202006040400,104,22.3,0,0,-0.9396926207859084,-0.34202014332566855,DB01
202006040500,104,22.2,0,0,-0.7660444431189779,-0.6427876096865395,DB01
202006040600,104,22.2,0,0,-0.7660444431189779,-0.6427876096865395,DB01
202006040700,104,23.5,0,0,-0.7660444431189779,-0.6427876096865395,DB01
202006040800,104,24.6,0,0,-0.7660444431189779,-0.6427876096865395,DB01
202006040900,104,25.8,0,0,-0.7660444431189779,-0.6427876096865395,DB01
202006041000,104,27.4,0,0,-0.7660444431189779,-0.6427876096865395,DB01
202006041100,104,28.3,0,0,-0.7660444431189779,-0.6427876096865395,DB01
202006041200,104,29.0,0,0,-0.7660444431189779,-0.6427876096865395,DB01
202006041300,104,30.6,0,0,-0.7660444431189779,-0.6427876096865395,DB01
202006041400,104,28.9,0,0,1.0,6.123233995736766e-17,DB01
202006041500,104,29.2,0,0,1.0,6.123233995736766e-17,DB01
202006041600,104,29.0,0,0,1.0,6.123233995736766e-17,DB01
202006041700,104,30.7,0,0,-0.9396926207859084,-0.34202014332566855,DB01
202006041800,104,29.4,0,0,-0.7660444431189779,-0.6427876096865395,DB01
202006041900,104,28.0,0,0,-0.7660444431189779,-0.6427876096865395,DB01
202006042000,104,27.0,0,0,-0.9396926207859084,-0.34202014332566855,DB01
202006042100,104,26.7,0,0,-1.0,-1.8369701987210297e-16,DB01
202006042200,104,26.3,0,0,-0.9396926207859083,0.342020143325669,DB01
202006042300,104,25.3,0,0,-1.0,-1.8369701987210297e-16,DB01
202006050000,104,23.0,0,0,-0.9396926207859084,-0.34202014332566855,DB01
202006050100,104,22.0,0,0,-1.0,-1.8369701987210297e-16,DB01
202006050200,104,23.0,0,0,-0.9396926207859084,-0.34202014332566855,DB01
202006050300,104,20.3,0,0,0.6427876096865395,-0.7660444431189779,DB01
202006050400,104,18.9,0,0,-1.0,-1.8369701987210297e-16,DB01
202006050500,104,16.8,0,0,-0.34202014332566866,-0.9396926207859084,DB03
202006050600,104,16.9,0,0,-0.7660444431189779,-0.6427876096865395,DB01
202006050700,104,17.5,0,0,0.6427876096865395,-0.7660444431189779,DB04
202006050800,104,17.9,0,0,-0.7660444431189779,-0.6427876096865395,DB04
202006050900,104,18.6,0,0,1.2246467991473532e-16,-1.0,DB04
202006051000,104,19.4,0,0,-0.7660444431189779,-0.6427876096865395,DB03
202006051100,104,20.5,0,0,0.6427876096865395,-0.7660444431189779,DB03
202006051200,104,19.6,0,0,-0.7660444431189779,-0.6427876096865395,DB03
202006051300,104,19.4,0,0,-0.34202014332566866,-0.9396926207859084,DB03
202006051400,104,19.0,0,0,0.9396926207859084,-0.3420201433256687,DB04
202006051500,104,19.8,0,0,0.3420201433256689,-0.9396926207859083,DB03
202006051600,104,20.2,0,0,1.0,6.123233995736766e-17,DB02
202006051700,104,19.7,0,0,1.0,6.123233995736766e-17,DB03
202006051800,104,19.5,0,0,1.0,6.123233995736766e-17,DB02
202006051900,104,18.2,0,0,0.0,1.0,DB02
202006052000,104,17.1,0,0,0.6427876096865395,-0.7660444431189779,DB02
202006052100,104,17.0,0,0,0.0,1.0,DB02
202006052200,104,16.3,0,0,0.0,1.0,DB02
202006052300,104,15.9,0,0,0.0,1.0,DB03
202006060000,104,15.8,0,0,0.0,1.0,DB01
202006060100,104,15.4,0,0,0.0,1.0,DB02
202006060200,104,14.8,0,0,0.6427876096865395,-0.7660444431189779,DB02
202006060300,104,14.4,0,0,0.0,1.0,DB02
202006060400,104,15.2,0,0,0.0,1.0,DB01
202006060500,104,14.1,0,0,0.0,1.0,DB01
202006060600,104,15.3,0,0,-0.9396926207859084,-0.34202014332566855,DB01
202006060700,104,16.4,0,0,-0.34202014332566866,-0.9396926207859084,DB01
202006060800,104,18.1,0,0,0.9396926207859084,-0.3420201433256687,DB01
202006060900,104,18.8,0,0,0.9396926207859084,-0.3420201433256687,DB01
202006061000,104,20.1,0,0,0.9396926207859084,-0.3420201433256687,DB02
202006061100,104,19.7,0,0,1.0,6.123233995736766e-17,DB02
202006061200,104,21.1,0,0,0.9396926207859084,-0.3420201433256687,DB02
202006061300,104,20.5,0,0,1.0,6.123233995736766e-17,DB02
202006061400,104,20.5,0,0,0.9396926207859084,-0.3420201433256687,DB02
202006061500,104,20.4,0,0,1.0,6.123233995736766e-17,DB03
202006061600,104,19.8,0,0,1.0,6.123233995736766e-17,DB02
202006061700,104,20.1,0,0,0.9396926207859084,-0.3420201433256687,DB01
202006061800,104,19.2,0,0,0.9396926207859084,-0.3420201433256687,DB03
202006061900,104,18.4,0,0,0.9396926207859084,-0.3420201433256687,DB03
202006062000,104,18.4,0,0,0.9396926207859084,-0.3420201433256687,DB03
202006062100,104,18.1,0,0,0.0,1.0,DB04
202006062200,104,17.9,0,0,0.0,1.0,DB03
202006062300,104,16.9,0,0,0.0,1.0,DB03
202006070000,104,16.5,0,0,0.0,1.0,DB03
202006070100,104,16.5,0,0,0.3420201433256689,-0.9396926207859083,DB02
202006070200,104,16.0,0,0,0.0,1.0,DB02
202006070300,104,15.7,0,0,-0.9396926207859083,0.342020143325669,DB02
202006070400,104,15.7,0,0,-0.9396926207859083,0.342020143325669,DB02
202006070500,104,15.9,0,0,-1.0,-1.8369701987210297e-16,DB01
202006070600,104,15.6,0,0,0.3420201433256689,-0.9396926207859083,DB02
202006070700,104,17.5,0,0,0.3420201433256689,-0.9396926207859083,DB01
202006070800,104,19.3,0,0,0.9396926207859084,-0.3420201433256687,DB01
202006070900,104,19.5,0,0,1.0,6.123233995736766e-17,DB01
202006071000,104,20.5,0,0,1.0,6.123233995736766e-17,DB01
202006071100,104,21.3,0,0,1.0,6.123233995736766e-17,DB01
202006071200,104,22.2,0,0,1.0,6.123233995736766e-17,DB01
202006071300,104,22.9,0,0,1.0,6.123233995736766e-17,DB01
202006071400,104,24.2,0,0,-1.0,-1.8369701987210297e-16,DB01
202006071500,104,24.8,0,0,1.0,6.123233995736766e-17,DB02
202006071600,104,25.6,0,0,1.0,6.123233995736766e-17,DB02
202006071700,104,24.9,0,0,0.9396926207859084,-0.3420201433256687,DB02
202006071800,104,24.6,0,0,0.6427876096865395,-0.7660444431189779,DB01
202006071900,104,22.4,0,0,1.0,6.123233995736766e-17,DB01
202006072000,104,20.7,0,0,-0.9396926207859083,0.342020143325669,DB01
202006072100,104,19.1,0,0,0.0,1.0,DB01
202006072200,104,18.5,0,0,0.0,1.0,DB01
202006072300,104,19.0,0,0,-0.34202014332566866,-0.9396926207859084,DB01
202006080000,104,18.4,0,0,0.0,1.0,DB01
202006080100,104,19.1,0,0,1.2246467991473532e-16,-1.0,DB01
202006080200,104,18.4,0,0,0.0,1.0,DB01
202006080300,104,19.0,0,0,-0.34202014332566866,-0.9396926207859084,DB01
202006080400,104,19.8,0,0,0.3420201433256689,-0.9396926207859083,DB02
202006080500,104,18.7,0,0,-0.34202014332566866,-0.9396926207859084,DB01
202006080600,104,21.0,0,0,0.3420201433256689,-0.9396926207859083,DB01
202006080700,104,22.5,0,0,0.0,1.0,DB01
202006080800,104,25.0,0,0,0.0,1.0,DB01
202006080900,104,25.5,0,0,1.0,6.123233995736766e-17,DB01
202006081000,104,26.8,0,0,0.9396926207859084,-0.3420201433256687,DB01
202006081100,104,28.9,0,0,0.9396926207859084,-0.3420201433256687,DB01
202006081200,104,29.0,0,0,0.9396926207859084,-0.3420201433256687,DB01
202006081300,104,29.2,0,0,0.9396926207859084,-0.3420201433256687,DB01
202006081400,104,29.3,0,0,0.9396926207859084,-0.3420201433256687,DB01
202006081500,104,29.8,0,0,0.9396926207859084,-0.3420201433256687,DB01
202006081600,104,30.4,0,0,0.9396926207859084,-0.3420201433256687,DB01
202006081700,104,30.4,0,0,0.9396926207859084,-0.3420201433256687,DB01
202006081800,104,29.6,0,0,0.9396926207859084,-0.3420201433256687,DB01
202006081900,104,27.8,0,0,-0.9396926207859083,0.342020143325669,DB01
202006082000,104,25.2,0,0,0.3420201433256689,-0.9396926207859083,DB02
202006082100,104,25.1,0,0,-0.34202014332566866,-0.9396926207859084,DB01
202006082200,104,26.5,0,0,1.2246467991473532e-16,-1.0,DB03
202006082300,104,27.2,0,0,1.2246467991473532e-16,-1.0,DB03
202006090000,104,25.4,0,0,-0.9396926207859084,-0.34202014332566855,DB01
202006090100,104,24.5,0,0,0.3420201433256689,-0.9396926207859083,DB02
202006090200,104,24.3,0,0,0.3420201433256689,-0.9396926207859083,DB02
202006090300,104,24.3,0,0,1.2246467991473532e-16,-1.0,DB01
202006090400,104,24.3,0,0,0.3420201433256689,-0.9396926207859083,DB01
202006090500,104,23.4,0,0,-0.34202014332566866,-0.9396926207859084,DB01
202006090600,104,23.0,0,0,0.3420201433256689,-0.9396926207859083,DB01
202006090700,104,25.2,0,0,0.3420201433256689,-0.9396926207859083,DB01
202006090800,104,27.9,0,0,0.3420201433256689,-0.9396926207859083,DB01
202006090900,104,29.8,0,0,0.3420201433256689,-0.9396926207859083,DB01
202006091000,104,31.4,0,0,1.2246467991473532e-16,-1.0,DB02
202006091100,104,32.1,0,0,0.9396926207859084,-0.3420201433256687,DB01
202006091200,104,31.2,0,0,1.0,6.123233995736766e-17,DB01
202006091300,104,31.0,0,0,0.9396926207859084,-0.3420201433256687,DB02
202006091400,104,29.6,0,0,0.9396926207859084,-0.3420201433256687,DB02
202006091500,104,29.7,0,0,0.9396926207859084,-0.3420201433256687,DB02
202006091600,104,29.3,0,0,0.9396926207859084,-0.3420201433256687,DB02
202006091700,104,30.7,0,0,0.0,1.0,DB03
202006091800,104,25.2,0,0,-0.9396926207859084,-0.34202014332566855,DB03
202006091900,104,24.5,0,0,-1.0,-1.8369701987210297e-16,DB03
202006092000,104,24.2,0,0,0.3420201433256689,-0.9396926207859083,DB03
202006092100,104,24.3,0,0,0.0,1.0,DB03
202006092200,104,25.4,0,0,-0.34202014332566866,-0.9396926207859084,DB03
202006092300,104,24.0,0,0,0.0,1.0,DB03
202006100000,104,25.2,0,0,1.2246467991473532e-16,-1.0,DB03
202006100100,104,23.7,0,0,1.2246467991473532e-16,-1.0,DB03
202006100200,104,22.7,0,0,-0.9396926207859083,0.342020143325669,DB03
202006100300,104,26.1,0,0,0.3420201433256689,-0.9396926207859083,DB03
202006100400,104,21.7,0,0,-0.9396926207859084,-0.34202014332566855,DB03
202006100500,104,20.6,0,0,0.0,1.0,DB03
202006100600,104,20.9,0,0,0.6427876096865395,-0.7660444431189779,DB03
202006100700,104,23.7,0,0,0.6427876096865395,-0.7660444431189779,DB03
202006100800,104,25.5,0,0,0.6427876096865395,-0.7660444431189779,DB03
202006100900,104,27.3,0,0,0.6427876096865395,-0.7660444431189779,DB03
202006101000,104,27.6,0,0,1.0,6.123233995736766e-17,DB03
202006101100,104,27.6,0,0,1.0,6.123233995736766e-17,DB03
202006101200,104,28.1,0,0,0.9396926207859084,-0.3420201433256687,DB03
202006101300,104,28.3,0,0,0.9396926207859084,-0.3420201433256687,DB03
202006101400,104,27.6,0,0,1.0,6.123233995736766e-17,DB03
202006101500,104,26.3,0,0,1.0,6.123233995736766e-17,DB03
202006101600,104,23.6,0,0,0.9396926207859084,-0.3420201433256687,DB04
202006101700,104,25.1,0,0,-0.7660444431189779,-0.6427876096865395,DB04
202006101800,104,23.1,0,0,1.0,6.123233995736766e-17,DB04
202006101900,104,22.1,0,0,0.0,1.0,DB04
202006102000,104,21.8,0,0,-1.0,-1.8369701987210297e-16,DB04
202006102100,104,22.3,0,0,0.0,1.0,DB04
202006102200,104,22.6,100,1,-0.9396926207859084,-0.34202014332566855,DB04
202006102300,104,22.1,100,1,-1.0,-1.8369701987210297e-16,DB04
202006110000,104,21.0,100,1,0.3420201433256689,-0.9396926207859083,DB04
202006110100,104,21.2,100,1,0.3420201433256689,-0.9396926207859083,DB04
202006110200,104,21.4,0,0,0.3420201433256689,-0.9396926207859083,DB04
202006110300,104,20.4,0,0,-1.0,-1.8369701987210297e-16,DB04
202006110400,104,20.5,0,0,-0.7660444431189779,-0.6427876096865395,DB03
202006110500,104,20.7,0,0,-0.9396926207859084,-0.34202014332566855,DB03
202006110600,104,20.6,0,0,-0.9396926207859084,-0.34202014332566855,DB03
202006110700,104,21.7,0,0,-1.0,-1.8369701987210297e-16,DB03
202006110800,104,24.5,0,0,-1.0,-1.8369701987210297e-16,DB03
202006110900,104,24.6,0,0,-1.0,-1.8369701987210297e-16,DB04
202006111000,104,26.6,0,0,-0.34202014332566866,-0.9396926207859084,DB02
202006111100,104,27.1,0,0,1.0,6.123233995736766e-17,DB01
202006111200,104,27.8,0,0,1.0,6.123233995736766e-17,DB01
202006111300,104,28.1,0,0,0.9396926207859084,-0.3420201433256687,DB02
202006111400,104,27.9,0,0,0.9396926207859084,-0.3420201433256687,DB01
202006111500,104,28.5,0,0,1.0,6.123233995736766e-17,DB01
202006111600,104,27.6,0,0,0.9396926207859084,-0.3420201433256687,DB01
202006111700,104,27.2,0,0,0.9396926207859084,-0.3420201433256687,DB02
202006111800,104,26.7,0,0,0.9396926207859084,-0.3420201433256687,DB02
202006111900,104,25.5,0,0,0.9396926207859084,-0.3420201433256687,DB01
202006112000,104,23.1,0,0,-1.0,-1.8369701987210297e-16,DB02
202006112100,104,22.7,0,0,-1.0,-1.8369701987210297e-16,DB03
202006112200,104,22.2,0,0,1.2246467991473532e-16,-1.0,DB02
202006112300,104,21.9,0,0,1.2246467991473532e-16,-1.0,DB02
202006120000,104,21.5,0,0,0.3420201433256689,-0.9396926207859083,DB04
202006120100,104,21.5,0,0,0.6427876096865395,-0.7660444431189779,DB04
202006120200,104,20.5,0,0,0.0,1.0,DB03
202006120300,104,20.0,0,0,0.3420201433256689,-0.9396926207859083,DB03
202006120400,104,19.1,0,0,0.0,1.0,DB03
202006120500,104,18.7,0,0,-1.0,-1.8369701987210297e-16,DB03
202006120600,104,20.0,0,0,-1.0,-1.8369701987210297e-16,DB03
202006120700,104,21.2,0,0,0.0,1.0,DB03
202006120800,104,22.3,0,0,0.9396926207859084,-0.3420201433256687,DB03
202006120900,104,21.9,0,0,-0.34202014332566866,-0.9396926207859084,DB03
202006121000,104,21.3,0,0,0.9396926207859084,-0.3420201433256687,DB03
202006121100,104,23.3,0,0,1.0,6.123233995736766e-17,DB03
202006121200,104,21.9,0,0,0.9396926207859084,-0.3420201433256687,DB04
202006121300,104,21.2,0,0,-0.9396926207859084,-0.34202014332566855,DB04
202006121400,104,21.1,0,0,1.2246467991473532e-16,-1.0,DB04
202006121500,104,22.1,0,0,-0.9396926207859084,-0.34202014332566855,DB04
202006121600,104,21.9,0,0,-0.9396926207859084,-0.34202014332566855,DB04
202006121700,104,22.0,0,0,-0.34202014332566866,-0.9396926207859084,DB04
202006121800,104,22.5,0,0,0.6427876096865395,-0.7660444431189779,DB04
202006121900,104,21.7,0,0,0.0,1.0,DB04
202006122000,104,21.0,0,0,0.0,1.0,DB04
202006122100,104,20.8,0,0,1.2246467991473532e-16,-1.0,DB04
202006122200,104,20.6,0,0,1.2246467991473532e-16,-1.0,DB04
202006122300,104,20.4,0,0,0.6427876096865395,-0.7660444431189779,DB04
202006130000,104,20.5,0,0,0.3420201433256689,-0.9396926207859083,DB04
202006130100,104,20.6,0,0,0.0,1.0,DB04
202006130200,104,22.3,0,0,0.3420201433256689,-0.9396926207859083,DB04
202006130300,104,23.2,0,0,-0.34202014332566866,-0.9396926207859084,DB04
202006130400,104,21.8,0,0,-0.9396926207859084,-0.34202014332566855,DB03
202006130500,104,20.9,0,0,-1.0,-1.8369701987210297e-16,DB03
202006130600,104,21.0,0,0,-1.0,-1.8369701987210297e-16,DB03
202006130700,104,21.6,0,0,0.3420201433256689,-0.9396926207859083,DB03
202006130800,104,24.0,0,0,0.3420201433256689,-0.9396926207859083,DB03
202006130900,104,25.6,0,0,0.9396926207859084,-0.3420201433256687,DB02
202006131000,104,26.5,0,0,1.0,6.123233995736766e-17,DB02
202006131100,104,27.8,0,0,0.9396926207859084,-0.3420201433256687,DB02
202006131200,104,29.1,0,0,0.9396926207859084,-0.3420201433256687,DB01
202006131300,104,27.1,0,0,0.9396926207859084,-0.3420201433256687,DB01
202006131400,104,28.5,0,0,0.9396926207859084,-0.3420201433256687,DB01
202006131500,104,27.4,0,0,0.9396926207859084,-0.3420201433256687,DB01
202006131600,104,28.1,0,0,0.9396926207859084,-0.3420201433256687,DB01
202006131700,104,28.5,0,0,0.9396926207859084,-0.3420201433256687,DB01
202006131800,104,26.7,0,0,0.9396926207859084,-0.3420201433256687,DB02
202006131900,104,26.2,0,0,0.6427876096865395,-0.7660444431189779,DB03
202006132000,104,23.8,0,0,-0.9396926207859083,0.342020143325669,DB02
202006132100,104,23.2,0,0,0.0,1.0,DB03
202006132200,104,22.5,0,0,0.0,1.0,DB04
202006132300,104,22.8,0,0,-0.34202014332566866,-0.9396926207859084,DB03
202006140000,104,23.4,0,0,0.6427876096865395,-0.7660444431189779,DB03
202006140100,104,24.7,0,0,1.2246467991473532e-16,-1.0,DB03
202006140200,104,25.9,0,0,0.3420201433256689,-0.9396926207859083,DB04
202006140300,104,26.0,0,0,1.2246467991473532e-16,-1.0,DB04
202006140400,104,24.6,0,0,0.0,1.0,DB04
202006140500,104,23.8,0,0,0.0,1.0,DB04
202006140600,104,22.1,0,0,-0.7660444431189779,-0.6427876096865395,DB04
202006140700,104,21.9,0,0,-0.34202014332566866,-0.9396926207859084,DB04
202006140800,104,23.3,0,0,0.6427876096865395,-0.7660444431189779,DB03
202006140900,104,24.6,0,0,0.0,1.0,DB03
202006141000,104,26.8,0,0,0.6427876096865395,-0.7660444431189779,DB04
202006141100,104,26.5,0,0,0.6427876096865395,-0.7660444431189779,DB04
202006141200,104,24.3,0,0,1.0,6.123233995736766e-17,DB04
202006141300,104,28.2,0,0,1.0,6.123233995736766e-17,DB02
202006141400,104,29.6,0,0,0.9396926207859084,-0.3420201433256687,DB02
202006141500,104,32.2,0,0,-1.0,-1.8369701987210297e-16,DB01
202006141600,104,31.8,0,0,-0.9396926207859084,-0.34202014332566855,DB01
202006141700,104,30.7,0,0,-1.0,-1.8369701987210297e-16,DB01
202006141800,104,29.4,0,0,-0.9396926207859084,-0.34202014332566855,DB01
202006141900,104,28.0,0,0,0.3420201433256689,-0.9396926207859083,DB01
202006142000,104,26.5,0,0,-0.7660444431189779,-0.6427876096865395,DB01
202006142100,104,25.8,0,0,-0.9396926207859084,-0.34202014332566855,DB01
202006142200,104,25.8,0,0,-0.9396926207859084,-0.34202014332566855,DB01
202006142300,104,24.7,0,0,-0.34202014332566866,-0.9396926207859084,DB01
202006150000,104,24.8,0,0,-0.9396926207859084,-0.34202014332566855,DB01
202006150100,104,25.1,0,0,-0.9396926207859084,-0.34202014332566855,DB01
202006150200,104,24.1,0,0,-0.9396926207859084,-0.34202014332566855,DB01
202006150300,104,24.6,0,0,-1.0,-1.8369701987210297e-16,DB02
202006150400,104,22.0,0,0,0.3420201433256689,-0.9396926207859083,DB02
202006150500,104,20.5,0,0,0.6427876096865395,-0.7660444431189779,DB02
202006150600,104,21.7,0,0,-0.7660444431189779,-0.6427876096865395,DB02
202006150700,104,25.9,0,0,-1.0,-1.8369701987210297e-16,DB02
202006150800,104,26.3,0,0,-1.0,-1.8369701987210297e-16,DB03
202006150900,104,27.0,0,0,1.2246467991473532e-16,-1.0,DB03
202006151000,104,29.3,0,0,-1.0,-1.8369701987210297e-16,DB03
202006151100,104,29.0,0,0,0.9396926207859084,-0.3420201433256687,DB03
202006151200,104,31.9,0,0,-1.0,-1.8369701987210297e-16,DB02
202006151300,104,31.4,0,0,-0.9396926207859084,-0.34202014332566855,DB02
202006151400,104,31.8,0,0,-1.0,-1.8369701987210297e-16,DB03
202006151500,104,31.2,0,0,-0.9396926207859084,-0.34202014332566855,DB02
202006151600,104,29.7,0,0,-0.9396926207859084,-0.34202014332566855,DB02
202006151700,104,29.0,0,0,-0.9396926207859084,-0.34202014332566855,DB03
202006151800,104,28.7,0,0,-0.9396926207859084,-0.34202014332566855,DB03
202006151900,104,27.1,0,0,-0.9396926207859084,-0.34202014332566855,DB03
202006152000,104,25.9,0,0,-0.9396926207859084,-0.34202014332566855,DB02
202006152100,104,25.3,0,0,-0.7660444431189779,-0.6427876096865395,DB02
202006152200,104,25.4,0,0,-0.9396926207859084,-0.34202014332566855,DB02
202006152300,104,25.4,0,0,-0.9396926207859084,-0.34202014332566855,DB02
202006160000,104,25.7,0,0,-1.0,-1.8369701987210297e-16,DB01
202006160100,104,24.4,0,0,-0.9396926207859084,-0.34202014332566855,DB02
202006160200,104,25.3,0,0,-1.0,-1.8369701987210297e-16,DB03
202006160300,104,22.5,0,0,1.2246467991473532e-16,-1.0,DB01
202006160400,104,21.4,0,0,-0.34202014332566866,-0.9396926207859084,DB01
202006160500,104,19.5,0,0,0.6427876096865395,-0.7660444431189779,DB01
202006160600,104,19.5,0,0,0.6427876096865395,-0.7660444431189779,DB01
202006160700,104,21.8,0,0,0.3420201433256689,-0.9396926207859083,DB01
202006160800,104,22.9,0,0,0.6427876096865395,-0.7660444431189779,DB01
202006160900,104,24.2,0,0,1.2246467991473532e-16,-1.0,DB01
202006161000,104,24.7,0,0,0.9396926207859084,-0.3420201433256687,DB01
202006161100,104,26.0,0,0,0.9396926207859084,-0.3420201433256687,DB01
202006161200,104,25.8,0,0,0.9396926207859084,-0.3420201433256687,DB01
202006161300,104,27.0,0,0,1.0,6.123233995736766e-17,DB01
202006161400,104,26.2,0,0,0.9396926207859084,-0.3420201433256687,DB02
202006161500,104,25.4,0,0,0.9396926207859084,-0.3420201433256687,DB02
202006161600,104,25.2,0,0,0.9396926207859084,-0.3420201433256687,DB01
202006161700,104,25.1,0,0,0.9396926207859084,-0.3420201433256687,DB02
202006161800,104,24.2,0,0,0.9396926207859084,-0.3420201433256687,DB03
202006161900,104,22.6,0,0,0.9396926207859084,-0.3420201433256687,DB03
202006162000,104,20.5,0,0,0.0,1.0,DB03
202006162100,104,19.8,0,0,0.0,1.0,DB03
202006162200,104,18.7,0,0,0.6427876096865395,-0.7660444431189779,DB02
202006162300,104,19.3,0,0,0.3420201433256689,-0.9396926207859083,DB01
202006170000,104,18.8,0,0,-0.34202014332566866,-0.9396926207859084,DB01
202006170100,104,18.1,0,0,0.3420201433256689,-0.9396926207859083,DB01
202006170200,104,18.9,0,0,0.0,1.0,DB03
202006170300,104,20.8,0,0,0.3420201433256689,-0.9396926207859083,DB03
202006170400,104,20.2,0,0,0.3420201433256689,-0.9396926207859083,DB03
202006170500,104,21.0,0,0,1.2246467991473532e-16,-1.0,DB02
202006170600,104,21.3,0,0,1.2246467991473532e-16,-1.0,DB01
202006170700,104,23.2,0,0,0.3420201433256689,-0.9396926207859083,DB01
202006170800,104,23.0,0,0,1.2246467991473532e-16,-1.0,DB02
202006170900,104,24.4,0,0,1.0,6.123233995736766e-17,DB02
202006171000,104,24.5,0,0,1.0,6.123233995736766e-17,DB01
202006171100,104,24.6,0,0,1.0,6.123233995736766e-17,DB02
202006171200,104,26.2,0,0,0.9396926207859084,-0.3420201433256687,DB02
202006171300,104,27.6,0,0,0.9396926207859084,-0.3420201433256687,DB02
202006171400,104,27.5,0,0,0.9396926207859084,-0.3420201433256687,DB02
202006171500,104,27.5,0,0,0.9396926207859084,-0.3420201433256687,DB02
202006171600,104,26.1,0,0,0.9396926207859084,-0.3420201433256687,DB02
202006171700,104,26.5,0,0,0.6427876096865395,-0.7660444431189779,DB03
202006171800,104,25.9,0,0,-0.9396926207859084,-0.34202014332566855,DB02
202006171900,104,24.5,0,0,-0.9396926207859083,0.342020143325669,DB03
202006172000,104,23.9,0,0,-0.9396926207859084,-0.34202014332566855,DB03
202006172100,104,26.3,0,0,-0.9396926207859084,-0.34202014332566855,DB03
202006172200,104,25.0,0,0,-0.34202014332566866,-0.9396926207859084,DB04
202006172300,104,23.3,0,0,1.2246467991473532e-16,-1.0,DB04
202006180000,104,23.5,0,0,1.2246467991473532e-16,-1.0,DB03
202006180100,104,23.3,0,0,1.2246467991473532e-16,-1.0,DB04
202006180200,104,22.6,0,0,0.3420201433256689,-0.9396926207859083,DB04
202006180300,104,22.5,0,0,0.3420201433256689,-0.9396926207859083,DB04
202006180400,104,22.7,0,0,1.2246467991473532e-16,-1.0,DB04
202006180500,104,22.8,0,0,0.3420201433256689,-0.9396926207859083,DB04
202006180600,104,22.9,0,0,-0.34202014332566866,-0.9396926207859084,DB04
202006180700,104,23.7,0,0,-0.34202014332566866,-0.9396926207859084,DB04
202006180800,104,24.6,0,0,0.3420201433256689,-0.9396926207859083,DB04
202006180900,104,26.2,0,0,-1.0,-1.8369701987210297e-16,DB03
202006181000,104,25.0,0,0,-1.0,-1.8369701987210297e-16,DB04
202006181100,104,23.9,0,0,-0.9396926207859084,-0.34202014332566855,DB04
202006181200,104,23.9,0,0,-0.9396926207859084,-0.34202014332566855,DB04
202006181300,104,22.4,0,0,-0.34202014332566866,-0.9396926207859084,DB04
202006181400,104,21.0,0,0,-0.7660444431189779,-0.6427876096865395,DB04
202006181500,104,20.8,0,0,1.2246467991473532e-16,-1.0,DB04
202006181600,104,20.1,0,0,0.6427876096865395,-0.7660444431189779,DB04
202006181700,104,19.6,0,0,0.6427876096865395,-0.7660444431189779,DB04
202006181800,104,19.1,0,0,-0.34202014332566866,-0.9396926207859084,DB04
202006181900,104,19.2,0,0,-1.0,-1.8369701987210297e-16,DB04
202006182000,104,19.1,0,0,-1.0,-1.8369701987210297e-16,DB04
202006182100,104,19.0,0,0,-1.0,-1.8369701987210297e-16,DB04
202006182200,104,18.3,0,0,-1.0,-1.8369701987210297e-16,DB04
202006182300,104,18.5,0,0,-1.0,-1.8369701987210297e-16,DB03
202006190000,104,18.5,0,0,-1.0,-1.8369701987210297e-16,DB04
202006190100,104,18.3,0,0,-0.9396926207859084,-0.34202014332566855,DB03
202006190200,104,18.3,0,0,-1.0,-1.8369701987210297e-16,DB03
202006190300,104,17.6,0,0,-1.0,-1.8369701987210297e-16,DB04
202006190400,104,17.5,0,0,-1.0,-1.8369701987210297e-16,DB04
202006190500,104,17.8,0,0,-1.0,-1.8369701987210297e-16,DB04
202006190600,104,18.3,0,0,-1.0,-1.8369701987210297e-16,DB04
202006190700,104,17.9,0,0,-1.0,-1.8369701987210297e-16,DB04
202006190800,104,17.8,0,0,-1.0,-1.8369701987210297e-16,DB04
202006190900,104,18.0,0,0,-1.0,-1.8369701987210297e-16,DB04
202006191000,104,17.6,100,1,-0.9396926207859083,0.342020143325669,DB04
202006191100,104,18.0,0,0,-1.0,-1.8369701987210297e-16,DB04
202006191200,104,17.8,100,1,-1.0,-1.8369701987210297e-16,DB04
202006191300,104,17.9,0,0,-1.0,-1.8369701987210297e-16,DB04
202006191400,104,18.0,0,0,-1.0,-1.8369701987210297e-16,DB04
202006191500,104,18.1,0,0,-1.0,-1.8369701987210297e-16,DB04
202006191600,104,18.6,100,1,-1.0,-1.8369701987210297e-16,DB04
202006191700,104,18.8,0,0,-1.0,-1.8369701987210297e-16,DB04
202006191800,104,18.7,0,0,-0.7660444431189779,-0.6427876096865395,DB03
202006191900,104,18.6,0,0,-1.0,-1.8369701987210297e-16,DB02
202006192000,104,18.1,0,0,-0.7660444431189779,-0.6427876096865395,DB03
202006192100,104,17.2,0,0,0.0,1.0,DB03
202006192200,104,17.4,0,0,0.0,1.0,DB03
202006192300,104,17.7,0,0,0.0,1.0,DB03
202006200000,104,17.6,0,0,0.3420201433256689,-0.9396926207859083,DB03
202006200100,104,17.7,0,0,0.0,1.0,DB03
202006200200,104,17.4,0,0,0.3420201433256689,-0.9396926207859083,DB03
202006200300,104,16.5,0,0,-1.0,-1.8369701987210297e-16,DB03
202006200400,104,15.9,0,0,0.0,1.0,DB02
202006200500,104,15.4,0,0,0.0,1.0,DB01
202006200600,104,16.0,0,0,0.3420201433256689,-0.9396926207859083,DB02
202006200700,104,18.2,0,0,0.6427876096865395,-0.7660444431189779,DB01
202006200800,104,19.7,0,0,0.9396926207859084,-0.3420201433256687,DB01
202006200900,104,20.5,0,0,1.0,6.123233995736766e-17,DB01
202006201000,104,22.3,0,0,0.9396926207859084,-0.3420201433256687,DB01
202006201100,104,22.7,0,0,0.9396926207859084,-0.3420201433256687,DB01
202006201200,104,23.7,0,0,1.0,6.123233995736766e-17,DB01
202006201300,104,23.5,0,0,0.9396926207859084,-0.3420201433256687,DB01
202006201400,104,24.0,0,0,0.9396926207859084,-0.3420201433256687,DB01
202006201500,104,23.8,0,0,0.9396926207859084,-0.3420201433256687,DB01
202006201600,104,24.3,0,0,0.9396926207859084,-0.3420201433256687,DB02
202006201700,104,22.4,0,0,0.9396926207859084,-0.3420201433256687,DB03
202006201800,104,21.8,0,0,0.9396926207859084,-0.3420201433256687,DB03
202006201900,104,21.7,0,0,0.9396926207859084,-0.3420201433256687,DB04
202006202000,104,20.0,0,0,0.3420201433256689,-0.9396926207859083,DB04
202006202100,104,19.6,0,0,0.9396926207859083,0.3420201433256688,DB03
202006202200,104,19.1,0,0,0.6427876096865395,-0.7660444431189779,DB03
202006202300,104,19.0,0,0,0.0,1.0,DB03
202006210000,104,18.2,0,0,0.0,1.0,DB02
202006210100,104,18.2,0,0,-1.0,-1.8369701987210297e-16,DB02
202006210200,104,18.4,0,0,-1.0,-1.8369701987210297e-16,DB02
202006210300,104,18.0,0,0,0.3420201433256689,-0.9396926207859083,DB03
202006210400,104,18.6,0,0,-0.9396926207859084,-0.34202014332566855,DB03
202006210500,104,18.9,0,0,0.0,1.0,DB03
202006210600,104,19.4,0,0,0.0,1.0,DB03
202006210700,104,19.9,0,0,0.3420201433256689,-0.9396926207859083,DB04
202006210800,104,19.9,0,0,1.0,6.123233995736766e-17,DB04
202006210900,104,20.3,0,0,0.9396926207859084,-0.3420201433256687,DB04
202006211000,104,20.8,0,0,0.9396926207859084,-0.3420201433256687,DB04
202006211100,104,22.0,0,0,0.9396926207859084,-0.3420201433256687,DB03
202006211200,104,23.6,0,0,0.9396926207859084,-0.3420201433256687,DB01
202006211300,104,24.2,0,0,0.9396926207859084,-0.3420201433256687,DB01
202006211400,104,24.9,0,0,0.9396926207859084,-0.3420201433256687,DB01
202006211500,104,24.6,0,0,0.9396926207859084,-0.3420201433256687,DB02
202006211600,104,24.8,0,0,0.9396926207859084,-0.3420201433256687,DB02
202006211700,104,22.7,0,0,0.9396926207859084,-0.3420201433256687,DB03
202006211800,104,22.9,0,0,1.0,6.123233995736766e-17,DB02
202006211900,104,22.2,0,0,0.9396926207859084,-0.3420201433256687,DB01
202006212000,104,20.6,0,0,0.0,1.0,DB03
202006212100,104,20.1,0,0,0.0,1.0,DB01
202006212200,104,19.6,0,0,0.0,1.0,DB01
202006212300,104,19.2,0,0,0.0,1.0,DB01
202006220000,104,19.1,0,0,0.0,1.0,DB01
202006220100,104,19.4,0,0,0.0,1.0,DB01
202006220200,104,18.9,0,0,0.6427876096865395,-0.7660444431189779,DB01
202006220300,104,18.2,0,0,0.0,1.0,DB01
202006220400,104,18.5,0,0,-0.9396926207859083,0.342020143325669,DB01
202006220500,104,18.9,0,0,-1.0,-1.8369701987210297e-16,DB02
202006220600,104,19.5,0,0,0.6427876096865395,-0.7660444431189779,DB01
202006220700,104,23.9,0,0,1.2246467991473532e-16,-1.0,DB01
202006220800,104,26.3,0,0,0.6427876096865395,-0.7660444431189779,DB01
202006220900,104,26.7,0,0,1.0,6.123233995736766e-17,DB01
202006221000,104,26.0,0,0,1.0,6.123233995736766e-17,DB01
202006221100,104,26.9,0,0,0.9396926207859084,-0.3420201433256687,DB01
202006221200,104,27.9,0,0,1.0,6.123233995736766e-17,DB01
202006221300,104,29.2,0,0,1.0,6.123233995736766e-17,DB01
202006221400,104,28.8,0,0,0.9396926207859084,-0.3420201433256687,DB01
202006221500,104,29.2,0,0,0.9396926207859084,-0.3420201433256687,DB01
202006221600,104,29.5,0,0,0.9396926207859084,-0.3420201433256687,DB01
202006221700,104,28.8,0,0,0.9396926207859084,-0.3420201433256687,DB01
202006221800,104,26.9,0,0,1.0,6.123233995736766e-17,DB01
202006221900,104,24.3,0,0,-0.9396926207859084,-0.34202014332566855,DB01
202006222000,104,22.6,0,0,-0.9396926207859084,-0.34202014332566855,DB02
202006222100,104,21.0,0,0,0.0,1.0,DB03
202006222200,104,20.7,0,0,0.0,1.0,DB02
202006222300,104,20.3,0,0,-1.0,-1.8369701987210297e-16,DB01
202006230000,104,19.2,0,0,-1.0,-1.8369701987210297e-16,DB02
202006230100,104,18.5,0,0,-1.0,-1.8369701987210297e-16,DB02
202006230200,104,18.4,0,0,-1.0,-1.8369701987210297e-16,DB03
202006230300,104,18.2,0,0,-0.9396926207859083,0.342020143325669,DB03
202006230400,104,18.6,0,0,-1.0,-1.8369701987210297e-16,DB03
202006230500,104,19.0,0,0,-0.9396926207859083,0.342020143325669,DB03
202006230600,104,19.4,0,0,-1.0,-1.8369701987210297e-16,DB04
202006230700,104,20.3,0,0,-1.0,-1.8369701987210297e-16,DB03
202006230800,104,20.9,0,0,-1.0,-1.8369701987210297e-16,DB03
202006230900,104,22.2,0,0,1.2246467991473532e-16,-1.0,DB03
202006231000,104,22.6,0,0,1.2246467991473532e-16,-1.0,DB03
202006231100,104,23.6,0,0,0.6427876096865395,-0.7660444431189779,DB03
202006231200,104,23.0,0,0,0.6427876096865395,-0.7660444431189779,DB02
202006231300,104,23.5,0,0,0.9396926207859084,-0.3420201433256687,DB03
202006231400,104,23.3,0,0,-0.34202014332566866,-0.9396926207859084,DB03
202006231500,104,22.1,0,0,1.0,6.123233995736766e-17,DB03
202006231600,104,22.4,0,0,1.0,6.123233995736766e-17,DB04
202006231700,104,22.0,0,0,1.0,6.123233995736766e-17,DB04
202006231800,104,21.7,0,0,1.2246467991473532e-16,-1.0,DB04
202006231900,104,21.3,0,0,0.9396926207859084,-0.3420201433256687,DB04
202006232000,104,21.1,0,0,-1.0,-1.8369701987210297e-16,DB04
202006232100,104,20.8,0,0,1.0,6.123233995736766e-17,DB04
202006232200,104,20.5,0,0,0.0,1.0,DB04
202006232300,104,20.7,0,0,0.0,1.0,DB04
202006240000,104,20.5,0,0,0.0,1.0,DB04
202006240100,104,20.0,0,0,0.9396926207859084,-0.3420201433256687,DB04
202006240200,104,20.2,0,0,0.0,1.0,DB04
202006240300,104,19.9,0,0,-0.9396926207859083,0.342020143325669,DB04
202006240400,104,19.6,0,0,-0.9396926207859083,0.342020143325669,DB04
202006240500,104,19.7,0,0,-1.0,-1.8369701987210297e-16,DB04
202006240600,104,19.8,0,0,-1.0,-1.8369701987210297e-16,DB04
202006240700,104,20.1,0,0,-1.0,-1.8369701987210297e-16,DB04
202006240800,104,21.0,0,0,-0.9396926207859084,-0.34202014332566855,DB04
202006240900,104,21.3,0,0,-0.7660444431189779,-0.6427876096865395,DB04
202006241000,104,20.7,0,0,0.3420201433256689,-0.9396926207859083,DB04
202006241100,104,20.8,0,0,-0.9396926207859084,-0.34202014332566855,DB04
202006241200,104,20.8,0,0,-0.7660444431189779,-0.6427876096865395,DB04
202006241300,104,20.1,100,1,1.0,6.123233995736766e-17,DB04
202006241400,104,20.4,100,1,0.9396926207859084,-0.3420201433256687,DB04
202006241500,104,19.9,100,1,1.0,6.123233995736766e-17,DB04
202006241600,104,19.8,0,0,0.9396926207859084,-0.3420201433256687,DB04
202006241700,104,19.6,100,1,0.9396926207859084,-0.3420201433256687,DB04
202006241800,104,19.6,100,1,0.9396926207859084,-0.3420201433256687,DB04
202006241900,104,19.3,100,1,0.9396926207859084,-0.3420201433256687,DB04
202006242000,104,18.7,100,1,0.9396926207859084,-0.3420201433256687,DB04
202006242100,104,18.7,0,0,0.6427876096865395,-0.7660444431189779,DB04
202006242200,104,19.0,0,0,0.6427876096865395,-0.7660444431189779,DB04
202006242300,104,18.8,0,0,0.6427876096865395,-0.7660444431189779,DB04
202006250000,104,18.9,0,0,-1.0,-1.8369701987210297e-16,DB04
202006250100,104,18.9,0,0,0.0,1.0,DB04
202006250200,104,18.7,0,0,0.0,1.0,DB04
202006250300,104,18.8,0,0,-1.0,-1.8369701987210297e-16,DB04
202006250400,104,18.6,0,0,-0.9396926207859084,-0.34202014332566855,DB04
202006250500,104,18.8,0,0,0.0,1.0,DB04
202006250600,104,19.0,0,0,-1.0,-1.8369701987210297e-16,DB04
202006250700,104,19.4,0,0,-0.9396926207859083,0.342020143325669,DB03
202006250800,104,20.4,0,0,-1.0,-1.8369701987210297e-16,DB04
202006250900,104,21.4,0,0,0.3420201433256689,-0.9396926207859083,DB04
202006251000,104,20.5,0,0,-0.34202014332566866,-0.9396926207859084,DB04
202006251100,104,20.8,0,0,-1.0,-1.8369701987210297e-16,DB04
202006251200,104,20.9,0,0,-0.34202014332566866,-0.9396926207859084,DB04
202006251300,104,20.8,0,0,-0.34202014332566866,-0.9396926207859084,DB04
202006251400,104,20.5,0,0,1.2246467991473532e-16,-1.0,DB04
202006251500,104,19.9,0,0,0.6427876096865395,-0.7660444431189779,DB04
202006251600,104,19.6,0,0,-0.9396926207859084,-0.34202014332566855,DB04
202006251700,104,19.3,0,0,-0.7660444431189779,-0.6427876096865395,DB04
202006251800,104,19.1,0,0,-0.9396926207859084,-0.34202014332566855,DB04
202006251900,104,18.6,0,0,-0.9396926207859083,0.342020143325669,DB04
202006252000,104,18.7,0,0,-0.34202014332566866,-0.9396926207859084,DB04
202006252100,104,18.6,0,0,-0.34202014332566866,-0.9396926207859084,DB04
202006252200,104,18.6,0,0,-0.9396926207859084,-0.34202014332566855,DB04
202006252300,104,18.6,0,0,0.0,1.0,DB04
202006260000,104,18.6,0,0,0.0,1.0,DB04
202006260100,104,18.5,0,0,0.0,1.0,DB04
202006260200,104,18.5,0,0,0.0,1.0,DB04
202006260300,104,18.4,0,0,0.0,1.0,DB04
202006260400,104,18.4,0,0,0.0,1.0,DB04
202006260500,104,18.3,0,0,0.6427876096865395,-0.7660444431189779,DB04
202006260600,104,18.5,0,0,1.0,6.123233995736766e-17,DB04
202006260700,104,19.2,0,0,-1.0,-1.8369701987210297e-16,DB03
202006260800,104,20.0,0,0,-1.0,-1.8369701987210297e-16,DB02
202006260900,104,23.2,0,0,0.9396926207859084,-0.3420201433256687,DB02
202006261000,104,24.7,0,0,1.0,6.123233995736766e-17,DB02
202006261100,104,23.6,0,0,1.0,6.123233995736766e-17,DB02
202006261200,104,27.7,0,0,-0.9396926207859084,-0.34202014332566855,DB02
202006261300,104,25.1,0,0,0.3420201433256689,-0.9396926207859083,DB03
202006261400,104,25.5,0,0,0.3420201433256689,-0.9396926207859083,DB03
202006261500,104,26.0,0,0,-0.9396926207859084,-0.34202014332566855,DB04
202006261600,104,25.9,0,0,-0.7660444431189779,-0.6427876096865395,DB03
202006261700,104,25.7,0,0,-0.9396926207859084,-0.34202014332566855,DB04
202006261800,104,25.1,0,0,0.3420201433256689,-0.9396926207859083,DB04
202006261900,104,25.1,0,0,-0.7660444431189779,-0.6427876096865395,DB04
202006262000,104,24.9,0,0,-0.9396926207859084,-0.34202014332566855,DB04
202006262100,104,25.1,0,0,-0.7660444431189779,-0.6427876096865395,DB03
202006262200,104,24.0,0,0,0.6427876096865395,-0.7660444431189779,DB03
202006262300,104,25.0,0,0,-0.7660444431189779,-0.6427876096865395,DB03
202006270000,104,24.0,0,0,-0.9396926207859084,-0.34202014332566855,DB03
202006270100,104,24.0,0,0,0.3420201433256689,-0.9396926207859083,DB04
202006270200,104,23.9,0,0,1.0,6.123233995736766e-17,DB04
202006270300,104,22.8,0,0,0.9396926207859084,-0.3420201433256687,DB04
202006270400,104,21.8,0,0,0.9396926207859084,-0.3420201433256687,DB04
202006270500,104,22.0,0,0,0.9396926207859084,-0.3420201433256687,DB04
202006270600,104,21.0,0,0,0.0,1.0,DB04
202006270700,104,21.0,0,0,0.0,1.0,DB04
202006270800,104,21.2,0,0,-0.9396926207859084,-0.34202014332566855,DB04
202006270900,104,21.0,0,0,1.2246467991473532e-16,-1.0,DB04
202006271000,104,21.3,0,0,0.0,1.0,DB04
202006271100,104,24.0,0,0,0.3420201433256689,-0.9396926207859083,DB04
202006271200,104,26.4,0,0,0.6427876096865395,-0.7660444431189779,DB04
202006271300,104,27.4,0,0,-0.9396926207859084,-0.34202014332566855,DB03
202006271400,104,27.1,0,0,1.0,6.123233995736766e-17,DB03
202006271500,104,28.2,0,0,-0.34202014332566866,-0.9396926207859084,DB02
202006271600,104,27.2,0,0,0.9396926207859084,-0.3420201433256687,DB03
202006271700,104,26.9,0,0,0.9396926207859084,-0.3420201433256687,DB03
202006271800,104,26.6,0,0,0.9396926207859084,-0.3420201433256687,DB02
202006271900,104,25.2,0,0,0.0,1.0,DB02
202006272000,104,23.7,0,0,-1.0,-1.8369701987210297e-16,DB01
202006272100,104,22.0,0,0,1.0,6.123233995736766e-17,DB02
202006272200,104,21.8,0,0,-1.0,-1.8369701987210297e-16,DB04
202006272300,104,20.9,100,1,1.2246467991473532e-16,-1.0,DB03
202006280000,104,20.1,0,0,0.0,1.0,DB01
202006280100,104,19.6,0,0,1.0,6.123233995736766e-17,DB01
202006280200,104,18.8,0,0,-1.0,-1.8369701987210297e-16,DB01
202006280300,104,18.4,0,0,0.0,1.0,DB01
202006280400,104,18.5,0,0,0.0,1.0,DB01
202006280500,104,18.2,0,0,0.0,1.0,DB02
202006280600,104,19.5,0,0,0.0,1.0,DB03
202006280700,104,20.8,0,0,-0.9396926207859083,0.342020143325669,DB01
202006280800,104,22.4,0,0,-0.9396926207859084,-0.34202014332566855,DB02
202006280900,104,22.8,0,0,1.0,6.123233995736766e-17,DB02
202006281000,104,23.0,0,0,1.0,6.123233995736766e-17,DB01
202006281100,104,23.4,0,0,1.2246467991473532e-16,-1.0,DB01
202006281200,104,23.4,0,0,0.9396926207859084,-0.3420201433256687,DB02
202006281300,104,22.5,0,0,0.9396926207859084,-0.3420201433256687,DB03
202006281400,104,23.0,0,0,1.0,6.123233995736766e-17,DB03
202006281500,104,23.1,0,0,1.0,6.123233995736766e-17,DB03
202006281600,104,22.2,0,0,1.0,6.123233995736766e-17,DB03
202006281700,104,22.1,0,0,1.0,6.123233995736766e-17,DB03
202006281800,104,21.1,0,0,1.0,6.123233995736766e-17,DB03
202006281900,104,20.8,0,0,0.0,1.0,DB02
202006282000,104,20.0,0,0,1.0,6.123233995736766e-17,DB03
202006282100,104,19.1,0,0,0.6427876096865395,-0.7660444431189779,DB01
202006282200,104,20.1,0,0,0.0,1.0,DB01
202006282300,104,19.3,0,0,0.0,1.0,DB03
202006290000,104,18.7,0,0,0.0,1.0,DB03
202006290100,104,19.0,0,0,0.0,1.0,DB03
202006290200,104,19.5,0,0,0.0,1.0,DB02
202006290300,104,19.1,0,0,-0.9396926207859084,-0.34202014332566855,DB03
202006290400,104,19.1,0,0,-0.9396926207859084,-0.34202014332566855,DB03
202006290500,104,19.2,0,0,0.0,1.0,DB03
202006290600,104,19.2,0,0,-1.0,-1.8369701987210297e-16,DB04
202006290700,104,19.4,0,0,0.0,1.0,DB04
202006290800,104,20.0,0,0,0.6427876096865395,-0.7660444431189779,DB04
202006290900,104,20.3,0,0,0.9396926207859084,-0.3420201433256687,DB04
202006291000,104,20.8,0,0,1.0,6.123233995736766e-17,DB04
202006291100,104,21.6,0,0,-1.0,-1.8369701987210297e-16,DB04
202006291200,104,22.4,0,0,0.9396926207859084,-0.3420201433256687,DB04
202006291300,104,22.0,0,0,0.9396926207859084,-0.3420201433256687,DB04
202006291400,104,22.2,0,0,1.0,6.123233995736766e-17,DB04
202006291500,104,22.4,0,0,1.0,6.123233995736766e-17,DB04
202006291600,104,21.4,0,0,1.0,6.123233995736766e-17,DB04
202006291700,104,21.3,0,0,-0.9396926207859083,0.342020143325669,DB04
202006291800,104,21.1,0,0,-0.9396926207859083,0.342020143325669,DB04
202006291900,104,21.2,0,0,0.9396926207859084,-0.3420201433256687,DB04
202006292000,104,21.1,0,0,0.9396926207859084,-0.3420201433256687,DB04
202006292100,104,21.1,0,0,0.9396926207859084,-0.3420201433256687,DB04
202006292200,104,21.0,0,0,0.9396926207859084,-0.3420201433256687,DB04
202006292300,104,20.6,100,1,0.9396926207859084,-0.3420201433256687,DB04
202006300000,104,19.7,100,1,0.9396926207859084,-0.3420201433256687,DB04
202006300100,104,19.6,100,1,0.9396926207859084,-0.3420201433256687,DB04
202006300200,104,19.6,100,1,0.9396926207859084,-0.3420201433256687,DB04
202006300300,104,18.3,100,1,0.6427876096865395,-0.7660444431189779,DB04
202006300400,104,19.7,100,1,1.0,6.123233995736766e-17,DB04
202006300500,104,19.8,100,1,1.0,6.123233995736766e-17,DB04
202006300600,104,19.0,100,1,0.6427876096865395,-0.7660444431189779,DB04
202006300700,104,18.6,100,1,0.9396926207859084,-0.3420201433256687,DB04
202006300800,104,18.6,100,1,1.2246467991473532e-16,-1.0,DB04
202006300900,104,18.9,100,1,1.2246467991473532e-16,-1.0,DB04
202006301000,104,19.3,100,1,1.0,6.123233995736766e-17,DB04
202006301100,104,19.3,100,1,1.0,6.123233995736766e-17,DB04
202006301200,104,18.8,100,1,1.0,6.123233995736766e-17,DB04
202006301300,104,18.7,100,1,-1.0,-1.8369701987210297e-16,DB04
202006301400,104,18.8,100,1,-1.0,-1.8369701987210297e-16,DB04
202006301500,104,18.3,100,1,-1.0,-1.8369701987210297e-16,DB04
202006301600,104,18.0,100,1,-1.0,-1.8369701987210297e-16,DB04
202006301700,104,17.3,100,1,-1.0,-1.8369701987210297e-16,DB04
202006301800,104,17.2,100,1,-1.0,-1.8369701987210297e-16,DB04
202006301900,104,17.1,100,1,-1.0,-1.8369701987210297e-16,DB04
202006302000,104,17.0,100,1,-1.0,-1.8369701987210297e-16,DB04
202006302100,104,16.8,100,1,-1.0,-1.8369701987210297e-16,DB04
202006302200,104,16.6,100,1,-1.0,-1.8369701987210297e-16,DB04
202006302300,104,16.2,100,1,-1.0,-1.8369701987210297e-16,DB04
202007010000,104,16.0,100,1,-0.9396926207859083,0.342020143325669,DB04
202007010100,104,16.1,100,1,-0.9396926207859083,0.342020143325669,DB04
202007010200,104,16.3,100,1,-1.0,-1.8369701987210297e-16,DB04
202007010300,104,16.3,100,1,-1.0,-1.8369701987210297e-16,DB04
202007010400,104,16.4,100,1,-1.0,-1.8369701987210297e-16,DB04
202007010500,104,16.3,100,1,-1.0,-1.8369701987210297e-16,DB04
202007010600,104,16.1,100,1,-1.0,-1.8369701987210297e-16,DB04
202007010700,104,16.0,100,1,-1.0,-1.8369701987210297e-16,DB04
202007010800,104,16.4,100,1,-1.0,-1.8369701987210297e-16,DB04
202007010900,104,17.1,100,1,-0.9396926207859083,0.342020143325669,DB04
202007011000,104,17.9,100,1,-0.9396926207859083,0.342020143325669,DB04
202007011100,104,19.7,0,0,-0.9396926207859083,0.342020143325669,DB04
202007011200,104,20.1,0,0,-0.9396926207859083,0.342020143325669,DB04
202007011300,104,21.9,0,0,1.2246467991473532e-16,-1.0,DB04
202007011400,104,21.3,0,0,1.2246467991473532e-16,-1.0,DB04
202007011500,104,22.7,0,0,-0.7660444431189779,-0.6427876096865395,DB03
202007011600,104,23.1,0,0,-0.7660444431189779,-0.6427876096865395,DB03
202007011700,104,20.9,0,0,1.0,6.123233995736766e-17,DB03
202007011800,104,22.3,0,0,0.6427876096865395,-0.7660444431189779,DB04
202007011900,104,21.7,0,0,-1.0,-1.8369701987210297e-16,DB02
202007012000,104,19.0,0,0,-0.9396926207859084,-0.34202014332566855,DB01
202007012100,104,19.1,0,0,-0.9396926207859084,-0.34202014332566855,DB01
202007012200,104,19.4,0,0,-0.9396926207859084,-0.34202014332566855,DB01
202007012300,104,17.5,0,0,1.2246467991473532e-16,-1.0,DB01
202007020000,104,16.4,0,0,0.3420201433256689,-0.9396926207859083,DB01
202007020100,104,17.8,0,0,0.3420201433256689,-0.9396926207859083,DB01
202007020200,104,17.8,0,0,0.3420201433256689,-0.9396926207859083,DB01
202007020300,104,17.2,0,0,0.3420201433256689,-0.9396926207859083,DB01
202007020400,104,17.1,0,0,0.3420201433256689,-0.9396926207859083,DB01
202007020500,104,17.6,0,0,1.2246467991473532e-16,-1.0,DB01
202007020600,104,18.4,0,0,0.3420201433256689,-0.9396926207859083,DB01
202007020700,104,20.3,0,0,0.3420201433256689,-0.9396926207859083,DB01
202007020800,104,22.8,0,0,0.3420201433256689,-0.9396926207859083,DB01
202007020900,104,25.2,0,0,0.3420201433256689,-0.9396926207859083,DB01
202007021000,104,26.7,0,0,0.3420201433256689,-0.9396926207859083,DB02
202007021100,104,25.1,0,0,1.0,6.123233995736766e-17,DB01
202007021200,104,25.9,0,0,1.0,6.123233995736766e-17,DB01
202007021300,104,28.3,0,0,0.9396926207859084,-0.3420201433256687,DB01
202007021400,104,28.0,0,0,0.9396926207859084,-0.3420201433256687,DB01
202007021500,104,28.2,0,0,0.9396926207859084,-0.3420201433256687,DB02
202007021600,104,28.2,0,0,0.6427876096865395,-0.7660444431189779,DB02
202007021700,104,27.1,0,0,0.9396926207859084,-0.3420201433256687,DB02
202007021800,104,26.5,0,0,0.9396926207859084,-0.3420201433256687,DB01
202007021900,104,25.4,0,0,0.9396926207859084,-0.3420201433256687,DB02
202007022000,104,22.0,0,0,0.0,1.0,DB01
202007022100,104,21.4,0,0,-1.0,-1.8369701987210297e-16,DB02
202007022200,104,20.3,0,0,-0.7660444431189779,-0.6427876096865395,DB03
202007022300,104,19.3,0,0,0.0,1.0,DB02
202007030000,104,18.7,0,0,0.0,1.0,DB02
202007030100,104,18.7,0,0,0.0,1.0,DB02
202007030200,104,18.7,0,0,0.0,1.0,DB03
202007030300,104,18.2,0,0,1.2246467991473532e-16,-1.0,DB02
202007030400,104,18.9,0,0,1.2246467991473532e-16,-1.0,DB02
202007030500,104,18.7,0,0,0.0,1.0,DB03
202007030600,104,18.7,0,0,0.0,1.0,DB03
202007030700,104,20.2,0,0,0.0,1.0,DB02
202007030800,104,21.6,0,0,0.3420201433256689,-0.9396926207859083,DB03
202007030900,104,21.3,0,0,0.9396926207859084,-0.3420201433256687,DB03
202007031000,104,22.1,0,0,1.0,6.123233995736766e-17,DB03
202007031100,104,22.9,0,0,0.9396926207859084,-0.3420201433256687,DB03
202007031200,104,22.4,0,0,0.9396926207859084,-0.3420201433256687,DB03
202007031300,104,22.9,0,0,0.9396926207859084,-0.3420201433256687,DB03
202007031400,104,23.3,0,0,0.9396926207859084,-0.3420201433256687,DB03
202007031500,104,23.8,0,0,0.9396926207859084,-0.3420201433256687,DB03
202007031600,104,22.2,0,0,0.9396926207859084,-0.3420201433256687,DB04
202007031700,104,21.4,0,0,0.9396926207859084,-0.3420201433256687,DB04
202007031800,104,20.4,0,0,0.9396926207859084,-0.3420201433256687,DB03
202007031900,104,19.9,0,0,0.9396926207859084,-0.3420201433256687,DB03
202007032000,104,19.1,0,0,0.9396926207859084,-0.3420201433256687,DB04
202007032100,104,18.8,0,0,0.9396926207859084,-0.3420201433256687,DB04
202007032200,104,18.1,0,0,0.0,1.0,DB03
202007032300,104,18.6,0,0,-1.0,-1.8369701987210297e-16,DB04
202007040000,104,18.2,0,0,-1.0,-1.8369701987210297e-16,DB04
202007040100,104,18.0,0,0,-1.0,-1.8369701987210297e-16,DB04
202007040200,104,17.9,0,0,0.0,1.0,DB04
202007040300,104,17.7,0,0,0.3420201433256689,-0.9396926207859083,DB04
202007040400,104,17.3,0,0,-1.0,-1.8369701987210297e-16,DB04
202007040500,104,17.4,0,0,-0.9396926207859083,0.342020143325669,DB04
202007040600,104,17.1,100,1,-1.0,-1.8369701987210297e-16,DB04
202007040700,104,17.9,100,1,0.0,1.0,DB04
202007040800,104,19.6,100,1,0.0,1.0,DB04
202007040900,104,21.3,0,0,-1.0,-1.8369701987210297e-16,DB03
202007041000,104,22.2,0,0,-1.0,-1.8369701987210297e-16,DB01
202007041100,104,22.9,0,0,1.0,6.123233995736766e-17,DB01
202007041200,104,23.3,0,0,1.0,6.123233995736766e-17,DB01
202007041300,104,23.4,0,0,1.0,6.123233995736766e-17,DB02
202007041400,104,23.0,0,0,0.9396926207859084,-0.3420201433256687,DB01
202007041500,104,23.4,0,0,0.9396926207859084,-0.3420201433256687,DB01
202007041600,104,22.9,0,0,0.9396926207859084,-0.3420201433256687,DB03
202007041700,104,20.6,0,0,0.9396926207859084,-0.3420201433256687,DB03
202007041800,104,21.0,0,0,0.9396926207859084,-0.3420201433256687,DB03
202007041900,104,21.1,0,0,0.0,1.0,DB03
202007042000,104,19.2,0,0,0.0,1.0,DB02
202007042100,104,18.8,0,0,0.0,1.0,DB02
202007042200,104,18.0,0,0,0.0,1.0,DB02
202007042300,104,17.9,0,0,0.0,1.0,DB03
202007050000,104,18.0,0,0,0.3420201433256689,-0.9396926207859083,DB03
202007050100,104,17.9,0,0,0.3420201433256689,-0.9396926207859083,DB03
202007050200,104,18.2,0,0,0.3420201433256689,-0.9396926207859083,DB03
202007050300,104,20.1,0,0,0.3420201433256689,-0.9396926207859083,DB03
202007050400,104,21.2,0,0,-0.34202014332566866,-0.9396926207859084,DB02
202007050500,104,19.3,0,0,0.3420201433256689,-0.9396926207859083,DB02
202007050600,104,19.6,0,0,0.6427876096865395,-0.7660444431189779,DB02
202007050700,104,22.4,0,0,0.3420201433256689,-0.9396926207859083,DB02
202007050800,104,24.2,0,0,0.3420201433256689,-0.9396926207859083,DB03
202007050900,104,25.8,0,0,0.6427876096865395,-0.7660444431189779,DB03
202007051000,104,25.7,0,0,0.6427876096865395,-0.7660444431189779,DB03
202007051100,104,27.5,0,0,1.0,6.123233995736766e-17,DB02
202007051200,104,27.2,0,0,0.9396926207859084,-0.3420201433256687,DB03
202007051300,104,26.8,0,0,1.0,6.123233995736766e-17,DB03
202007051400,104,28.6,0,0,0.9396926207859084,-0.3420201433256687,DB03
202007051500,104,27.4,0,0,0.9396926207859084,-0.3420201433256687,DB02
202007051600,104,26.9,0,0,0.9396926207859084,-0.3420201433256687,DB02
202007051700,104,26.8,0,0,0.9396926207859084,-0.3420201433256687,DB01
202007051800,104,26.4,0,0,0.9396926207859084,-0.3420201433256687,DB01
202007051900,104,24.9,0,0,-0.7660444431189779,-0.6427876096865395,DB01
202007052000,104,22.6,0,0,-1.0,-1.8369701987210297e-16,DB01
202007052100,104,22.0,0,0,-0.9396926207859084,-0.34202014332566855,DB01
202007052200,104,22.0,0,0,0.6427876096865395,-0.7660444431189779,DB01
202007052300,104,20.7,0,0,0.0,1.0,DB01
202007060000,104,20.7,0,0,0.0,1.0,DB03
202007060100,104,20.7,0,0,0.3420201433256689,-0.9396926207859083,DB04
202007060200,104,21.2,0,0,0.3420201433256689,-0.9396926207859083,DB04
202007060300,104,20.0,0,0,0.0,1.0,DB01
202007060400,104,19.5,0,0,0.0,1.0,DB01
202007060500,104,19.5,0,0,0.0,1.0,DB02
202007060600,104,20.3,0,0,0.0,1.0,DB01
202007060700,104,23.1,0,0,-1.0,-1.8369701987210297e-16,DB02
202007060800,104,24.0,0,0,0.0,1.0,DB03
202007060900,104,24.1,0,0,-0.7660444431189779,-0.6427876096865395,DB03
202007061000,104,23.8,0,0,1.2246467991473532e-16,-1.0,DB03
202007061100,104,23.6,0,0,0.9396926207859083,0.3420201433256688,DB03
202007061200,104,25.4,0,0,-0.9396926207859084,-0.34202014332566855,DB03
202007061300,104,25.4,0,0,1.0,6.123233995736766e-17,DB02
202007061400,104,24.9,0,0,1.0,6.123233995736766e-17,DB02
202007061500,104,25.1,0,0,1.0,6.123233995736766e-17,DB02
202007061600,104,23.4,0,0,0.9396926207859084,-0.3420201433256687,DB03
202007061700,104,23.2,0,0,0.9396926207859083,0.3420201433256688,DB04
202007061800,104,22.7,0,0,0.9396926207859084,-0.3420201433256687,DB04
202007061900,104,21.8,0,0,0.0,1.0,DB01
202007062000,104,20.2,0,0,1.0,6.123233995736766e-17,DB03
202007062100,104,20.3,0,0,-1.0,-1.8369701987210297e-16,DB02
202007062200,104,20.4,0,0,-1.0,-1.8369701987210297e-16,DB04
202007062300,104,20.0,0,0,0.0,1.0,DB04
202007070000,104,19.6,0,0,0.0,1.0,DB02
202007070100,104,19.4,0,0,-1.0,-1.8369701987210297e-16,DB04
202007070200,104,19.5,0,0,-1.0,-1.8369701987210297e-16,DB04
202007070300,104,19.6,0,0,0.6427876096865395,-0.7660444431189779,DB03
202007070400,104,19.6,0,0,0.3420201433256689,-0.9396926207859083,DB03
202007070500,104,19.9,0,0,-0.9396926207859084,-0.34202014332566855,DB03
202007070600,104,20.4,0,0,0.0,1.0,DB04
202007070700,104,21.3,0,0,-1.0,-1.8369701987210297e-16,DB03
202007070800,104,22.5,0,0,-0.9396926207859084,-0.34202014332566855,DB03
202007070900,104,24.0,0,0,-0.34202014332566866,-0.9396926207859084,DB02
202007071000,104,23.9,0,0,1.0,6.123233995736766e-17,DB02
202007071100,104,24.6,0,0,1.0,6.123233995736766e-17,DB03
202007071200,104,25.3,0,0,1.0,6.123233995736766e-17,DB03
202007071300,104,24.2,0,0,1.0,6.123233995736766e-17,DB03
202007071400,104,24.9,0,0,0.9396926207859084,-0.3420201433256687,DB03
202007071500,104,25.0,0,0,0.9396926207859084,-0.3420201433256687,DB03
202007071600,104,24.9,0,0,0.9396926207859084,-0.3420201433256687,DB03
202007071700,104,24.9,0,0,0.9396926207859084,-0.3420201433256687,DB03
202007071800,104,25.4,0,0,-1.0,-1.8369701987210297e-16,DB03
202007071900,104,24.4,0,0,-1.0,-1.8369701987210297e-16,DB01
202007072000,104,22.7,0,0,-0.9396926207859084,-0.34202014332566855,DB01
202007072100,104,21.7,0,0,-1.0,-1.8369701987210297e-16,DB02
202007072200,104,21.2,0,0,0.0,1.0,DB02
202007072300,104,20.8,0,0,0.0,1.0,DB03
202007080000,104,20.0,0,0,0.0,1.0,DB01
202007080100,104,19.8,0,0,0.6427876096865395,-0.7660444431189779,DB01
202007080200,104,20.5,0,0,1.2246467991473532e-16,-1.0,DB01
202007080300,104,20.9,0,0,1.2246467991473532e-16,-1.0,DB01
202007080400,104,19.2,0,0,0.6427876096865395,-0.7660444431189779,DB02
202007080500,104,21.1,0,0,-0.34202014332566866,-0.9396926207859084,DB02
202007080600,104,20.7,0,0,0.3420201433256689,-0.9396926207859083,DB02
202007080700,104,23.4,0,0,0.0,1.0,DB02
202007080800,104,23.3,0,0,0.9396926207859083,0.3420201433256688,DB02
202007080900,104,25.6,0,0,-1.0,-1.8369701987210297e-16,DB02
202007081000,104,23.3,0,0,1.0,6.123233995736766e-17,DB03
202007081100,104,23.4,0,0,1.0,6.123233995736766e-17,DB04
202007081200,104,23.7,0,0,1.0,6.123233995736766e-17,DB03
202007081300,104,24.9,0,0,0.9396926207859084,-0.3420201433256687,DB03
202007081400,104,24.1,0,0,0.9396926207859084,-0.3420201433256687,DB03
202007081500,104,23.8,0,0,0.9396926207859084,-0.3420201433256687,DB03
202007081600,104,23.9,0,0,0.9396926207859084,-0.3420201433256687,DB02
202007081700,104,23.2,0,0,0.9396926207859084,-0.3420201433256687,DB03
202007081800,104,22.1,0,0,0.9396926207859084,-0.3420201433256687,DB03
202007081900,104,21.5,0,0,1.0,6.123233995736766e-17,DB03
202007082000,104,21.0,0,0,0.0,1.0,DB03
202007082100,104,20.9,0,0,0.9396926207859084,-0.3420201433256687,DB03
202007082200,104,20.8,0,0,-0.9396926207859084,-0.34202014332566855,DB04
202007082300,104,20.8,0,0,0.0,1.0,DB03
202007090000,104,20.7,100,1,0.0,1.0,DB04
202007090100,104,20.7,0,0,0.0,1.0,DB03
202007090200,104,20.8,0,0,0.0,1.0,DB03
202007090300,104,20.6,0,0,-1.0,-1.8369701987210297e-16,DB04
202007090400,104,20.8,0,0,-0.9396926207859084,-0.34202014332566855,DB04
202007090500,104,20.6,0,0,-1.0,-1.8369701987210297e-16,DB04
202007090600,104,20.6,0,0,-1.0,-1.8369701987210297e-16,DB03
202007090700,104,20.9,0,0,-1.0,-1.8369701987210297e-16,DB04
202007090800,104,21.2,0,0,-1.0,-1.8369701987210297e-16,DB04
202007090900,104,21.5,0,0,1.0,6.123233995736766e-17,DB04
202007091000,104,21.3,0,0,1.0,6.123233995736766e-17,DB04
202007091100,104,21.1,0,0,0.9396926207859084,-0.3420201433256687,DB04
202007091200,104,22.0,0,0,0.9396926207859084,-0.3420201433256687,DB04
202007091300,104,22.6,0,0,0.9396926207859084,-0.3420201433256687,DB04
202007091400,104,23.1,0,0,1.0,6.123233995736766e-17,DB04
202007091500,104,23.0,0,0,1.0,6.123233995736766e-17,DB04
202007091600,104,23.0,0,0,0.9396926207859084,-0.3420201433256687,DB03
202007091700,104,21.9,0,0,0.9396926207859084,-0.3420201433256687,DB04
202007091800,104,21.5,0,0,1.0,6.123233995736766e-17,DB04
202007091900,104,21.3,0,0,1.0,6.123233995736766e-17,DB04
202007092000,104,21.1,0,0,1.0,6.123233995736766e-17,DB02
202007092100,104,21.2,0,0,0.0,1.0,DB03
202007092200,104,21.1,0,0,0.0,1.0,DB02
202007092300,104,20.8,0,0,0.0,1.0,DB03
202007100000,104,20.5,0,0,0.0,1.0,DB03
202007100100,104,20.7,0,0,0.0,1.0,DB03
202007100200,104,20.7,0,0,0.0,1.0,DB03
202007100300,104,20.6,0,0,-0.7660444431189779,-0.6427876096865395,DB04
202007100400,104,20.6,0,0,-0.7660444431189779,-0.6427876096865395,DB04
202007100500,104,20.3,0,0,-0.9396926207859083,0.342020143325669,DB03
202007100600,104,20.3,0,0,-1.0,-1.8369701987210297e-16,DB04
202007100700,104,20.1,100,1,0.0,1.0,DB04
202007100800,104,20.2,100,1,-1.0,-1.8369701987210297e-16,DB04
202007100900,104,20.4,100,1,-1.0,-1.8369701987210297e-16,DB04
202007101000,104,20.1,100,1,-0.9396926207859083,0.342020143325669,DB04
202007101100,104,20.2,100,1,-0.9396926207859083,0.342020143325669,DB04
202007101200,104,20.3,100,1,-1.0,-1.8369701987210297e-16,DB04
202007101300,104,21.3,100,1,-1.0,-1.8369701987210297e-16,DB04
202007101400,104,22.4,100,1,-1.0,-1.8369701987210297e-16,DB04
202007101500,104,22.9,0,0,0.9396926207859084,-0.3420201433256687,DB04
202007101600,104,22.5,0,0,0.9396926207859084,-0.3420201433256687,DB04
202007101700,104,22.0,0,0,1.0,6.123233995736766e-17,DB04
202007101800,104,21.3,100,1,1.0,6.123233995736766e-17,DB04
202007101900,104,21.2,0,0,-0.7660444431189779,-0.6427876096865395,DB04
202007102000,104,21.1,100,1,-0.9396926207859084,-0.34202014332566855,DB04
202007102100,104,21.2,100,1,-0.9396926207859084,-0.34202014332566855,DB04
202007102200,104,21.1,100,1,-0.9396926207859083,0.342020143325669,DB04
202007102300,104,20.9,100,1,-1.0,-1.8369701987210297e-16,DB04
202007110000,104,20.7,100,1,-0.9396926207859084,-0.34202014332566855,DB04
202007110100,104,20.6,100,1,-1.0,-1.8369701987210297e-16,DB04
202007110200,104,20.4,100,1,-1.0,-1.8369701987210297e-16,DB04
202007110300,104,19.9,100,1,-1.0,-1.8369701987210297e-16,DB04
202007110400,104,19.8,100,1,-1.0,-1.8369701987210297e-16,DB04
202007110500,104,19.4,100,1,-1.0,-1.8369701987210297e-16,DB04
202007110600,104,19.1,100,1,-1.0,-1.8369701987210297e-16,DB04
202007110700,104,19.1,100,1,-1.0,-1.8369701987210297e-16,DB04
202007110800,104,18.5,100,1,-1.0,-1.8369701987210297e-16,DB04
202007110900,104,18.2,100,1,-1.0,-1.8369701987210297e-16,DB04
202007111000,104,17.7,100,1,-1.0,-1.8369701987210297e-16,DB04
202007111100,104,18.7,100,1,-1.0,-1.8369701987210297e-16,DB04
202007111200,104,19.5,0,0,-1.0,-1.8369701987210297e-16,DB04
202007111300,104,20.4,0,0,-1.0,-1.8369701987210297e-16,DB04
202007111400,104,20.4,0,0,-1.0,-1.8369701987210297e-16,DB04
202007111500,104,20.0,0,0,-1.0,-1.8369701987210297e-16,DB04
202007111600,104,19.9,0,0,-1.0,-1.8369701987210297e-16,DB04
202007111700,104,19.1,0,0,-1.0,-1.8369701987210297e-16,DB04
202007111800,104,19.1,0,0,-1.0,-1.8369701987210297e-16,DB04
202007111900,104,19.4,0,0,-0.7660444431189779,-0.6427876096865395,DB04
202007112000,104,19.3,0,0,-0.9396926207859084,-0.34202014332566855,DB04
202007112100,104,18.6,0,0,0.0,1.0,DB03
202007112200,104,18.9,0,0,-1.0,-1.8369701987210297e-16,DB04
202007112300,104,18.7,0,0,-0.9396926207859083,0.342020143325669,DB04
202007120000,104,17.8,0,0,-0.9396926207859084,-0.34202014332566855,DB04
202007120100,104,17.7,0,0,-1.0,-1.8369701987210297e-16,DB04
202007120200,104,16.8,0,0,0.0,1.0,DB04
202007120300,104,16.6,0,0,-0.34202014332566866,-0.9396926207859084,DB03
202007120400,104,15.9,0,0,0.0,1.0,DB03
202007120500,104,15.8,0,0,-1.0,-1.8369701987210297e-16,DB03
202007120600,104,16.1,0,0,0.0,1.0,DB03
202007120700,104,17.9,0,0,0.3420201433256689,-0.9396926207859083,DB02
202007120800,104,19.5,0,0,0.3420201433256689,-0.9396926207859083,DB03
202007120900,104,20.3,0,0,1.0,6.123233995736766e-17,DB04
202007121000,104,20.6,0,0,1.0,6.123233995736766e-17,DB04
202007121100,104,20.3,0,0,1.0,6.123233995736766e-17,DB04
202007121200,104,20.6,0,0,0.9396926207859083,0.3420201433256688,DB04
202007121300,104,20.3,0,0,1.0,6.123233995736766e-17,DB04
202007121400,104,20.2,0,0,0.9396926207859084,-0.3420201433256687,DB04
202007121500,104,20.1,0,0,0.9396926207859084,-0.3420201433256687,DB04
202007121600,104,20.1,0,0,0.9396926207859084,-0.3420201433256687,DB04
202007121700,104,19.5,0,0,0.9396926207859084,-0.3420201433256687,DB04
202007121800,104,19.3,0,0,0.9396926207859084,-0.3420201433256687,DB04
202007121900,104,19.0,0,0,0.9396926207859084,-0.3420201433256687,DB04
202007122000,104,18.5,0,0,0.6427876096865395,-0.7660444431189779,DB04
202007122100,104,18.3,0,0,0.0,1.0,DB04
202007122200,104,18.3,100,1,0.0,1.0,DB04
202007122300,104,17.9,100,1,0.0,1.0,DB04
202007130000,104,17.6,100,1,0.0,1.0,DB04
202007130100,104,17.5,0,0,0.0,1.0,DB04
202007130200,104,17.4,0,0,-1.0,-1.8369701987210297e-16,DB04
202007130300,104,17.4,0,0,0.0,1.0,DB04
202007130400,104,17.3,100,1,0.0,1.0,DB04
202007130500,104,17.4,100,1,1.2246467991473532e-16,-1.0,DB04
202007130600,104,17.3,100,1,0.6427876096865395,-0.7660444431189779,DB04
202007130700,104,17.2,100,1,0.6427876096865395,-0.7660444431189779,DB04
202007130800,104,17.7,100,1,0.9396926207859084,-0.3420201433256687,DB04
202007130900,104,17.7,100,1,0.9396926207859084,-0.3420201433256687,DB04
202007131000,104,17.7,100,1,0.6427876096865395,-0.7660444431189779,DB04
202007131100,104,18.2,100,1,1.0,6.123233995736766e-17,DB04
202007131200,104,18.3,100,1,0.9396926207859084,-0.3420201433256687,DB04
202007131300,104,18.6,100,1,0.9396926207859084,-0.3420201433256687,DB04
202007131400,104,17.5,100,1,1.0,6.123233995736766e-17,DB04
202007131500,104,17.4,100,1,1.0,6.123233995736766e-17,DB04
202007131600,104,17.9,100,1,1.0,6.123233995736766e-17,DB04
202007131700,104,17.9,100,1,0.9396926207859084,-0.3420201433256687,DB04
202007131800,104,18.2,100,1,1.0,6.123233995736766e-17,DB04
202007131900,104,17.7,100,1,0.0,1.0,DB04
202007132000,104,17.9,100,1,1.0,6.123233995736766e-17,DB04
202007132100,104,18.3,100,1,1.0,6.123233995736766e-17,DB04
202007132200,104,18.4,100,1,1.0,6.123233995736766e-17,DB04
202007132300,104,18.3,0,0,1.0,6.123233995736766e-17,DB04
202007140000,104,17.9,100,1,1.0,6.123233995736766e-17,DB04
202007140100,104,17.8,100,1,1.0,6.123233995736766e-17,DB04
202007140200,104,17.6,100,1,0.3420201433256689,-0.9396926207859083,DB04
202007140300,104,17.4,100,1,-1.0,-1.8369701987210297e-16,DB04
202007140400,104,17.1,100,1,-1.0,-1.8369701987210297e-16,DB04
202007140500,104,17.4,100,1,0.3420201433256689,-0.9396926207859083,DB04
202007140600,104,17.3,100,1,1.2246467991473532e-16,-1.0,DB04
202007140700,104,16.7,100,1,-0.7660444431189779,-0.6427876096865395,DB04
202007140800,104,16.6,100,1,-0.34202014332566866,-0.9396926207859084,DB04
202007140900,104,16.9,100,1,-1.0,-1.8369701987210297e-16,DB04
202007141000,104,16.3,100,1,-1.0,-1.8369701987210297e-16,DB04
202007141100,104,16.9,100,1,-1.0,-1.8369701987210297e-16,DB04
202007141200,104,17.3,100,1,-0.9396926207859083,0.342020143325669,DB04
202007141300,104,17.8,100,1,-1.0,-1.8369701987210297e-16,DB04
202007141400,104,18.5,100,1,-0.7660444431189779,-0.6427876096865395,DB04
202007141500,104,19.0,0,0,0.3420201433256689,-0.9396926207859083,DB04
202007141600,104,19.0,0,0,1.2246467991473532e-16,-1.0,DB04
202007141700,104,19.0,0,0,0.3420201433256689,-0.9396926207859083,DB04
202007141800,104,18.7,0,0,-0.34202014332566866,-0.9396926207859084,DB04
202007141900,104,18.5,0,0,-0.7660444431189779,-0.6427876096865395,DB04
202007142000,104,18.3,0,0,-1.0,-1.8369701987210297e-16,DB02
202007142100,104,17.6,0,0,-0.9396926207859083,0.342020143325669,DB03
202007142200,104,17.5,0,0,-1.0,-1.8369701987210297e-16,DB02
202007142300,104,17.5,0,0,-1.0,-1.8369701987210297e-16,DB03
202007150000,104,17.5,0,0,-0.9396926207859083,0.342020143325669,DB04
202007150100,104,17.5,0,0,-0.9396926207859083,0.342020143325669,DB01
202007150200,104,17.5,0,0,-0.9396926207859083,0.342020143325669,DB04
202007150300,104,17.6,0,0,-0.9396926207859083,0.342020143325669,DB04
202007150400,104,17.4,0,0,-0.9396926207859083,0.342020143325669,DB04
202007150500,104,17.5,0,0,-0.9396926207859083,0.342020143325669,DB04
202007150600,104,17.6,0,0,-1.0,-1.8369701987210297e-16,DB04
202007150700,104,17.1,0,0,-1.0,-1.8369701987210297e-16,DB04
202007150800,104,17.4,100,1,-1.0,-1.8369701987210297e-16,DB04
202007150900,104,18.3,0,0,-1.0,-1.8369701987210297e-16,DB04
202007151000,104,19.1,0,0,-1.0,-1.8369701987210297e-16,DB04
202007151100,104,18.6,0,0,-0.34202014332566866,-0.9396926207859084,DB04
202007151200,104,19.1,0,0,-0.34202014332566866,-0.9396926207859084,DB04
202007151300,104,19.9,0,0,1.0,6.123233995736766e-17,DB04
202007151400,104,20.6,0,0,1.0,6.123233995736766e-17,DB03
202007151500,104,20.5,0,0,1.0,6.123233995736766e-17,DB02
202007151600,104,20.5,0,0,1.0,6.123233995736766e-17,DB01
202007151700,104,20.9,0,0,0.9396926207859084,-0.3420201433256687,DB02
202007151800,104,20.3,0,0,0.9396926207859084,-0.3420201433256687,DB02
202007151900,104,19.1,0,0,0.9396926207859084,-0.3420201433256687,DB01
202007152000,104,17.1,0,0,0.3420201433256689,-0.9396926207859083,DB01
202007152100,104,16.3,0,0,0.0,1.0,DB02
202007152200,104,15.9,0,0,0.0,1.0,DB01
202007152300,104,15.6,0,0,0.0,1.0,DB01
202007160000,104,15.1,0,0,-0.9396926207859084,-0.34202014332566855,DB02
202007160100,104,14.9,0,0,0.3420201433256689,-0.9396926207859083,DB02
202007160200,104,14.4,0,0,0.6427876096865395,-0.7660444431189779,DB01
202007160300,104,15.7,0,0,1.2246467991473532e-16,-1.0,DB01
202007160400,104,14.5,0,0,0.9396926207859084,-0.3420201433256687,DB01
202007160500,104,14.0,0,0,0.3420201433256689,-0.9396926207859083,DB01
202007160600,104,15.1,0,0,0.3420201433256689,-0.9396926207859083,DB01
202007160700,104,18.5,0,0,0.0,1.0,DB01
202007160800,104,19.9,0,0,1.0,6.123233995736766e-17,DB01
202007160900,104,21.4,0,0,0.9396926207859084,-0.3420201433256687,DB01
202007161000,104,22.5,0,0,0.9396926207859084,-0.3420201433256687,DB01
202007161100,104,23.4,0,0,1.0,6.123233995736766e-17,DB01
202007161200,104,23.9,0,0,0.9396926207859084,-0.3420201433256687,DB01
202007161300,104,24.0,0,0,0.9396926207859084,-0.3420201433256687,DB01
202007161400,104,24.0,0,0,0.9396926207859084,-0.3420201433256687,DB01
202007161500,104,24.0,0,0,0.9396926207859084,-0.3420201433256687,DB01
202007161600,104,22.8,0,0,0.9396926207859084,-0.3420201433256687,DB02
202007161700,104,22.6,0,0,0.9396926207859084,-0.3420201433256687,DB02
202007161800,104,22.2,0,0,1.0,6.123233995736766e-17,DB02
202007161900,104,21.5,0,0,-1.0,-1.8369701987210297e-16,DB01
202007162000,104,19.9,0,0,-1.0,-1.8369701987210297e-16,DB02
202007162100,104,19.0,0,0,-1.0,-1.8369701987210297e-16,DB01
202007162200,104,18.1,0,0,0.0,1.0,DB01
202007162300,104,17.5,0,0,0.6427876096865395,-0.7660444431189779,DB01
202007170000,104,17.5,0,0,0.0,1.0,DB01
202007170100,104,17.0,0,0,0.0,1.0,DB01
202007170200,104,16.8,0,0,-1.0,-1.8369701987210297e-16,DB01
202007170300,104,16.5,0,0,0.3420201433256689,-0.9396926207859083,DB01
202007170400,104,15.9,0,0,0.6427876096865395,-0.7660444431189779,DB01
202007170500,104,16.1,0,0,0.0,1.0,DB01
202007170600,104,16.4,0,0,0.3420201433256689,-0.9396926207859083,DB01
202007170700,104,19.1,0,0,0.0,1.0,DB01
202007170800,104,21.0,0,0,0.3420201433256689,-0.9396926207859083,DB01
202007170900,104,22.8,0,0,0.3420201433256689,-0.9396926207859083,DB01
202007171000,104,22.7,0,0,0.9396926207859084,-0.3420201433256687,DB01
202007171100,104,23.0,0,0,1.0,6.123233995736766e-17,DB01
202007171200,104,23.8,0,0,0.9396926207859084,-0.3420201433256687,DB01
202007171300,104,24.3,0,0,0.9396926207859084,-0.3420201433256687,DB01
202007171400,104,24.4,0,0,0.9396926207859084,-0.3420201433256687,DB01
202007171500,104,24.3,0,0,0.9396926207859084,-0.3420201433256687,DB01
202007171600,104,24.1,0,0,0.9396926207859084,-0.3420201433256687,DB01
202007171700,104,23.4,0,0,0.9396926207859084,-0.3420201433256687,DB01
202007171800,104,22.8,0,0,0.9396926207859084,-0.3420201433256687,DB01
202007171900,104,21.6,0,0,1.0,6.123233995736766e-17,DB01
202007172000,104,20.3,0,0,-1.0,-1.8369701987210297e-16,DB01
202007172100,104,19.2,0,0,0.0,1.0,DB01
202007172200,104,18.7,0,0,0.0,1.0,DB01
202007172300,104,18.3,0,0,-1.0,-1.8369701987210297e-16,DB01
202007180000,104,17.8,0,0,0.0,1.0,DB01
202007180100,104,17.6,0,0,0.0,1.0,DB02
202007180200,104,16.9,0,0,0.0,1.0,DB02
202007180300,104,16.7,0,0,0.0,1.0,DB02
202007180400,104,17.4,0,0,0.0,1.0,DB03
202007180500,104,18.1,0,0,-0.9396926207859084,-0.34202014332566855,DB03
202007180600,104,18.5,0,0,-0.9396926207859084,-0.34202014332566855,DB03
202007180700,104,18.9,0,0,-0.9396926207859084,-0.34202014332566855,DB04
202007180800,104,19.1,0,0,0.0,1.0,DB04
202007180900,104,20.4,0,0,-0.9396926207859084,-0.34202014332566855,DB03
202007181000,104,22.1,0,0,0.9396926207859084,-0.3420201433256687,DB03
202007181100,104,22.3,0,0,1.0,6.123233995736766e-17,DB03
202007181200,104,22.5,0,0,0.9396926207859084,-0.3420201433256687,DB03
202007181300,104,23.2,0,0,0.9396926207859084,-0.3420201433256687,DB03
202007181400,104,23.0,0,0,0.9396926207859084,-0.3420201433256687,DB03
202007181500,104,22.3,0,0,0.9396926207859084,-0.3420201433256687,DB03
202007181600,104,21.6,0,0,0.9396926207859084,-0.3420201433256687,DB04
202007181700,104,21.3,0,0,1.0,6.123233995736766e-17,DB04
202007181800,104,21.6,0,0,-1.0,-1.8369701987210297e-16,DB03
202007181900,104,20.5,0,0,1.0,6.123233995736766e-17,DB03
202007182000,104,19.4,0,0,0.0,1.0,DB01
202007182100,104,18.9,0,0,0.0,1.0,DB01
202007182200,104,18.5,0,0,0.0,1.0,DB02
202007182300,104,18.0,0,0,-1.0,-1.8369701987210297e-16,DB02
202007190000,104,17.8,0,0,0.0,1.0,DB03
202007190100,104,18.4,0,0,0.0,1.0,DB03
202007190200,104,18.5,0,0,0.0,1.0,DB03
202007190300,104,18.5,0,0,0.0,1.0,DB03
202007190400,104,18.1,0,0,-0.9396926207859084,-0.34202014332566855,DB04
202007190500,104,18.4,0,0,0.0,1.0,DB03
202007190600,104,18.2,0,0,-0.9396926207859084,-0.34202014332566855,DB03
202007190700,104,19.5,0,0,0.0,1.0,DB03
202007190800,104,20.5,0,0,0.3420201433256689,-0.9396926207859083,DB03
202007190900,104,20.7,0,0,1.0,6.123233995736766e-17,DB04
202007191000,104,21.0,0,0,0.9396926207859084,-0.3420201433256687,DB04
202007191100,104,20.6,0,0,0.9396926207859084,-0.3420201433256687,DB04
202007191200,104,21.3,0,0,0.6427876096865395,-0.7660444431189779,DB04
202007191300,104,23.0,0,0,-1.0,-1.8369701987210297e-16,DB04
202007191400,104,23.7,0,0,-0.9396926207859084,-0.34202014332566855,DB04
202007191500,104,23.3,0,0,1.0,6.123233995736766e-17,DB04
202007191600,104,23.9,0,0,1.2246467991473532e-16,-1.0,DB03
202007191700,104,22.6,0,0,1.0,6.123233995736766e-17,DB04
202007191800,104,22.5,0,0,1.0,6.123233995736766e-17,DB04
202007191900,104,22.4,0,0,-1.0,-1.8369701987210297e-16,DB04
202007192000,104,21.8,0,0,0.3420201433256689,-0.9396926207859083,DB04
202007192100,104,21.2,0,0,0.0,1.0,DB04
202007192200,104,21.4,0,0,0.0,1.0,DB04
202007192300,104,21.3,0,0,-0.9396926207859084,-0.34202014332566855,DB04
202007200000,104,21.4,0,0,0.0,1.0,DB04
202007200100,104,21.2,0,0,-1.0,-1.8369701987210297e-16,DB04
202007200200,104,22.5,0,0,0.6427876096865395,-0.7660444431189779,DB04
202007200300,104,22.0,0,0,-1.0,-1.8369701987210297e-16,DB04
202007200400,104,22.3,0,0,0.0,1.0,DB04
202007200500,104,25.3,0,0,0.6427876096865395,-0.7660444431189779,DB04
202007200600,104,25.4,0,0,0.9396926207859084,-0.3420201433256687,DB04
202007200700,104,25.3,0,0,0.0,1.0,DB04
202007200800,104,25.2,100,1,0.6427876096865395,-0.7660444431189779,DB04
202007200900,104,26.3,0,0,0.0,1.0,DB04
202007201000,104,26.0,100,1,0.6427876096865395,-0.7660444431189779,DB04
202007201100,104,28.5,0,0,-0.7660444431189779,-0.6427876096865395,DB04
202007201200,104,28.4,0,0,-0.7660444431189779,-0.6427876096865395,DB04
202007201300,104,28.6,0,0,-0.34202014332566866,-0.9396926207859084,DB04
202007201400,104,28.3,0,0,0.3420201433256689,-0.9396926207859083,DB04
202007201500,104,27.8,0,0,0.3420201433256689,-0.9396926207859083,DB04
202007201600,104,29.0,0,0,-0.9396926207859084,-0.34202014332566855,DB03
202007201700,104,28.1,0,0,-0.9396926207859084,-0.34202014332566855,DB03
202007201800,104,27.4,0,0,-0.7660444431189779,-0.6427876096865395,DB03
202007201900,104,26.4,0,0,-0.9396926207859084,-0.34202014332566855,DB03
202007202000,104,26.3,0,0,-0.9396926207859084,-0.34202014332566855,DB04
202007202100,104,25.9,0,0,-0.9396926207859084,-0.34202014332566855,DB03
202007202200,104,25.0,0,0,-0.9396926207859084,-0.34202014332566855,DB03
202007202300,104,25.0,0,0,-0.9396926207859084,-0.34202014332566855,DB02
202007210000,104,25.4,0,0,-0.9396926207859084,-0.34202014332566855,DB02
202007210100,104,24.4,0,0,-0.9396926207859084,-0.34202014332566855,DB03
202007210200,104,24.2,0,0,0.3420201433256689,-0.9396926207859083,DB03
202007210300,104,25.2,0,0,-0.9396926207859084,-0.34202014332566855,DB03
202007210400,104,23.7,0,0,1.2246467991473532e-16,-1.0,DB03
202007210500,104,24.2,0,0,-0.7660444431189779,-0.6427876096865395,DB03
202007210600,104,24.0,0,0,-0.7660444431189779,-0.6427876096865395,DB02
202007210700,104,24.3,0,0,0.3420201433256689,-0.9396926207859083,DB01
202007210800,104,26.5,0,0,0.3420201433256689,-0.9396926207859083,DB01
202007210900,104,26.8,0,0,0.3420201433256689,-0.9396926207859083,DB02
202007211000,104,26.9,0,0,0.9396926207859084,-0.3420201433256687,DB02
202007211100,104,26.3,0,0,0.9396926207859084,-0.3420201433256687,DB01
202007211200,104,27.1,0,0,0.9396926207859084,-0.3420201433256687,DB02
202007211300,104,27.0,0,0,0.9396926207859084,-0.3420201433256687,DB01
202007211400,104,28.2,0,0,0.9396926207859084,-0.3420201433256687,DB02
202007211500,104,28.5,0,0,0.9396926207859084,-0.3420201433256687,DB02
202007211600,104,27.0,0,0,0.9396926207859084,-0.3420201433256687,DB02
202007211700,104,26.0,0,0,0.9396926207859084,-0.3420201433256687,DB03
202007211800,104,25.9,0,0,0.6427876096865395,-0.7660444431189779,DB03
202007211900,104,24.7,0,0,0.6427876096865395,-0.7660444431189779,DB03
202007212000,104,23.8,0,0,-0.9396926207859084,-0.34202014332566855,DB04
202007212100,104,23.4,0,0,0.0,1.0,DB04
202007212200,104,22.2,0,0,0.0,1.0,DB04
202007212300,104,22.1,0,0,0.0,1.0,DB04
202007220000,104,21.7,0,0,0.3420201433256689,-0.9396926207859083,DB03
202007220100,104,22.0,0,0,1.2246467991473532e-16,-1.0,DB03
202007220200,104,22.4,0,0,0.3420201433256689,-0.9396926207859083,DB03
202007220300,104,20.8,0,0,1.2246467991473532e-16,-1.0,DB02
202007220400,104,20.7,0,0,-1.0,-1.8369701987210297e-16,DB03
202007220500,104,20.7,0,0,-1.0,-1.8369701987210297e-16,DB04
202007220600,104,21.3,0,0,-0.9396926207859083,0.342020143325669,DB04
202007220700,104,22.1,0,0,-1.0,-1.8369701987210297e-16,DB04
202007220800,104,22.6,0,0,0.6427876096865395,-0.7660444431189779,DB04
202007220900,104,23.2,0,0,1.0,6.123233995736766e-17,DB04
202007221000,104,23.7,0,0,1.0,6.123233995736766e-17,DB04
202007221100,104,24.0,0,0,1.0,6.123233995736766e-17,DB04
202007221200,104,25.4,0,0,1.0,6.123233995736766e-17,DB04
202007221300,104,25.3,0,0,0.3420201433256689,-0.9396926207859083,DB04
202007221400,104,24.2,0,0,1.0,6.123233995736766e-17,DB04
202007221500,104,24.3,0,0,0.3420201433256689,-0.9396926207859083,DB04
202007221600,104,24.5,0,0,0.0,1.0,DB04
202007221700,104,24.1,0,0,0.9396926207859083,0.3420201433256688,DB04
202007221800,104,23.6,0,0,0.0,1.0,DB04
202007221900,104,23.3,0,0,-1.0,-1.8369701987210297e-16,DB04
202007222000,104,22.5,0,0,0.3420201433256689,-0.9396926207859083,DB04
202007222100,104,21.7,0,0,0.0,1.0,DB04
202007222200,104,21.2,0,0,0.0,1.0,DB04
202007222300,104,21.0,0,0,0.0,1.0,DB04
202007230000,104,20.6,0,0,0.0,1.0,DB04
202007230100,104,20.5,0,0,-1.0,-1.8369701987210297e-16,DB03
202007230200,104,20.1,0,0,0.0,1.0,DB04
202007230300,104,20.0,0,0,0.6427876096865395,-0.7660444431189779,DB04
202007230400,104,19.9,0,0,0.0,1.0,DB03
202007230500,104,19.8,0,0,0.0,1.0,DB04
202007230600,104,20.0,0,0,-0.9396926207859083,0.342020143325669,DB04
202007230700,104,20.4,0,0,-1.0,-1.8369701987210297e-16,DB04
202007230800,104,20.9,0,0,-1.0,-1.8369701987210297e-16,DB04
202007230900,104,21.8,0,0,-0.9396926207859084,-0.34202014332566855,DB04
202007231000,104,22.4,0,0,0.9396926207859084,-0.3420201433256687,DB04
202007231100,104,22.3,0,0,0.9396926207859084,-0.3420201433256687,DB04
202007231200,104,22.4,0,0,0.9396926207859084,-0.3420201433256687,DB04
202007231300,104,22.0,0,0,0.9396926207859084,-0.3420201433256687,DB04
202007231400,104,21.1,100,1,0.9396926207859084,-0.3420201433256687,DB04
202007231500,104,20.6,100,1,0.9396926207859084,-0.3420201433256687,DB04
202007231600,104,20.3,100,1,0.9396926207859084,-0.3420201433256687,DB04
202007231700,104,20.2,100,1,0.9396926207859084,-0.3420201433256687,DB04
202007231800,104,20.3,100,1,0.9396926207859084,-0.3420201433256687,DB04
202007231900,104,20.0,100,1,0.6427876096865395,-0.7660444431189779,DB04
202007232000,104,19.1,100,1,0.3420201433256689,-0.9396926207859083,DB04
202007232100,104,18.9,100,1,0.0,1.0,DB04
202007232200,104,19.0,100,1,0.0,1.0,DB04
202007232300,104,18.9,100,1,-1.0,-1.8369701987210297e-16,DB04
202007240000,104,18.8,100,1,-0.7660444431189779,-0.6427876096865395,DB04
202007240100,104,19.2,100,1,-0.34202014332566866,-0.9396926207859084,DB04
202007240200,104,19.3,100,1,1.0,6.123233995736766e-17,DB04
202007240300,104,18.7,100,1,0.9396926207859084,-0.3420201433256687,DB04
202007240400,104,18.2,100,1,0.6427876096865395,-0.7660444431189779,DB04
202007240500,104,18.2,100,1,1.0,6.123233995736766e-17,DB04
202007240600,104,18.0,100,1,0.9396926207859084,-0.3420201433256687,DB04
202007240700,104,18.2,100,1,-0.7660444431189779,-0.6427876096865395,DB04
202007240800,104,18.3,100,1,-0.7660444431189779,-0.6427876096865395,DB04
202007240900,104,18.7,100,1,-1.0,-1.8369701987210297e-16,DB04
202007241000,104,19.7,100,1,0.9396926207859084,-0.3420201433256687,DB04
202007241100,104,19.7,100,1,1.0,6.123233995736766e-17,DB04
202007241200,104,20.4,100,1,0.9396926207859084,-0.3420201433256687,DB04
202007241300,104,20.6,100,1,1.0,6.123233995736766e-17,DB04
202007241400,104,20.7,100,1,1.0,6.123233995736766e-17,DB04
202007241500,104,20.6,0,0,0.9396926207859084,-0.3420201433256687,DB04
202007241600,104,20.4,100,1,1.0,6.123233995736766e-17,DB04
202007241700,104,20.2,100,1,1.0,6.123233995736766e-17,DB04
202007241800,104,20.2,100,1,1.0,6.123233995736766e-17,DB04
202007241900,104,20.1,100,1,1.0,6.123233995736766e-17,DB04
202007242000,104,19.9,100,1,1.0,6.123233995736766e-17,DB04
202007242100,104,20.0,100,1,0.6427876096865395,-0.7660444431189779,DB04
202007242200,104,19.9,100,1,-0.9396926207859084,-0.34202014332566855,DB04
202007242300,104,20.1,100,1,1.2246467991473532e-16,-1.0,DB04
202007250000,104,20.1,100,1,1.0,6.123233995736766e-17,DB04
202007250100,104,20.1,100,1,0.9396926207859084,-0.3420201433256687,DB04
202007250200,104,20.1,0,0,1.0,6.123233995736766e-17,DB04
202007250300,104,20.0,100,1,-0.9396926207859083,0.342020143325669,DB04
202007250400,104,20.0,100,1,-0.9396926207859083,0.342020143325669,DB04
202007250500,104,20.0,100,1,-0.9396926207859084,-0.34202014332566855,DB04
202007250600,104,20.2,100,1,1.0,6.123233995736766e-17,DB04
202007250700,104,20.4,100,1,0.9396926207859084,-0.3420201433256687,DB04
202007250800,104,20.4,100,1,1.0,6.123233995736766e-17,DB04
202007250900,104,20.2,100,1,1.2246467991473532e-16,-1.0,DB04
202007251000,104,20.2,100,1,0.3420201433256689,-0.9396926207859083,DB04
202007251100,104,19.9,100,1,1.2246467991473532e-16,-1.0,DB04
202007251200,104,20.2,100,1,-0.34202014332566866,-0.9396926207859084,DB04
202007251300,104,20.3,100,1,-0.7660444431189779,-0.6427876096865395,DB04
202007251400,104,20.3,100,1,1.2246467991473532e-16,-1.0,DB04
202007251500,104,20.1,100,1,-0.7660444431189779,-0.6427876096865395,DB04
202007251600,104,20.3,100,1,-0.34202014332566866,-0.9396926207859084,DB04
202007251700,104,20.1,100,1,1.0,6.123233995736766e-17,DB04
202007251800,104,20.2,100,1,1.2246467991473532e-16,-1.0,DB04
202007251900,104,20.1,100,1,0.6427876096865395,-0.7660444431189779,DB04
202007252000,104,19.9,100,1,1.2246467991473532e-16,-1.0,DB04
202007252100,104,19.9,100,1,-1.0,-1.8369701987210297e-16,DB04
202007252200,104,19.7,100,1,-0.7660444431189779,-0.6427876096865395,DB04
202007252300,104,19.6,100,1,-0.9396926207859084,-0.34202014332566855,DB04
202007260000,104,19.5,100,1,-0.9396926207859083,0.342020143325669,DB04
202007260100,104,19.3,100,1,-1.0,-1.8369701987210297e-16,DB04
202007260200,104,19.2,100,1,-1.0,-1.8369701987210297e-16,DB04
202007260300,104,19.1,100,1,-1.0,-1.8369701987210297e-16,DB04
202007260400,104,19.0,0,0,-1.0,-1.8369701987210297e-16,DB04
202007260500,104,18.7,0,0,-1.0,-1.8369701987210297e-16,DB04
202007260600,104,19.1,0,0,0.6427876096865395,-0.7660444431189779,DB04
202007260700,104,19.5,0,0,0.6427876096865395,-0.7660444431189779,DB04
202007260800,104,20.3,0,0,-0.34202014332566866,-0.9396926207859084,DB04
202007260900,104,21.6,0,0,-0.7660444431189779,-0.6427876096865395,DB04
202007261000,104,21.8,0,0,1.0,6.123233995736766e-17,DB04
202007261100,104,22.8,0,0,1.0,6.123233995736766e-17,DB04
202007261200,104,22.5,0,0,0.6427876096865395,-0.7660444431189779,DB03
202007261300,104,23.1,0,0,0.6427876096865395,-0.7660444431189779,DB03
202007261400,104,22.4,0,0,-0.34202014332566866,-0.9396926207859084,DB03
202007261500,104,21.3,0,0,-0.34202014332566866,-0.9396926207859084,DB04
202007261600,104,20.5,0,0,-0.9396926207859084,-0.34202014332566855,DB04
202007261700,104,20.2,0,0,-1.0,-1.8369701987210297e-16,DB04
202007261800,104,20.0,100,1,-1.0,-1.8369701987210297e-16,DB04
202007261900,104,19.8,0,0,-0.9396926207859084,-0.34202014332566855,DB04
202007262000,104,19.7,0,0,-1.0,-1.8369701987210297e-16,DB03
202007262100,104,19.6,0,0,-1.0,-1.8369701987210297e-16,DB04
202007262200,104,19.6,0,0,-1.0,-1.8369701987210297e-16,DB04
202007262300,104,19.6,0,0,-0.9396926207859084,-0.34202014332566855,DB04
202007270000,104,19.6,0,0,-0.7660444431189779,-0.6427876096865395,DB03
202007270100,104,19.6,0,0,-1.0,-1.8369701987210297e-16,DB04
202007270200,104,19.6,0,0,0.0,1.0,DB04
202007270300,104,19.6,0,0,0.0,1.0,DB04
202007270400,104,19.6,100,1,-1.0,-1.8369701987210297e-16,DB04
202007270500,104,19.5,0,0,-1.0,-1.8369701987210297e-16,DB04
202007270600,104,19.5,100,1,0.0,1.0,DB04
202007270700,104,19.6,100,1,0.0,1.0,DB04
202007270800,104,19.9,0,0,-0.9396926207859084,-0.34202014332566855,DB04
202007270900,104,19.8,100,1,1.0,6.123233995736766e-17,DB04
202007271000,104,19.7,100,1,1.2246467991473532e-16,-1.0,DB04
202007271100,104,20.2,0,0,-0.7660444431189779,-0.6427876096865395,DB04
202007271200,104,20.0,0,0,-0.9396926207859084,-0.34202014332566855,DB04
202007271300,104,20.2,100,1,-0.9396926207859084,-0.34202014332566855,DB04
202007271400,104,20.6,100,1,-0.7660444431189779,-0.6427876096865395,DB04
202007271500,104,20.8,100,1,0.9396926207859084,-0.3420201433256687,DB04
202007271600,104,21.3,0,0,1.0,6.123233995736766e-17,DB04
202007271700,104,20.5,0,0,1.0,6.123233995736766e-17,DB04
202007271800,104,20.2,0,0,1.0,6.123233995736766e-17,DB04
202007271900,104,19.7,0,0,0.9396926207859083,0.3420201433256688,DB04
202007272000,104,19.6,0,0,0.3420201433256689,-0.9396926207859083,DB04
202007272100,104,19.5,0,0,-0.7660444431189779,-0.6427876096865395,DB04
202007272200,104,19.5,0,0,-0.9396926207859083,0.342020143325669,DB04
202007272300,104,19.5,0,0,-1.0,-1.8369701987210297e-16,DB04
202007280000,104,19.5,100,1,-0.9396926207859083,0.342020143325669,DB04
202007280100,104,19.6,100,1,-0.9396926207859083,0.342020143325669,DB04
202007280200,104,19.6,100,1,-0.9396926207859083,0.342020143325669,DB04
202007280300,104,19.6,0,0,-1.0,-1.8369701987210297e-16,DB04
202007280400,104,19.6,0,0,-1.0,-1.8369701987210297e-16,DB04
202007280500,104,19.7,0,0,-1.0,-1.8369701987210297e-16,DB04
202007280600,104,19.7,0,0,-0.9396926207859084,-0.34202014332566855,DB04
202007280700,104,19.8,0,0,-0.9396926207859084,-0.34202014332566855,DB04
202007280800,104,20.0,100,1,0.3420201433256689,-0.9396926207859083,DB04
202007280900,104,20.6,0,0,-0.9396926207859084,-0.34202014332566855,DB04
202007281000,104,20.5,0,0,1.0,6.123233995736766e-17,DB04
202007281100,104,21.2,0,0,1.0,6.123233995736766e-17,DB04
202007281200,104,20.5,100,1,1.0,6.123233995736766e-17,DB04
202007281300,104,20.6,100,1,1.0,6.123233995736766e-17,DB04
202007281400,104,20.5,0,0,0.3420201433256689,-0.9396926207859083,DB04
202007281500,104,21.6,0,0,-0.9396926207859084,-0.34202014332566855,DB04
202007281600,104,21.6,0,0,0.0,1.0,DB04
202007281700,104,21.7,0,0,0.0,1.0,DB04
202007281800,104,21.3,0,0,0.0,1.0,DB04
202007281900,104,21.2,0,0,0.0,1.0,DB04
202007282000,104,20.2,0,0,0.9396926207859083,0.3420201433256688,DB04
202007282100,104,20.1,0,0,0.0,1.0,DB04
202007282200,104,20.1,100,1,0.0,1.0,DB04
202007282300,104,20.1,0,0,0.0,1.0,DB04
202007290000,104,20.0,0,0,0.0,1.0,DB04
202007290100,104,20.1,100,1,0.0,1.0,DB04
202007290200,104,20.0,100,1,0.0,1.0,DB04
202007290300,104,20.0,100,1,0.0,1.0,DB04
202007290400,104,19.9,100,1,0.9396926207859084,-0.3420201433256687,DB04
202007290500,104,19.9,100,1,0.0,1.0,DB04
202007290600,104,19.9,100,1,0.0,1.0,DB04
202007290700,104,19.9,100,1,-0.9396926207859084,-0.34202014332566855,DB04
202007290800,104,20.0,100,1,0.0,1.0,DB04
202007290900,104,20.1,100,1,0.0,1.0,DB04
202007291000,104,20.3,100,1,-0.9396926207859084,-0.34202014332566855,DB04
202007291100,104,21.1,0,0,0.6427876096865395,-0.7660444431189779,DB04
202007291200,104,22.0,0,0,-0.9396926207859084,-0.34202014332566855,DB04
202007291300,104,21.5,0,0,1.0,6.123233995736766e-17,DB04
202007291400,104,21.9,0,0,1.0,6.123233995736766e-17,DB04
202007291500,104,21.8,0,0,1.0,6.123233995736766e-17,DB04
202007291600,104,22.0,0,0,1.0,6.123233995736766e-17,DB04
202007291700,104,22.0,0,0,-1.0,-1.8369701987210297e-16,DB04
202007291800,104,21.3,0,0,1.0,6.123233995736766e-17,DB04
202007291900,104,20.9,0,0,0.9396926207859084,-0.3420201433256687,DB04
202007292000,104,20.8,0,0,0.9396926207859084,-0.3420201433256687,DB04
202007292100,104,20.8,0,0,0.9396926207859084,-0.3420201433256687,DB04
202007292200,104,20.9,0,0,0.0,1.0,DB04
202007292300,104,20.8,0,0,0.3420201433256689,-0.9396926207859083,DB04
202007300000,104,20.8,0,0,0.0,1.0,DB04
202007300100,104,20.6,0,0,0.0,1.0,DB04
202007300200,104,20.7,0,0,-0.9396926207859083,0.342020143325669,DB04
202007300300,104,20.5,100,1,-0.9396926207859084,-0.34202014332566855,DB04
202007300400,104,20.4,100,1,0.0,1.0,DB04
202007300500,104,20.4,0,0,0.0,1.0,DB04
202007300600,104,20.5,0,0,-1.0,-1.8369701987210297e-16,DB04
202007300700,104,20.6,0,0,-1.0,-1.8369701987210297e-16,DB04
202007300800,104,20.7,0,0,0.0,1.0,DB04
202007300900,104,20.8,0,0,-0.7660444431189779,-0.6427876096865395,DB04
202007301000,104,21.0,0,0,-0.9396926207859084,-0.34202014332566855,DB04
202007301100,104,21.6,0,0,0.0,1.0,DB04
202007301200,104,21.2,0,0,1.0,6.123233995736766e-17,DB04
202007301300,104,21.9,0,0,0.9396926207859084,-0.3420201433256687,DB04
202007301400,104,22.4,0,0,0.9396926207859084,-0.3420201433256687,DB04
202007301500,104,23.3,0,0,0.9396926207859084,-0.3420201433256687,DB04
202007301600,104,23.3,0,0,0.9396926207859084,-0.3420201433256687,DB03
202007301700,104,23.0,0,0,1.0,6.123233995736766e-17,DB04
202007301800,104,22.2,0,0,0.9396926207859084,-0.3420201433256687,DB04
202007301900,104,21.6,0,0,0.0,1.0,DB03
202007302000,104,20.9,0,0,0.0,1.0,DB03
202007302100,104,20.6,0,0,0.0,1.0,DB03
202007302200,104,20.4,0,0,-1.0,-1.8369701987210297e-16,DB02
202007302300,104,21.6,0,0,0.3420201433256689,-0.9396926207859083,DB01
202007310000,104,21.3,0,0,1.2246467991473532e-16,-1.0,DB01
202007310100,104,24.6,0,0,-0.9396926207859084,-0.34202014332566855,DB01
202007310200,104,24.4,0,0,-0.7660444431189779,-0.6427876096865395,DB01
202007310300,104,23.2,0,0,1.2246467991473532e-16,-1.0,DB01
202007310400,104,23.4,0,0,1.2246467991473532e-16,-1.0,DB01
202007310500,104,21.6,0,0,0.3420201433256689,-0.9396926207859083,DB01
202007310600,104,22.5,0,0,0.3420201433256689,-0.9396926207859083,DB01
202007310700,104,24.5,0,0,1.2246467991473532e-16,-1.0,DB01
202007310800,104,26.3,0,0,0.3420201433256689,-0.9396926207859083,DB01
202007310900,104,28.1,0,0,0.3420201433256689,-0.9396926207859083,DB01
202007311000,104,29.8,0,0,0.3420201433256689,-0.9396926207859083,DB01
202007311100,104,31.3,0,0,0.3420201433256689,-0.9396926207859083,DB01
202007311200,104,31.5,0,0,1.0,6.123233995736766e-17,DB01
202007311300,104,30.7,0,0,1.0,6.123233995736766e-17,DB02
202007311400,104,30.3,0,0,0.9396926207859084,-0.3420201433256687,DB03
202007311500,104,30.0,0,0,0.9396926207859084,-0.3420201433256687,DB03
202007311600,104,30.7,0,0,0.9396926207859084,-0.3420201433256687,DB03
202007311700,104,28.7,0,0,0.9396926207859084,-0.3420201433256687,DB03
202007311800,104,27.8,0,0,0.3420201433256689,-0.9396926207859083,DB03
202007311900,104,26.9,0,0,-0.34202014332566866,-0.9396926207859084,DB04
202007312000,104,27.1,0,0,-0.34202014332566866,-0.9396926207859084,DB03
202007312100,104,25.5,0,0,0.3420201433256689,-0.9396926207859083,DB03
202007312200,104,25.9,0,0,-0.34202014332566866,-0.9396926207859084,DB03
202007312300,104,25.1,0,0,0.3420201433256689,-0.9396926207859083,DB04
202008010000,104,26.4,0,0,-0.7660444431189779,-0.6427876096865395,DB03
202008010100,104,25.7,0,0,1.2246467991473532e-16,-1.0,DB04
202008010200,104,26.4,0,0,-0.7660444431189779,-0.6427876096865395,DB04
202008010300,104,26.3,0,0,1.2246467991473532e-16,-1.0,DB03
202008010400,104,25.7,0,0,0.3420201433256689,-0.9396926207859083,DB03
202008010500,104,25.1,100,1,-0.7660444431189779,-0.6427876096865395,DB04
202008010600,104,23.8,100,1,1.2246467991473532e-16,-1.0,DB04
202008010700,104,25.5,0,0,0.3420201433256689,-0.9396926207859083,DB03
202008010800,104,27.8,0,0,0.6427876096865395,-0.7660444431189779,DB03
202008010900,104,28.0,0,0,0.6427876096865395,-0.7660444431189779,DB03
202008011000,104,27.6,0,0,0.3420201433256689,-0.9396926207859083,DB04
202008011100,104,26.7,0,0,0.3420201433256689,-0.9396926207859083,DB04
202008011200,104,28.3,0,0,0.3420201433256689,-0.9396926207859083,DB04
202008011300,104,29.0,0,0,0.3420201433256689,-0.9396926207859083,DB04
202008011400,104,28.9,0,0,0.6427876096865395,-0.7660444431189779,DB04
202008011500,104,28.6,0,0,0.0,1.0,DB04
202008011600,104,26.9,0,0,0.0,1.0,DB04
202008011700,104,25.9,100,1,-0.9396926207859083,0.342020143325669,DB04
202008011800,104,25.0,100,1,-1.0,-1.8369701987210297e-16,DB04
202008011900,104,24.4,100,1,0.0,1.0,DB04
202008012000,104,24.2,0,0,1.2246467991473532e-16,-1.0,DB04
202008012100,104,23.9,100,1,-0.34202014332566866,-0.9396926207859084,DB04
202008012200,104,23.7,100,1,0.3420201433256689,-0.9396926207859083,DB04
202008012300,104,23.8,0,0,0.3420201433256689,-0.9396926207859083,DB04
202008020000,104,22.8,0,0,0.0,1.0,DB04
202008020100,104,24.0,0,0,0.3420201433256689,-0.9396926207859083,DB03
202008020200,104,23.3,0,0,0.0,1.0,DB02
202008020300,104,23.0,100,1,0.9396926207859084,-0.3420201433256687,DB04
202008020400,104,22.7,100,1,0.3420201433256689,-0.9396926207859083,DB04
202008020500,104,22.9,100,1,0.3420201433256689,-0.9396926207859083,DB04
202008020600,104,22.7,0,0,0.3420201433256689,-0.9396926207859083,DB03
202008020700,104,24.2,0,0,1.2246467991473532e-16,-1.0,DB02
202008020800,104,26.2,0,0,0.6427876096865395,-0.7660444431189779,DB02
202008020900,104,29.2,0,0,1.2246467991473532e-16,-1.0,DB02
202008021000,104,30.7,0,0,-0.34202014332566866,-0.9396926207859084,DB02
202008021100,104,30.9,0,0,-0.9396926207859084,-0.34202014332566855,DB03
202008021200,104,30.0,0,0,0.3420201433256689,-0.9396926207859083,DB03
202008021300,104,27.5,0,0,0.3420201433256689,-0.9396926207859083,DB03
202008021400,104,26.2,0,0,1.2246467991473532e-16,-1.0,DB03
202008021500,104,25.7,0,0,-1.0,-1.8369701987210297e-16,DB04
202008021600,104,25.7,0,0,1.0,6.123233995736766e-17,DB04
202008021700,104,25.6,0,0,0.9396926207859084,-0.3420201433256687,DB04
202008021800,104,24.5,0,0,-0.7660444431189779,-0.6427876096865395,DB04
202008021900,104,24.4,0,0,-0.9396926207859084,-0.34202014332566855,DB04
202008022000,104,24.7,0,0,0.9396926207859084,-0.3420201433256687,DB04
202008022100,104,25.6,0,0,-0.9396926207859084,-0.34202014332566855,DB04
202008022200,104,25.5,0,0,-0.34202014332566866,-0.9396926207859084,DB04
202008022300,104,24.4,0,0,0.0,1.0,DB04
202008030000,104,24.7,0,0,0.3420201433256689,-0.9396926207859083,DB04
202008030100,104,25.4,0,0,-0.9396926207859083,0.342020143325669,DB04
202008030200,104,28.1,0,0,-0.9396926207859084,-0.34202014332566855,DB04
202008030300,104,27.6,0,0,0.3420201433256689,-0.9396926207859083,DB04
202008030400,104,28.4,0,0,-0.7660444431189779,-0.6427876096865395,DB04
202008030500,104,28.3,0,0,-0.34202014332566866,-0.9396926207859084,DB04
202008030600,104,27.4,0,0,-0.9396926207859084,-0.34202014332566855,DB04
202008030700,104,28.5,0,0,-0.7660444431189779,-0.6427876096865395,DB04
202008030800,104,27.8,0,0,-0.7660444431189779,-0.6427876096865395,DB04
202008030900,104,25.5,100,1,-0.9396926207859084,-0.34202014332566855,DB04
202008031000,104,25.8,100,1,0.6427876096865395,-0.7660444431189779,DB04
202008031100,104,26.0,0,0,0.9396926207859084,-0.3420201433256687,DB04
202008031200,104,24.1,100,1,-0.34202014332566866,-0.9396926207859084,DB04
202008031300,104,23.5,100,1,-0.7660444431189779,-0.6427876096865395,DB04
202008031400,104,23.0,100,1,0.3420201433256689,-0.9396926207859083,DB04
202008031500,104,22.2,100,1,1.2246467991473532e-16,-1.0,DB04
202008031600,104,23.2,100,1,-0.7660444431189779,-0.6427876096865395,DB04
202008031700,104,24.8,100,1,0.3420201433256689,-0.9396926207859083,DB04
202008031800,104,25.7,0,0,1.2246467991473532e-16,-1.0,DB04
202008031900,104,27.1,0,0,-0.7660444431189779,-0.6427876096865395,DB04
202008032000,104,27.4,0,0,-0.34202014332566866,-0.9396926207859084,DB04
202008032100,104,27.8,0,0,-0.7660444431189779,-0.6427876096865395,DB04
202008032200,104,27.8,0,0,-0.7660444431189779,-0.6427876096865395,DB04
202008032300,104,25.5,100,1,-0.7660444431189779,-0.6427876096865395,DB04
202008040000,104,24.7,100,1,-0.7660444431189779,-0.6427876096865395,DB04
202008040100,104,24.3,0,0,1.2246467991473532e-16,-1.0,DB04
202008040200,104,25.9,0,0,0.3420201433256689,-0.9396926207859083,DB04
202008040300,104,26.7,0,0,0.3420201433256689,-0.9396926207859083,DB04
202008040400,104,26.1,0,0,0.3420201433256689,-0.9396926207859083,DB04
202008040500,104,27.2,0,0,-0.7660444431189779,-0.6427876096865395,DB04
202008040600,104,27.6,0,0,-0.7660444431189779,-0.6427876096865395,DB04
202008040700,104,28.4,0,0,-0.7660444431189779,-0.6427876096865395,DB04
202008040800,104,28.5,0,0,-0.34202014332566866,-0.9396926207859084,DB04
202008040900,104,28.1,0,0,-0.7660444431189779,-0.6427876096865395,DB04
202008041000,104,28.5,0,0,-0.7660444431189779,-0.6427876096865395,DB04
202008041100,104,25.6,0,0,-1.0,-1.8369701987210297e-16,DB04
202008041200,104,23.3,100,1,0.0,1.0,DB04
202008041300,104,22.5,100,1,0.9396926207859084,-0.3420201433256687,DB04
202008041400,104,22.3,100,1,1.0,6.123233995736766e-17,DB04
202008041500,104,23.5,100,1,0.6427876096865395,-0.7660444431189779,DB04
202008041600,104,22.9,100,1,0.6427876096865395,-0.7660444431189779,DB04
202008041700,104,23.6,100,1,0.9396926207859084,-0.3420201433256687,DB04
202008041800,104,22.9,0,0,0.9396926207859084,-0.3420201433256687,DB04
202008041900,104,22.7,0,0,0.0,1.0,DB04
202008042000,104,22.6,100,1,0.0,1.0,DB04
202008042100,104,22.7,100,1,0.3420201433256689,-0.9396926207859083,DB04
202008042200,104,22.9,0,0,0.6427876096865395,-0.7660444431189779,DB04
202008042300,104,23.2,100,1,0.6427876096865395,-0.7660444431189779,DB04
202008050000,104,23.4,0,0,0.6427876096865395,-0.7660444431189779,DB04
202008050100,104,23.6,100,1,-1.0,-1.8369701987210297e-16,DB04
202008050200,104,23.0,100,1,0.3420201433256689,-0.9396926207859083,DB04
202008050300,104,22.9,100,1,0.3420201433256689,-0.9396926207859083,DB04
202008050400,104,22.9,0,0,0.6427876096865395,-0.7660444431189779,DB04
202008050500,104,22.8,0,0,0.3420201433256689,-0.9396926207859083,DB04
202008050600,104,22.8,0,0,0.6427876096865395,-0.7660444431189779,DB04
202008050700,104,23.0,0,0,-1.0,-1.8369701987210297e-16,DB04
202008050800,104,21.3,0,0,-1.0,-1.8369701987210297e-16,DB04
202008050900,104,21.1,0,0,-1.0,-1.8369701987210297e-16,DB04
202008051000,104,21.1,100,1,0.9396926207859084,-0.3420201433256687,DB04
202008051100,104,20.9,100,1,0.3420201433256689,-0.9396926207859083,DB04
202008051200,104,20.9,100,1,-1.0,-1.8369701987210297e-16,DB04
202008051300,104,21.1,100,1,-0.9396926207859084,-0.34202014332566855,DB04
202008051400,104,21.2,100,1,-1.0,-1.8369701987210297e-16,DB04
202008051500,104,21.4,100,1,0.0,1.0,DB04
202008051600,104,21.5,0,0,0.6427876096865395,-0.7660444431189779,DB04
202008051700,104,21.6,100,1,1.0,6.123233995736766e-17,DB04
202008051800,104,21.4,100,1,0.6427876096865395,-0.7660444431189779,DB04
202008051900,104,21.4,0,0,0.6427876096865395,-0.7660444431189779,DB04
202008052000,104,21.8,0,0,0.0,1.0,DB04
202008052100,104,21.6,0,0,-0.9396926207859084,-0.34202014332566855,DB04
202008052200,104,21.3,0,0,0.0,1.0,DB04
202008052300,104,21.1,0,0,-1.0,-1.8369701987210297e-16,DB04
202008060000,104,20.9,0,0,-1.0,-1.8369701987210297e-16,DB04
202008060100,104,21.1,0,0,0.9396926207859084,-0.3420201433256687,DB04
202008060200,104,21.2,0,0,0.0,1.0,DB04
202008060300,104,21.3,0,0,0.0,1.0,DB04
202008060400,104,21.7,0,0,-0.7660444431189779,-0.6427876096865395,DB04
202008060500,104,22.5,100,1,0.6427876096865395,-0.7660444431189779,DB04
202008060600,104,23.4,100,1,0.6427876096865395,-0.7660444431189779,DB04
202008060700,104,23.5,100,1,0.9396926207859084,-0.3420201433256687,DB04
202008060800,104,23.3,100,1,0.9396926207859084,-0.3420201433256687,DB04
202008060900,104,23.8,100,1,0.9396926207859084,-0.3420201433256687,DB04
202008061000,104,24.8,100,1,0.3420201433256689,-0.9396926207859083,DB04
202008061100,104,26.8,0,0,-0.34202014332566866,-0.9396926207859084,DB04
202008061200,104,26.6,100,1,-0.9396926207859084,-0.34202014332566855,DB04
202008061300,104,23.1,0,0,-0.34202014332566866,-0.9396926207859084,DB04
202008061400,104,21.9,0,0,-0.9396926207859084,-0.34202014332566855,DB04
202008061500,104,22.8,0,0,-1.0,-1.8369701987210297e-16,DB04
202008061600,104,22.7,0,0,-1.0,-1.8369701987210297e-16,DB04
202008061700,104,23.9,0,0,0.0,1.0,DB04
202008061800,104,22.8,0,0,0.3420201433256689,-0.9396926207859083,DB03
202008061900,104,22.5,0,0,0.3420201433256689,-0.9396926207859083,DB03
202008062000,104,21.6,0,0,0.6427876096865395,-0.7660444431189779,DB03
202008062100,104,21.4,0,0,0.3420201433256689,-0.9396926207859083,DB04
202008062200,104,21.2,0,0,0.0,1.0,DB04
202008062300,104,21.1,0,0,0.3420201433256689,-0.9396926207859083,DB03
202008070000,104,23.4,0,0,0.3420201433256689,-0.9396926207859083,DB04
202008070100,104,23.8,0,0,1.2246467991473532e-16,-1.0,DB04
202008070200,104,23.8,0,0,-0.34202014332566866,-0.9396926207859084,DB04
202008070300,104,25.3,0,0,-0.9396926207859084,-0.34202014332566855,DB04
202008070400,104,22.3,0,0,0.3420201433256689,-0.9396926207859083,DB04
202008070500,104,22.2,0,0,0.3420201433256689,-0.9396926207859083,DB04
202008070600,104,23.7,0,0,0.3420201433256689,-0.9396926207859083,DB04
202008070700,104,24.3,0,0,1.2246467991473532e-16,-1.0,DB04
202008070800,104,24.7,0,0,1.2246467991473532e-16,-1.0,DB04
202008070900,104,24.4,0,0,0.3420201433256689,-0.9396926207859083,DB04
202008071000,104,25.8,0,0,1.2246467991473532e-16,-1.0,DB04
202008071100,104,26.2,0,0,1.2246467991473532e-16,-1.0,DB04
202008071200,104,26.7,0,0,0.3420201433256689,-0.9396926207859083,DB04
202008071300,104,27.6,0,0,-0.34202014332566866,-0.9396926207859084,DB04
202008071400,104,27.2,0,0,0.9396926207859084,-0.3420201433256687,DB04
202008071500,104,26.3,0,0,0.6427876096865395,-0.7660444431189779,DB04
202008071600,104,24.9,0,0,-0.9396926207859084,-0.34202014332566855,DB04
202008071700,104,24.0,0,0,-1.0,-1.8369701987210297e-16,DB04
202008071800,104,23.3,0,0,0.0,1.0,DB04
202008071900,104,22.7,0,0,0.3420201433256689,-0.9396926207859083,DB04
202008072000,104,22.2,0,0,-0.34202014332566866,-0.9396926207859084,DB04
202008072100,104,21.9,0,0,0.0,1.0,DB04
202008072200,104,21.8,0,0,0.0,1.0,DB04
202008072300,104,21.1,0,0,0.0,1.0,DB03
202008080000,104,21.1,0,0,-0.9396926207859084,-0.34202014332566855,DB03
202008080100,104,20.7,0,0,0.9396926207859084,-0.3420201433256687,DB03
202008080200,104,20.4,0,0,0.0,1.0,DB03
202008080300,104,20.5,0,0,-1.0,-1.8369701987210297e-16,DB03
202008080400,104,20.5,0,0,-1.0,-1.8369701987210297e-16,DB04
202008080500,104,20.6,0,0,-1.0,-1.8369701987210297e-16,DB04
202008080600,104,20.7,0,0,-0.34202014332566866,-0.9396926207859084,DB04
202008080700,104,20.8,100,1,-1.0,-1.8369701987210297e-16,DB04
202008080800,104,20.8,100,1,1.2246467991473532e-16,-1.0,DB04
202008080900,104,20.8,0,0,-0.7660444431189779,-0.6427876096865395,DB04
202008081000,104,20.8,100,1,-0.7660444431189779,-0.6427876096865395,DB04
202008081100,104,21.1,100,1,1.2246467991473532e-16,-1.0,DB04
202008081200,104,21.5,0,0,-0.9396926207859083,0.342020143325669,DB04
202008081300,104,21.7,0,0,-1.0,-1.8369701987210297e-16,DB04
202008081400,104,21.4,100,1,-1.0,-1.8369701987210297e-16,DB04
202008081500,104,21.3,100,1,1.0,6.123233995736766e-17,DB04
202008081600,104,21.0,100,1,0.0,1.0,DB04
202008081700,104,21.2,100,1,1.2246467991473532e-16,-1.0,DB04
202008081800,104,21.0,0,0,0.0,1.0,DB04
202008081900,104,21.1,0,0,0.0,1.0,DB04
202008082000,104,21.0,0,0,0.0,1.0,DB03
202008082100,104,20.9,0,0,0.0,1.0,DB04
202008082200,104,20.9,100,1,0.6427876096865395,-0.7660444431189779,DB04
202008082300,104,20.7,100,1,0.0,1.0,DB04
202008090000,104,20.6,100,1,0.6427876096865395,-0.7660444431189779,DB04
202008090100,104,20.5,100,1,0.9396926207859084,-0.3420201433256687,DB04
202008090200,104,20.4,0,0,0.0,1.0,DB04
202008090300,104,20.3,100,1,0.9396926207859084,-0.3420201433256687,DB04
202008090400,104,20.2,100,1,0.0,1.0,DB04
202008090500,104,20.2,0,0,-0.34202014332566866,-0.9396926207859084,DB04
202008090600,104,20.3,0,0,0.3420201433256689,-0.9396926207859083,DB04
202008090700,104,20.3,0,0,0.0,1.0,DB04
202008090800,104,20.1,100,1,0.9396926207859084,-0.3420201433256687,DB04
202008090900,104,20.4,100,1,0.0,1.0,DB04
202008091000,104,20.4,100,1,0.0,1.0,DB04
202008091100,104,20.8,100,1,-1.0,-1.8369701987210297e-16,DB04
202008091200,104,22.9,100,1,1.2246467991473532e-16,-1.0,DB04
202008091300,104,26.9,0,0,-0.7660444431189779,-0.6427876096865395,DB04
202008091400,104,27.4,0,0,-0.7660444431189779,-0.6427876096865395,DB04
202008091500,104,25.8,0,0,0.3420201433256689,-0.9396926207859083,DB04
202008091600,104,26.4,0,0,0.6427876096865395,-0.7660444431189779,DB04
202008091700,104,25.0,0,0,0.9396926207859084,-0.3420201433256687,DB04
202008091800,104,24.3,0,0,-1.0,-1.8369701987210297e-16,DB04
202008091900,104,24.2,0,0,-0.7660444431189779,-0.6427876096865395,DB04
202008092000,104,23.7,0,0,0.0,1.0,DB04
202008092100,104,24.0,0,0,0.3420201433256689,-0.9396926207859083,DB03
202008092200,104,23.2,0,0,0.3420201433256689,-0.9396926207859083,DB04
202008092300,104,23.3,0,0,1.2246467991473532e-16,-1.0,DB03
202008100000,104,24.9,0,0,-0.34202014332566866,-0.9396926207859084,DB03
202008100100,104,27.3,0,0,-0.7660444431189779,-0.6427876096865395,DB03
202008100200,104,25.3,0,0,-0.9396926207859084,-0.34202014332566855,DB03
202008100300,104,24.8,0,0,0.9396926207859084,-0.3420201433256687,DB03
202008100400,104,27.9,0,0,-0.7660444431189779,-0.6427876096865395,DB02
202008100500,104,28.3,0,0,-0.9396926207859084,-0.34202014332566855,DB02
202008100600,104,28.8,0,0,-0.7660444431189779,-0.6427876096865395,DB03
202008100700,104,28.8,0,0,-0.7660444431189779,-0.6427876096865395,DB03
202008100800,104,28.5,0,0,-0.9396926207859084,-0.34202014332566855,DB03
202008100900,104,28.3,0,0,0.3420201433256689,-0.9396926207859083,DB04
202008101000,104,28.6,0,0,0.3420201433256689,-0.9396926207859083,DB04
202008101100,104,27.6,0,0,0.6427876096865395,-0.7660444431189779,DB04
202008101200,104,25.2,100,1,0.6427876096865395,-0.7660444431189779,DB04
202008101300,104,26.1,100,1,0.6427876096865395,-0.7660444431189779,DB04
202008101400,104,27.7,0,0,0.3420201433256689,-0.9396926207859083,DB04
202008101500,104,27.5,0,0,0.0,1.0,DB04
202008101600,104,25.9,100,1,-0.7660444431189779,-0.6427876096865395,DB04
202008101700,104,22.9,100,1,-1.0,-1.8369701987210297e-16,DB04
202008101800,104,22.9,100,1,-0.9396926207859083,0.342020143325669,DB04
202008101900,104,22.9,100,1,-0.7660444431189779,-0.6427876096865395,DB04
202008102000,104,22.7,100,1,0.3420201433256689,-0.9396926207859083,DB04
202008102100,104,22.6,100,1,-1.0,-1.8369701987210297e-16,DB04
202008102200,104,22.8,0,0,0.0,1.0,DB04
202008102300,104,22.8,0,0,0.3420201433256689,-0.9396926207859083,DB04
202008110000,104,24.1,0,0,1.2246467991473532e-16,-1.0,DB04
202008110100,104,24.0,100,1,0.6427876096865395,-0.7660444431189779,DB04
202008110200,104,23.5,100,1,0.6427876096865395,-0.7660444431189779,DB04
202008110300,104,22.7,100,1,0.0,1.0,DB04
202008110400,104,22.7,100,1,-1.0,-1.8369701987210297e-16,DB04
202008110500,104,22.5,0,0,-0.34202014332566866,-0.9396926207859084,DB04
202008110600,104,22.4,0,0,-1.0,-1.8369701987210297e-16,DB03
202008110700,104,22.2,0,0,-0.9396926207859084,-0.34202014332566855,DB03
202008110800,104,21.1,100,1,-0.34202014332566866,-0.9396926207859084,DB04
202008110900,104,21.3,100,1,0.0,1.0,DB04
202008111000,104,21.6,0,0,0.6427876096865395,-0.7660444431189779,DB04
202008111100,104,21.6,100,1,0.6427876096865395,-0.7660444431189779,DB04
202008111200,104,21.8,100,1,0.3420201433256689,-0.9396926207859083,DB04
202008111300,104,22.5,100,1,0.6427876096865395,-0.7660444431189779,DB04
202008111400,104,25.0,0,0,0.9396926207859084,-0.3420201433256687,DB04
202008111500,104,27.0,0,0,0.6427876096865395,-0.7660444431189779,DB04
202008111600,104,28.7,0,0,0.3420201433256689,-0.9396926207859083,DB04
202008111700,104,29.7,0,0,-0.7660444431189779,-0.6427876096865395,DB02
202008111800,104,28.8,0,0,-0.7660444431189779,-0.6427876096865395,DB02
202008111900,104,26.2,0,0,0.3420201433256689,-0.9396926207859083,DB02
202008112000,104,24.5,0,0,-0.7660444431189779,-0.6427876096865395,DB01
202008112100,104,26.5,0,0,1.2246467991473532e-16,-1.0,DB01
202008112200,104,26.5,0,0,-0.7660444431189779,-0.6427876096865395,DB01
202008112300,104,25.4,0,0,1.0,6.123233995736766e-17,DB01
202008120000,104,24.4,0,0,0.3420201433256689,-0.9396926207859083,DB01
202008120100,104,22.6,0,0,0.0,1.0,DB01
202008120200,104,22.6,0,0,-1.0,-1.8369701987210297e-16,DB03
202008120300,104,23.6,0,0,-1.0,-1.8369701987210297e-16,DB03
202008120400,104,23.0,0,0,-0.34202014332566866,-0.9396926207859084,DB03
202008120500,104,23.2,0,0,-0.34202014332566866,-0.9396926207859084,DB03
202008120600,104,22.0,0,0,0.0,1.0,DB03
202008120700,104,26.4,0,0,-0.34202014332566866,-0.9396926207859084,DB03
202008120800,104,25.8,0,0,0.6427876096865395,-0.7660444431189779,DB03
202008120900,104,27.9,0,0,-0.9396926207859084,-0.34202014332566855,DB03
202008121000,104,29.3,0,0,1.0,6.123233995736766e-17,DB03
202008121100,104,29.5,0,0,0.9396926207859084,-0.3420201433256687,DB03
202008121200,104,29.2,0,0,0.9396926207859084,-0.3420201433256687,DB03
202008121300,104,29.5,0,0,0.9396926207859084,-0.3420201433256687,DB03
202008121400,104,28.9,0,0,0.9396926207859084,-0.3420201433256687,DB04
202008121500,104,32.0,0,0,-0.9396926207859084,-0.34202014332566855,DB03
202008121600,104,31.6,0,0,0.9396926207859084,-0.3420201433256687,DB03
202008121700,104,31.3,0,0,1.0,6.123233995736766e-17,DB03
202008121800,104,29.6,0,0,0.0,1.0,DB03
202008121900,104,27.1,0,0,0.0,1.0,DB03
202008122000,104,29.9,0,0,-1.0,-1.8369701987210297e-16,DB03
202008122100,104,29.3,0,0,-0.9396926207859084,-0.34202014332566855,DB03
202008122200,104,25.3,0,0,1.0,6.123233995736766e-17,DB03
202008122300,104,24.9,0,0,0.0,1.0,DB02
202008130000,104,25.0,0,0,0.0,1.0,DB02
202008130100,104,25.1,0,0,1.2246467991473532e-16,-1.0,DB02
202008130200,104,24.1,0,0,0.0,1.0,DB03
202008130300,104,24.1,0,0,0.3420201433256689,-0.9396926207859083,DB01
202008130400,104,24.9,0,0,-0.34202014332566866,-0.9396926207859084,DB02
202008130500,104,26.0,0,0,1.2246467991473532e-16,-1.0,DB03
202008130600,104,27.0,0,0,1.2246467991473532e-16,-1.0,DB03
202008130700,104,26.8,0,0,0.3420201433256689,-0.9396926207859083,DB03
202008130800,104,28.1,0,0,0.3420201433256689,-0.9396926207859083,DB03
202008130900,104,28.2,0,0,0.3420201433256689,-0.9396926207859083,DB03
202008131000,104,30.8,0,0,-0.9396926207859084,-0.34202014332566855,DB03
202008131100,104,32.8,0,0,-0.9396926207859084,-0.34202014332566855,DB02
202008131200,104,33.2,0,0,-0.9396926207859084,-0.34202014332566855,DB02
202008131300,104,33.3,0,0,-1.0,-1.8369701987210297e-16,DB03
202008131400,104,33.7,0,0,-1.0,-1.8369701987210297e-16,DB03
202008131500,104,31.4,0,0,0.9396926207859084,-0.3420201433256687,DB04
202008131600,104,31.4,0,0,-0.9396926207859084,-0.34202014332566855,DB03
202008131700,104,30.2,0,0,-0.7660444431189779,-0.6427876096865395,DB04
202008131800,104,29.4,0,0,0.3420201433256689,-0.9396926207859083,DB04
202008131900,104,28.6,0,0,0.3420201433256689,-0.9396926207859083,DB03
202008132000,104,27.3,0,0,1.2246467991473532e-16,-1.0,DB02
202008132100,104,29.2,0,0,0.3420201433256689,-0.9396926207859083,DB03
202008132200,104,30.3,0,0,1.2246467991473532e-16,-1.0,DB04
202008132300,104,30.1,0,0,-0.34202014332566866,-0.9396926207859084,DB03
202008140000,104,29.8,0,0,-0.7660444431189779,-0.6427876096865395,DB03
202008140100,104,29.4,0,0,-0.34202014332566866,-0.9396926207859084,DB03
202008140200,104,28.5,0,0,-0.7660444431189779,-0.6427876096865395,DB03
202008140300,104,30.0,0,0,-0.34202014332566866,-0.9396926207859084,DB04
202008140400,104,29.8,0,0,-0.7660444431189779,-0.6427876096865395,DB04
202008140500,104,30.1,0,0,-0.9396926207859084,-0.34202014332566855,DB04
202008140600,104,29.6,0,0,-0.7660444431189779,-0.6427876096865395,DB04
202008140700,104,29.9,0,0,-0.7660444431189779,-0.6427876096865395,DB04
202008140800,104,29.4,0,0,0.3420201433256689,-0.9396926207859083,DB04
202008140900,104,29.8,0,0,-0.34202014332566866,-0.9396926207859084,DB04
202008141000,104,31.8,0,0,-0.7660444431189779,-0.6427876096865395,DB04
202008141100,104,30.8,0,0,-0.9396926207859084,-0.34202014332566855,DB04
202008141200,104,32.1,0,0,-0.34202014332566866,-0.9396926207859084,DB04
202008141300,104,33.3,0,0,-0.9396926207859084,-0.34202014332566855,DB03
202008141400,104,32.3,0,0,-0.34202014332566866,-0.9396926207859084,DB03
202008141500,104,31.0,0,0,-0.7660444431189779,-0.6427876096865395,DB04
202008141600,104,29.9,0,0,1.2246467991473532e-16,-1.0,DB04
202008141700,104,30.4,0,0,1.2246467991473532e-16,-1.0,DB03
202008141800,104,29.3,0,0,0.3420201433256689,-0.9396926207859083,DB03
202008141900,104,29.1,0,0,1.2246467991473532e-16,-1.0,DB03
202008142000,104,29.8,0,0,1.2246467991473532e-16,-1.0,DB04
202008142100,104,29.9,0,0,-0.7660444431189779,-0.6427876096865395,DB02
202008142200,104,30.3,0,0,-0.7660444431189779,-0.6427876096865395,DB02
202008142300,104,30.4,0,0,-0.9396926207859084,-0.34202014332566855,DB03
202008150000,104,29.6,0,0,-0.9396926207859084,-0.34202014332566855,DB03
202008150100,104,29.8,0,0,-0.9396926207859084,-0.34202014332566855,DB03
202008150200,104,28.5,0,0,-0.9396926207859084,-0.34202014332566855,DB04
202008150300,104,26.4,100,1,0.3420201433256689,-0.9396926207859083,DB04
202008150400,104,25.9,0,0,0.3420201433256689,-0.9396926207859083,DB04
202008150500,104,25.2,0,0,-0.9396926207859083,0.342020143325669,DB04
202008150600,104,24.4,100,1,0.3420201433256689,-0.9396926207859083,DB04
202008150700,104,24.7,100,1,1.2246467991473532e-16,-1.0,DB04
202008150800,104,24.8,100,1,0.3420201433256689,-0.9396926207859083,DB04
202008150900,104,24.7,100,1,-1.0,-1.8369701987210297e-16,DB04
202008151000,104,24.6,100,1,0.3420201433256689,-0.9396926207859083,DB04
202008151100,104,24.9,100,1,0.3420201433256689,-0.9396926207859083,DB04
202008151200,104,24.4,100,1,-0.34202014332566866,-0.9396926207859084,DB04
202008151300,104,24.6,100,1,0.3420201433256689,-0.9396926207859083,DB04
202008151400,104,25.8,0,0,0.3420201433256689,-0.9396926207859083,DB04
202008151500,104,26.1,0,0,0.3420201433256689,-0.9396926207859083,DB04
202008151600,104,25.7,100,1,0.3420201433256689,-0.9396926207859083,DB04
202008151700,104,26.4,0,0,-0.7660444431189779,-0.6427876096865395,DB04
202008151800,104,27.3,0,0,-0.34202014332566866,-0.9396926207859084,DB04
202008151900,104,25.6,0,0,0.3420201433256689,-0.9396926207859083,DB04
202008152000,104,25.1,0,0,0.6427876096865395,-0.7660444431189779,DB04
202008152100,104,24.1,0,0,0.3420201433256689,-0.9396926207859083,DB03
202008152200,104,25.6,0,0,0.3420201433256689,-0.9396926207859083,DB03
202008152300,104,27.7,0,0,-0.34202014332566866,-0.9396926207859084,DB03
202008160000,104,28.0,0,0,-0.7660444431189779,-0.6427876096865395,DB04
202008160100,104,28.0,0,0,-0.7660444431189779,-0.6427876096865395,DB03
202008160200,104,28.4,0,0,-0.9396926207859084,-0.34202014332566855,DB03
202008160300,104,28.6,0,0,-0.7660444431189779,-0.6427876096865395,DB04
202008160400,104,29.1,0,0,1.2246467991473532e-16,-1.0,DB04
202008160500,104,29.3,0,0,-0.9396926207859084,-0.34202014332566855,DB04
202008160600,104,28.8,0,0,-0.9396926207859084,-0.34202014332566855,DB04
202008160700,104,29.0,0,0,-0.9396926207859084,-0.34202014332566855,DB04
202008160800,104,27.8,0,0,-0.7660444431189779,-0.6427876096865395,DB03
202008160900,104,27.7,0,0,-0.7660444431189779,-0.6427876096865395,DB04
202008161000,104,27.7,0,0,-0.34202014332566866,-0.9396926207859084,DB03
202008161100,104,28.0,0,0,-0.34202014332566866,-0.9396926207859084,DB03
202008161200,104,28.6,0,0,0.0,1.0,DB03
202008161300,104,28.5,0,0,-1.0,-1.8369701987210297e-16,DB03
202008161400,104,28.8,0,0,-1.0,-1.8369701987210297e-16,DB04
202008161500,104,28.9,0,0,-0.7660444431189779,-0.6427876096865395,DB03
202008161600,104,28.7,0,0,1.0,6.123233995736766e-17,DB03
202008161700,104,28.4,0,0,-1.0,-1.8369701987210297e-16,DB04
202008161800,104,27.8,0,0,-1.0,-1.8369701987210297e-16,DB04
202008161900,104,27.9,0,0,1.2246467991473532e-16,-1.0,DB03
202008162000,104,27.6,0,0,1.2246467991473532e-16,-1.0,DB04
202008162100,104,28.9,0,0,-0.9396926207859084,-0.34202014332566855,DB04
202008162200,104,27.4,0,0,0.6427876096865395,-0.7660444431189779,DB04
202008162300,104,27.5,0,0,0.3420201433256689,-0.9396926207859083,DB03
202008170000,104,28.8,0,0,-0.7660444431189779,-0.6427876096865395,DB02
202008170100,104,28.2,0,0,-0.34202014332566866,-0.9396926207859084,DB04
202008170200,104,28.5,0,0,-0.9396926207859084,-0.34202014332566855,DB02
202008170300,104,27.9,0,0,-0.7660444431189779,-0.6427876096865395,DB02
202008170400,104,28.0,0,0,-0.9396926207859084,-0.34202014332566855,DB03
202008170500,104,27.9,0,0,-0.9396926207859084,-0.34202014332566855,DB03
202008170600,104,27.9,0,0,-0.9396926207859084,-0.34202014332566855,DB03
202008170700,104,28.6,0,0,-0.9396926207859084,-0.34202014332566855,DB02
202008170800,104,28.3,0,0,0.9396926207859084,-0.3420201433256687,DB02
202008170900,104,29.8,0,0,0.9396926207859084,-0.3420201433256687,DB03
202008171000,104,30.1,0,0,1.2246467991473532e-16,-1.0,DB03
202008171100,104,31.2,0,0,-0.34202014332566866,-0.9396926207859084,DB03
202008171200,104,31.5,0,0,1.0,6.123233995736766e-17,DB03
202008171300,104,31.4,0,0,1.0,6.123233995736766e-17,DB02
202008171400,104,31.0,0,0,1.0,6.123233995736766e-17,DB02
202008171500,104,30.7,0,0,0.9396926207859084,-0.3420201433256687,DB03
202008171600,104,30.2,0,0,0.9396926207859084,-0.3420201433256687,DB03
202008171700,104,30.6,0,0,0.9396926207859084,-0.3420201433256687,DB03
202008171800,104,28.9,0,0,0.9396926207859084,-0.3420201433256687,DB02
202008171900,104,27.5,0,0,-1.0,-1.8369701987210297e-16,DB03
202008172000,104,26.2,0,0,0.0,1.0,DB02
202008172100,104,25.5,0,0,0.3420201433256689,-0.9396926207859083,DB02
202008172200,104,25.2,0,0,0.0,1.0,DB03
202008172300,104,24.7,0,0,0.0,1.0,DB02
202008180000,104,24.4,0,0,0.3420201433256689,-0.9396926207859083,DB02
202008180100,104,24.4,0,0,0.0,1.0,DB02
202008180200,104,24.1,0,0,1.2246467991473532e-16,-1.0,DB02
202008180300,104,23.8,0,0,0.3420201433256689,-0.9396926207859083,DB03
202008180400,104,24.8,0,0,0.3420201433256689,-0.9396926207859083,DB03
202008180500,104,24.5,0,0,0.3420201433256689,-0.9396926207859083,DB03
202008180600,104,24.4,0,0,0.3420201433256689,-0.9396926207859083,DB02
202008180700,104,24.9,0,0,0.3420201433256689,-0.9396926207859083,DB01
202008180800,104,27.9,0,0,0.3420201433256689,-0.9396926207859083,DB01
202008180900,104,29.8,0,0,0.3420201433256689,-0.9396926207859083,DB01
202008181000,104,31.3,0,0,0.9396926207859084,-0.3420201433256687,DB01
202008181100,104,32.1,0,0,0.9396926207859084,-0.3420201433256687,DB02
202008181200,104,31.2,0,0,1.0,6.123233995736766e-17,DB02
202008181300,104,32.0,0,0,0.9396926207859084,-0.3420201433256687,DB02
202008181400,104,32.0,0,0,1.0,6.123233995736766e-17,DB01
202008181500,104,32.6,0,0,0.9396926207859084,-0.3420201433256687,DB01
202008181600,104,32.7,0,0,0.9396926207859084,-0.3420201433256687,DB01
202008181700,104,32.7,0,0,0.0,1.0,DB01
202008181800,104,31.4,0,0,-1.0,-1.8369701987210297e-16,DB01
202008181900,104,28.4,0,0,-1.0,-1.8369701987210297e-16,DB01
202008182000,104,27.7,0,0,-0.7660444431189779,-0.6427876096865395,DB01
202008182100,104,27.2,0,0,0.3420201433256689,-0.9396926207859083,DB01
202008182200,104,26.9,0,0,-0.34202014332566866,-0.9396926207859084,DB01
202008182300,104,26.8,0,0,-0.9396926207859084,-0.34202014332566855,DB01
202008190000,104,25.7,0,0,0.3420201433256689,-0.9396926207859083,DB01
202008190100,104,25.1,0,0,1.2246467991473532e-16,-1.0,DB01
202008190200,104,23.6,0,0,-0.9396926207859084,-0.34202014332566855,DB01
202008190300,104,24.8,0,0,0.3420201433256689,-0.9396926207859083,DB01
202008190400,104,23.8,0,0,0.3420201433256689,-0.9396926207859083,DB01
202008190500,104,24.8,0,0,1.2246467991473532e-16,-1.0,DB01
202008190600,104,23.7,0,0,1.2246467991473532e-16,-1.0,DB01
202008190700,104,24.4,0,0,-0.34202014332566866,-0.9396926207859084,DB01
202008190800,104,28.1,0,0,0.3420201433256689,-0.9396926207859083,DB01
202008190900,104,30.0,0,0,0.3420201433256689,-0.9396926207859083,DB01
202008191000,104,32.0,0,0,0.3420201433256689,-0.9396926207859083,DB01
202008191100,104,33.0,0,0,0.6427876096865395,-0.7660444431189779,DB01
202008191200,104,32.5,0,0,0.6427876096865395,-0.7660444431189779,DB01
202008191300,104,32.4,0,0,1.0,6.123233995736766e-17,DB01
202008191400,104,31.9,0,0,1.0,6.123233995736766e-17,DB01
202008191500,104,32.4,0,0,0.9396926207859084,-0.3420201433256687,DB01
202008191600,104,31.8,0,0,1.0,6.123233995736766e-17,DB01
202008191700,104,31.3,0,0,0.9396926207859084,-0.3420201433256687,DB01
202008191800,104,30.6,0,0,0.3420201433256689,-0.9396926207859083,DB01
202008191900,104,29.0,0,0,-0.9396926207859084,-0.34202014332566855,DB01
202008192000,104,27.9,0,0,-0.9396926207859084,-0.34202014332566855,DB01
202008192100,104,27.5,0,0,1.2246467991473532e-16,-1.0,DB01
202008192200,104,25.6,0,0,-0.34202014332566866,-0.9396926207859084,DB01
202008192300,104,27.5,0,0,1.2246467991473532e-16,-1.0,DB01
202008200000,104,26.5,0,0,-0.9396926207859084,-0.34202014332566855,DB01
202008200100,104,24.9,0,0,0.3420201433256689,-0.9396926207859083,DB01
202008200200,104,24.8,0,0,-0.7660444431189779,-0.6427876096865395,DB02
202008200300,104,24.2,0,0,1.0,6.123233995736766e-17,DB01
202008200400,104,23.5,0,0,-0.9396926207859084,-0.34202014332566855,DB01
202008200500,104,23.7,0,0,1.2246467991473532e-16,-1.0,DB01
202008200600,104,24.2,0,0,0.3420201433256689,-0.9396926207859083,DB01
202008200700,104,24.4,0,0,-1.0,-1.8369701987210297e-16,DB01
202008200800,104,26.5,0,0,0.0,1.0,DB01
202008200900,104,27.2,0,0,1.0,6.123233995736766e-17,DB01
202008201000,104,27.8,0,0,1.0,6.123233995736766e-17,DB01
202008201100,104,27.6,0,0,1.0,6.123233995736766e-17,DB01
202008201200,104,27.7,0,0,1.0,6.123233995736766e-17,DB01
202008201300,104,26.7,0,0,0.9396926207859084,-0.3420201433256687,DB02
202008201400,104,26.5,0,0,1.0,6.123233995736766e-17,DB03
202008201500,104,24.7,0,0,1.0,6.123233995736766e-17,DB04
202008201600,104,24.5,0,0,0.9396926207859084,-0.3420201433256687,DB04
202008201700,104,23.6,0,0,0.9396926207859083,0.3420201433256688,DB04
202008201800,104,22.9,100,1,1.0,6.123233995736766e-17,DB04
202008201900,104,22.4,100,1,1.0,6.123233995736766e-17,DB04
202008202000,104,22.3,100,1,-0.9396926207859084,-0.34202014332566855,DB04
202008202100,104,22.0,100,1,-0.7660444431189779,-0.6427876096865395,DB04
202008202200,104,21.8,100,1,-0.9396926207859083,0.342020143325669,DB04
202008202300,104,21.7,100,1,-1.0,-1.8369701987210297e-16,DB04
202008210000,104,21.5,100,1,-1.0,-1.8369701987210297e-16,DB04
202008210100,104,21.6,100,1,-0.9396926207859083,0.342020143325669,DB04
202008210200,104,21.5,0,0,0.0,1.0,DB03
202008210300,104,22.0,0,0,0.0,1.0,DB03
202008210400,104,21.9,0,0,0.0,1.0,DB03
202008210500,104,22.0,0,0,0.0,1.0,DB03
202008210600,104,22.0,0,0,0.0,1.0,DB04
202008210700,104,22.3,0,0,0.0,1.0,DB03
202008210800,104,22.9,0,0,0.3420201433256689,-0.9396926207859083,DB04
202008210900,104,24.1,0,0,0.9396926207859084,-0.3420201433256687,DB04
202008211000,104,23.0,0,0,-1.0,-1.8369701987210297e-16,DB04
202008211100,104,21.6,0,0,-1.0,-1.8369701987210297e-16,DB04
202008211200,104,21.0,0,0,-1.0,-1.8369701987210297e-16,DB04
202008211300,104,20.2,0,0,-0.9396926207859083,0.342020143325669,DB04
202008211400,104,20.4,0,0,-1.0,-1.8369701987210297e-16,DB04
202008211500,104,20.9,0,0,-1.0,-1.8369701987210297e-16,DB04
202008211600,104,22.5,0,0,0.9396926207859084,-0.3420201433256687,DB04
202008211700,104,21.5,0,0,0.9396926207859084,-0.3420201433256687,DB04
202008211800,104,21.3,0,0,0.9396926207859084,-0.3420201433256687,DB04
202008211900,104,21.0,0,0,-0.9396926207859084,-0.34202014332566855,DB03
202008212000,104,20.3,100,1,-1.0,-1.8369701987210297e-16,DB04
202008212100,104,20.1,100,1,-1.0,-1.8369701987210297e-16,DB04
202008212200,104,20.2,0,0,-1.0,-1.8369701987210297e-16,DB04
202008212300,104,20.3,0,0,0.0,1.0,DB04
202008220000,104,20.5,0,0,0.0,1.0,DB04
202008220100,104,20.5,0,0,0.0,1.0,DB04
202008220200,104,20.6,0,0,0.0,1.0,DB04
202008220300,104,20.5,0,0,0.0,1.0,DB04
202008220400,104,20.6,0,0,0.0,1.0,DB04
202008220500,104,20.4,0,0,-1.0,-1.8369701987210297e-16,DB04
202008220600,104,20.6,0,0,0.3420201433256689,-0.9396926207859083,DB04
202008220700,104,21.0,0,0,0.0,1.0,DB04
202008220800,104,21.3,0,0,0.0,1.0,DB04
202008220900,104,22.3,0,0,0.9396926207859084,-0.3420201433256687,DB04
202008221000,104,22.1,0,0,1.0,6.123233995736766e-17,DB04
202008221100,104,22.8,0,0,0.9396926207859084,-0.3420201433256687,DB04
202008221200,104,22.5,0,0,0.9396926207859084,-0.3420201433256687,DB04
202008221300,104,22.2,0,0,0.9396926207859084,-0.3420201433256687,DB04
202008221400,104,22.6,0,0,0.0,1.0,DB04
202008221500,104,22.5,100,1,0.0,1.0,DB04
202008221600,104,22.5,100,1,-0.9396926207859084,-0.34202014332566855,DB04
202008221700,104,22.4,100,1,1.0,6.123233995736766e-17,DB04
202008221800,104,22.5,0,0,0.0,1.0,DB04
202008221900,104,22.6,0,0,-0.9396926207859084,-0.34202014332566855,DB04
202008222000,104,22.1,0,0,-1.0,-1.8369701987210297e-16,DB04
202008222100,104,22.0,0,0,-0.9396926207859083,0.342020143325669,DB04
202008222200,104,22.0,100,1,-1.0,-1.8369701987210297e-16,DB04
202008222300,104,21.6,100,1,-0.9396926207859084,-0.34202014332566855,DB04
202008230000,104,21.4,100,1,0.6427876096865395,-0.7660444431189779,DB04
202008230100,104,21.1,100,1,0.3420201433256689,-0.9396926207859083,DB04
202008230200,104,20.6,0,0,-0.9396926207859083,0.342020143325669,DB03
202008230300,104,19.9,0,0,-1.0,-1.8369701987210297e-16,DB02
202008230400,104,19.5,0,0,0.0,1.0,DB02
202008230500,104,19.5,0,0,-0.9396926207859084,-0.34202014332566855,DB03
202008230600,104,19.1,0,0,-1.0,-1.8369701987210297e-16,DB02
202008230700,104,20.0,0,0,0.3420201433256689,-0.9396926207859083,DB02
202008230800,104,21.9,0,0,0.0,1.0,DB02
202008230900,104,23.2,0,0,0.6427876096865395,-0.7660444431189779,DB02
202008231000,104,24.0,0,0,0.9396926207859084,-0.3420201433256687,DB02
202008231100,104,25.4,0,0,1.0,6.123233995736766e-17,DB03
202008231200,104,25.7,0,0,0.9396926207859084,-0.3420201433256687,DB03
202008231300,104,25.8,0,0,1.0,6.123233995736766e-17,DB03
202008231400,104,25.8,0,0,-0.9396926207859084,-0.34202014332566855,DB03
202008231500,104,26.7,100,1,0.9396926207859084,-0.3420201433256687,DB03
202008231600,104,27.4,0,0,0.9396926207859084,-0.3420201433256687,DB02
202008231700,104,26.6,0,0,0.9396926207859084,-0.3420201433256687,DB02
202008231800,104,26.1,0,0,0.0,1.0,DB03
202008231900,104,24.0,0,0,-0.9396926207859084,-0.34202014332566855,DB02
202008232000,104,22.9,0,0,-0.9396926207859084,-0.34202014332566855,DB02
202008232100,104,21.9,0,0,0.0,1.0,DB02
202008232200,104,20.9,0,0,0.0,1.0,DB01
202008232300,104,20.5,0,0,0.3420201433256689,-0.9396926207859083,DB01
202008240000,104,20.3,0,0,0.6427876096865395,-0.7660444431189779,DB02
202008240100,104,20.0,0,0,0.0,1.0,DB01
202008240200,104,19.7,0,0,0.0,1.0,DB02
202008240300,104,19.9,0,0,0.0,1.0,DB02
202008240400,104,21.0,0,0,-0.34202014332566866,-0.9396926207859084,DB02
202008240500,104,21.2,0,0,0.3420201433256689,-0.9396926207859083,DB02
202008240600,104,21.7,0,0,0.3420201433256689,-0.9396926207859083,DB01
202008240700,104,23.2,0,0,1.2246467991473532e-16,-1.0,DB02
202008240800,104,24.5,0,0,1.0,6.123233995736766e-17,DB02
202008240900,104,26.1,0,0,-0.34202014332566866,-0.9396926207859084,DB01
202008241000,104,26.7,0,0,0.9396926207859084,-0.3420201433256687,DB01
202008241100,104,27.6,0,0,1.0,6.123233995736766e-17,DB01
202008241200,104,28.6,0,0,0.9396926207859084,-0.3420201433256687,DB02
202008241300,104,26.9,0,0,1.0,6.123233995736766e-17,DB03
202008241400,104,27.4,0,0,-0.9396926207859084,-0.34202014332566855,DB03
202008241500,104,27.8,0,0,1.0,6.123233995736766e-17,DB03
202008241600,104,28.6,0,0,-0.9396926207859084,-0.34202014332566855,DB02
202008241700,104,28.1,0,0,-0.9396926207859084,-0.34202014332566855,DB03
202008241800,104,27.4,0,0,-0.7660444431189779,-0.6427876096865395,DB03
202008241900,104,26.5,0,0,-0.9396926207859084,-0.34202014332566855,DB03
202008242000,104,25.0,0,0,1.2246467991473532e-16,-1.0,DB03
202008242100,104,24.5,0,0,0.0,1.0,DB03
202008242200,104,24.7,0,0,-0.34202014332566866,-0.9396926207859084,DB04
202008242300,104,25.0,0,0,0.3420201433256689,-0.9396926207859083,DB03
202008250000,104,24.8,0,0,0.3420201433256689,-0.9396926207859083,DB02
202008250100,104,25.5,0,0,0.3420201433256689,-0.9396926207859083,DB03
202008250200,104,24.6,0,0,0.3420201433256689,-0.9396926207859083,DB03
202008250300,104,24.8,0,0,-0.7660444431189779,-0.6427876096865395,DB02
202008250400,104,23.9,0,0,0.3420201433256689,-0.9396926207859083,DB03
202008250500,104,26.4,0,0,0.3420201433256689,-0.9396926207859083,DB03
202008250600,104,24.4,0,0,0.6427876096865395,-0.7660444431189779,DB03
202008250700,104,25.4,0,0,-0.7660444431189779,-0.6427876096865395,DB03
202008250800,104,28.7,0,0,0.6427876096865395,-0.7660444431189779,DB03
202008250900,104,30.3,0,0,0.3420201433256689,-0.9396926207859083,DB03
202008251000,104,31.8,0,0,-0.34202014332566866,-0.9396926207859084,DB02
202008251100,104,32.9,0,0,-0.34202014332566866,-0.9396926207859084,DB02
202008251200,104,34.0,0,0,-0.7660444431189779,-0.6427876096865395,DB02
202008251300,104,34.2,0,0,-0.7660444431189779,-0.6427876096865395,DB02
202008251400,104,33.4,0,0,0.9396926207859084,-0.3420201433256687,DB01
202008251500,104,33.6,0,0,1.0,6.123233995736766e-17,DB01
202008251600,104,34.9,0,0,0.3420201433256689,-0.9396926207859083,DB01
202008251700,104,33.0,0,0,0.9396926207859084,-0.3420201433256687,DB01
202008251800,104,32.4,0,0,0.0,1.0,DB01
202008251900,104,28.6,0,0,0.0,1.0,DB01
202008252000,104,28.0,0,0,-0.9396926207859084,-0.34202014332566855,DB01
202008252100,104,26.1,0,0,0.9396926207859084,-0.3420201433256687,DB02
202008252200,104,27.2,0,0,-0.7660444431189779,-0.6427876096865395,DB02
202008252300,104,25.5,0,0,-1.0,-1.8369701987210297e-16,DB03
202008260000,104,25.0,0,0,-0.9396926207859084,-0.34202014332566855,DB02
202008260100,104,24.2,0,0,0.0,1.0,DB01
202008260200,104,24.0,0,0,-0.9396926207859083,0.342020143325669,DB02
202008260300,104,23.4,0,0,-1.0,-1.8369701987210297e-16,DB01
202008260400,104,23.5,0,0,0.0,1.0,DB02
202008260500,104,23.2,0,0,0.0,1.0,DB02
202008260600,104,22.8,0,0,0.0,1.0,DB03
202008260700,104,23.6,0,0,0.3420201433256689,-0.9396926207859083,DB04
202008260800,104,24.4,0,0,-1.0,-1.8369701987210297e-16,DB04
202008260900,104,25.0,0,0,-0.7660444431189779,-0.6427876096865395,DB04
202008261000,104,25.6,0,0,1.0,6.123233995736766e-17,DB04
202008261100,104,24.8,0,0,1.0,6.123233995736766e-17,DB04
202008261200,104,25.7,0,0,-0.34202014332566866,-0.9396926207859084,DB04
202008261300,104,25.4,0,0,1.0,6.123233995736766e-17,DB03
202008261400,104,25.8,0,0,1.0,6.123233995736766e-17,DB03
202008261500,104,25.5,0,0,1.0,6.123233995736766e-17,DB04
202008261600,104,25.1,0,0,0.0,1.0,DB04
202008261700,104,25.1,0,0,0.9396926207859084,-0.3420201433256687,DB04
202008261800,104,25.1,0,0,0.6427876096865395,-0.7660444431189779,DB04
202008261900,104,24.8,0,0,1.0,6.123233995736766e-17,DB04
202008262000,104,24.6,0,0,0.0,1.0,DB04
202008262100,104,24.9,0,0,0.0,1.0,DB04
202008262200,104,25.1,0,0,0.9396926207859084,-0.3420201433256687,DB04
202008262300,104,25.0,0,0,0.9396926207859084,-0.3420201433256687,DB04
202008270000,104,25.4,0,0,0.9396926207859084,-0.3420201433256687,DB04
202008270100,104,26.3,100,1,0.6427876096865395,-0.7660444431189779,DB04
202008270200,104,26.1,0,0,0.9396926207859084,-0.3420201433256687,DB04
202008270300,104,25.1,0,0,-1.0,-1.8369701987210297e-16,DB04
202008270400,104,25.6,0,0,0.6427876096865395,-0.7660444431189779,DB04
202008270500,104,24.5,0,0,0.6427876096865395,-0.7660444431189779,DB04
202008270600,104,24.2,100,1,0.0,1.0,DB04
202008270700,104,25.0,0,0,0.6427876096865395,-0.7660444431189779,DB04
202008270800,104,26.6,0,0,0.6427876096865395,-0.7660444431189779,DB03
202008270900,104,27.9,0,0,-0.9396926207859084,-0.34202014332566855,DB03
202008271000,104,31.0,0,0,0.6427876096865395,-0.7660444431189779,DB03
202008271100,104,31.9,0,0,0.3420201433256689,-0.9396926207859083,DB03
202008271200,104,31.5,0,0,0.6427876096865395,-0.7660444431189779,DB03
202008271300,104,32.2,0,0,0.3420201433256689,-0.9396926207859083,DB03
202008271400,104,32.4,0,0,0.3420201433256689,-0.9396926207859083,DB03
202008271500,104,34.2,0,0,-0.7660444431189779,-0.6427876096865395,DB03
202008271600,104,32.2,0,0,-0.7660444431189779,-0.6427876096865395,DB03
202008271700,104,31.8,0,0,-0.9396926207859084,-0.34202014332566855,DB04
202008271800,104,30.8,0,0,-0.7660444431189779,-0.6427876096865395,DB03
202008271900,104,30.4,0,0,-0.7660444431189779,-0.6427876096865395,DB03
202008272000,104,29.7,0,0,-0.34202014332566866,-0.9396926207859084,DB02
202008272100,104,28.2,0,0,0.3420201433256689,-0.9396926207859083,DB02
202008272200,104,28.0,0,0,0.3420201433256689,-0.9396926207859083,DB02
202008272300,104,27.6,0,0,0.3420201433256689,-0.9396926207859083,DB02
202008280000,104,27.0,0,0,0.3420201433256689,-0.9396926207859083,DB02
202008280100,104,26.6,0,0,-0.7660444431189779,-0.6427876096865395,DB04
202008280200,104,26.0,0,0,-1.0,-1.8369701987210297e-16,DB04
202008280300,104,26.1,0,0,0.3420201433256689,-0.9396926207859083,DB04
202008280400,104,25.7,0,0,0.6427876096865395,-0.7660444431189779,DB03
202008280500,104,26.1,0,0,-0.34202014332566866,-0.9396926207859084,DB03
202008280600,104,26.1,0,0,1.2246467991473532e-16,-1.0,DB03
202008280700,104,26.9,0,0,1.2246467991473532e-16,-1.0,DB03
202008280800,104,29.5,0,0,0.3420201433256689,-0.9396926207859083,DB03
202008280900,104,29.8,0,0,0.6427876096865395,-0.7660444431189779,DB04
202008281000,104,28.5,0,0,0.6427876096865395,-0.7660444431189779,DB04
202008281100,104,29.8,0,0,0.9396926207859084,-0.3420201433256687,DB03
202008281200,104,29.8,0,0,1.0,6.123233995736766e-17,DB03
202008281300,104,31.2,0,0,0.9396926207859084,-0.3420201433256687,DB03
202008281400,104,31.6,0,0,1.0,6.123233995736766e-17,DB03
202008281500,104,31.6,0,0,1.0,6.123233995736766e-17,DB03
202008281600,104,30.3,0,0,1.0,6.123233995736766e-17,DB03
202008281700,104,29.6,0,0,-0.9396926207859083,0.342020143325669,DB03
202008281800,104,28.4,0,0,-0.7660444431189779,-0.6427876096865395,DB04
202008281900,104,26.2,100,1,-0.9396926207859084,-0.34202014332566855,DB03
202008282000,104,25.5,0,0,0.6427876096865395,-0.7660444431189779,DB03
202008282100,104,24.6,0,0,0.0,1.0,DB03
202008282200,104,24.8,0,0,0.0,1.0,DB03
202008282300,104,24.8,0,0,-0.9396926207859083,0.342020143325669,DB04
202008290000,104,25.1,0,0,0.0,1.0,DB04
202008290100,104,24.8,0,0,0.0,1.0,DB04
202008290200,104,25.3,0,0,1.2246467991473532e-16,-1.0,DB04
202008290300,104,25.0,0,0,-1.0,-1.8369701987210297e-16,DB04
202008290400,104,24.6,0,0,0.0,1.0,DB04
202008290500,104,24.6,0,0,1.2246467991473532e-16,-1.0,DB04
202008290600,104,24.9,0,0,0.3420201433256689,-0.9396926207859083,DB03
202008290700,104,24.8,0,0,-0.9396926207859083,0.342020143325669,DB03
202008290800,104,27.3,0,0,0.0,1.0,DB01
202008290900,104,28.7,0,0,-0.7660444431189779,-0.6427876096865395,DB02
202008291000,104,29.8,0,0,0.9396926207859083,0.3420201433256688,DB02
202008291100,104,30.4,0,0,1.0,6.123233995736766e-17,DB02
202008291200,104,29.1,0,0,1.0,6.123233995736766e-17,DB03
202008291300,104,28.5,0,0,1.0,6.123233995736766e-17,DB04
202008291400,104,29.6,0,0,0.6427876096865395,-0.7660444431189779,DB03
202008291500,104,29.9,0,0,0.9396926207859084,-0.3420201433256687,DB03
202008291600,104,30.0,0,0,1.0,6.123233995736766e-17,DB03
202008291700,104,28.9,0,0,-1.0,-1.8369701987210297e-16,DB03
202008291800,104,27.7,0,0,-0.9396926207859084,-0.34202014332566855,DB04
202008291900,104,26.5,0,0,0.0,1.0,DB04
202008292000,104,25.8,100,1,-1.0,-1.8369701987210297e-16,DB04
202008292100,104,25.3,100,1,-0.7660444431189779,-0.6427876096865395,DB04
202008292200,104,25.1,100,1,-1.0,-1.8369701987210297e-16,DB04
202008292300,104,24.9,0,0,0.0,1.0,DB04
202008300000,104,24.7,0,0,0.0,1.0,DB04
202008300100,104,24.8,0,0,0.766044443118978,0.6427876096865394,DB04
202008300200,104,24.6,0,0,-0.9396926207859083,0.342020143325669,DB03
202008300300,104,24.6,0,0,0.0,1.0,DB03
202008300400,104,24.6,0,0,-1.0,-1.8369701987210297e-16,DB04
202008300500,104,24.4,100,1,-0.9396926207859084,-0.34202014332566855,DB04
202008300600,104,24.2,100,1,-0.34202014332566866,-0.9396926207859084,DB04
202008300700,104,23.0,100,1,-0.9396926207859084,-0.34202014332566855,DB04
202008300800,104,22.9,100,1,-1.0,-1.8369701987210297e-16,DB04
202008300900,104,22.9,100,1,-1.0,-1.8369701987210297e-16,DB04
202008301000,104,23.3,100,1,-1.0,-1.8369701987210297e-16,DB04
202008301100,104,23.3,100,1,0.6427876096865395,-0.7660444431189779,DB04
202008301200,104,23.1,100,1,-0.9396926207859084,-0.34202014332566855,DB04
202008301300,104,23.3,100,1,1.2246467991473532e-16,-1.0,DB04
202008301400,104,23.6,0,0,-1.0,-1.8369701987210297e-16,DB04
202008301500,104,23.6,0,0,-1.0,-1.8369701987210297e-16,DB04
202008301600,104,23.4,0,0,-0.9396926207859084,-0.34202014332566855,DB04
202008301700,104,23.2,0,0,-0.9396926207859084,-0.34202014332566855,DB04
202008301800,104,22.9,0,0,-1.0,-1.8369701987210297e-16,DB04
202008301900,104,22.4,0,0,-1.0,-1.8369701987210297e-16,DB03
202008302000,104,22.5,0,0,-1.0,-1.8369701987210297e-16,DB04
202008302100,104,22.0,100,1,-0.9396926207859083,0.342020143325669,DB04
202008302200,104,22.0,100,1,-0.9396926207859083,0.342020143325669,DB04
202008302300,104,22.1,100,1,-1.0,-1.8369701987210297e-16,DB04
202008310000,104,22.5,100,1,1.0,6.123233995736766e-17,DB04
202008310100,104,22.5,0,0,1.0,6.123233995736766e-17,DB03
202008310200,104,22.2,100,1,1.0,6.123233995736766e-17,DB04
202008310300,104,22.1,0,0,0.0,1.0,DB04
202008310400,104,22.0,0,0,1.0,6.123233995736766e-17,DB04
202008310500,104,21.9,0,0,0.0,1.0,DB04
202008310600,104,21.6,100,1,0.9396926207859084,-0.3420201433256687,DB04
202008310700,104,21.7,100,1,0.0,1.0,DB04
202008310800,104,21.4,100,1,0.3420201433256689,-0.9396926207859083,DB04
202008310900,104,22.0,0,0,0.6427876096865395,-0.7660444431189779,DB04
202008311000,104,22.3,0,0,0.0,1.0,DB04
202008311100,104,21.9,100,1,-1.0,-1.8369701987210297e-16,DB04
202008311200,104,22.7,0,0,1.0,6.123233995736766e-17,DB04
202008311300,104,23.1,0,0,1.0,6.123233995736766e-17,DB04
202008311400,104,22.5,0,0,1.0,6.123233995736766e-17,DB04
202008311500,104,22.8,0,0,1.0,6.123233995736766e-17,DB04
202008311600,104,22.6,0,0,0.9396926207859084,-0.3420201433256687,DB04
202008311700,104,22.6,0,0,1.0,6.123233995736766e-17,DB04
202008311800,104,22.1,0,0,0.9396926207859084,-0.3420201433256687,DB04
202008311900,104,22.0,0,0,0.9396926207859084,-0.3420201433256687,DB02
202008312000,104,21.5,0,0,0.0,1.0,DB02
202008312100,104,21.3,0,0,-0.7660444431189779,-0.6427876096865395,DB04
202008312200,104,21.0,0,0,1.2246467991473532e-16,-1.0,DB03
202008312300,104,20.8,0,0,0.3420201433256689,-0.9396926207859083,DB03
202009010000,104,20.7,0,0,-1.0,-1.8369701987210297e-16,DB04
202009010100,104,20.8,0,0,0.0,1.0,DB03
202009010200,104,20.6,0,0,0.3420201433256689,-0.9396926207859083,DB03
202009010300,104,20.2,0,0,1.2246467991473532e-16,-1.0,DB03
202009010400,104,19.8,0,0,0.3420201433256689,-0.9396926207859083,DB03
202009010500,104,19.6,0,0,0.0,1.0,DB03
202009010600,104,19.1,0,0,0.0,1.0,DB01
202009010700,104,20.3,0,0,0.0,1.0,DB02
202009010800,104,22.5,0,0,0.6427876096865395,-0.7660444431189779,DB01
202009010900,104,23.9,0,0,0.6427876096865395,-0.7660444431189779,DB02
202009011000,104,25.2,0,0,0.9396926207859084,-0.3420201433256687,DB02
202009011100,104,26.2,0,0,0.9396926207859084,-0.3420201433256687,DB02
202009011200,104,26.1,0,0,1.0,6.123233995736766e-17,DB02
202009011300,104,26.7,0,0,0.9396926207859084,-0.3420201433256687,DB02
202009011400,104,26.8,0,0,0.9396926207859084,-0.3420201433256687,DB03
202009011500,104,25.6,0,0,0.9396926207859084,-0.3420201433256687,DB03
202009011600,104,26.2,0,0,0.9396926207859084,-0.3420201433256687,DB02
202009011700,104,25.2,0,0,0.9396926207859084,-0.3420201433256687,DB02
202009011800,104,24.5,0,0,1.0,6.123233995736766e-17,DB03
202009011900,104,24.1,0,0,0.0,1.0,DB03
202009012000,104,23.4,0,0,0.0,1.0,DB04
202009012100,104,23.6,0,0,0.0,1.0,DB04
202009012200,104,23.2,100,1,1.0,6.123233995736766e-17,DB04
202009012300,104,23.0,100,1,0.0,1.0,DB04
202009020000,104,22.8,0,0,0.0,1.0,DB04
202009020100,104,22.7,100,1,0.0,1.0,DB04
202009020200,104,22.5,100,1,0.0,1.0,DB04
202009020300,104,22.4,100,1,0.0,1.0,DB04
202009020400,104,22.3,100,1,-1.0,-1.8369701987210297e-16,DB04
202009020500,104,22.2,100,1,-0.9396926207859083,0.342020143325669,DB04
202009020600,104,22.4,100,1,-0.9396926207859083,0.342020143325669,DB04
202009020700,104,22.7,0,0,-1.0,-1.8369701987210297e-16,DB04
202009020800,104,23.0,100,1,-0.9396926207859084,-0.34202014332566855,DB04
202009020900,104,23.0,100,1,-1.0,-1.8369701987210297e-16,DB04
202009021000,104,23.3,100,1,1.2246467991473532e-16,-1.0,DB04
202009021100,104,23.2,100,1,-0.9396926207859084,-0.34202014332566855,DB04
202009021200,104,22.9,100,1,1.2246467991473532e-16,-1.0,DB04
202009021300,104,23.1,100,1,-0.9396926207859083,0.342020143325669,DB04
202009021400,104,23.0,100,1,0.9396926207859084,-0.3420201433256687,DB04
202009021500,104,22.9,100,1,1.0,6.123233995736766e-17,DB04
202009021600,104,22.9,100,1,1.0,6.123233995736766e-17,DB04
202009021700,104,22.6,100,1,1.0,6.123233995736766e-17,DB04
202009021800,104,22.3,100,1,-1.0,-1.8369701987210297e-16,DB04
202009021900,104,22.1,100,1,-0.9396926207859084,-0.34202014332566855,DB04
202009022000,104,22.1,100,1,-0.9396926207859084,-0.34202014332566855,DB04
202009022100,104,22.3,100,1,-1.0,-1.8369701987210297e-16,DB04
202009022200,104,22.6,100,1,-0.34202014332566866,-0.9396926207859084,DB04
202009022300,104,24.1,100,1,1.0,6.123233995736766e-17,DB04
202009030000,104,24.0,100,1,1.0,6.123233995736766e-17,DB04
202009030100,104,24.2,100,1,0.9396926207859084,-0.3420201433256687,DB04
202009030200,104,24.2,100,1,0.9396926207859084,-0.3420201433256687,DB04
202009030300,104,24.3,100,1,1.0,6.123233995736766e-17,DB04
202009030400,104,24.0,100,1,0.9396926207859084,-0.3420201433256687,DB04
202009030500,104,23.6,100,1,1.0,6.123233995736766e-17,DB04
202009030600,104,23.6,100,1,1.0,6.123233995736766e-17,DB04
202009030700,104,23.4,100,1,0.9396926207859084,-0.3420201433256687,DB04
202009030800,104,24.4,100,1,-0.9396926207859084,-0.34202014332566855,DB04
202009030900,104,26.3,0,0,-0.9396926207859084,-0.34202014332566855,DB04
202009031000,104,25.1,0,0,-0.9396926207859084,-0.34202014332566855,DB03
202009031100,104,26.2,0,0,-0.7660444431189779,-0.6427876096865395,DB02
202009031200,104,26.4,0,0,-0.7660444431189779,-0.6427876096865395,DB03
202009031300,104,25.8,0,0,-0.7660444431189779,-0.6427876096865395,DB03
202009031400,104,26.5,0,0,-0.7660444431189779,-0.6427876096865395,DB03
202009031500,104,27.0,0,0,-0.9396926207859084,-0.34202014332566855,DB02
202009031600,104,26.6,0,0,-0.7660444431189779,-0.6427876096865395,DB02
202009031700,104,26.5,0,0,0.3420201433256689,-0.9396926207859083,DB02
202009031800,104,25.6,0,0,0.3420201433256689,-0.9396926207859083,DB02
202009031900,104,25.1,0,0,-0.34202014332566866,-0.9396926207859084,DB02
202009032000,104,25.0,0,0,-0.7660444431189779,-0.6427876096865395,DB02
202009032100,104,24.6,0,0,1.2246467991473532e-16,-1.0,DB03
202009032200,104,23.5,0,0,0.3420201433256689,-0.9396926207859083,DB01
202009032300,104,23.4,0,0,1.2246467991473532e-16,-1.0,DB02
202009040000,104,23.0,0,0,0.3420201433256689,-0.9396926207859083,DB02
202009040100,104,22.6,0,0,0.3420201433256689,-0.9396926207859083,DB02
202009040200,104,22.6,0,0,0.3420201433256689,-0.9396926207859083,DB01
202009040300,104,21.9,0,0,0.3420201433256689,-0.9396926207859083,DB02
202009040400,104,22.1,0,0,0.6427876096865395,-0.7660444431189779,DB02
202009040500,104,22.1,0,0,0.6427876096865395,-0.7660444431189779,DB02
202009040600,104,22.0,0,0,0.6427876096865395,-0.7660444431189779,DB02
202009040700,104,22.4,0,0,0.3420201433256689,-0.9396926207859083,DB02
202009040800,104,23.7,0,0,0.3420201433256689,-0.9396926207859083,DB01
202009040900,104,24.6,0,0,1.2246467991473532e-16,-1.0,DB01
202009041000,104,25.5,0,0,-0.7660444431189779,-0.6427876096865395,DB01
202009041100,104,26.4,0,0,-0.9396926207859084,-0.34202014332566855,DB01
202009041200,104,26.8,0,0,-1.0,-1.8369701987210297e-16,DB01
202009041300,104,27.8,0,0,-0.7660444431189779,-0.6427876096865395,DB01
202009041400,104,28.4,0,0,-0.7660444431189779,-0.6427876096865395,DB01
202009041500,104,28.6,0,0,-0.9396926207859084,-0.34202014332566855,DB01
202009041600,104,27.9,0,0,-0.9396926207859084,-0.34202014332566855,DB01
202009041700,104,27.5,0,0,-0.9396926207859084,-0.34202014332566855,DB01
202009041800,104,25.9,0,0,-0.9396926207859084,-0.34202014332566855,DB02
202009041900,104,22.9,0,0,-0.9396926207859084,-0.34202014332566855,DB02
202009042000,104,20.7,0,0,0.3420201433256689,-0.9396926207859083,DB02
202009042100,104,21.4,0,0,-0.34202014332566866,-0.9396926207859084,DB01
202009042200,104,20.9,0,0,-0.34202014332566866,-0.9396926207859084,DB02
202009042300,104,18.2,0,0,0.6427876096865395,-0.7660444431189779,DB01
202009050000,104,20.1,0,0,-0.34202014332566866,-0.9396926207859084,DB01
202009050100,104,20.1,0,0,0.3420201433256689,-0.9396926207859083,DB03
202009050200,104,20.6,0,0,-0.9396926207859084,-0.34202014332566855,DB02
202009050300,104,18.6,0,0,0.0,1.0,DB03
202009050400,104,18.4,0,0,0.6427876096865395,-0.7660444431189779,DB03
202009050500,104,18.2,0,0,0.6427876096865395,-0.7660444431189779,DB03
202009050600,104,17.8,0,0,0.0,1.0,DB03
202009050700,104,19.1,0,0,0.3420201433256689,-0.9396926207859083,DB03
202009050800,104,20.9,0,0,-0.9396926207859083,0.342020143325669,DB04
202009050900,104,21.1,0,0,0.0,1.0,DB04
202009051000,104,21.8,0,0,-0.9396926207859084,-0.34202014332566855,DB04
202009051100,104,22.1,0,0,-0.9396926207859083,0.342020143325669,DB04
202009051200,104,22.8,0,0,0.0,1.0,DB04
202009051300,104,22.1,0,0,1.0,6.123233995736766e-17,DB04
202009051400,104,22.1,0,0,1.0,6.123233995736766e-17,DB04
202009051500,104,21.9,0,0,0.9396926207859084,-0.3420201433256687,DB04
202009051600,104,22.1,0,0,0.9396926207859084,-0.3420201433256687,DB04
202009051700,104,21.5,0,0,1.2246467991473532e-16,-1.0,DB04
202009051800,104,21.0,0,0,1.2246467991473532e-16,-1.0,DB04
202009051900,104,20.2,0,0,0.0,1.0,DB04
202009052000,104,20.6,0,0,-0.9396926207859084,-0.34202014332566855,DB04
202009052100,104,20.2,0,0,0.3420201433256689,-0.9396926207859083,DB04
202009052200,104,19.7,0,0,-0.34202014332566866,-0.9396926207859084,DB03
202009052300,104,19.0,0,0,-0.7660444431189779,-0.6427876096865395,DB04
202009060000,104,19.0,0,0,1.2246467991473532e-16,-1.0,DB04
202009060100,104,18.1,0,0,1.2246467991473532e-16,-1.0,DB04
202009060200,104,17.6,0,0,0.0,1.0,DB04
202009060300,104,17.1,0,0,0.6427876096865395,-0.7660444431189779,DB03
202009060400,104,17.9,0,0,-1.0,-1.8369701987210297e-16,DB04
202009060500,104,17.9,0,0,0.0,1.0,DB04
202009060600,104,17.2,0,0,0.6427876096865395,-0.7660444431189779,DB04
202009060700,104,18.3,0,0,-1.0,-1.8369701987210297e-16,DB04
202009060800,104,19.1,0,0,-0.9396926207859084,-0.34202014332566855,DB04
202009060900,104,20.2,0,0,-1.0,-1.8369701987210297e-16,DB04
202009061000,104,20.8,0,0,-1.0,-1.8369701987210297e-16,DB04
202009061100,104,21.0,0,0,-0.34202014332566866,-0.9396926207859084,DB04
202009061200,104,19.4,0,0,1.0,6.123233995736766e-17,DB04
202009061300,104,19.0,100,1,0.0,1.0,DB04
202009061400,104,18.3,100,1,0.6427876096865395,-0.7660444431189779,DB04
202009061500,104,17.7,100,1,0.3420201433256689,-0.9396926207859083,DB04
202009061600,104,17.6,100,1,-0.9396926207859084,-0.34202014332566855,DB04
202009061700,104,17.4,100,1,-0.9396926207859083,0.342020143325669,DB04
202009061800,104,17.5,100,1,-1.0,-1.8369701987210297e-16,DB04
202009061900,104,17.1,100,1,-1.0,-1.8369701987210297e-16,DB04
202009062000,104,16.7,100,1,-0.9396926207859083,0.342020143325669,DB04
202009062100,104,15.9,100,1,-1.0,-1.8369701987210297e-16,DB04
202009062200,104,16.4,100,1,-1.0,-1.8369701987210297e-16,DB04
202009062300,104,16.0,100,1,-1.0,-1.8369701987210297e-16,DB04
202009070000,104,15.9,100,1,-0.9396926207859083,0.342020143325669,DB04
202009070100,104,15.6,100,1,-1.0,-1.8369701987210297e-16,DB04
202009070200,104,15.6,100,1,-1.0,-1.8369701987210297e-16,DB04
202009070300,104,15.5,100,1,-1.0,-1.8369701987210297e-16,DB04
202009070400,104,15.3,100,1,-1.0,-1.8369701987210297e-16,DB04
202009070500,104,15.5,100,1,-0.9396926207859083,0.342020143325669,DB04
202009070600,104,16.2,100,1,-1.0,-1.8369701987210297e-16,DB04
202009070700,104,16.9,100,1,-1.0,-1.8369701987210297e-16,DB04
202009070800,104,17.6,100,1,-0.7660444431189779,-0.6427876096865395,DB04
202009070900,104,19.0,100,1,-1.0,-1.8369701987210297e-16,DB04
202009071000,104,21.8,100,1,1.0,6.123233995736766e-17,DB04
202009071100,104,22.1,100,1,1.0,6.123233995736766e-17,DB04
202009071200,104,22.2,100,1,0.9396926207859084,-0.3420201433256687,DB04
202009071300,104,21.1,100,1,0.9396926207859084,-0.3420201433256687,DB04
202009071400,104,22.2,100,1,-0.7660444431189779,-0.6427876096865395,DB04
202009071500,104,25.0,100,1,-0.34202014332566866,-0.9396926207859084,DB03
202009071600,104,25.2,0,0,-0.34202014332566866,-0.9396926207859084,DB03
202009071700,104,24.5,0,0,1.2246467991473532e-16,-1.0,DB04
202009071800,104,23.8,0,0,-0.9396926207859084,-0.34202014332566855,DB04
202009071900,104,23.7,0,0,-0.9396926207859084,-0.34202014332566855,DB04
202009072000,104,24.2,0,0,-0.7660444431189779,-0.6427876096865395,DB04
202009072100,104,24.1,0,0,-0.34202014332566866,-0.9396926207859084,DB03
202009072200,104,24.7,0,0,-0.7660444431189779,-0.6427876096865395,DB03
202009072300,104,24.5,0,0,1.2246467991473532e-16,-1.0,DB03
202009080000,104,24.4,0,0,0.3420201433256689,-0.9396926207859083,DB03
202009080100,104,24.2,0,0,-0.9396926207859084,-0.34202014332566855,DB04
202009080200,104,23.9,0,0,0.9396926207859084,-0.3420201433256687,DB04
202009080300,104,24.0,0,0,1.2246467991473532e-16,-1.0,DB03
202009080400,104,23.8,0,0,-0.34202014332566866,-0.9396926207859084,DB02
202009080500,104,24.1,0,0,0.3420201433256689,-0.9396926207859083,DB02
202009080600,104,23.9,0,0,-0.9396926207859084,-0.34202014332566855,DB02
202009080700,104,24.0,0,0,-0.9396926207859084,-0.34202014332566855,DB02
202009080800,104,24.3,0,0,-0.9396926207859084,-0.34202014332566855,DB02
202009080900,104,25.0,0,0,-0.9396926207859084,-0.34202014332566855,DB03
202009081000,104,25.2,0,0,-0.9396926207859084,-0.34202014332566855,DB03
202009081100,104,25.9,0,0,-0.7660444431189779,-0.6427876096865395,DB03
202009081200,104,26.1,0,0,-0.7660444431189779,-0.6427876096865395,DB03
202009081300,104,26.5,0,0,-0.7660444431189779,-0.6427876096865395,DB03
202009081400,104,26.2,0,0,-0.7660444431189779,-0.6427876096865395,DB03
202009081500,104,27.2,0,0,-0.9396926207859084,-0.34202014332566855,DB03
202009081600,104,27.0,0,0,-0.9396926207859084,-0.34202014332566855,DB02
202009081700,104,26.3,0,0,-0.7660444431189779,-0.6427876096865395,DB02
202009081800,104,24.9,0,0,-0.9396926207859084,-0.34202014332566855,DB02
202009081900,104,23.8,0,0,-0.34202014332566866,-0.9396926207859084,DB02
202009082000,104,23.8,0,0,-0.9396926207859084,-0.34202014332566855,DB02
202009082100,104,23.1,0,0,-0.7660444431189779,-0.6427876096865395,DB03
202009082200,104,23.4,0,0,-0.9396926207859084,-0.34202014332566855,DB03
202009082300,104,23.0,0,0,1.2246467991473532e-16,-1.0,DB03
202009090000,104,22.9,0,0,-0.7660444431189779,-0.6427876096865395,DB03
202009090100,104,22.7,0,0,0.3420201433256689,-0.9396926207859083,DB03
202009090200,104,22.3,0,0,0.3420201433256689,-0.9396926207859083,DB03
202009090300,104,21.2,0,0,0.9396926207859084,-0.3420201433256687,DB03
202009090400,104,23.0,0,0,-1.0,-1.8369701987210297e-16,DB03
202009090500,104,23.1,0,0,-0.34202014332566866,-0.9396926207859084,DB03
202009090600,104,21.8,0,0,-0.9396926207859084,-0.34202014332566855,DB04
202009090700,104,22.3,0,0,-0.9396926207859084,-0.34202014332566855,DB04
202009090800,104,22.2,0,0,-0.34202014332566866,-0.9396926207859084,DB03
202009090900,104,22.3,0,0,0.3420201433256689,-0.9396926207859083,DB04
202009091000,104,23.9,0,0,-0.9396926207859084,-0.34202014332566855,DB03
202009091100,104,23.8,0,0,-0.9396926207859084,-0.34202014332566855,DB03
202009091200,104,24.1,0,0,-0.9396926207859084,-0.34202014332566855,DB03
202009091300,104,24.8,0,0,1.0,6.123233995736766e-17,DB03
202009091400,104,24.1,0,0,1.0,6.123233995736766e-17,DB03
202009091500,104,24.4,0,0,0.9396926207859084,-0.3420201433256687,DB03
202009091600,104,24.6,0,0,0.9396926207859084,-0.3420201433256687,DB03
202009091700,104,23.8,0,0,0.0,1.0,DB03
202009091800,104,21.7,0,0,-1.0,-1.8369701987210297e-16,DB04
202009091900,104,19.2,100,1,0.9396926207859084,-0.3420201433256687,DB04
202009092000,104,18.3,100,1,0.6427876096865395,-0.7660444431189779,DB03
202009092100,104,17.8,0,0,0.9396926207859084,-0.3420201433256687,DB03
202009092200,104,17.8,0,0,-0.34202014332566866,-0.9396926207859084,DB03
202009092300,104,17.9,0,0,0.3420201433256689,-0.9396926207859083,DB01
202009100000,104,18.2,0,0,0.3420201433256689,-0.9396926207859083,DB03
202009100100,104,18.2,0,0,0.6427876096865395,-0.7660444431189779,DB03
202009100200,104,18.5,0,0,-0.9396926207859084,-0.34202014332566855,DB03
202009100300,104,18.2,0,0,0.0,1.0,DB03
202009100400,104,17.3,0,0,0.3420201433256689,-0.9396926207859083,DB02
202009100500,104,16.8,0,0,0.0,1.0,DB02
202009100600,104,20.8,0,0,-0.7660444431189779,-0.6427876096865395,DB02
202009100700,104,20.7,0,0,-0.9396926207859084,-0.34202014332566855,DB02
202009100800,104,22.5,0,0,0.0,1.0,DB02
202009100900,104,23.7,0,0,-0.7660444431189779,-0.6427876096865395,DB03
202009101000,104,23.6,0,0,-0.7660444431189779,-0.6427876096865395,DB03
202009101100,104,24.8,0,0,-0.9396926207859084,-0.34202014332566855,DB02
202009101200,104,26.9,0,0,-0.9396926207859084,-0.34202014332566855,DB02
202009101300,104,26.7,0,0,1.0,6.123233995736766e-17,DB03
202009101400,104,24.1,0,0,0.9396926207859084,-0.3420201433256687,DB03
202009101500,104,24.4,0,0,0.9396926207859084,-0.3420201433256687,DB03
202009101600,104,24.1,0,0,0.9396926207859084,-0.3420201433256687,DB03
202009101700,104,24.5,0,0,0.9396926207859084,-0.3420201433256687,DB03
202009101800,104,22.9,0,0,0.6427876096865395,-0.7660444431189779,DB02
202009101900,104,20.8,0,0,-0.9396926207859084,-0.34202014332566855,DB02
202009102000,104,19.7,0,0,0.0,1.0,DB01
202009102100,104,18.4,0,0,0.3420201433256689,-0.9396926207859083,DB02
202009102200,104,18.8,0,0,1.2246467991473532e-16,-1.0,DB03
202009102300,104,19.3,0,0,0.0,1.0,DB04
202009110000,104,18.8,0,0,-0.9396926207859084,-0.34202014332566855,DB03
202009110100,104,18.8,0,0,0.3420201433256689,-0.9396926207859083,DB04
202009110200,104,19.5,0,0,-0.9396926207859084,-0.34202014332566855,DB04
202009110300,104,18.7,0,0,0.0,1.0,DB04
202009110400,104,18.1,0,0,-0.7660444431189779,-0.6427876096865395,DB03
202009110500,104,18.2,0,0,0.0,1.0,DB03
202009110600,104,18.1,0,0,-0.34202014332566866,-0.9396926207859084,DB03
202009110700,104,18.5,0,0,-0.9396926207859083,0.342020143325669,DB03
202009110800,104,20.8,0,0,0.0,1.0,DB03
202009110900,104,20.9,0,0,-0.9396926207859084,-0.34202014332566855,DB04
202009111000,104,21.5,0,0,-0.9396926207859084,-0.34202014332566855,DB04
202009111100,104,21.6,0,0,-0.34202014332566866,-0.9396926207859084,DB04
202009111200,104,21.9,0,0,-0.34202014332566866,-0.9396926207859084,DB04
202009111300,104,21.6,0,0,1.0,6.123233995736766e-17,DB04
202009111400,104,21.5,0,0,1.0,6.123233995736766e-17,DB04
202009111500,104,21.1,0,0,0.9396926207859084,-0.3420201433256687,DB04
202009111600,104,20.6,0,0,1.2246467991473532e-16,-1.0,DB04
202009111700,104,20.2,0,0,-1.0,-1.8369701987210297e-16,DB04
202009111800,104,19.7,0,0,-1.0,-1.8369701987210297e-16,DB04
202009111900,104,19.1,0,0,-0.34202014332566866,-0.9396926207859084,DB04
202009112000,104,18.9,0,0,-1.0,-1.8369701987210297e-16,DB04
202009112100,104,18.8,0,0,-1.0,-1.8369701987210297e-16,DB04
202009112200,104,18.2,0,0,-1.0,-1.8369701987210297e-16,DB04
202009112300,104,18.0,0,0,-1.0,-1.8369701987210297e-16,DB04
202009120000,104,17.9,100,1,-1.0,-1.8369701987210297e-16,DB04
202009120100,104,17.9,100,1,-1.0,-1.8369701987210297e-16,DB04
202009120200,104,18.2,100,1,-1.0,-1.8369701987210297e-16,DB04
202009120300,104,18.1,100,1,-0.9396926207859083,0.342020143325669,DB04
202009120400,104,18.0,100,1,-0.9396926207859083,0.342020143325669,DB04
202009120500,104,18.2,100,1,-0.9396926207859083,0.342020143325669,DB04
202009120600,104,18.4,100,1,-1.0,-1.8369701987210297e-16,DB04
202009120700,104,18.8,100,1,-1.0,-1.8369701987210297e-16,DB04
202009120800,104,18.5,100,1,-1.0,-1.8369701987210297e-16,DB04
202009120900,104,19.0,100,1,0.3420201433256689,-0.9396926207859083,DB04
202009121000,104,19.2,100,1,1.0,6.123233995736766e-17,DB04
202009121100,104,18.6,100,1,1.0,6.123233995736766e-17,DB04
202009121200,104,18.9,100,1,1.0,6.123233995736766e-17,DB04
202009121300,104,18.9,100,1,1.0,6.123233995736766e-17,DB04
202009121400,104,19.1,100,1,1.0,6.123233995736766e-17,DB04
202009121500,104,19.0,100,1,0.3420201433256689,-0.9396926207859083,DB04
202009121600,104,17.9,100,1,1.2246467991473532e-16,-1.0,DB04
202009121700,104,17.5,100,1,0.9396926207859084,-0.3420201433256687,DB04
202009121800,104,17.6,100,1,0.9396926207859084,-0.3420201433256687,DB04
202009121900,104,17.5,0,0,0.6427876096865395,-0.7660444431189779,DB04
202009122000,104,17.5,0,0,0.6427876096865395,-0.7660444431189779,DB04
202009122100,104,17.2,0,0,1.2246467991473532e-16,-1.0,DB04
202009122200,104,16.6,100,1,-0.34202014332566866,-0.9396926207859084,DB04
202009122300,104,16.2,0,0,-0.34202014332566866,-0.9396926207859084,DB04
202009130000,104,15.7,100,1,-1.0,-1.8369701987210297e-16,DB04
202009130100,104,15.3,100,1,-0.9396926207859084,-0.34202014332566855,DB04
202009130200,104,15.3,100,1,-1.0,-1.8369701987210297e-16,DB04
202009130300,104,15.1,100,1,-1.0,-1.8369701987210297e-16,DB04
202009130400,104,15.0,100,1,-1.0,-1.8369701987210297e-16,DB04
202009130500,104,15.1,100,1,-0.9396926207859083,0.342020143325669,DB04
202009130600,104,15.5,100,1,-0.7660444431189779,-0.6427876096865395,DB04
202009130700,104,15.5,100,1,-1.0,-1.8369701987210297e-16,DB04
202009130800,104,15.5,100,1,-1.0,-1.8369701987210297e-16,DB04
202009130900,104,16.1,100,1,-0.9396926207859083,0.342020143325669,DB04
202009131000,104,16.6,0,0,-0.9396926207859083,0.342020143325669,DB04
202009131100,104,17.2,0,0,-0.9396926207859084,-0.34202014332566855,DB04
202009131200,104,17.3,0,0,-0.7660444431189779,-0.6427876096865395,DB04
202009131300,104,17.9,0,0,0.3420201433256689,-0.9396926207859083,DB04
202009131400,104,18.4,0,0,0.6427876096865395,-0.7660444431189779,DB04
202009131500,104,18.4,0,0,1.2246467991473532e-16,-1.0,DB04
202009131600,104,17.8,0,0,0.9396926207859084,-0.3420201433256687,DB04
202009131700,104,17.3,0,0,1.0,6.123233995736766e-17,DB04
202009131800,104,17.4,0,0,-1.0,-1.8369701987210297e-16,DB04
202009131900,104,17.3,0,0,0.3420201433256689,-0.9396926207859083,DB03
202009132000,104,16.8,0,0,0.0,1.0,DB03
202009132100,104,16.2,0,0,-0.7660444431189779,-0.6427876096865395,DB03
202009132200,104,16.5,0,0,0.0,1.0,DB03
202009132300,104,16.1,0,0,0.0,1.0,DB03
202009140000,104,16.6,0,0,0.0,1.0,DB04
202009140100,104,15.7,0,0,0.0,1.0,DB03
202009140200,104,14.9,0,0,-0.34202014332566866,-0.9396926207859084,DB02
202009140300,104,15.5,0,0,1.2246467991473532e-16,-1.0,DB01
202009140400,104,14.4,0,0,0.0,1.0,DB01
202009140500,104,14.2,0,0,0.0,1.0,DB01
202009140600,104,14.1,0,0,0.0,1.0,DB01
202009140700,104,15.4,0,0,-0.9396926207859084,-0.34202014332566855,DB01
202009140800,104,18.1,0,0,0.9396926207859084,-0.3420201433256687,DB01
202009140900,104,20.9,0,0,0.6427876096865395,-0.7660444431189779,DB01
202009141000,104,23.5,0,0,-0.9396926207859084,-0.34202014332566855,DB01
202009141100,104,24.2,0,0,1.0,6.123233995736766e-17,DB01
202009141200,104,25.1,0,0,1.0,6.123233995736766e-17,DB01
202009141300,104,23.9,0,0,0.9396926207859084,-0.3420201433256687,DB02
202009141400,104,23.8,0,0,0.9396926207859084,-0.3420201433256687,DB02
202009141500,104,25.2,0,0,0.6427876096865395,-0.7660444431189779,DB02
202009141600,104,24.5,0,0,0.9396926207859084,-0.3420201433256687,DB03
202009141700,104,22.9,0,0,0.9396926207859084,-0.3420201433256687,DB04
202009141800,104,21.8,0,0,0.0,1.0,DB03
202009141900,104,20.3,0,0,-0.9396926207859084,-0.34202014332566855,DB03
202009142000,104,20.2,0,0,-0.9396926207859084,-0.34202014332566855,DB01
202009142100,104,19.0,0,0,-1.0,-1.8369701987210297e-16,DB02
202009142200,104,17.7,0,0,0.0,1.0,DB01
202009142300,104,17.5,0,0,0.3420201433256689,-0.9396926207859083,DB02
202009150000,104,17.8,0,0,0.3420201433256689,-0.9396926207859083,DB01
202009150100,104,17.5,0,0,-0.9396926207859084,-0.34202014332566855,DB02
202009150200,104,17.6,0,0,0.3420201433256689,-0.9396926207859083,DB02
202009150300,104,17.3,0,0,-0.34202014332566866,-0.9396926207859084,DB02
202009150400,104,16.9,0,0,-0.9396926207859083,0.342020143325669,DB03
202009150500,104,16.5,0,0,0.0,1.0,DB02
202009150600,104,17.4,0,0,-0.9396926207859083,0.342020143325669,DB03
202009150700,104,18.1,0,0,-1.0,-1.8369701987210297e-16,DB02
202009150800,104,19.9,0,0,0.3420201433256689,-0.9396926207859083,DB01
202009150900,104,21.1,0,0,-0.34202014332566866,-0.9396926207859084,DB01
202009151000,104,21.7,0,0,0.6427876096865395,-0.7660444431189779,DB02
202009151100,104,22.5,0,0,0.9396926207859084,-0.3420201433256687,DB02
202009151200,104,21.9,0,0,1.0,6.123233995736766e-17,DB02
202009151300,104,22.1,0,0,1.0,6.123233995736766e-17,DB03
202009151400,104,22.8,0,0,0.9396926207859084,-0.3420201433256687,DB03
202009151500,104,22.7,0,0,0.9396926207859084,-0.3420201433256687,DB02
202009151600,104,22.4,0,0,0.9396926207859084,-0.3420201433256687,DB02
202009151700,104,22.1,0,0,0.9396926207859084,-0.3420201433256687,DB03
202009151800,104,21.2,0,0,0.9396926207859084,-0.3420201433256687,DB03
202009151900,104,20.4,0,0,0.0,1.0,DB03
202009152000,104,20.0,0,0,-1.0,-1.8369701987210297e-16,DB04
202009152100,104,19.7,0,0,0.0,1.0,DB03
202009152200,104,19.0,0,0,0.0,1.0,DB03
202009152300,104,18.9,0,0,-0.7660444431189779,-0.6427876096865395,DB03
202009160000,104,18.7,0,0,0.0,1.0,DB02
202009160100,104,18.3,0,0,0.3420201433256689,-0.9396926207859083,DB03
202009160200,104,18.2,0,0,0.3420201433256689,-0.9396926207859083,DB03
202009160300,104,18.8,0,0,0.3420201433256689,-0.9396926207859083,DB03
202009160400,104,18.4,0,0,1.2246467991473532e-16,-1.0,DB03
202009160500,104,20.2,0,0,1.2246467991473532e-16,-1.0,DB03
202009160600,104,18.5,0,0,0.0,1.0,DB03
202009160700,104,18.8,0,0,0.0,1.0,DB02
202009160800,104,20.6,0,0,0.3420201433256689,-0.9396926207859083,DB03
202009160900,104,22.6,0,0,0.9396926207859084,-0.3420201433256687,DB03
202009161000,104,24.7,0,0,0.6427876096865395,-0.7660444431189779,DB03
202009161100,104,25.6,0,0,0.9396926207859084,-0.3420201433256687,DB03
202009161200,104,24.4,0,0,0.9396926207859084,-0.3420201433256687,DB03
202009161300,104,25.6,0,0,0.9396926207859084,-0.3420201433256687,DB03
202009161400,104,24.1,0,0,-1.0,-1.8369701987210297e-16,DB04
202009161500,104,23.1,0,0,-0.9396926207859083,0.342020143325669,DB04
202009161600,104,22.0,0,0,-0.9396926207859084,-0.34202014332566855,DB04
202009161700,104,20.8,100,1,0.6427876096865395,-0.7660444431189779,DB04
202009161800,104,20.4,0,0,0.3420201433256689,-0.9396926207859083,DB04
202009161900,104,20.3,0,0,0.0,1.0,DB04
202009162000,104,19.7,0,0,0.0,1.0,DB02
202009162100,104,19.1,0,0,-1.0,-1.8369701987210297e-16,DB03
202009162200,104,18.8,0,0,-0.7660444431189779,-0.6427876096865395,DB02
202009162300,104,18.4,0,0,-0.9396926207859083,0.342020143325669,DB02
202009170000,104,19.2,0,0,-0.34202014332566866,-0.9396926207859084,DB03
202009170100,104,19.3,0,0,1.2246467991473532e-16,-1.0,DB03
202009170200,104,17.9,0,0,0.0,1.0,DB04
202009170300,104,17.8,0,0,0.0,1.0,DB04
202009170400,104,18.5,0,0,-0.7660444431189779,-0.6427876096865395,DB04
202009170500,104,19.2,0,0,0.3420201433256689,-0.9396926207859083,DB04
202009170600,104,18.2,0,0,1.2246467991473532e-16,-1.0,DB04
202009170700,104,19.5,0,0,1.2246467991473532e-16,-1.0,DB04
202009170800,104,19.2,0,0,-0.34202014332566866,-0.9396926207859084,DB04
202009170900,104,19.9,0,0,-0.7660444431189779,-0.6427876096865395,DB04
202009171000,104,19.5,0,0,0.3420201433256689,-0.9396926207859083,DB04
202009171100,104,20.0,0,0,0.3420201433256689,-0.9396926207859083,DB04
202009171200,104,20.9,0,0,0.6427876096865395,-0.7660444431189779,DB04
202009171300,104,21.2,0,0,0.3420201433256689,-0.9396926207859083,DB04
202009171400,104,21.2,0,0,1.2246467991473532e-16,-1.0,DB04
202009171500,104,22.2,0,0,-0.9396926207859084,-0.34202014332566855,DB04
202009171600,104,22.7,0,0,-0.7660444431189779,-0.6427876096865395,DB04
202009171700,104,22.9,0,0,-0.7660444431189779,-0.6427876096865395,DB04
202009171800,104,21.9,0,0,-0.7660444431189779,-0.6427876096865395,DB04
202009171900,104,19.6,0,0,0.0,1.0,DB04
202009172000,104,20.1,0,0,1.0,6.123233995736766e-17,DB04
202009172100,104,18.5,0,0,-0.7660444431189779,-0.6427876096865395,DB04
202009172200,104,18.8,0,0,1.2246467991473532e-16,-1.0,DB04
202009172300,104,18.5,0,0,0.3420201433256689,-0.9396926207859083,DB04
202009180000,104,18.4,0,0,-0.9396926207859084,-0.34202014332566855,DB04
202009180100,104,18.4,0,0,-0.34202014332566866,-0.9396926207859084,DB04
202009180200,104,17.7,0,0,-0.7660444431189779,-0.6427876096865395,DB04
202009180300,104,16.7,0,0,-0.9396926207859084,-0.34202014332566855,DB04
202009180400,104,16.9,0,0,0.0,1.0,DB04
202009180500,104,16.4,0,0,0.3420201433256689,-0.9396926207859083,DB04
202009180600,104,17.1,0,0,0.3420201433256689,-0.9396926207859083,DB04
202009180700,104,18.2,0,0,1.2246467991473532e-16,-1.0,DB04
202009180800,104,17.8,0,0,-0.9396926207859084,-0.34202014332566855,DB04
202009180900,104,19.5,0,0,-0.7660444431189779,-0.6427876096865395,DB03
202009181000,104,22.4,0,0,-0.9396926207859084,-0.34202014332566855,DB03
202009181100,104,22.7,0,0,-0.9396926207859084,-0.34202014332566855,DB03
202009181200,104,23.7,0,0,-0.9396926207859084,-0.34202014332566855,DB03
202009181300,104,24.3,0,0,-1.0,-1.8369701987210297e-16,DB03
202009181400,104,25.7,0,0,-1.0,-1.8369701987210297e-16,DB02
202009181500,104,25.2,0,0,-1.0,-1.8369701987210297e-16,DB02
202009181600,104,25.5,0,0,-1.0,-1.8369701987210297e-16,DB03
202009181700,104,24.5,0,0,-0.9396926207859084,-0.34202014332566855,DB03
202009181800,104,22.5,0,0,-0.7660444431189779,-0.6427876096865395,DB03
202009181900,104,21.3,0,0,-0.9396926207859084,-0.34202014332566855,DB03
202009182000,104,19.0,0,0,-0.7660444431189779,-0.6427876096865395,DB03
202009182100,104,17.5,0,0,0.3420201433256689,-0.9396926207859083,DB01
202009182200,104,16.8,0,0,0.9396926207859084,-0.3420201433256687,DB01
202009182300,104,16.0,0,0,0.6427876096865395,-0.7660444431189779,DB01
202009190000,104,15.6,0,0,-0.34202014332566866,-0.9396926207859084,DB01
202009190100,104,15.7,0,0,1.2246467991473532e-16,-1.0,DB01
202009190200,104,14.2,0,0,0.3420201433256689,-0.9396926207859083,DB01
202009190300,104,15.3,0,0,1.2246467991473532e-16,-1.0,DB01
202009190400,104,14.5,0,0,0.6427876096865395,-0.7660444431189779,DB01
202009190500,104,14.0,0,0,0.6427876096865395,-0.7660444431189779,DB01
202009190600,104,13.7,0,0,0.0,1.0,DB01
202009190700,104,15.2,0,0,-0.9396926207859084,-0.34202014332566855,DB02
202009190800,104,16.6,0,0,-0.9396926207859084,-0.34202014332566855,DB01
202009190900,104,20.6,0,0,0.6427876096865395,-0.7660444431189779,DB01
202009191000,104,21.6,0,0,0.3420201433256689,-0.9396926207859083,DB02
202009191100,104,22.9,0,0,0.6427876096865395,-0.7660444431189779,DB01
202009191200,104,23.4,0,0,0.6427876096865395,-0.7660444431189779,DB02
202009191300,104,24.6,0,0,1.2246467991473532e-16,-1.0,DB01
202009191400,104,26.1,0,0,-1.0,-1.8369701987210297e-16,DB01
202009191500,104,23.1,0,0,0.9396926207859084,-0.3420201433256687,DB01
202009191600,104,23.7,0,0,0.9396926207859084,-0.3420201433256687,DB02
202009191700,104,21.8,0,0,0.9396926207859084,-0.3420201433256687,DB01
202009191800,104,20.2,0,0,0.6427876096865395,-0.7660444431189779,DB01
202009191900,104,19.3,0,0,-0.9396926207859084,-0.34202014332566855,DB01
202009192000,104,18.7,0,0,-0.34202014332566866,-0.9396926207859084,DB01
202009192100,104,19.0,0,0,-0.34202014332566866,-0.9396926207859084,DB01
202009192200,104,16.2,0,0,-0.34202014332566866,-0.9396926207859084,DB01
202009192300,104,15.9,0,0,0.0,1.0,DB02
202009200000,104,17.4,0,0,-0.9396926207859084,-0.34202014332566855,DB01
202009200100,104,16.9,0,0,-1.0,-1.8369701987210297e-16,DB01
202009200200,104,18.6,0,0,-1.0,-1.8369701987210297e-16,DB01
202009200300,104,19.0,0,0,-1.0,-1.8369701987210297e-16,DB01
202009200400,104,17.0,0,0,-0.9396926207859084,-0.34202014332566855,DB01
202009200500,104,17.4,0,0,-0.9396926207859084,-0.34202014332566855,DB01
202009200600,104,14.8,0,0,0.6427876096865395,-0.7660444431189779,DB01
202009200700,104,14.8,0,0,0.6427876096865395,-0.7660444431189779,DB01
202009200800,104,18.4,0,0,0.6427876096865395,-0.7660444431189779,DB01
202009200900,104,20.7,0,0,-1.0,-1.8369701987210297e-16,DB01
202009201000,104,21.8,0,0,-1.0,-1.8369701987210297e-16,DB01
202009201100,104,22.2,0,0,-0.9396926207859084,-0.34202014332566855,DB01
202009201200,104,21.2,0,0,0.9396926207859084,-0.3420201433256687,DB01
202009201300,104,20.6,0,0,1.2246467991473532e-16,-1.0,DB01
202009201400,104,21.1,0,0,-1.0,-1.8369701987210297e-16,DB01
202009201500,104,19.7,0,0,1.0,6.123233995736766e-17,DB02
202009201600,104,18.4,0,0,1.0,6.123233995736766e-17,DB03
202009201700,104,18.5,0,0,1.0,6.123233995736766e-17,DB02
202009201800,104,17.1,0,0,0.0,1.0,DB01
202009201900,104,15.7,0,0,-0.9396926207859084,-0.34202014332566855,DB01
202009202000,104,15.5,0,0,-0.7660444431189779,-0.6427876096865395,DB01
202009202100,104,14.8,0,0,0.3420201433256689,-0.9396926207859083,DB01
202009202200,104,14.1,0,0,0.3420201433256689,-0.9396926207859083,DB01
202009202300,104,14.3,0,0,-0.34202014332566866,-0.9396926207859084,DB01
202009210000,104,14.0,0,0,1.2246467991473532e-16,-1.0,DB01
202009210100,104,13.7,0,0,-0.34202014332566866,-0.9396926207859084,DB01
202009210200,104,12.8,0,0,1.2246467991473532e-16,-1.0,DB01
202009210300,104,14.4,0,0,-0.9396926207859084,-0.34202014332566855,DB01
202009210400,104,13.2,0,0,0.3420201433256689,-0.9396926207859083,DB01
202009210500,104,14.7,0,0,1.2246467991473532e-16,-1.0,DB01
202009210600,104,12.9,0,0,0.0,1.0,DB01
202009210700,104,12.9,0,0,1.2246467991473532e-16,-1.0,DB01
202009210800,104,17.3,0,0,0.0,1.0,DB02
202009210900,104,19.1,0,0,-1.0,-1.8369701987210297e-16,DB02
202009211000,104,19.5,0,0,-1.0,-1.8369701987210297e-16,DB03
202009211100,104,20.3,0,0,-0.9396926207859084,-0.34202014332566855,DB03
202009211200,104,20.3,0,0,-0.34202014332566866,-0.9396926207859084,DB03
202009211300,104,20.0,0,0,-0.9396926207859084,-0.34202014332566855,DB03
202009211400,104,20.5,0,0,0.3420201433256689,-0.9396926207859083,DB03
202009211500,104,19.7,0,0,0.6427876096865395,-0.7660444431189779,DB03
202009211600,104,19.8,0,0,0.9396926207859084,-0.3420201433256687,DB03
202009211700,104,19.0,0,0,0.6427876096865395,-0.7660444431189779,DB03
202009211800,104,18.2,0,0,0.9396926207859084,-0.3420201433256687,DB03
202009211900,104,16.7,0,0,0.0,1.0,DB03
202009212000,104,15.7,0,0,-0.9396926207859084,-0.34202014332566855,DB02
202009212100,104,15.2,0,0,-1.0,-1.8369701987210297e-16,DB02
202009212200,104,15.1,0,0,-0.9396926207859084,-0.34202014332566855,DB01
202009212300,104,14.7,0,0,-0.9396926207859084,-0.34202014332566855,DB02
202009220000,104,14.7,0,0,-0.9396926207859084,-0.34202014332566855,DB01
202009220100,104,13.9,0,0,-0.34202014332566866,-0.9396926207859084,DB01
202009220200,104,13.9,0,0,0.0,1.0,DB01
202009220300,104,13.7,0,0,-0.7660444431189779,-0.6427876096865395,DB01
202009220400,104,13.4,0,0,-0.9396926207859084,-0.34202014332566855,DB02
202009220500,104,13.7,0,0,0.0,1.0,DB02
202009220600,104,14.0,0,0,0.0,1.0,DB03
202009220700,104,14.3,0,0,-0.9396926207859084,-0.34202014332566855,DB03
202009220800,104,16.5,0,0,-0.9396926207859083,0.342020143325669,DB03
202009220900,104,16.9,0,0,-1.0,-1.8369701987210297e-16,DB04
202009221000,104,16.8,0,0,-1.0,-1.8369701987210297e-16,DB04
202009221100,104,19.4,0,0,-0.9396926207859084,-0.34202014332566855,DB03
202009221200,104,18.6,0,0,1.0,6.123233995736766e-17,DB02
202009221300,104,19.6,0,0,1.0,6.123233995736766e-17,DB02
202009221400,104,19.8,0,0,1.0,6.123233995736766e-17,DB02
202009221500,104,18.7,0,0,1.0,6.123233995736766e-17,DB02
202009221600,104,19.4,0,0,1.0,6.123233995736766e-17,DB02
202009221700,104,18.1,0,0,1.0,6.123233995736766e-17,DB02
202009221800,104,16.8,0,0,1.0,6.123233995736766e-17,DB02
202009221900,104,15.6,0,0,0.0,1.0,DB02
202009222000,104,15.4,0,0,-0.9396926207859084,-0.34202014332566855,DB01
202009222100,104,15.2,0,0,-0.9396926207859084,-0.34202014332566855,DB03
202009222200,104,14.5,0,0,-1.0,-1.8369701987210297e-16,DB01
202009222300,104,14.2,0,0,-0.9396926207859084,-0.34202014332566855,DB01
202009230000,104,13.6,0,0,0.0,1.0,DB01
202009230100,104,13.6,0,0,-0.9396926207859084,-0.34202014332566855,DB02
202009230200,104,13.6,0,0,-0.9396926207859084,-0.34202014332566855,DB03
202009230300,104,13.8,0,0,-0.9396926207859084,-0.34202014332566855,DB02
202009230400,104,13.9,0,0,-0.9396926207859084,-0.34202014332566855,DB03
202009230500,104,14.8,0,0,-1.0,-1.8369701987210297e-16,DB04
202009230600,104,15.5,0,0,-0.9396926207859083,0.342020143325669,DB04
202009230700,104,14.7,0,0,-0.9396926207859084,-0.34202014332566855,DB04
202009230800,104,14.3,100,1,-1.0,-1.8369701987210297e-16,DB04
202009230900,104,14.8,100,1,-0.9396926207859083,0.342020143325669,DB04
202009231000,104,16.3,0,0,-1.0,-1.8369701987210297e-16,DB04
202009231100,104,17.3,0,0,-1.0,-1.8369701987210297e-16,DB04
202009231200,104,18.7,0,0,1.0,6.123233995736766e-17,DB04
202009231300,104,19.4,0,0,0.9396926207859084,-0.3420201433256687,DB03
202009231400,104,18.8,0,0,0.9396926207859084,-0.3420201433256687,DB03
202009231500,104,18.7,0,0,1.0,6.123233995736766e-17,DB03
202009231600,104,17.8,0,0,0.9396926207859084,-0.3420201433256687,DB04
202009231700,104,17.5,100,1,0.9396926207859084,-0.3420201433256687,DB04
202009231800,104,17.5,0,0,0.9396926207859084,-0.3420201433256687,DB04
202009231900,104,17.4,0,0,0.9396926207859084,-0.3420201433256687,DB03
202009232000,104,17.5,0,0,0.9396926207859084,-0.3420201433256687,DB04
202009232100,104,17.4,0,0,1.0,6.123233995736766e-17,DB03
202009232200,104,17.4,0,0,1.0,6.123233995736766e-17,DB04
202009232300,104,17.3,0,0,1.0,6.123233995736766e-17,DB03
202009240000,104,17.3,0,0,1.0,6.123233995736766e-17,DB03
202009240100,104,16.5,100,1,0.9396926207859084,-0.3420201433256687,DB04
202009240200,104,16.2,0,0,-1.0,-1.8369701987210297e-16,DB04
202009240300,104,15.9,0,0,-0.9396926207859083,0.342020143325669,DB03
202009240400,104,16.1,0,0,-1.0,-1.8369701987210297e-16,DB04
202009240500,104,15.9,100,1,-0.9396926207859084,-0.34202014332566855,DB04
202009240600,104,15.6,100,1,-1.0,-1.8369701987210297e-16,DB04
202009240700,104,15.7,100,1,-1.0,-1.8369701987210297e-16,DB04
202009240800,104,17.3,100,1,1.0,6.123233995736766e-17,DB04
202009240900,104,18.3,0,0,1.0,6.123233995736766e-17,DB04
202009241000,104,19.4,0,0,1.0,6.123233995736766e-17,DB03
202009241100,104,18.9,0,0,1.0,6.123233995736766e-17,DB03
202009241200,104,18.9,0,0,1.0,6.123233995736766e-17,DB04
202009241300,104,18.7,0,0,1.0,6.123233995736766e-17,DB04
202009241400,104,18.9,0,0,1.0,6.123233995736766e-17,DB04
202009241500,104,18.4,0,0,0.6427876096865395,-0.7660444431189779,DB02
202009241600,104,18.2,0,0,0.9396926207859084,-0.3420201433256687,DB03
202009241700,104,18.0,0,0,1.0,6.123233995736766e-17,DB03
202009241800,104,17.6,0,0,0.9396926207859084,-0.3420201433256687,DB03
202009241900,104,17.6,0,0,0.6427876096865395,-0.7660444431189779,DB03
202009242000,104,17.7,0,0,-0.34202014332566866,-0.9396926207859084,DB03
202009242100,104,17.9,0,0,1.2246467991473532e-16,-1.0,DB04
202009242200,104,17.9,100,1,1.2246467991473532e-16,-1.0,DB04
202009242300,104,17.8,0,0,0.6427876096865395,-0.7660444431189779,DB04
202009250000,104,17.8,100,1,0.6427876096865395,-0.7660444431189779,DB04
202009250100,104,17.5,100,1,0.3420201433256689,-0.9396926207859083,DB04
202009250200,104,17.7,100,1,0.3420201433256689,-0.9396926207859083,DB04
202009250300,104,17.9,100,1,0.6427876096865395,-0.7660444431189779,DB04
202009250400,104,17.8,100,1,1.0,6.123233995736766e-17,DB04
202009250500,104,17.9,100,1,0.9396926207859084,-0.3420201433256687,DB04
202009250600,104,17.9,0,0,1.0,6.123233995736766e-17,DB04
202009250700,104,18.0,0,0,0.9396926207859084,-0.3420201433256687,DB04
202009250800,104,18.0,0,0,0.6427876096865395,-0.7660444431189779,DB04
202009250900,104,18.5,0,0,0.3420201433256689,-0.9396926207859083,DB04
202009251000,104,18.4,0,0,1.2246467991473532e-16,-1.0,DB04
202009251100,104,18.5,0,0,0.3420201433256689,-0.9396926207859083,DB04
202009251200,104,18.9,0,0,0.6427876096865395,-0.7660444431189779,DB04
202009251300,104,19.0,0,0,1.2246467991473532e-16,-1.0,DB03
202009251400,104,19.1,0,0,-0.34202014332566866,-0.9396926207859084,DB02
202009251500,104,18.8,0,0,1.2246467991473532e-16,-1.0,DB03
202009251600,104,18.1,0,0,1.2246467991473532e-16,-1.0,DB03
202009251700,104,17.9,0,0,-0.34202014332566866,-0.9396926207859084,DB04
202009251800,104,17.7,100,1,-0.7660444431189779,-0.6427876096865395,DB04
202009251900,104,17.7,0,0,-0.34202014332566866,-0.9396926207859084,DB03
202009252000,104,17.1,0,0,-1.0,-1.8369701987210297e-16,DB02
202009252100,104,17.7,0,0,-0.9396926207859084,-0.34202014332566855,DB04
202009252200,104,17.1,100,1,-0.7660444431189779,-0.6427876096865395,DB04
202009252300,104,16.9,0,0,-1.0,-1.8369701987210297e-16,DB04
202009260000,104,16.5,0,0,-1.0,-1.8369701987210297e-16,DB03
202009260100,104,16.3,0,0,-1.0,-1.8369701987210297e-16,DB04
202009260200,104,16.3,0,0,-1.0,-1.8369701987210297e-16,DB04
202009260300,104,16.2,100,1,-1.0,-1.8369701987210297e-16,DB03
202009260400,104,16.4,0,0,-1.0,-1.8369701987210297e-16,DB04
202009260500,104,16.3,0,0,-1.0,-1.8369701987210297e-16,DB04
202009260600,104,17.3,0,0,-0.7660444431189779,-0.6427876096865395,DB04
202009260700,104,16.8,100,1,-0.9396926207859084,-0.34202014332566855,DB04
202009260800,104,16.9,100,1,0.3420201433256689,-0.9396926207859083,DB04
202009260900,104,17.6,0,0,-0.34202014332566866,-0.9396926207859084,DB04
202009261000,104,18.1,0,0,0.3420201433256689,-0.9396926207859083,DB04
202009261100,104,18.9,0,0,-0.7660444431189779,-0.6427876096865395,DB03
202009261200,104,18.4,0,0,0.3420201433256689,-0.9396926207859083,DB04
202009261300,104,18.4,0,0,-0.34202014332566866,-0.9396926207859084,DB03
202009261400,104,16.7,100,1,1.2246467991473532e-16,-1.0,DB04
202009261500,104,16.2,100,1,-0.34202014332566866,-0.9396926207859084,DB04
202009261600,104,16.1,100,1,-1.0,-1.8369701987210297e-16,DB04
202009261700,104,16.7,100,1,-0.34202014332566866,-0.9396926207859084,DB04
202009261800,104,16.1,0,0,-1.0,-1.8369701987210297e-16,DB04
202009261900,104,15.7,0,0,-1.0,-1.8369701987210297e-16,DB02
202009262000,104,16.0,0,0,-1.0,-1.8369701987210297e-16,DB03
202009262100,104,16.2,0,0,0.0,1.0,DB04
202009262200,104,16.5,0,0,-1.0,-1.8369701987210297e-16,DB03
202009262300,104,16.4,0,0,-0.9396926207859083,0.342020143325669,DB03
202009270000,104,16.4,0,0,-1.0,-1.8369701987210297e-16,DB04
202009270100,104,16.1,0,0,-0.9396926207859083,0.342020143325669,DB03
202009270200,104,15.8,100,1,0.3420201433256689,-0.9396926207859083,DB04
202009270300,104,15.6,100,1,-1.0,-1.8369701987210297e-16,DB03
202009270400,104,15.7,0,0,-1.0,-1.8369701987210297e-16,DB03
202009270500,104,15.6,0,0,-0.9396926207859083,0.342020143325669,DB03
202009270600,104,15.5,0,0,-0.9396926207859083,0.342020143325669,DB03
202009270700,104,15.5,0,0,-1.0,-1.8369701987210297e-16,DB04
202009270800,104,16.2,0,0,-0.9396926207859083,0.342020143325669,DB03
202009270900,104,17.0,0,0,-1.0,-1.8369701987210297e-16,DB03
202009271000,104,18.3,0,0,-0.7660444431189779,-0.6427876096865395,DB03
202009271100,104,18.8,0,0,0.6427876096865395,-0.7660444431189779,DB02
202009271200,104,18.9,0,0,1.0,6.123233995736766e-17,DB02
202009271300,104,19.3,0,0,1.0,6.123233995736766e-17,DB01
202009271400,104,19.1,0,0,1.0,6.123233995736766e-17,DB01
202009271500,104,18.8,0,0,1.0,6.123233995736766e-17,DB01
202009271600,104,18.7,0,0,1.0,6.123233995736766e-17,DB01
202009271700,104,18.3,0,0,1.0,6.123233995736766e-17,DB01
202009271800,104,16.5,0,0,0.0,1.0,DB01
202009271900,104,14.7,0,0,0.0,1.0,DB01
202009272000,104,14.5,0,0,0.0,1.0,DB01
202009272100,104,13.6,0,0,0.0,1.0,DB01
202009272200,104,13.5,0,0,0.3420201433256689,-0.9396926207859083,DB01
202009272300,104,12.6,0,0,0.3420201433256689,-0.9396926207859083,DB01
202009280000,104,11.8,0,0,0.0,1.0,DB01
202009280100,104,11.3,0,0,0.3420201433256689,-0.9396926207859083,DB01
202009280200,104,11.9,0,0,1.2246467991473532e-16,-1.0,DB01
202009280300,104,11.1,0,0,1.2246467991473532e-16,-1.0,DB01
202009280400,104,10.8,0,0,0.6427876096865395,-0.7660444431189779,DB01
202009280500,104,11.6,0,0,-0.9396926207859084,-0.34202014332566855,DB01
202009280600,104,11.0,0,0,0.0,1.0,DB01
202009280700,104,11.5,0,0,0.6427876096865395,-0.7660444431189779,DB01
202009280800,104,15.5,0,0,0.0,1.0,DB01
202009280900,104,17.7,0,0,0.6427876096865395,-0.7660444431189779,DB01
202009281000,104,19.2,0,0,0.6427876096865395,-0.7660444431189779,DB01
202009281100,104,19.5,0,0,0.9396926207859084,-0.3420201433256687,DB01
202009281200,104,21.4,0,0,0.9396926207859084,-0.3420201433256687,DB01
202009281300,104,21.9,0,0,0.9396926207859084,-0.3420201433256687,DB01
202009281400,104,22.0,0,0,0.9396926207859084,-0.3420201433256687,DB01
202009281500,104,21.8,0,0,0.9396926207859084,-0.3420201433256687,DB01
202009281600,104,21.2,0,0,0.9396926207859084,-0.3420201433256687,DB01
202009281700,104,19.8,0,0,0.9396926207859084,-0.3420201433256687,DB02
202009281800,104,18.2,0,0,0.0,1.0,DB02
202009281900,104,17.2,0,0,0.0,1.0,DB01
202009282000,104,16.0,0,0,0.0,1.0,DB01
202009282100,104,15.1,0,0,0.0,1.0,DB01
202009282200,104,14.8,0,0,0.3420201433256689,-0.9396926207859083,DB01
202009282300,104,14.0,0,0,0.0,1.0,DB01
202009290000,104,13.8,0,0,0.0,1.0,DB01
202009290100,104,13.2,0,0,1.2246467991473532e-16,-1.0,DB01
202009290200,104,13.1,0,0,0.0,1.0,DB01
202009290300,104,13.2,0,0,-0.34202014332566866,-0.9396926207859084,DB01
202009290400,104,14.7,0,0,0.3420201433256689,-0.9396926207859083,DB01
202009290500,104,15.2,0,0,0.3420201433256689,-0.9396926207859083,DB01
202009290600,104,13.6,0,0,0.3420201433256689,-0.9396926207859083,DB01
202009290700,104,14.5,0,0,0.0,1.0,DB02
202009290800,104,17.7,0,0,0.3420201433256689,-0.9396926207859083,DB02
202009290900,104,20.2,0,0,1.2246467991473532e-16,-1.0,DB02
202009291000,104,22.0,0,0,0.0,1.0,DB03
202009291100,104,22.7,0,0,0.9396926207859084,-0.3420201433256687,DB03
202009291200,104,22.5,0,0,0.9396926207859084,-0.3420201433256687,DB03
202009291300,104,22.3,0,0,0.9396926207859084,-0.3420201433256687,DB04
202009291400,104,22.3,0,0,0.9396926207859084,-0.3420201433256687,DB03
202009291500,104,21.1,0,0,0.9396926207859084,-0.3420201433256687,DB04
202009291600,104,20.1,0,0,0.6427876096865395,-0.7660444431189779,DB04
202009291700,104,20.0,0,0,0.0,1.0,DB04
202009291800,104,17.6,0,0,0.0,1.0,DB04
202009291900,104,16.6,0,0,-1.0,-1.8369701987210297e-16,DB03
202009292000,104,16.8,0,0,-0.9396926207859084,-0.34202014332566855,DB04
202009292100,104,16.3,0,0,-0.9396926207859084,-0.34202014332566855,DB03
202009292200,104,15.3,0,0,1.2246467991473532e-16,-1.0,DB03
202009292300,104,14.7,0,0,0.0,1.0,DB03
202009300000,104,14.5,0,0,0.0,1.0,DB03
202009300100,104,14.8,0,0,-1.0,-1.8369701987210297e-16,DB03
202009300200,104,14.8,0,0,-1.0,-1.8369701987210297e-16,DB03
202009300300,104,15.3,0,0,-1.0,-1.8369701987210297e-16,DB03
202009300400,104,14.2,0,0,-0.7660444431189779,-0.6427876096865395,DB03
202009300500,104,15.2,0,0,-0.9396926207859084,-0.34202014332566855,DB03
202009300600,104,15.1,0,0,-1.0,-1.8369701987210297e-16,DB04
202009300700,104,16.1,0,0,-0.9396926207859084,-0.34202014332566855,DB04
202009300800,104,17.6,0,0,-0.9396926207859084,-0.34202014332566855,DB03
202009300900,104,19.6,0,0,-1.0,-1.8369701987210297e-16,DB03
202009301000,104,19.8,0,0,-0.34202014332566866,-0.9396926207859084,DB03
202009301100,104,19.7,0,0,-0.9396926207859084,-0.34202014332566855,DB04
202009301200,104,20.0,0,0,-1.0,-1.8369701987210297e-16,DB03
202009301300,104,20.5,0,0,1.2246467991473532e-16,-1.0,DB03
202009301400,104,19.5,0,0,-0.34202014332566866,-0.9396926207859084,DB04
202009301500,104,18.7,0,0,1.0,6.123233995736766e-17,DB04
202009301600,104,18.3,0,0,1.0,6.123233995736766e-17,DB04
202009301700,104,17.8,0,0,0.9396926207859083,0.3420201433256688,DB04
202009301800,104,17.3,0,0,1.0,6.123233995736766e-17,DB04
202009301900,104,16.6,100,1,1.0,6.123233995736766e-17,DB04
202009302000,104,16.6,100,1,0.0,1.0,DB04
202009302100,104,16.2,0,0,0.0,1.0,DB03
202009302200,104,15.7,0,0,-1.0,-1.8369701987210297e-16,DB03
202009302300,104,15.0,100,1,-1.0,-1.8369701987210297e-16,DB04
202010010000,104,15.0,100,1,-1.0,-1.8369701987210297e-16,DB04
202010010100,104,15.2,0,0,-1.0,-1.8369701987210297e-16,DB04
202010010200,104,15.0,0,0,-0.9396926207859083,0.342020143325669,DB04
202010010300,104,14.9,0,0,-1.0,-1.8369701987210297e-16,DB04
202010010400,104,15.0,0,0,-1.0,-1.8369701987210297e-16,DB04
202010010500,104,14.7,0,0,-0.9396926207859084,-0.34202014332566855,DB04
202010010600,104,14.8,0,0,-0.9396926207859084,-0.34202014332566855,DB04
202010010700,104,15.0,0,0,-0.9396926207859083,0.342020143325669,DB04
202010010800,104,14.8,0,0,-0.9396926207859084,-0.34202014332566855,DB04
202010010900,104,14.7,100,1,-0.9396926207859084,-0.34202014332566855,DB04
202010011000,104,16.6,0,0,-0.7660444431189779,-0.6427876096865395,DB04
202010011100,104,17.3,0,0,0.0,1.0,DB04
202010011200,104,17.4,0,0,0.9396926207859084,-0.3420201433256687,DB04
202010011300,104,17.9,0,0,0.9396926207859084,-0.3420201433256687,DB04
202010011400,104,17.4,0,0,0.9396926207859084,-0.3420201433256687,DB04
202010011500,104,17.1,0,0,1.0,6.123233995736766e-17,DB04
202010011600,104,17.1,0,0,0.0,1.0,DB04
202010011700,104,17.0,0,0,0.0,1.0,DB04
202010011800,104,16.6,0,0,0.0,1.0,DB04
202010011900,104,16.2,0,0,0.0,1.0,DB04
202010012000,104,16.1,0,0,0.0,1.0,DB04
202010012100,104,15.7,0,0,0.0,1.0,DB04
202010012200,104,15.1,0,0,0.0,1.0,DB04
202010012300,104,14.8,0,0,0.0,1.0,DB04
202010020000,104,14.5,0,0,1.2246467991473532e-16,-1.0,DB04
202010020100,104,15.2,0,0,0.0,1.0,DB04
202010020200,104,14.7,0,0,0.0,1.0,DB04
202010020300,104,15.4,0,0,0.3420201433256689,-0.9396926207859083,DB04
202010020400,104,16.9,0,0,0.3420201433256689,-0.9396926207859083,DB04
202010020500,104,16.3,0,0,0.3420201433256689,-0.9396926207859083,DB02
202010020600,104,18.1,0,0,0.3420201433256689,-0.9396926207859083,DB02
202010020700,104,16.1,0,0,-0.7660444431189779,-0.6427876096865395,DB02
202010020800,104,19.1,0,0,0.0,1.0,DB02
202010020900,104,20.8,0,0,-0.34202014332566866,-0.9396926207859084,DB02
202010021000,104,21.9,0,0,-1.0,-1.8369701987210297e-16,DB02
202010021100,104,23.6,0,0,-0.9396926207859084,-0.34202014332566855,DB02
202010021200,104,23.5,0,0,0.6427876096865395,-0.7660444431189779,DB02
202010021300,104,24.9,0,0,1.2246467991473532e-16,-1.0,DB02
202010021400,104,24.9,0,0,-0.9396926207859084,-0.34202014332566855,DB03
202010021500,104,22.1,0,0,-0.9396926207859083,0.342020143325669,DB04
202010021600,104,20.1,0,0,-1.0,-1.8369701987210297e-16,DB04
202010021700,104,20.0,0,0,-1.0,-1.8369701987210297e-16,DB04
202010021800,104,20.8,0,0,-0.7660444431189779,-0.6427876096865395,DB04
202010021900,104,20.7,0,0,-0.7660444431189779,-0.6427876096865395,DB04
202010022000,104,20.7,0,0,-0.7660444431189779,-0.6427876096865395,DB04
202010022100,104,20.5,0,0,-0.7660444431189779,-0.6427876096865395,DB04
202010022200,104,20.1,0,0,-0.7660444431189779,-0.6427876096865395,DB04
202010022300,104,20.1,0,0,-0.34202014332566866,-0.9396926207859084,DB04
202010030000,104,19.8,0,0,-0.7660444431189779,-0.6427876096865395,DB04
202010030100,104,19.8,0,0,-0.34202014332566866,-0.9396926207859084,DB04
202010030200,104,19.8,0,0,-0.34202014332566866,-0.9396926207859084,DB04
202010030300,104,19.2,0,0,-0.9396926207859084,-0.34202014332566855,DB04
202010030400,104,18.5,0,0,0.6427876096865395,-0.7660444431189779,DB04
202010030500,104,17.5,0,0,0.9396926207859084,-0.3420201433256687,DB04
202010030600,104,18.4,0,0,1.2246467991473532e-16,-1.0,DB04
202010030700,104,18.1,0,0,0.0,1.0,DB04
202010030800,104,17.6,0,0,0.6427876096865395,-0.7660444431189779,DB04
202010030900,104,17.9,0,0,0.0,1.0,DB04
202010031000,104,17.8,0,0,-1.0,-1.8369701987210297e-16,DB04
202010031100,104,19.1,100,1,-0.9396926207859084,-0.34202014332566855,DB03
202010031200,104,22.0,0,0,0.6427876096865395,-0.7660444431189779,DB02
202010031300,104,21.6,0,0,1.0,6.123233995736766e-17,DB02
202010031400,104,20.7,0,0,1.0,6.123233995736766e-17,DB02
202010031500,104,20.2,0,0,-1.0,-1.8369701987210297e-16,DB03
202010031600,104,19.5,0,0,-1.0,-1.8369701987210297e-16,DB03
202010031700,104,18.4,0,0,-0.34202014332566866,-0.9396926207859084,DB03
202010031800,104,17.7,0,0,-1.0,-1.8369701987210297e-16,DB04
202010031900,104,16.5,0,0,0.0,1.0,DB03
202010032000,104,16.4,0,0,-0.7660444431189779,-0.6427876096865395,DB04
202010032100,104,16.0,0,0,0.0,1.0,DB04
202010032200,104,15.8,0,0,0.0,1.0,DB04
202010032300,104,16.1,0,0,0.0,1.0,DB04
202010040000,104,16.3,0,0,0.0,1.0,DB04
202010040100,104,16.4,0,0,0.0,1.0,DB04
202010040200,104,16.5,0,0,1.2246467991473532e-16,-1.0,DB04
202010040300,104,16.6,0,0,-0.7660444431189779,-0.6427876096865395,DB04
202010040400,104,16.3,0,0,0.0,1.0,DB04
202010040500,104,16.7,0,0,-0.34202014332566866,-0.9396926207859084,DB04
202010040600,104,16.4,0,0,0.0,1.0,DB04
202010040700,104,16.1,0,0,0.0,1.0,DB04
202010040800,104,17.2,0,0,-0.7660444431189779,-0.6427876096865395,DB03
202010040900,104,17.1,0,0,0.0,1.0,DB03
202010041000,104,18.1,0,0,0.0,1.0,DB04
202010041100,104,19.5,0,0,0.0,1.0,DB03
202010041200,104,20.6,0,0,-0.7660444431189779,-0.6427876096865395,DB03
202010041300,104,21.8,0,0,0.6427876096865395,-0.7660444431189779,DB03
202010041400,104,22.4,0,0,-0.34202014332566866,-0.9396926207859084,DB03
202010041500,104,22.4,0,0,-0.7660444431189779,-0.6427876096865395,DB03
202010041600,104,21.2,0,0,-0.7660444431189779,-0.6427876096865395,DB03
202010041700,104,20.2,0,0,-0.7660444431189779,-0.6427876096865395,DB03
202010041800,104,19.8,0,0,-0.34202014332566866,-0.9396926207859084,DB03
202010041900,104,18.5,0,0,-0.7660444431189779,-0.6427876096865395,DB04
202010042000,104,17.5,0,0,0.0,1.0,DB04
202010042100,104,16.7,0,0,-0.34202014332566866,-0.9396926207859084,DB03
202010042200,104,14.8,0,0,1.2246467991473532e-16,-1.0,DB03
202010042300,104,13.6,0,0,-1.0,-1.8369701987210297e-16,DB03
202010050000,104,10.3,0,0,0.6427876096865395,-0.7660444431189779,DB02
202010050100,104,10.9,0,0,-1.0,-1.8369701987210297e-16,DB01
202010050200,104,9.3,0,0,1.2246467991473532e-16,-1.0,DB01
202010050300,104,9.4,0,0,1.2246467991473532e-16,-1.0,DB01
202010050400,104,8.8,0,0,-0.34202014332566866,-0.9396926207859084,DB01
202010050500,104,9.4,0,0,0.3420201433256689,-0.9396926207859083,DB01
202010050600,104,8.3,0,0,0.6427876096865395,-0.7660444431189779,DB01
202010050700,104,12.1,0,0,-1.0,-1.8369701987210297e-16,DB01
202010050800,104,13.9,0,0,-1.0,-1.8369701987210297e-16,DB01
202010050900,104,15.2,0,0,-1.0,-1.8369701987210297e-16,DB01
202010051000,104,16.4,0,0,-1.0,-1.8369701987210297e-16,DB01
202010051100,104,18.2,0,0,-1.0,-1.8369701987210297e-16,DB01
202010051200,104,19.4,0,0,-1.0,-1.8369701987210297e-16,DB01
202010051300,104,19.3,0,0,-1.0,-1.8369701987210297e-16,DB01
202010051400,104,19.7,0,0,-1.0,-1.8369701987210297e-16,DB01
202010051500,104,19.6,0,0,-1.0,-1.8369701987210297e-16,DB01
202010051600,104,19.6,0,0,-1.0,-1.8369701987210297e-16,DB01
202010051700,104,17.9,0,0,0.9396926207859084,-0.3420201433256687,DB01
202010051800,104,14.3,0,0,-0.7660444431189779,-0.6427876096865395,DB02
202010051900,104,14.2,0,0,-0.7660444431189779,-0.6427876096865395,DB02
202010052000,104,14.8,0,0,-0.9396926207859084,-0.34202014332566855,DB03
202010052100,104,14.9,0,0,-0.9396926207859084,-0.34202014332566855,DB02
202010052200,104,13.4,0,0,-0.7660444431189779,-0.6427876096865395,DB03
202010052300,104,13.4,0,0,-0.9396926207859084,-0.34202014332566855,DB03
202010060000,104,11.9,0,0,0.0,1.0,DB03
202010060100,104,10.5,0,0,-0.7660444431189779,-0.6427876096865395,DB01
202010060200,104,10.5,0,0,0.3420201433256689,-0.9396926207859083,DB01
202010060300,104,10.1,0,0,-0.34202014332566866,-0.9396926207859084,DB01
202010060400,104,9.7,0,0,-0.34202014332566866,-0.9396926207859084,DB01
202010060500,104,9.7,0,0,1.2246467991473532e-16,-1.0,DB01
202010060600,104,9.2,0,0,0.3420201433256689,-0.9396926207859083,DB01
202010060700,104,9.1,0,0,0.6427876096865395,-0.7660444431189779,DB01
202010060800,104,11.8,0,0,0.0,1.0,DB01
202010060900,104,14.6,0,0,1.2246467991473532e-16,-1.0,DB01
202010061000,104,15.5,0,0,-1.0,-1.8369701987210297e-16,DB01
202010061100,104,16.3,0,0,0.3420201433256689,-0.9396926207859083,DB01
202010061200,104,16.2,0,0,1.0,6.123233995736766e-17,DB01
202010061300,104,16.6,0,0,-0.34202014332566866,-0.9396926207859084,DB01
202010061400,104,16.2,0,0,1.0,6.123233995736766e-17,DB01
202010061500,104,16.7,0,0,-0.7660444431189779,-0.6427876096865395,DB01
202010061600,104,15.8,0,0,0.3420201433256689,-0.9396926207859083,DB01
202010061700,104,15.1,0,0,1.0,6.123233995736766e-17,DB01
202010061800,104,12.1,0,0,0.0,1.0,DB01
202010061900,104,11.3,0,0,0.0,1.0,DB01
202010062000,104,10.9,0,0,-0.7660444431189779,-0.6427876096865395,DB02
202010062100,104,10.6,0,0,-0.7660444431189779,-0.6427876096865395,DB03
202010062200,104,10.5,0,0,1.2246467991473532e-16,-1.0,DB03
202010062300,104,9.7,0,0,0.0,1.0,DB03
202010070000,104,9.4,0,0,0.0,1.0,DB03
202010070100,104,9.2,0,0,0.3420201433256689,-0.9396926207859083,DB03
202010070200,104,9.3,0,0,0.0,1.0,DB03
202010070300,104,10.8,0,0,-0.9396926207859084,-0.34202014332566855,DB03
202010070400,104,11.4,0,0,-0.9396926207859084,-0.34202014332566855,DB03
202010070500,104,10.1,0,0,0.3420201433256689,-0.9396926207859083,DB03
202010070600,104,10.0,0,0,0.0,1.0,DB03
202010070700,104,11.2,0,0,-0.9396926207859084,-0.34202014332566855,DB03
202010070800,104,13.3,0,0,-0.9396926207859084,-0.34202014332566855,DB02
202010070900,104,15.3,0,0,-1.0,-1.8369701987210297e-16,DB03
202010071000,104,16.2,0,0,-1.0,-1.8369701987210297e-16,DB03
202010071100,104,16.7,0,0,-0.7660444431189779,-0.6427876096865395,DB03
202010071200,104,17.0,0,0,-0.9396926207859084,-0.34202014332566855,DB04
202010071300,104,16.1,0,0,-0.34202014332566866,-0.9396926207859084,DB04
202010071400,104,16.1,0,0,-1.0,-1.8369701987210297e-16,DB04
202010071500,104,16.1,0,0,-1.0,-1.8369701987210297e-16,DB04
202010071600,104,15.8,0,0,-1.0,-1.8369701987210297e-16,DB04
202010071700,104,15.4,0,0,-1.0,-1.8369701987210297e-16,DB04
202010071800,104,14.5,0,0,-0.9396926207859084,-0.34202014332566855,DB03
202010071900,104,14.3,0,0,-0.9396926207859084,-0.34202014332566855,DB03
202010072000,104,13.7,0,0,-0.9396926207859084,-0.34202014332566855,DB03
202010072100,104,13.4,0,0,-0.9396926207859084,-0.34202014332566855,DB02
202010072200,104,13.4,0,0,-0.9396926207859084,-0.34202014332566855,DB03
202010072300,104,11.8,0,0,0.0,1.0,DB02
202010080000,104,12.1,0,0,0.0,1.0,DB01
202010080100,104,12.3,0,0,-1.0,-1.8369701987210297e-16,DB02
202010080200,104,13.0,0,0,-1.0,-1.8369701987210297e-16,DB03
202010080300,104,11.9,0,0,0.0,1.0,DB03
202010080400,104,11.9,0,0,0.0,1.0,DB01
202010080500,104,11.8,0,0,-1.0,-1.8369701987210297e-16,DB01
202010080600,104,11.2,0,0,0.0,1.0,DB01
202010080700,104,11.5,0,0,-0.9396926207859084,-0.34202014332566855,DB02
202010080800,104,15.1,0,0,-0.9396926207859083,0.342020143325669,DB02
202010080900,104,16.0,0,0,-0.7660444431189779,-0.6427876096865395,DB01
202010081000,104,17.4,0,0,1.2246467991473532e-16,-1.0,DB01
202010081100,104,17.7,0,0,0.9396926207859084,-0.3420201433256687,DB02
202010081200,104,19.4,0,0,0.9396926207859084,-0.3420201433256687,DB01
202010081300,104,18.3,0,0,0.9396926207859084,-0.3420201433256687,DB01
202010081400,104,18.2,0,0,0.9396926207859084,-0.3420201433256687,DB01
202010081500,104,18.4,0,0,1.0,6.123233995736766e-17,DB01
202010081600,104,17.7,0,0,1.0,6.123233995736766e-17,DB01
202010081700,104,17.0,0,0,0.0,1.0,DB01
202010081800,104,13.7,0,0,0.0,1.0,DB01
202010081900,104,12.8,0,0,0.0,1.0,DB01
202010082000,104,12.7,0,0,-0.9396926207859084,-0.34202014332566855,DB01
202010082100,104,12.6,0,0,-0.9396926207859084,-0.34202014332566855,DB01
202010082200,104,12.4,0,0,-0.9396926207859084,-0.34202014332566855,DB01
202010082300,104,12.6,0,0,-1.0,-1.8369701987210297e-16,DB01
202010090000,104,12.2,0,0,-1.0,-1.8369701987210297e-16,DB01
202010090100,104,12.1,0,0,0.0,1.0,DB01
202010090200,104,13.1,0,0,0.0,1.0,DB02
202010090300,104,13.1,0,0,-1.0,-1.8369701987210297e-16,DB03
202010090400,104,13.5,0,0,0.0,1.0,DB03
202010090500,104,13.4,0,0,-0.9396926207859083,0.342020143325669,DB03
202010090600,104,13.3,0,0,-0.9396926207859083,0.342020143325669,DB03
202010090700,104,14.2,0,0,-1.0,-1.8369701987210297e-16,DB03
202010090800,104,14.6,0,0,0.0,1.0,DB02
202010090900,104,17.1,0,0,1.0,6.123233995736766e-17,DB02
202010091000,104,18.2,0,0,1.0,6.123233995736766e-17,DB02
202010091100,104,18.8,0,0,0.9396926207859084,-0.3420201433256687,DB03
202010091200,104,19.1,0,0,1.0,6.123233995736766e-17,DB02
202010091300,104,18.2,0,0,1.0,6.123233995736766e-17,DB02
202010091400,104,17.6,0,0,1.0,6.123233995736766e-17,DB02
202010091500,104,18.3,0,0,1.0,6.123233995736766e-17,DB02
202010091600,104,17.5,0,0,1.0,6.123233995736766e-17,DB02
202010091700,104,16.7,0,0,1.0,6.123233995736766e-17,DB02
202010091800,104,15.5,0,0,0.0,1.0,DB02
202010091900,104,14.8,0,0,0.0,1.0,DB03
202010092000,104,15.3,0,0,0.0,1.0,DB03
202010092100,104,15.8,0,0,1.0,6.123233995736766e-17,DB03
202010092200,104,15.7,0,0,0.9396926207859083,0.3420201433256688,DB03
202010092300,104,15.4,0,0,0.3420201433256689,-0.9396926207859083,DB03
202010100000,104,14.8,0,0,-1.0,-1.8369701987210297e-16,DB04
202010100100,104,13.1,0,0,-0.9396926207859083,0.342020143325669,DB03
202010100200,104,13.3,0,0,-1.0,-1.8369701987210297e-16,DB04
202010100300,104,13.8,0,0,-1.0,-1.8369701987210297e-16,DB03
202010100400,104,13.9,0,0,-0.9396926207859083,0.342020143325669,DB04
202010100500,104,14.3,0,0,-0.9396926207859083,0.342020143325669,DB04
202010100600,104,14.2,0,0,-1.0,-1.8369701987210297e-16,DB03
202010100700,104,14.1,0,0,-1.0,-1.8369701987210297e-16,DB04
202010100800,104,14.3,0,0,-1.0,-1.8369701987210297e-16,DB04
202010100900,104,14.5,0,0,-1.0,-1.8369701987210297e-16,DB04
202010101000,104,14.9,0,0,-1.0,-1.8369701987210297e-16,DB04
202010101100,104,16.4,0,0,-0.7660444431189779,-0.6427876096865395,DB03
202010101200,104,17.1,0,0,-1.0,-1.8369701987210297e-16,DB03
202010101300,104,16.6,0,0,-0.7660444431189779,-0.6427876096865395,DB03
202010101400,104,16.6,0,0,1.2246467991473532e-16,-1.0,DB02
202010101500,104,16.7,0,0,0.9396926207859084,-0.3420201433256687,DB02
202010101600,104,16.5,0,0,-0.7660444431189779,-0.6427876096865395,DB03
202010101700,104,15.8,0,0,-0.7660444431189779,-0.6427876096865395,DB03
202010101800,104,14.5,0,0,-1.0,-1.8369701987210297e-16,DB03
202010101900,104,13.9,0,0,0.0,1.0,DB03
202010102000,104,14.1,0,0,0.0,1.0,DB03
202010102100,104,13.4,0,0,-1.0,-1.8369701987210297e-16,DB03
202010102200,104,12.7,0,0,0.0,1.0,DB03
202010102300,104,12.6,0,0,-0.9396926207859084,-0.34202014332566855,DB03
202010110000,104,12.9,0,0,-0.9396926207859084,-0.34202014332566855,DB03
202010110100,104,12.8,0,0,-1.0,-1.8369701987210297e-16,DB04
202010110200,104,12.4,0,0,-0.9396926207859084,-0.34202014332566855,DB03
202010110300,104,12.3,0,0,-0.9396926207859084,-0.34202014332566855,DB04
202010110400,104,12.2,0,0,-0.9396926207859084,-0.34202014332566855,DB02
202010110500,104,11.9,0,0,-0.9396926207859084,-0.34202014332566855,DB02
202010110600,104,11.2,0,0,-0.34202014332566866,-0.9396926207859084,DB01
202010110700,104,11.3,0,0,0.0,1.0,DB01
202010110800,104,13.8,0,0,0.0,1.0,DB02
202010110900,104,16.0,0,0,0.0,1.0,DB02
202010111000,104,15.8,0,0,0.9396926207859084,-0.3420201433256687,DB03
202010111100,104,17.0,0,0,1.0,6.123233995736766e-17,DB02
202010111200,104,16.3,0,0,1.0,6.123233995736766e-17,DB02
202010111300,104,17.2,0,0,1.0,6.123233995736766e-17,DB03
202010111400,104,16.0,0,0,1.0,6.123233995736766e-17,DB04
202010111500,104,15.8,0,0,0.9396926207859084,-0.3420201433256687,DB04
202010111600,104,15.4,0,0,0.0,1.0,DB04
202010111700,104,15.0,0,0,0.0,1.0,DB04
202010111800,104,13.6,0,0,0.9396926207859084,-0.3420201433256687,DB04
202010111900,104,13.5,0,0,0.0,1.0,DB03
202010112000,104,12.8,0,0,1.2246467991473532e-16,-1.0,DB03
202010112100,104,11.6,0,0,0.0,1.0,DB03
202010112200,104,12.0,0,0,0.0,1.0,DB03
202010112300,104,12.2,0,0,0.3420201433256689,-0.9396926207859083,DB04
202010120000,104,13.7,0,0,0.3420201433256689,-0.9396926207859083,DB04
202010120100,104,13.0,0,0,0.0,1.0,DB04
202010120200,104,13.2,0,0,0.0,1.0,DB04
202010120300,104,12.7,0,0,0.0,1.0,DB02
202010120400,104,12.2,0,0,-0.7660444431189779,-0.6427876096865395,DB02
202010120500,104,12.7,0,0,-1.0,-1.8369701987210297e-16,DB02
202010120600,104,11.7,0,0,0.3420201433256689,-0.9396926207859083,DB02
202010120700,104,12.8,0,0,1.2246467991473532e-16,-1.0,DB03
202010120800,104,13.4,0,0,-0.7660444431189779,-0.6427876096865395,DB04
202010120900,104,15.2,0,0,-0.34202014332566866,-0.9396926207859084,DB04
202010121000,104,17.2,0,0,0.3420201433256689,-0.9396926207859083,DB03
202010121100,104,19.8,0,0,0.9396926207859084,-0.3420201433256687,DB02
202010121200,104,20.6,0,0,1.0,6.123233995736766e-17,DB01
202010121300,104,19.9,0,0,0.9396926207859084,-0.3420201433256687,DB03
202010121400,104,18.7,0,0,0.9396926207859084,-0.3420201433256687,DB02
202010121500,104,18.9,0,0,1.2246467991473532e-16,-1.0,DB02
202010121600,104,17.5,0,0,1.0,6.123233995736766e-17,DB02
202010121700,104,17.2,0,0,0.0,1.0,DB03
202010121800,104,14.9,0,0,0.0,1.0,DB03
202010121900,104,13.9,0,0,0.0,1.0,DB02
202010122000,104,13.9,0,0,0.0,1.0,DB02
202010122100,104,13.1,0,0,-0.34202014332566866,-0.9396926207859084,DB02
202010122200,104,12.6,0,0,0.0,1.0,DB02
202010122300,104,12.9,0,0,0.0,1.0,DB02
202010130000,104,13.1,0,0,-0.9396926207859084,-0.34202014332566855,DB02
202010130100,104,12.4,0,0,-0.9396926207859084,-0.34202014332566855,DB01
202010130200,104,11.4,0,0,1.2246467991473532e-16,-1.0,DB01
202010130300,104,11.4,0,0,0.6427876096865395,-0.7660444431189779,DB01
202010130400,104,11.3,0,0,-1.0,-1.8369701987210297e-16,DB01
202010130500,104,10.9,0,0,0.0,1.0,DB01
202010130600,104,9.1,0,0,0.0,1.0,DB01
202010130700,104,10.3,0,0,0.0,1.0,DB01
202010130800,104,12.7,0,0,0.3420201433256689,-0.9396926207859083,DB02
202010130900,104,15.0,0,0,0.3420201433256689,-0.9396926207859083,DB03
202010131000,104,16.4,0,0,-1.0,-1.8369701987210297e-16,DB03
202010131100,104,16.5,0,0,-0.7660444431189779,-0.6427876096865395,DB03
202010131200,104,17.1,0,0,-0.34202014332566866,-0.9396926207859084,DB02
202010131300,104,17.3,0,0,-0.34202014332566866,-0.9396926207859084,DB03
202010131400,104,15.7,0,0,0.6427876096865395,-0.7660444431189779,DB03
202010131500,104,15.7,0,0,-0.34202014332566866,-0.9396926207859084,DB03
202010131600,104,14.3,0,0,1.2246467991473532e-16,-1.0,DB04
202010131700,104,14.0,0,0,-0.9396926207859084,-0.34202014332566855,DB03
202010131800,104,13.0,0,0,-0.7660444431189779,-0.6427876096865395,DB03
202010131900,104,12.1,0,0,0.3420201433256689,-0.9396926207859083,DB02
202010132000,104,11.6,0,0,0.3420201433256689,-0.9396926207859083,DB01
202010132100,104,12.3,0,0,1.2246467991473532e-16,-1.0,DB01
202010132200,104,12.1,0,0,1.2246467991473532e-16,-1.0,DB01
202010132300,104,11.0,0,0,0.3420201433256689,-0.9396926207859083,DB02
202010140000,104,11.1,0,0,0.3420201433256689,-0.9396926207859083,DB01
202010140100,104,10.1,0,0,0.6427876096865395,-0.7660444431189779,DB01
202010140200,104,11.3,0,0,-0.34202014332566866,-0.9396926207859084,DB01
202010140300,104,10.1,0,0,-0.9396926207859084,-0.34202014332566855,DB01
202010140400,104,13.1,0,0,-1.0,-1.8369701987210297e-16,DB03
202010140500,104,12.2,0,0,0.0,1.0,DB04
202010140600,104,12.1,0,0,0.9396926207859084,-0.3420201433256687,DB04
202010140700,104,12.2,0,0,1.2246467991473532e-16,-1.0,DB04
202010140800,104,11.9,0,0,1.2246467991473532e-16,-1.0,DB04
202010140900,104,12.7,0,0,0.3420201433256689,-0.9396926207859083,DB04
202010141000,104,16.2,0,0,0.0,1.0,DB04
202010141100,104,16.7,0,0,0.0,1.0,DB04
202010141200,104,17.8,0,0,1.0,6.123233995736766e-17,DB04
202010141300,104,17.7,0,0,1.0,6.123233995736766e-17,DB03
202010141400,104,17.3,0,0,0.6427876096865395,-0.7660444431189779,DB02
202010141500,104,16.0,0,0,1.2246467991473532e-16,-1.0,DB03
202010141600,104,15.6,0,0,1.2246467991473532e-16,-1.0,DB03
202010141700,104,15.2,0,0,-1.0,-1.8369701987210297e-16,DB01
202010141800,104,13.0,0,0,-1.0,-1.8369701987210297e-16,DB03
202010141900,104,11.9,0,0,-0.9396926207859084,-0.34202014332566855,DB03
202010142000,104,11.0,0,0,0.0,1.0,DB02
202010142100,104,10.8,0,0,0.0,1.0,DB01
202010142200,104,9.6,0,0,0.6427876096865395,-0.7660444431189779,DB03
202010142300,104,9.6,0,0,0.0,1.0,DB03
202010150000,104,9.8,0,0,0.0,1.0,DB03
202010150100,104,9.8,0,0,-1.0,-1.8369701987210297e-16,DB03
202010150200,104,8.0,0,0,0.3420201433256689,-0.9396926207859083,DB03
202010150300,104,9.5,0,0,0.0,1.0,DB03
202010150400,104,9.0,0,0,-1.0,-1.8369701987210297e-16,DB03
202010150500,104,10.0,0,0,-0.9396926207859083,0.342020143325669,DB03
202010150600,104,9.5,0,0,-0.9396926207859084,-0.34202014332566855,DB04
202010150700,104,10.2,0,0,-0.9396926207859084,-0.34202014332566855,DB04
202010150800,104,10.8,0,0,-1.0,-1.8369701987210297e-16,DB03
202010150900,104,12.7,0,0,-1.0,-1.8369701987210297e-16,DB03
202010151000,104,13.6,0,0,-1.0,-1.8369701987210297e-16,DB04
202010151100,104,13.5,0,0,-0.7660444431189779,-0.6427876096865395,DB04
202010151200,104,13.9,0,0,-0.7660444431189779,-0.6427876096865395,DB04
202010151300,104,15.2,0,0,1.0,6.123233995736766e-17,DB03
202010151400,104,15.2,0,0,1.0,6.123233995736766e-17,DB03
202010151500,104,14.6,0,0,1.0,6.123233995736766e-17,DB03
202010151600,104,14.6,0,0,0.9396926207859084,-0.3420201433256687,DB03
202010151700,104,12.8,0,0,0.9396926207859084,-0.3420201433256687,DB03
202010151800,104,10.9,0,0,0.0,1.0,DB03
202010151900,104,10.7,0,0,-0.9396926207859084,-0.34202014332566855,DB02
202010152000,104,9.5,0,0,1.2246467991473532e-16,-1.0,DB02
202010152100,104,8.6,0,0,0.0,1.0,DB03
202010152200,104,9.4,0,0,1.2246467991473532e-16,-1.0,DB03
202010152300,104,8.8,0,0,0.6427876096865395,-0.7660444431189779,DB03
202010160000,104,9.0,0,0,-0.9396926207859084,-0.34202014332566855,DB01
202010160100,104,10.1,0,0,-0.7660444431189779,-0.6427876096865395,DB01
202010160200,104,7.4,0,0,0.3420201433256689,-0.9396926207859083,DB01
202010160300,104,8.0,0,0,1.2246467991473532e-16,-1.0,DB01
202010160400,104,9.5,0,0,1.2246467991473532e-16,-1.0,DB02
202010160500,104,9.0,0,0,-0.34202014332566866,-0.9396926207859084,DB02
202010160600,104,9.1,0,0,1.2246467991473532e-16,-1.0,DB03
202010160700,104,9.2,0,0,0.3420201433256689,-0.9396926207859083,DB03
202010160800,104,11.6,0,0,1.2246467991473532e-16,-1.0,DB03
202010160900,104,11.6,0,0,0.0,1.0,DB04
202010161000,104,12.6,0,0,0.0,1.0,DB04
202010161100,104,16.0,0,0,0.3420201433256689,-0.9396926207859083,DB04
202010161200,104,17.1,0,0,0.6427876096865395,-0.7660444431189779,DB04
202010161300,104,16.2,0,0,1.0,6.123233995736766e-17,DB04
202010161400,104,15.8,0,0,1.0,6.123233995736766e-17,DB04
202010161500,104,16.0,0,0,1.0,6.123233995736766e-17,DB04
202010161600,104,15.4,0,0,0.9396926207859084,-0.3420201433256687,DB04
202010161700,104,13.8,0,0,0.6427876096865395,-0.7660444431189779,DB04
202010161800,104,13.3,0,0,-0.34202014332566866,-0.9396926207859084,DB04
202010161900,104,12.5,0,0,0.3420201433256689,-0.9396926207859083,DB04
202010162000,104,12.3,0,0,-1.0,-1.8369701987210297e-16,DB04
202010162100,104,11.2,0,0,0.0,1.0,DB03
202010162200,104,11.4,0,0,-0.34202014332566866,-0.9396926207859084,DB03
202010162300,104,10.8,0,0,-0.9396926207859084,-0.34202014332566855,DB02
202010170000,104,10.9,0,0,-0.34202014332566866,-0.9396926207859084,DB02
202010170100,104,10.4,0,0,-0.9396926207859084,-0.34202014332566855,DB02
202010170200,104,9.6,0,0,0.0,1.0,DB03
202010170300,104,10.9,0,0,-0.7660444431189779,-0.6427876096865395,DB03
202010170400,104,9.1,0,0,-0.34202014332566866,-0.9396926207859084,DB02
202010170500,104,8.9,0,0,1.2246467991473532e-16,-1.0,DB01
202010170600,104,8.7,0,0,-0.34202014332566866,-0.9396926207859084,DB01
202010170700,104,8.5,0,0,0.0,1.0,DB01
202010170800,104,11.7,0,0,0.3420201433256689,-0.9396926207859083,DB01
202010170900,104,14.1,0,0,0.6427876096865395,-0.7660444431189779,DB01
202010171000,104,15.0,0,0,1.0,6.123233995736766e-17,DB01
202010171100,104,15.2,0,0,1.0,6.123233995736766e-17,DB01
202010171200,104,15.3,0,0,1.0,6.123233995736766e-17,DB01
202010171300,104,15.5,0,0,0.6427876096865395,-0.7660444431189779,DB01
202010171400,104,15.9,0,0,-0.34202014332566866,-0.9396926207859084,DB01
202010171500,104,15.3,0,0,0.9396926207859084,-0.3420201433256687,DB01
202010171600,104,15.1,0,0,1.0,6.123233995736766e-17,DB01
202010171700,104,14.1,0,0,0.0,1.0,DB01
202010171800,104,10.8,0,0,0.0,1.0,DB01
202010171900,104,10.6,0,0,0.0,1.0,DB01
202010172000,104,10.1,0,0,1.2246467991473532e-16,-1.0,DB01
202010172100,104,8.9,0,0,0.0,1.0,DB01
202010172200,104,7.7,0,0,0.0,1.0,DB01
202010172300,104,8.9,0,0,1.2246467991473532e-16,-1.0,DB01
202010180000,104,8.1,0,0,0.0,1.0,DB01
202010180100,104,8.2,0,0,0.0,1.0,DB01
202010180200,104,10.5,0,0,1.2246467991473532e-16,-1.0,DB01
202010180300,104,10.2,0,0,1.2246467991473532e-16,-1.0,DB01
202010180400,104,8.6,0,0,-0.34202014332566866,-0.9396926207859084,DB01
202010180500,104,8.3,0,0,0.3420201433256689,-0.9396926207859083,DB01
202010180600,104,9.0,0,0,0.3420201433256689,-0.9396926207859083,DB01
202010180700,104,10.0,0,0,1.2246467991473532e-16,-1.0,DB01
202010180800,104,11.8,0,0,0.3420201433256689,-0.9396926207859083,DB01
202010180900,104,14.5,0,0,0.3420201433256689,-0.9396926207859083,DB01
202010181000,104,17.0,0,0,0.3420201433256689,-0.9396926207859083,DB01
202010181100,104,19.2,0,0,0.6427876096865395,-0.7660444431189779,DB01
202010181200,104,19.6,0,0,0.9396926207859084,-0.3420201433256687,DB01
202010181300,104,19.1,0,0,1.0,6.123233995736766e-17,DB01
202010181400,104,18.7,0,0,0.9396926207859084,-0.3420201433256687,DB01
202010181500,104,18.6,0,0,0.9396926207859084,-0.3420201433256687,DB01
202010181600,104,17.9,0,0,0.9396926207859084,-0.3420201433256687,DB01
202010181700,104,16.6,0,0,0.6427876096865395,-0.7660444431189779,DB01
202010181800,104,13.4,0,0,0.0,1.0,DB01
202010181900,104,12.7,0,0,0.0,1.0,DB01
202010182000,104,11.4,0,0,0.3420201433256689,-0.9396926207859083,DB01
202010182100,104,12.3,0,0,-0.34202014332566866,-0.9396926207859084,DB01
202010182200,104,12.2,0,0,1.2246467991473532e-16,-1.0,DB01
202010182300,104,11.9,0,0,0.3420201433256689,-0.9396926207859083,DB01
202010190000,104,12.7,0,0,0.3420201433256689,-0.9396926207859083,DB01
202010190100,104,12.5,0,0,0.3420201433256689,-0.9396926207859083,DB01
202010190200,104,12.0,0,0,0.3420201433256689,-0.9396926207859083,DB01
202010190300,104,12.0,0,0,0.3420201433256689,-0.9396926207859083,DB01
202010190400,104,11.7,0,0,0.3420201433256689,-0.9396926207859083,DB01
202010190500,104,10.0,0,0,0.0,1.0,DB01
202010190600,104,11.3,0,0,0.3420201433256689,-0.9396926207859083,DB01
202010190700,104,12.0,0,0,0.3420201433256689,-0.9396926207859083,DB01
202010190800,104,13.0,0,0,0.3420201433256689,-0.9396926207859083,DB01
202010190900,104,15.9,0,0,0.3420201433256689,-0.9396926207859083,DB01
202010191000,104,18.2,0,0,-0.9396926207859084,-0.34202014332566855,DB01
202010191100,104,18.4,0,0,0.6427876096865395,-0.7660444431189779,DB01
202010191200,104,18.3,0,0,1.0,6.123233995736766e-17,DB01
202010191300,104,17.9,0,0,0.9396926207859084,-0.3420201433256687,DB01
202010191400,104,17.5,0,0,0.9396926207859084,-0.3420201433256687,DB01
202010191500,104,17.1,0,0,1.0,6.123233995736766e-17,DB01
202010191600,104,16.4,0,0,1.0,6.123233995736766e-17,DB01
202010191700,104,15.5,0,0,0.0,1.0,DB01
202010191800,104,13.1,0,0,0.0,1.0,DB01
202010191900,104,12.8,0,0,-0.7660444431189779,-0.6427876096865395,DB01
202010192000,104,12.0,0,0,-0.34202014332566866,-0.9396926207859084,DB01
202010192100,104,11.6,0,0,0.0,1.0,DB01
202010192200,104,11.1,0,0,0.0,1.0,DB01
202010192300,104,12.3,0,0,1.2246467991473532e-16,-1.0,DB01
202010200000,104,9.6,0,0,0.6427876096865395,-0.7660444431189779,DB01
202010200100,104,9.9,0,0,1.2246467991473532e-16,-1.0,DB01
202010200200,104,10.7,0,0,0.3420201433256689,-0.9396926207859083,DB01
202010200300,104,10.4,0,0,-0.7660444431189779,-0.6427876096865395,DB01
202010200400,104,11.0,0,0,0.3420201433256689,-0.9396926207859083,DB01
202010200500,104,11.1,0,0,0.3420201433256689,-0.9396926207859083,DB01
202010200600,104,11.3,0,0,1.2246467991473532e-16,-1.0,DB01
202010200700,104,11.5,0,0,0.3420201433256689,-0.9396926207859083,DB01
202010200800,104,13.3,0,0,0.3420201433256689,-0.9396926207859083,DB01
202010200900,104,16.4,0,0,0.3420201433256689,-0.9396926207859083,DB01
202010201000,104,18.5,0,0,0.6427876096865395,-0.7660444431189779,DB01
202010201100,104,19.9,0,0,0.3420201433256689,-0.9396926207859083,DB01
202010201200,104,19.4,0,0,1.0,6.123233995736766e-17,DB01
202010201300,104,18.2,0,0,0.9396926207859084,-0.3420201433256687,DB01
202010201400,104,18.3,0,0,0.9396926207859084,-0.3420201433256687,DB01
202010201500,104,18.0,0,0,0.9396926207859084,-0.3420201433256687,DB01
202010201600,104,18.4,0,0,0.9396926207859084,-0.3420201433256687,DB01
202010201700,104,17.3,0,0,0.9396926207859084,-0.3420201433256687,DB01
202010201800,104,14.6,0,0,0.0,1.0,DB01
202010201900,104,13.0,0,0,0.0,1.0,DB01
202010202000,104,11.5,0,0,0.0,1.0,DB01
202010202100,104,11.4,0,0,1.2246467991473532e-16,-1.0,DB01
202010202200,104,11.3,0,0,0.3420201433256689,-0.9396926207859083,DB01
202010202300,104,11.6,0,0,-0.9396926207859084,-0.34202014332566855,DB01
202010210000,104,10.4,0,0,0.0,1.0,DB01
202010210100,104,11.1,0,0,1.2246467991473532e-16,-1.0,DB01
202010210200,104,10.4,0,0,0.3420201433256689,-0.9396926207859083,DB03
202010210300,104,10.1,0,0,0.3420201433256689,-0.9396926207859083,DB02
202010210400,104,10.9,0,0,0.3420201433256689,-0.9396926207859083,DB02
202010210500,104,12.1,0,0,0.3420201433256689,-0.9396926207859083,DB03
202010210600,104,10.7,0,0,0.3420201433256689,-0.9396926207859083,DB03
202010210700,104,12.2,0,0,-0.34202014332566866,-0.9396926207859084,DB03
202010210800,104,11.9,0,0,0.3420201433256689,-0.9396926207859083,DB04
202010210900,104,13.6,0,0,-0.34202014332566866,-0.9396926207859084,DB04
202010211000,104,15.7,0,0,0.3420201433256689,-0.9396926207859083,DB04
202010211100,104,16.8,0,0,0.3420201433256689,-0.9396926207859083,DB04
202010211200,104,18.6,0,0,0.0,1.0,DB04
202010211300,104,18.0,0,0,0.3420201433256689,-0.9396926207859083,DB04
202010211400,104,18.0,0,0,1.2246467991473532e-16,-1.0,DB04
202010211500,104,18.0,0,0,-0.9396926207859084,-0.34202014332566855,DB04
202010211600,104,18.3,0,0,0.3420201433256689,-0.9396926207859083,DB03
202010211700,104,17.3,0,0,0.6427876096865395,-0.7660444431189779,DB03
202010211800,104,15.4,0,0,-0.34202014332566866,-0.9396926207859084,DB03
202010211900,104,14.6,0,0,0.6427876096865395,-0.7660444431189779,DB04
202010212000,104,14.3,0,0,0.6427876096865395,-0.7660444431189779,DB04
202010212100,104,14.8,0,0,1.2246467991473532e-16,-1.0,DB03
202010212200,104,14.3,0,0,1.2246467991473532e-16,-1.0,DB02
202010212300,104,13.9,0,0,0.3420201433256689,-0.9396926207859083,DB03
202010220000,104,11.6,0,0,-0.7660444431189779,-0.6427876096865395,DB01
202010220100,104,12.4,0,0,-0.34202014332566866,-0.9396926207859084,DB01
202010220200,104,12.4,0,0,0.3420201433256689,-0.9396926207859083,DB01
202010220300,104,13.5,0,0,0.3420201433256689,-0.9396926207859083,DB01
202010220400,104,14.1,0,0,0.3420201433256689,-0.9396926207859083,DB02
202010220500,104,13.5,0,0,-0.9396926207859084,-0.34202014332566855,DB01
202010220600,104,13.9,0,0,0.3420201433256689,-0.9396926207859083,DB02
202010220700,104,13.0,0,0,0.3420201433256689,-0.9396926207859083,DB03
202010220800,104,13.1,0,0,0.0,1.0,DB03
202010220900,104,16.6,0,0,0.6427876096865395,-0.7660444431189779,DB03
202010221000,104,18.2,0,0,1.0,6.123233995736766e-17,DB03
202010221100,104,19.3,0,0,0.9396926207859084,-0.3420201433256687,DB04
202010221200,104,18.1,0,0,1.2246467991473532e-16,-1.0,DB03
202010221300,104,18.6,0,0,0.9396926207859084,-0.3420201433256687,DB04
202010221400,104,18.3,0,0,0.9396926207859084,-0.3420201433256687,DB04
202010221500,104,18.6,0,0,1.0,6.123233995736766e-17,DB04
202010221600,104,18.3,0,0,-0.9396926207859084,-0.34202014332566855,DB04
202010221700,104,17.5,0,0,-0.9396926207859084,-0.34202014332566855,DB03
202010221800,104,16.8,0,0,-0.7660444431189779,-0.6427876096865395,DB03
202010221900,104,16.7,0,0,-0.9396926207859084,-0.34202014332566855,DB02
202010222000,104,15.4,0,0,-0.7660444431189779,-0.6427876096865395,DB01
202010222100,104,14.3,0,0,-0.9396926207859084,-0.34202014332566855,DB01
202010222200,104,14.0,0,0,-0.34202014332566866,-0.9396926207859084,DB01
202010222300,104,11.7,0,0,0.0,1.0,DB01
202010230000,104,11.5,0,0,-0.9396926207859084,-0.34202014332566855,DB01
202010230100,104,9.8,0,0,-0.9396926207859084,-0.34202014332566855,DB01
202010230200,104,8.2,0,0,0.0,1.0,DB01
202010230300,104,8.4,0,0,-0.34202014332566866,-0.9396926207859084,DB01
202010230400,104,6.7,0,0,0.3420201433256689,-0.9396926207859083,DB01
202010230500,104,9.5,0,0,-1.0,-1.8369701987210297e-16,DB01
202010230600,104,9.5,0,0,-0.9396926207859083,0.342020143325669,DB01
202010230700,104,9.0,0,0,-1.0,-1.8369701987210297e-16,DB01
202010230800,104,10.3,0,0,-1.0,-1.8369701987210297e-16,DB02
202010230900,104,11.3,0,0,-1.0,-1.8369701987210297e-16,DB01
202010231000,104,13.0,0,0,-1.0,-1.8369701987210297e-16,DB01
202010231100,104,14.2,0,0,-1.0,-1.8369701987210297e-16,DB01
202010231200,104,13.8,0,0,1.0,6.123233995736766e-17,DB01
202010231300,104,14.7,0,0,0.9396926207859084,-0.3420201433256687,DB01
202010231400,104,14.1,0,0,1.0,6.123233995736766e-17,DB01
202010231500,104,13.6,0,0,1.0,6.123233995736766e-17,DB01
202010231600,104,13.2,0,0,1.0,6.123233995736766e-17,DB01
202010231700,104,12.4,0,0,0.0,1.0,DB01
202010231800,104,9.6,0,0,-0.34202014332566866,-0.9396926207859084,DB01
202010231900,104,8.7,0,0,0.0,1.0,DB01
202010232000,104,9.3,0,0,-0.9396926207859084,-0.34202014332566855,DB01
202010232100,104,9.5,0,0,-0.7660444431189779,-0.6427876096865395,DB01
202010232200,104,8.7,0,0,-0.34202014332566866,-0.9396926207859084,DB01
202010232300,104,8.7,0,0,-0.9396926207859084,-0.34202014332566855,DB01
202010240000,104,8.0,0,0,-0.9396926207859084,-0.34202014332566855,DB01
202010240100,104,7.5,0,0,-0.9396926207859084,-0.34202014332566855,DB01
202010240200,104,6.7,0,0,-0.9396926207859084,-0.34202014332566855,DB01
202010240300,104,5.1,0,0,1.2246467991473532e-16,-1.0,DB01
202010240400,104,6.6,0,0,-0.9396926207859084,-0.34202014332566855,DB01
202010240500,104,5.8,0,0,-0.7660444431189779,-0.6427876096865395,DB01
202010240600,104,4.7,0,0,0.3420201433256689,-0.9396926207859083,DB01
202010240700,104,4.2,0,0,-0.34202014332566866,-0.9396926207859084,DB01
202010240800,104,6.7,0,0,0.3420201433256689,-0.9396926207859083,DB01
202010240900,104,9.3,0,0,0.6427876096865395,-0.7660444431189779,DB01
202010241000,104,11.9,0,0,-1.0,-1.8369701987210297e-16,DB01
202010241100,104,13.6,0,0,-1.0,-1.8369701987210297e-16,DB01
202010241200,104,14.5,0,0,-1.0,-1.8369701987210297e-16,DB01
202010241300,104,15.0,0,0,-1.0,-1.8369701987210297e-16,DB01
202010241400,104,15.2,0,0,-1.0,-1.8369701987210297e-16,DB01
202010241500,104,16.1,0,0,-1.0,-1.8369701987210297e-16,DB01
202010241600,104,15.7,0,0,-1.0,-1.8369701987210297e-16,DB01
202010241700,104,14.4,0,0,-1.0,-1.8369701987210297e-16,DB01
202010241800,104,11.6,0,0,-0.9396926207859084,-0.34202014332566855,DB01
202010241900,104,10.5,0,0,-0.7660444431189779,-0.6427876096865395,DB01
202010242000,104,11.6,0,0,-0.9396926207859084,-0.34202014332566855,DB01
202010242100,104,11.4,0,0,-0.7660444431189779,-0.6427876096865395,DB01
202010242200,104,8.7,0,0,0.3420201433256689,-0.9396926207859083,DB01
202010242300,104,9.1,0,0,0.6427876096865395,-0.7660444431189779,DB01
202010250000,104,8.5,0,0,0.3420201433256689,-0.9396926207859083,DB01
202010250100,104,9.6,0,0,1.2246467991473532e-16,-1.0,DB01
202010250200,104,7.3,0,0,0.6427876096865395,-0.7660444431189779,DB01
202010250300,104,8.5,0,0,0.6427876096865395,-0.7660444431189779,DB01
202010250400,104,7.9,0,0,0.3420201433256689,-0.9396926207859083,DB01
202010250500,104,7.9,0,0,0.3420201433256689,-0.9396926207859083,DB01
202010250600,104,9.0,0,0,0.3420201433256689,-0.9396926207859083,DB01
202010250700,104,10.2,0,0,0.3420201433256689,-0.9396926207859083,DB01
202010250800,104,11.6,0,0,0.3420201433256689,-0.9396926207859083,DB01
202010250900,104,15.0,0,0,0.6427876096865395,-0.7660444431189779,DB01
202010251000,104,16.8,0,0,0.3420201433256689,-0.9396926207859083,DB01
202010251100,104,18.4,0,0,0.9396926207859084,-0.3420201433256687,DB01
202010251200,104,20.3,0,0,0.6427876096865395,-0.7660444431189779,DB01
202010251300,104,20.9,0,0,-1.0,-1.8369701987210297e-16,DB02
202010251400,104,21.6,0,0,-0.9396926207859084,-0.34202014332566855,DB03
202010251500,104,21.5,0,0,-1.0,-1.8369701987210297e-16,DB03
202010251600,104,19.3,0,0,-1.0,-1.8369701987210297e-16,DB03
202010251700,104,15.9,0,0,0.9396926207859084,-0.3420201433256687,DB03
202010251800,104,14.6,0,0,-0.34202014332566866,-0.9396926207859084,DB03
202010251900,104,15.3,0,0,-0.9396926207859084,-0.34202014332566855,DB02
202010252000,104,13.7,0,0,1.2246467991473532e-16,-1.0,DB02
202010252100,104,11.4,0,0,0.3420201433256689,-0.9396926207859083,DB01
202010252200,104,12.5,0,0,0.3420201433256689,-0.9396926207859083,DB01
202010252300,104,11.4,0,0,0.3420201433256689,-0.9396926207859083,DB03
202010260000,104,11.6,0,0,0.3420201433256689,-0.9396926207859083,DB02
202010260100,104,11.2,0,0,0.3420201433256689,-0.9396926207859083,DB01
202010260200,104,11.6,0,0,1.2246467991473532e-16,-1.0,DB01
202010260300,104,11.5,0,0,1.2246467991473532e-16,-1.0,DB02
202010260400,104,11.4,0,0,0.3420201433256689,-0.9396926207859083,DB01
202010260500,104,11.4,0,0,1.2246467991473532e-16,-1.0,DB01
202010260600,104,8.7,0,0,0.0,1.0,DB01
202010260700,104,10.3,0,0,0.3420201433256689,-0.9396926207859083,DB01
202010260800,104,12.3,0,0,0.3420201433256689,-0.9396926207859083,DB01
202010260900,104,14.5,0,0,0.3420201433256689,-0.9396926207859083,DB01
202010261000,104,17.4,0,0,0.9396926207859084,-0.3420201433256687,DB01
202010261100,104,18.0,0,0,1.0,6.123233995736766e-17,DB01
202010261200,104,17.7,0,0,1.0,6.123233995736766e-17,DB01
202010261300,104,17.5,0,0,0.6427876096865395,-0.7660444431189779,DB01
202010261400,104,17.3,0,0,1.0,6.123233995736766e-17,DB01
202010261500,104,16.5,0,0,1.0,6.123233995736766e-17,DB01
202010261600,104,15.8,0,0,1.0,6.123233995736766e-17,DB02
202010261700,104,14.3,0,0,0.0,1.0,DB02
202010261800,104,12.2,0,0,0.0,1.0,DB03
202010261900,104,11.7,0,0,-0.7660444431189779,-0.6427876096865395,DB02
202010262000,104,11.0,0,0,0.0,1.0,DB02
202010262100,104,10.1,0,0,0.3420201433256689,-0.9396926207859083,DB03
202010262200,104,9.4,0,0,1.2246467991473532e-16,-1.0,DB02
202010262300,104,9.6,0,0,1.2246467991473532e-16,-1.0,DB03
202010270000,104,9.4,0,0,0.3420201433256689,-0.9396926207859083,DB02
202010270100,104,11.0,0,0,0.3420201433256689,-0.9396926207859083,DB01
202010270200,104,10.8,0,0,0.3420201433256689,-0.9396926207859083,DB01
202010270300,104,10.0,0,0,0.3420201433256689,-0.9396926207859083,DB01
202010270400,104,11.0,0,0,1.2246467991473532e-16,-1.0,DB01
202010270500,104,10.4,0,0,1.2246467991473532e-16,-1.0,DB01
202010270600,104,9.2,0,0,0.3420201433256689,-0.9396926207859083,DB01
202010270700,104,9.0,0,0,0.0,1.0,DB01
202010270800,104,12.2,0,0,1.2246467991473532e-16,-1.0,DB01
202010270900,104,14.4,0,0,0.3420201433256689,-0.9396926207859083,DB01
202010271000,104,17.3,0,0,0.3420201433256689,-0.9396926207859083,DB01
202010271100,104,18.0,0,0,1.0,6.123233995736766e-17,DB01
202010271200,104,19.4,0,0,0.9396926207859084,-0.3420201433256687,DB01
202010271300,104,19.4,0,0,1.0,6.123233995736766e-17,DB01
202010271400,104,18.7,0,0,0.9396926207859084,-0.3420201433256687,DB02
202010271500,104,17.8,0,0,0.9396926207859084,-0.3420201433256687,DB01
202010271600,104,17.4,0,0,0.9396926207859084,-0.3420201433256687,DB01
202010271700,104,15.8,0,0,0.6427876096865395,-0.7660444431189779,DB01
202010271800,104,14.3,0,0,-0.9396926207859084,-0.34202014332566855,DB01
202010271900,104,13.3,0,0,1.2246467991473532e-16,-1.0,DB01
202010272000,104,11.8,0,0,0.3420201433256689,-0.9396926207859083,DB01
202010272100,104,11.5,0,0,-0.34202014332566866,-0.9396926207859084,DB01
202010272200,104,14.4,0,0,0.3420201433256689,-0.9396926207859083,DB02
202010272300,104,15.0,0,0,1.2246467991473532e-16,-1.0,DB03
202010280000,104,14.5,0,0,-0.34202014332566866,-0.9396926207859084,DB02
202010280100,104,14.8,0,0,1.2246467991473532e-16,-1.0,DB03
202010280200,104,14.7,0,0,1.2246467991473532e-16,-1.0,DB04
202010280300,104,13.6,0,0,0.0,1.0,DB04
202010280400,104,13.5,0,0,1.2246467991473532e-16,-1.0,DB04
202010280500,104,13.4,0,0,0.0,1.0,DB04
202010280600,104,12.2,0,0,0.0,1.0,DB03
202010280700,104,12.9,0,0,0.3420201433256689,-0.9396926207859083,DB03
202010280800,104,13.0,0,0,0.6427876096865395,-0.7660444431189779,DB03
202010280900,104,16.1,0,0,0.6427876096865395,-0.7660444431189779,DB02
202010281000,104,18.3,0,0,0.0,1.0,DB03
202010281100,104,18.3,0,0,1.0,6.123233995736766e-17,DB02
202010281200,104,18.7,0,0,1.0,6.123233995736766e-17,DB01
202010281300,104,17.2,0,0,-0.34202014332566866,-0.9396926207859084,DB01
202010281400,104,16.6,0,0,0.9396926207859084,-0.3420201433256687,DB01
202010281500,104,15.9,0,0,0.6427876096865395,-0.7660444431189779,DB02
202010281600,104,15.1,0,0,1.2246467991473532e-16,-1.0,DB02
202010281700,104,14.3,0,0,-0.9396926207859084,-0.34202014332566855,DB01
202010281800,104,11.9,0,0,-1.0,-1.8369701987210297e-16,DB01
202010281900,104,10.4,0,0,0.3420201433256689,-0.9396926207859083,DB01
202010282000,104,10.1,0,0,-1.0,-1.8369701987210297e-16,DB01
202010282100,104,10.3,0,0,-0.9396926207859084,-0.34202014332566855,DB01
202010282200,104,10.8,0,0,-0.9396926207859084,-0.34202014332566855,DB01
202010282300,104,9.3,0,0,0.3420201433256689,-0.9396926207859083,DB01
202010290000,104,8.5,0,0,-0.7660444431189779,-0.6427876096865395,DB01
202010290100,104,9.8,0,0,-0.7660444431189779,-0.6427876096865395,DB01
202010290200,104,9.2,0,0,-0.34202014332566866,-0.9396926207859084,DB01
202010290300,104,7.9,0,0,0.3420201433256689,-0.9396926207859083,DB01
202010290400,104,7.1,0,0,0.3420201433256689,-0.9396926207859083,DB01
202010290500,104,6.7,0,0,1.2246467991473532e-16,-1.0,DB01
202010290600,104,6.6,0,0,-0.34202014332566866,-0.9396926207859084,DB01
202010290700,104,6.7,0,0,-0.7660444431189779,-0.6427876096865395,DB01
202010290800,104,9.9,0,0,-0.9396926207859084,-0.34202014332566855,DB01
202010290900,104,12.4,0,0,-1.0,-1.8369701987210297e-16,DB01
202010291000,104,13.2,0,0,-0.34202014332566866,-0.9396926207859084,DB01
202010291100,104,13.8,0,0,0.9396926207859084,-0.3420201433256687,DB01
202010291200,104,13.9,0,0,-0.7660444431189779,-0.6427876096865395,DB01
202010291300,104,13.8,0,0,-0.34202014332566866,-0.9396926207859084,DB01
202010291400,104,13.7,0,0,0.6427876096865395,-0.7660444431189779,DB01
202010291500,104,14.2,0,0,1.0,6.123233995736766e-17,DB01
202010291600,104,13.7,0,0,-0.34202014332566866,-0.9396926207859084,DB01
202010291700,104,12.8,0,0,-0.9396926207859084,-0.34202014332566855,DB01
202010291800,104,9.4,0,0,-0.9396926207859084,-0.34202014332566855,DB01
202010291900,104,9.5,0,0,-0.9396926207859084,-0.34202014332566855,DB01
202010292000,104,8.0,0,0,0.0,1.0,DB01
202010292100,104,8.2,0,0,1.2246467991473532e-16,-1.0,DB01
202010292200,104,8.2,0,0,0.3420201433256689,-0.9396926207859083,DB02
202010292300,104,9.4,0,0,1.2246467991473532e-16,-1.0,DB02
202010300000,104,7.7,0,0,-0.7660444431189779,-0.6427876096865395,DB02
202010300100,104,8.6,0,0,-0.9396926207859084,-0.34202014332566855,DB03
202010300200,104,9.0,0,0,0.0,1.0,DB03
202010300300,104,8.6,0,0,-0.9396926207859084,-0.34202014332566855,DB02
202010300400,104,6.2,0,0,0.0,1.0,DB02
202010300500,104,7.2,0,0,-1.0,-1.8369701987210297e-16,DB02
202010300600,104,8.5,0,0,-0.9396926207859084,-0.34202014332566855,DB01
202010300700,104,8.5,0,0,-0.9396926207859084,-0.34202014332566855,DB01
202010300800,104,10.2,0,0,-1.0,-1.8369701987210297e-16,DB01
202010300900,104,11.8,0,0,-0.9396926207859083,0.342020143325669,DB02
202010301000,104,14.2,0,0,-1.0,-1.8369701987210297e-16,DB02
202010301100,104,14.4,0,0,-0.9396926207859084,-0.34202014332566855,DB02
202010301200,104,14.7,0,0,0.6427876096865395,-0.7660444431189779,DB02
202010301300,104,14.2,0,0,0.3420201433256689,-0.9396926207859083,DB03
202010301400,104,13.3,0,0,1.0,6.123233995736766e-17,DB03
202010301500,104,13.1,0,0,1.0,6.123233995736766e-17,DB04
202010301600,104,12.6,0,0,-0.7660444431189779,-0.6427876096865395,DB04
202010301700,104,11.4,0,0,-1.0,-1.8369701987210297e-16,DB04
202010301800,104,10.8,0,0,-0.9396926207859084,-0.34202014332566855,DB03
202010301900,104,10.9,0,0,0.0,1.0,DB03
202010302000,104,10.5,0,0,-0.9396926207859084,-0.34202014332566855,DB03
202010302100,104,9.8,0,0,0.0,1.0,DB03
202010302200,104,9.1,0,0,-0.9396926207859084,-0.34202014332566855,DB03
202010302300,104,9.1,0,0,-0.7660444431189779,-0.6427876096865395,DB01
202010310000,104,7.4,0,0,-0.7660444431189779,-0.6427876096865395,DB01
202010310100,104,7.2,0,0,0.0,1.0,DB01
202010310200,104,7.3,0,0,0.0,1.0,DB01
202010310300,104,7.5,0,0,-0.9396926207859084,-0.34202014332566855,DB01
202010310400,104,6.4,0,0,0.3420201433256689,-0.9396926207859083,DB01
202010310500,104,6.8,0,0,1.2246467991473532e-16,-1.0,DB01
202010310600,104,5.9,0,0,0.3420201433256689,-0.9396926207859083,DB01
202010310700,104,6.2,0,0,0.3420201433256689,-0.9396926207859083,DB01
202010310800,104,8.4,0,0,0.3420201433256689,-0.9396926207859083,DB02
202010310900,104,10.7,0,0,0.3420201433256689,-0.9396926207859083,DB02
202010311000,104,13.9,0,0,0.3420201433256689,-0.9396926207859083,DB03
202010311100,104,14.6,0,0,0.6427876096865395,-0.7660444431189779,DB03
202010311200,104,16.4,0,0,1.0,6.123233995736766e-17,DB02
202010311300,104,18.1,0,0,-1.0,-1.8369701987210297e-16,DB02
202010311400,104,18.6,0,0,0.9396926207859084,-0.3420201433256687,DB03
202010311500,104,16.3,0,0,0.9396926207859084,-0.3420201433256687,DB03
202010311600,104,16.7,0,0,0.0,1.0,DB03
202010311700,104,15.5,0,0,-1.0,-1.8369701987210297e-16,DB03
202010311800,104,14.5,0,0,-0.7660444431189779,-0.6427876096865395,DB03
202010311900,104,15.1,0,0,1.2246467991473532e-16,-1.0,DB04
202010312000,104,13.9,0,0,0.3420201433256689,-0.9396926207859083,DB04
202010312100,104,14.9,0,0,0.0,1.0,DB04
202010312200,104,13.3,0,0,-0.34202014332566866,-0.9396926207859084,DB04
202010312300,104,15.1,0,0,-0.9396926207859084,-0.34202014332566855,DB04
202011010000,104,14.3,0,0,-0.9396926207859084,-0.34202014332566855,DB03
202011010100,104,15.3,0,0,-0.7660444431189779,-0.6427876096865395,DB04
202011010200,104,15.1,0,0,1.2246467991473532e-16,-1.0,DB04
202011010300,104,14.8,0,0,0.3420201433256689,-0.9396926207859083,DB04
202011010400,104,14.2,0,0,0.6427876096865395,-0.7660444431189779,DB03
202011010500,104,15.2,0,0,-0.34202014332566866,-0.9396926207859084,DB04
202011010600,104,15.8,0,0,-1.0,-1.8369701987210297e-16,DB04
202011010700,104,14.9,0,0,1.0,6.123233995736766e-17,DB04
202011010800,104,15.0,0,0,0.9396926207859084,-0.3420201433256687,DB04
202011010900,104,16.9,0,0,0.6427876096865395,-0.7660444431189779,DB04
202011011000,104,15.0,0,0,-0.7660444431189779,-0.6427876096865395,DB04
202011011100,104,15.5,0,0,-0.9396926207859084,-0.34202014332566855,DB04
202011011200,104,15.3,0,0,1.2246467991473532e-16,-1.0,DB04
202011011300,104,15.7,0,0,0.3420201433256689,-0.9396926207859083,DB04
202011011400,104,17.2,0,0,-0.7660444431189779,-0.6427876096865395,DB03
202011011500,104,17.6,0,0,-0.7660444431189779,-0.6427876096865395,DB03
202011011600,104,15.9,0,0,-0.7660444431189779,-0.6427876096865395,DB04
202011011700,104,15.5,0,0,-0.7660444431189779,-0.6427876096865395,DB04
202011011800,104,15.1,0,0,-0.34202014332566866,-0.9396926207859084,DB04
202011011900,104,14.5,0,0,-0.34202014332566866,-0.9396926207859084,DB03
202011012000,104,14.9,0,0,-0.34202014332566866,-0.9396926207859084,DB03
202011012100,104,14.9,0,0,-0.7660444431189779,-0.6427876096865395,DB04
202011012200,104,14.1,0,0,-1.0,-1.8369701987210297e-16,DB04
202011012300,104,13.0,0,0,0.6427876096865395,-0.7660444431189779,DB04
202011020000,104,12.0,0,0,0.3420201433256689,-0.9396926207859083,DB04
202011020100,104,11.4,0,0,0.6427876096865395,-0.7660444431189779,DB04
202011020200,104,11.3,0,0,0.0,1.0,DB04
202011020300,104,11.3,0,0,-1.0,-1.8369701987210297e-16,DB04
202011020400,104,11.7,0,0,0.0,1.0,DB04
202011020500,104,9.4,0,0,-0.9396926207859084,-0.34202014332566855,DB03
202011020600,104,9.1,0,0,1.2246467991473532e-16,-1.0,DB03
202011020700,104,8.1,0,0,0.3420201433256689,-0.9396926207859083,DB02
202011020800,104,10.0,0,0,-0.9396926207859084,-0.34202014332566855,DB01
202011020900,104,13.0,0,0,-1.0,-1.8369701987210297e-16,DB01
202011021000,104,14.4,0,0,-1.0,-1.8369701987210297e-16,DB01
202011021100,104,15.1,0,0,0.3420201433256689,-0.9396926207859083,DB01
202011021200,104,15.5,0,0,0.9396926207859084,-0.3420201433256687,DB01
202011021300,104,15.8,0,0,0.9396926207859084,-0.3420201433256687,DB01
202011021400,104,15.1,0,0,0.9396926207859084,-0.3420201433256687,DB01
202011021500,104,15.0,0,0,0.9396926207859084,-0.3420201433256687,DB01
202011021600,104,14.2,0,0,0.9396926207859084,-0.3420201433256687,DB01
202011021700,104,11.8,0,0,0.3420201433256689,-0.9396926207859083,DB01
202011021800,104,10.7,0,0,-0.34202014332566866,-0.9396926207859084,DB01
202011021900,104,12.2,0,0,-0.9396926207859084,-0.34202014332566855,DB01
202011022000,104,10.3,0,0,-0.9396926207859084,-0.34202014332566855,DB01
202011022100,104,10.1,0,0,-0.7660444431189779,-0.6427876096865395,DB01
202011022200,104,9.7,0,0,0.3420201433256689,-0.9396926207859083,DB01
202011022300,104,10.1,0,0,-0.7660444431189779,-0.6427876096865395,DB01
202011030000,104,10.7,0,0,-0.7660444431189779,-0.6427876096865395,DB03
202011030100,104,9.7,0,0,-0.9396926207859084,-0.34202014332566855,DB03
202011030200,104,9.0,0,0,-0.7660444431189779,-0.6427876096865395,DB02
202011030300,104,8.1,0,0,1.2246467991473532e-16,-1.0,DB03
202011030400,104,8.0,0,0,-0.7660444431189779,-0.6427876096865395,DB03
202011030500,104,7.3,0,0,-1.0,-1.8369701987210297e-16,DB02
202011030600,104,8.0,0,0,-1.0,-1.8369701987210297e-16,DB01
202011030700,104,7.0,0,0,-1.0,-1.8369701987210297e-16,DB01
202011030800,104,7.0,0,0,-1.0,-1.8369701987210297e-16,DB01
202011030900,104,7.6,0,0,-1.0,-1.8369701987210297e-16,DB01
202011031000,104,8.1,0,0,-1.0,-1.8369701987210297e-16,DB01
202011031100,104,8.4,0,0,-1.0,-1.8369701987210297e-16,DB01
202011031200,104,8.7,0,0,-1.0,-1.8369701987210297e-16,DB01
202011031300,104,9.2,0,0,-1.0,-1.8369701987210297e-16,DB01
202011031400,104,9.2,0,0,-0.9396926207859083,0.342020143325669,DB01
202011031500,104,9.2,0,0,-1.0,-1.8369701987210297e-16,DB01
202011031600,104,9.4,0,0,-1.0,-1.8369701987210297e-16,DB01
202011031700,104,7.6,0,0,-1.0,-1.8369701987210297e-16,DB01
202011031800,104,6.1,0,0,1.2246467991473532e-16,-1.0,DB01
202011031900,104,4.7,0,0,0.3420201433256689,-0.9396926207859083,DB01
202011032000,104,4.3,0,0,0.3420201433256689,-0.9396926207859083,DB01
202011032100,104,3.7,0,0,-1.0,-1.8369701987210297e-16,DB01
202011032200,104,4.0,0,0,0.3420201433256689,-0.9396926207859083,DB01
202011032300,104,3.3,0,0,0.3420201433256689,-0.9396926207859083,DB01
202011040000,104,1.7,0,0,0.9396926207859084,-0.3420201433256687,DB01
202011040100,104,2.6,0,0,0.6427876096865395,-0.7660444431189779,DB01
202011040200,104,1.8,0,0,0.3420201433256689,-0.9396926207859083,DB01
202011040300,104,1.4,0,0,0.3420201433256689,-0.9396926207859083,DB01
202011040400,104,1.3,0,0,1.2246467991473532e-16,-1.0,DB01
202011040500,104,1.2,0,0,0.6427876096865395,-0.7660444431189779,DB01
202011040600,104,0.3,0,0,0.3420201433256689,-0.9396926207859083,DB01
202011040700,104,0.8,0,0,0.3420201433256689,-0.9396926207859083,DB01
202011040800,104,2.6,0,0,0.0,1.0,DB01
202011040900,104,5.5,0,0,0.6427876096865395,-0.7660444431189779,DB01
202011041000,104,7.4,0,0,0.6427876096865395,-0.7660444431189779,DB01
202011041100,104,9.2,0,0,0.9396926207859084,-0.3420201433256687,DB01
202011041200,104,10.2,0,0,0.6427876096865395,-0.7660444431189779,DB01
202011041300,104,10.4,0,0,0.9396926207859084,-0.3420201433256687,DB01
202011041400,104,11.4,0,0,1.0,6.123233995736766e-17,DB01
202011041500,104,11.0,0,0,0.9396926207859084,-0.3420201433256687,DB01
202011041600,104,11.1,0,0,0.6427876096865395,-0.7660444431189779,DB01
202011041700,104,9.2,0,0,0.9396926207859084,-0.3420201433256687,DB01
202011041800,104,7.5,0,0,-0.7660444431189779,-0.6427876096865395,DB01
202011041900,104,5.3,0,0,0.3420201433256689,-0.9396926207859083,DB01
202011042000,104,5.4,0,0,1.2246467991473532e-16,-1.0,DB01
202011042100,104,5.9,0,0,0.3420201433256689,-0.9396926207859083,DB01
202011042200,104,6.3,0,0,-0.34202014332566866,-0.9396926207859084,DB01
202011042300,104,6.4,0,0,1.2246467991473532e-16,-1.0,DB01
202011050000,104,6.1,0,0,1.2246467991473532e-16,-1.0,DB01
202011050100,104,6.3,0,0,0.3420201433256689,-0.9396926207859083,DB01
202011050200,104,7.5,0,0,-0.7660444431189779,-0.6427876096865395,DB01
202011050300,104,6.0,0,0,0.3420201433256689,-0.9396926207859083,DB01
202011050400,104,6.6,0,0,1.2246467991473532e-16,-1.0,DB01
202011050500,104,6.5,0,0,0.3420201433256689,-0.9396926207859083,DB01
202011050600,104,6.5,0,0,0.3420201433256689,-0.9396926207859083,DB01
202011050700,104,5.9,0,0,0.3420201433256689,-0.9396926207859083,DB01
202011050800,104,7.0,0,0,0.6427876096865395,-0.7660444431189779,DB01
202011050900,104,10.7,0,0,0.6427876096865395,-0.7660444431189779,DB01
202011051000,104,13.4,0,0,0.3420201433256689,-0.9396926207859083,DB01
202011051100,104,15.0,0,0,0.6427876096865395,-0.7660444431189779,DB02
202011051200,104,15.4,0,0,0.9396926207859084,-0.3420201433256687,DB02
202011051300,104,14.9,0,0,0.9396926207859084,-0.3420201433256687,DB02
202011051400,104,14.7,0,0,0.9396926207859084,-0.3420201433256687,DB02
202011051500,104,15.9,0,0,0.9396926207859084,-0.3420201433256687,DB02
202011051600,104,16.1,0,0,0.0,1.0,DB02
202011051700,104,12.9,0,0,0.0,1.0,DB03
202011051800,104,11.6,0,0,0.0,1.0,DB03
202011051900,104,12.1,0,0,-0.34202014332566866,-0.9396926207859084,DB04
202011052000,104,12.4,0,0,0.0,1.0,DB04
202011052100,104,12.8,0,0,-0.34202014332566866,-0.9396926207859084,DB04
202011052200,104,13.8,0,0,-0.7660444431189779,-0.6427876096865395,DB04
202011052300,104,13.3,0,0,-1.0,-1.8369701987210297e-16,DB04
202011060000,104,13.2,0,0,-0.34202014332566866,-0.9396926207859084,DB04
202011060100,104,13.2,0,0,-1.0,-1.8369701987210297e-16,DB04
202011060200,104,13.9,0,0,0.0,1.0,DB04
202011060300,104,14.5,0,0,1.2246467991473532e-16,-1.0,DB04
202011060400,104,12.7,0,0,0.0,1.0,DB04
202011060500,104,12.9,0,0,-1.0,-1.8369701987210297e-16,DB04
202011060600,104,13.7,0,0,0.3420201433256689,-0.9396926207859083,DB04
202011060700,104,11.8,0,0,0.0,1.0,DB04
202011060800,104,13.0,0,0,-0.34202014332566866,-0.9396926207859084,DB04
202011060900,104,15.3,0,0,-0.34202014332566866,-0.9396926207859084,DB04
202011061000,104,14.9,0,0,-1.0,-1.8369701987210297e-16,DB04
202011061100,104,16.6,0,0,-0.9396926207859084,-0.34202014332566855,DB03
202011061200,104,18.6,0,0,-0.9396926207859084,-0.34202014332566855,DB03
202011061300,104,19.1,0,0,-0.7660444431189779,-0.6427876096865395,DB03
202011061400,104,17.0,0,0,0.9396926207859084,-0.3420201433256687,DB02
202011061500,104,19.1,0,0,1.2246467991473532e-16,-1.0,DB03
202011061600,104,18.5,0,0,-0.34202014332566866,-0.9396926207859084,DB02
202011061700,104,16.6,0,0,-0.34202014332566866,-0.9396926207859084,DB02
202011061800,104,16.0,0,0,1.2246467991473532e-16,-1.0,DB02
202011061900,104,15.4,0,0,0.3420201433256689,-0.9396926207859083,DB03
202011062000,104,15.4,0,0,0.3420201433256689,-0.9396926207859083,DB03
202011062100,104,13.1,0,0,-0.9396926207859084,-0.34202014332566855,DB02
202011062200,104,15.7,0,0,-0.7660444431189779,-0.6427876096865395,DB02
202011062300,104,15.3,0,0,-0.9396926207859084,-0.34202014332566855,DB01
202011070000,104,16.0,0,0,-0.7660444431189779,-0.6427876096865395,DB01
202011070100,104,15.8,0,0,-0.7660444431189779,-0.6427876096865395,DB01
202011070200,104,16.0,0,0,-0.9396926207859084,-0.34202014332566855,DB02
202011070300,104,15.9,0,0,-0.9396926207859084,-0.34202014332566855,DB02
202011070400,104,15.0,0,0,1.2246467991473532e-16,-1.0,DB01
202011070500,104,15.1,0,0,1.2246467991473532e-16,-1.0,DB01
202011070600,104,16.5,0,0,-0.9396926207859084,-0.34202014332566855,DB01
202011070700,104,16.4,0,0,1.2246467991473532e-16,-1.0,DB02
202011070800,104,16.1,0,0,-0.34202014332566866,-0.9396926207859084,DB02
202011070900,104,18.0,0,0,-0.7660444431189779,-0.6427876096865395,DB01
202011071000,104,18.9,0,0,-0.7660444431189779,-0.6427876096865395,DB01
202011071100,104,19.7,0,0,-0.9396926207859084,-0.34202014332566855,DB01
202011071200,104,20.0,0,0,-0.9396926207859084,-0.34202014332566855,DB01
202011071300,104,20.4,0,0,-0.7660444431189779,-0.6427876096865395,DB01
202011071400,104,20.5,0,0,-0.9396926207859084,-0.34202014332566855,DB01
202011071500,104,19.9,0,0,-0.9396926207859084,-0.34202014332566855,DB01
202011071600,104,19.2,0,0,-0.7660444431189779,-0.6427876096865395,DB01
202011071700,104,17.3,0,0,-0.7660444431189779,-0.6427876096865395,DB01
202011071800,104,16.1,0,0,-0.7660444431189779,-0.6427876096865395,DB01
202011071900,104,15.8,0,0,-0.9396926207859084,-0.34202014332566855,DB01
202011072000,104,15.3,0,0,-0.9396926207859084,-0.34202014332566855,DB01
202011072100,104,15.0,0,0,-0.9396926207859084,-0.34202014332566855,DB01
202011072200,104,11.9,0,0,-0.34202014332566866,-0.9396926207859084,DB01
202011072300,104,11.9,0,0,1.0,6.123233995736766e-17,DB01
202011080000,104,9.9,0,0,0.9396926207859084,-0.3420201433256687,DB01
202011080100,104,10.0,0,0,-0.9396926207859084,-0.34202014332566855,DB01
202011080200,104,12.9,0,0,-1.0,-1.8369701987210297e-16,DB02
202011080300,104,11.5,0,0,-1.0,-1.8369701987210297e-16,DB01
202011080400,104,12.3,0,0,-1.0,-1.8369701987210297e-16,DB01
202011080500,104,10.0,0,0,-1.0,-1.8369701987210297e-16,DB01
202011080600,104,11.4,0,0,-0.9396926207859083,0.342020143325669,DB01
202011080700,104,8.8,0,0,0.0,1.0,DB01
202011080800,104,12.0,0,0,0.3420201433256689,-0.9396926207859083,DB01
202011080900,104,13.2,0,0,0.6427876096865395,-0.7660444431189779,DB01
202011081000,104,14.6,0,0,-1.0,-1.8369701987210297e-16,DB01
202011081100,104,13.7,0,0,-0.7660444431189779,-0.6427876096865395,DB01
202011081200,104,12.7,0,0,1.2246467991473532e-16,-1.0,DB01
202011081300,104,12.7,0,0,0.3420201433256689,-0.9396926207859083,DB01
202011081400,104,12.8,0,0,0.6427876096865395,-0.7660444431189779,DB01
202011081500,104,12.7,0,0,0.9396926207859084,-0.3420201433256687,DB01
202011081600,104,12.1,0,0,1.0,6.123233995736766e-17,DB01
202011081700,104,9.9,0,0,0.0,1.0,DB01
202011081800,104,8.5,0,0,-1.0,-1.8369701987210297e-16,DB01
202011081900,104,9.4,0,0,-0.9396926207859084,-0.34202014332566855,DB01
202011082000,104,6.5,0,0,0.9396926207859084,-0.3420201433256687,DB01
202011082100,104,8.8,0,0,1.2246467991473532e-16,-1.0,DB01
202011082200,104,6.2,0,0,-0.9396926207859084,-0.34202014332566855,DB01
202011082300,104,5.8,0,0,-0.9396926207859084,-0.34202014332566855,DB01
202011090000,104,5.6,0,0,-0.9396926207859084,-0.34202014332566855,DB01
202011090100,104,5.1,0,0,-0.9396926207859084,-0.34202014332566855,DB01
202011090200,104,4.6,0,0,-0.9396926207859084,-0.34202014332566855,DB01
202011090300,104,3.7,0,0,-0.9396926207859084,-0.34202014332566855,DB01
202011090400,104,1.8,0,0,0.3420201433256689,-0.9396926207859083,DB01
202011090500,104,1.0,0,0,1.2246467991473532e-16,-1.0,DB01
202011090600,104,0.4,0,0,0.6427876096865395,-0.7660444431189779,DB01
202011090700,104,0.2,0,0,-0.34202014332566866,-0.9396926207859084,DB01
202011090800,104,3.5,0,0,0.3420201433256689,-0.9396926207859083,DB01
202011090900,104,6.5,0,0,0.6427876096865395,-0.7660444431189779,DB01
202011091000,104,9.3,0,0,-1.0,-1.8369701987210297e-16,DB01
202011091100,104,10.1,0,0,-1.0,-1.8369701987210297e-16,DB01
202011091200,104,11.0,0,0,-1.0,-1.8369701987210297e-16,DB01
202011091300,104,11.2,0,0,-1.0,-1.8369701987210297e-16,DB01
202011091400,104,11.9,0,0,-1.0,-1.8369701987210297e-16,DB01
202011091500,104,11.8,0,0,-1.0,-1.8369701987210297e-16,DB01
202011091600,104,11.3,0,0,-1.0,-1.8369701987210297e-16,DB01
202011091700,104,9.6,0,0,-1.0,-1.8369701987210297e-16,DB01
202011091800,104,7.8,0,0,-0.9396926207859084,-0.34202014332566855,DB01
202011091900,104,8.2,0,0,-1.0,-1.8369701987210297e-16,DB01
202011092000,104,7.8,0,0,-1.0,-1.8369701987210297e-16,DB01
202011092100,104,7.7,0,0,-1.0,-1.8369701987210297e-16,DB01
202011092200,104,7.4,0,0,-1.0,-1.8369701987210297e-16,DB01
202011092300,104,5.8,0,0,-0.34202014332566866,-0.9396926207859084,DB01
202011100000,104,6.3,0,0,-0.7660444431189779,-0.6427876096865395,DB01
202011100100,104,5.0,0,0,-1.0,-1.8369701987210297e-16,DB01
202011100200,104,5.6,0,0,-0.9396926207859084,-0.34202014332566855,DB01
202011100300,104,5.7,0,0,-0.9396926207859084,-0.34202014332566855,DB01
202011100400,104,5.5,0,0,-0.9396926207859084,-0.34202014332566855,DB01
202011100500,104,5.1,0,0,-0.9396926207859084,-0.34202014332566855,DB01
202011100600,104,4.6,0,0,-0.9396926207859084,-0.34202014332566855,DB01
202011100700,104,4.3,0,0,-0.9396926207859084,-0.34202014332566855,DB01
202011100800,104,5.7,0,0,-0.9396926207859084,-0.34202014332566855,DB01
202011100900,104,8.0,0,0,-1.0,-1.8369701987210297e-16,DB01
202011101000,104,9.0,0,0,-0.9396926207859084,-0.34202014332566855,DB01
202011101100,104,9.6,0,0,0.9396926207859084,-0.3420201433256687,DB01
202011101200,104,10.6,0,0,1.0,6.123233995736766e-17,DB01
202011101300,104,10.6,0,0,0.9396926207859084,-0.3420201433256687,DB01
202011101400,104,10.7,0,0,0.9396926207859084,-0.3420201433256687,DB01
202011101500,104,10.7,0,0,0.9396926207859084,-0.3420201433256687,DB01
202011101600,104,10.2,0,0,0.9396926207859084,-0.3420201433256687,DB01
202011101700,104,8.2,0,0,0.6427876096865395,-0.7660444431189779,DB01
202011101800,104,6.5,0,0,-0.9396926207859084,-0.34202014332566855,DB01
202011101900,104,5.1,0,0,0.0,1.0,DB01
202011102000,104,5.0,0,0,0.0,1.0,DB01
202011102100,104,6.2,0,0,0.0,1.0,DB01
202011102200,104,6.1,0,0,-0.34202014332566866,-0.9396926207859084,DB01
202011102300,104,6.1,0,0,-0.34202014332566866,-0.9396926207859084,DB01
202011110000,104,6.1,0,0,0.3420201433256689,-0.9396926207859083,DB01
202011110100,104,6.2,0,0,0.3420201433256689,-0.9396926207859083,DB01
202011110200,104,6.4,0,0,1.2246467991473532e-16,-1.0,DB01
202011110300,104,6.6,0,0,0.3420201433256689,-0.9396926207859083,DB01
202011110400,104,6.5,0,0,0.3420201433256689,-0.9396926207859083,DB01
202011110500,104,7.4,0,0,-0.34202014332566866,-0.9396926207859084,DB01
202011110600,104,6.5,0,0,-0.34202014332566866,-0.9396926207859084,DB01
202011110700,104,6.3,0,0,0.3420201433256689,-0.9396926207859083,DB01
202011110800,104,7.5,0,0,1.2246467991473532e-16,-1.0,DB01
202011110900,104,10.1,0,0,0.6427876096865395,-0.7660444431189779,DB01
202011111000,104,12.6,0,0,-0.34202014332566866,-0.9396926207859084,DB01
202011111100,104,13.7,0,0,1.0,6.123233995736766e-17,DB01
202011111200,104,13.8,0,0,1.0,6.123233995736766e-17,DB01
202011111300,104,13.8,0,0,0.9396926207859084,-0.3420201433256687,DB01
202011111400,104,14.2,0,0,0.9396926207859084,-0.3420201433256687,DB01
202011111500,104,13.9,0,0,0.9396926207859084,-0.3420201433256687,DB01
202011111600,104,13.6,0,0,0.9396926207859084,-0.3420201433256687,DB01
202011111700,104,11.8,0,0,0.6427876096865395,-0.7660444431189779,DB01
202011111800,104,9.9,0,0,-0.7660444431189779,-0.6427876096865395,DB01
202011111900,104,9.4,0,0,-0.9396926207859084,-0.34202014332566855,DB01
202011112000,104,8.1,0,0,0.0,1.0,DB01
202011112100,104,8.2,0,0,1.2246467991473532e-16,-1.0,DB01
202011112200,104,8.4,0,0,-0.34202014332566866,-0.9396926207859084,DB01
202011112300,104,6.8,0,0,1.2246467991473532e-16,-1.0,DB01
202011120000,104,9.7,0,0,0.3420201433256689,-0.9396926207859083,DB01
202011120100,104,8.8,0,0,0.3420201433256689,-0.9396926207859083,DB01
202011120200,104,8.9,0,0,0.3420201433256689,-0.9396926207859083,DB01
202011120300,104,9.8,0,0,0.3420201433256689,-0.9396926207859083,DB01
202011120400,104,9.5,0,0,0.3420201433256689,-0.9396926207859083,DB01
202011120500,104,9.4,0,0,0.3420201433256689,-0.9396926207859083,DB01
202011120600,104,8.9,0,0,0.3420201433256689,-0.9396926207859083,DB01
202011120700,104,9.1,0,0,0.3420201433256689,-0.9396926207859083,DB01
202011120800,104,10.9,0,0,0.3420201433256689,-0.9396926207859083,DB01
202011120900,104,13.6,0,0,0.3420201433256689,-0.9396926207859083,DB01
202011121000,104,16.0,0,0,0.3420201433256689,-0.9396926207859083,DB01
202011121100,104,17.9,0,0,0.9396926207859084,-0.3420201433256687,DB01
202011121200,104,18.3,0,0,0.9396926207859084,-0.3420201433256687,DB01
202011121300,104,18.0,0,0,1.0,6.123233995736766e-17,DB01
202011121400,104,18.0,0,0,1.0,6.123233995736766e-17,DB01
202011121500,104,17.4,0,0,0.9396926207859084,-0.3420201433256687,DB01
202011121600,104,17.1,0,0,0.0,1.0,DB01
202011121700,104,13.9,0,0,-0.9396926207859084,-0.34202014332566855,DB01
202011121800,104,14.5,0,0,0.3420201433256689,-0.9396926207859083,DB01
202011121900,104,13.4,0,0,0.3420201433256689,-0.9396926207859083,DB01
202011122000,104,10.9,0,0,1.2246467991473532e-16,-1.0,DB01
202011122100,104,13.4,0,0,1.2246467991473532e-16,-1.0,DB02
202011122200,104,13.3,0,0,0.3420201433256689,-0.9396926207859083,DB03
202011122300,104,13.1,0,0,0.3420201433256689,-0.9396926207859083,DB03
202011130000,104,13.6,0,0,-0.7660444431189779,-0.6427876096865395,DB03
202011130100,104,13.8,0,0,-0.34202014332566866,-0.9396926207859084,DB03
202011130200,104,12.8,0,0,0.3420201433256689,-0.9396926207859083,DB03
202011130300,104,13.3,0,0,-0.9396926207859084,-0.34202014332566855,DB03
202011130400,104,13.0,0,0,1.2246467991473532e-16,-1.0,DB03
202011130500,104,10.6,0,0,-0.9396926207859084,-0.34202014332566855,DB02
202011130600,104,12.3,0,0,-0.9396926207859083,0.342020143325669,DB01
202011130700,104,10.1,0,0,0.3420201433256689,-0.9396926207859083,DB01
202011130800,104,11.8,0,0,0.3420201433256689,-0.9396926207859083,DB01
202011130900,104,15.7,0,0,-1.0,-1.8369701987210297e-16,DB01
202011131000,104,16.6,0,0,-1.0,-1.8369701987210297e-16,DB01
202011131100,104,17.9,0,0,-1.0,-1.8369701987210297e-16,DB01
202011131200,104,18.0,0,0,0.9396926207859083,0.3420201433256688,DB01
202011131300,104,17.5,0,0,1.0,6.123233995736766e-17,DB01
202011131400,104,17.1,0,0,1.0,6.123233995736766e-17,DB01
202011131500,104,16.2,0,0,0.9396926207859084,-0.3420201433256687,DB01
202011131600,104,15.1,0,0,-0.9396926207859084,-0.34202014332566855,DB01
202011131700,104,13.6,0,0,-0.34202014332566866,-0.9396926207859084,DB01
202011131800,104,11.5,0,0,-0.9396926207859084,-0.34202014332566855,DB01
202011131900,104,11.3,0,0,-0.9396926207859084,-0.34202014332566855,DB01
202011132000,104,10.8,0,0,-0.9396926207859084,-0.34202014332566855,DB01
202011132100,104,10.6,0,0,-0.7660444431189779,-0.6427876096865395,DB01
202011132200,104,9.4,0,0,1.2246467991473532e-16,-1.0,DB01
202011132300,104,9.2,0,0,-0.34202014332566866,-0.9396926207859084,DB01
202011140000,104,9.4,0,0,1.2246467991473532e-16,-1.0,DB01
202011140100,104,9.3,0,0,-0.34202014332566866,-0.9396926207859084,DB01
202011140200,104,8.9,0,0,-0.7660444431189779,-0.6427876096865395,DB01
202011140300,104,7.1,0,0,-0.34202014332566866,-0.9396926207859084,DB01
202011140400,104,7.5,0,0,1.2246467991473532e-16,-1.0,DB01
202011140500,104,9.4,0,0,-0.9396926207859084,-0.34202014332566855,DB01
202011140600,104,6.6,0,0,1.2246467991473532e-16,-1.0,DB02
202011140700,104,7.6,0,0,1.2246467991473532e-16,-1.0,DB03
202011140800,104,9.1,0,0,-0.9396926207859083,0.342020143325669,DB03
202011140900,104,11.4,0,0,0.0,1.0,DB03
202011141000,104,12.8,0,0,0.0,1.0,DB03
202011141100,104,13.7,0,0,-1.0,-1.8369701987210297e-16,DB03
202011141200,104,15.1,0,0,1.0,6.123233995736766e-17,DB02
202011141300,104,15.4,0,0,1.0,6.123233995736766e-17,DB02
202011141400,104,16.2,0,0,0.9396926207859084,-0.3420201433256687,DB01
202011141500,104,15.5,0,0,0.9396926207859084,-0.3420201433256687,DB01
202011141600,104,14.9,0,0,0.9396926207859084,-0.3420201433256687,DB01
202011141700,104,13.6,0,0,0.6427876096865395,-0.7660444431189779,DB02
202011141800,104,11.1,0,0,-1.0,-1.8369701987210297e-16,DB01
202011141900,104,10.7,0,0,-1.0,-1.8369701987210297e-16,DB01
202011142000,104,10.0,0,0,1.2246467991473532e-16,-1.0,DB02
202011142100,104,10.1,0,0,-0.9396926207859084,-0.34202014332566855,DB02
202011142200,104,8.9,0,0,1.2246467991473532e-16,-1.0,DB04
202011142300,104,8.3,0,0,0.3420201433256689,-0.9396926207859083,DB01
202011150000,104,7.7,0,0,0.0,1.0,DB01
202011150100,104,6.8,0,0,0.3420201433256689,-0.9396926207859083,DB02
202011150200,104,7.8,0,0,0.0,1.0,DB01
202011150300,104,7.8,0,0,0.3420201433256689,-0.9396926207859083,DB01
202011150400,104,7.8,0,0,0.0,1.0,DB01
202011150500,104,9.4,0,0,0.3420201433256689,-0.9396926207859083,DB01
202011150600,104,10.3,0,0,0.3420201433256689,-0.9396926207859083,DB01
202011150700,104,9.3,0,0,0.0,1.0,DB02
202011150800,104,9.8,0,0,0.3420201433256689,-0.9396926207859083,DB04
202011150900,104,13.1,0,0,0.3420201433256689,-0.9396926207859083,DB03
202011151000,104,16.2,0,0,0.9396926207859084,-0.3420201433256687,DB03
202011151100,104,17.7,0,0,-0.7660444431189779,-0.6427876096865395,DB03
202011151200,104,17.9,0,0,1.0,6.123233995736766e-17,DB02
202011151300,104,18.5,0,0,0.6427876096865395,-0.7660444431189779,DB02
202011151400,104,18.2,0,0,0.9396926207859084,-0.3420201433256687,DB02
202011151500,104,17.3,0,0,1.0,6.123233995736766e-17,DB03
202011151600,104,16.9,0,0,0.9396926207859084,-0.3420201433256687,DB02
202011151700,104,14.9,0,0,-0.34202014332566866,-0.9396926207859084,DB01
202011151800,104,14.5,0,0,-0.7660444431189779,-0.6427876096865395,DB01
202011151900,104,13.4,0,0,0.3420201433256689,-0.9396926207859083,DB01
202011152000,104,13.8,0,0,1.2246467991473532e-16,-1.0,DB01
202011152100,104,14.0,0,0,1.2246467991473532e-16,-1.0,DB01
202011152200,104,13.9,0,0,0.3420201433256689,-0.9396926207859083,DB02
202011152300,104,13.4,0,0,0.3420201433256689,-0.9396926207859083,DB01
202011160000,104,13.3,0,0,1.2246467991473532e-16,-1.0,DB01
202011160100,104,12.5,0,0,-0.34202014332566866,-0.9396926207859084,DB02
202011160200,104,12.1,0,0,0.3420201433256689,-0.9396926207859083,DB02
202011160300,104,11.4,0,0,0.3420201433256689,-0.9396926207859083,DB01
202011160400,104,10.5,0,0,0.3420201433256689,-0.9396926207859083,DB01
202011160500,104,10.1,0,0,-0.34202014332566866,-0.9396926207859084,DB01
202011160600,104,10.6,0,0,1.2246467991473532e-16,-1.0,DB01
202011160700,104,11.5,0,0,1.2246467991473532e-16,-1.0,DB01
202011160800,104,10.8,0,0,-0.34202014332566866,-0.9396926207859084,DB01
202011160900,104,14.8,0,0,-0.9396926207859083,0.342020143325669,DB01
202011161000,104,16.1,0,0,-1.0,-1.8369701987210297e-16,DB01
202011161100,104,16.5,0,0,-0.7660444431189779,-0.6427876096865395,DB01
202011161200,104,16.9,0,0,-0.9396926207859084,-0.34202014332566855,DB01
202011161300,104,16.9,0,0,0.9396926207859084,-0.3420201433256687,DB01
202011161400,104,16.3,0,0,0.9396926207859084,-0.3420201433256687,DB01
202011161500,104,15.6,0,0,0.6427876096865395,-0.7660444431189779,DB02
202011161600,104,14.9,0,0,0.6427876096865395,-0.7660444431189779,DB02
202011161700,104,13.8,0,0,0.0,1.0,DB03
202011161800,104,13.5,0,0,-0.9396926207859084,-0.34202014332566855,DB03
202011161900,104,13.3,0,0,0.0,1.0,DB04
202011162000,104,13.4,0,0,0.0,1.0,DB04
202011162100,104,13.7,0,0,0.6427876096865395,-0.7660444431189779,DB04
202011162200,104,14.3,0,0,0.6427876096865395,-0.7660444431189779,DB04
202011162300,104,14.2,0,0,0.6427876096865395,-0.7660444431189779,DB04
202011170000,104,14.0,0,0,0.6427876096865395,-0.7660444431189779,DB04
202011170100,104,13.1,0,0,0.3420201433256689,-0.9396926207859083,DB04
202011170200,104,12.9,0,0,0.0,1.0,DB04
202011170300,104,13.1,0,0,0.6427876096865395,-0.7660444431189779,DB04
202011170400,104,12.5,0,0,1.2246467991473532e-16,-1.0,DB03
202011170500,104,11.1,0,0,0.0,1.0,DB04
202011170600,104,10.5,0,0,0.0,1.0,DB01
202011170700,104,10.5,0,0,0.3420201433256689,-0.9396926207859083,DB01
202011170800,104,10.2,0,0,0.3420201433256689,-0.9396926207859083,DB02
202011170900,104,13.8,0,0,0.6427876096865395,-0.7660444431189779,DB03
202011171000,104,15.2,0,0,0.6427876096865395,-0.7660444431189779,DB03
202011171100,104,17.0,0,0,0.9396926207859084,-0.3420201433256687,DB04
202011171200,104,17.8,0,0,0.9396926207859084,-0.3420201433256687,DB03
202011171300,104,18.3,0,0,0.9396926207859084,-0.3420201433256687,DB03
202011171400,104,18.7,0,0,0.9396926207859084,-0.3420201433256687,DB02
202011171500,104,18.5,0,0,-0.9396926207859084,-0.34202014332566855,DB03
202011171600,104,17.8,0,0,-1.0,-1.8369701987210297e-16,DB03
202011171700,104,16.9,0,0,-1.0,-1.8369701987210297e-16,DB04
202011171800,104,15.7,0,0,0.0,1.0,DB04
202011171900,104,14.7,0,0,0.6427876096865395,-0.7660444431189779,DB04
202011172000,104,13.3,0,0,0.0,1.0,DB02
202011172100,104,13.0,0,0,0.6427876096865395,-0.7660444431189779,DB02
202011172200,104,12.1,0,0,0.0,1.0,DB03
202011172300,104,12.8,0,0,0.0,1.0,DB03
202011180000,104,13.0,0,0,0.6427876096865395,-0.7660444431189779,DB03
202011180100,104,13.3,0,0,0.0,1.0,DB04
202011180200,104,13.6,0,0,0.3420201433256689,-0.9396926207859083,DB04
202011180300,104,14.0,0,0,0.6427876096865395,-0.7660444431189779,DB02
202011180400,104,16.4,0,0,0.3420201433256689,-0.9396926207859083,DB03
202011180500,104,15.6,0,0,0.3420201433256689,-0.9396926207859083,DB03
202011180600,104,15.3,0,0,0.6427876096865395,-0.7660444431189779,DB03
202011180700,104,16.9,0,0,0.3420201433256689,-0.9396926207859083,DB03
202011180800,104,17.9,0,0,0.3420201433256689,-0.9396926207859083,DB03
202011180900,104,18.5,0,0,0.3420201433256689,-0.9396926207859083,DB04
202011181000,104,19.9,0,0,0.3420201433256689,-0.9396926207859083,DB04
202011181100,104,21.3,0,0,0.6427876096865395,-0.7660444431189779,DB04
202011181200,104,22.3,0,0,0.9396926207859084,-0.3420201433256687,DB04
202011181300,104,22.0,0,0,0.9396926207859084,-0.3420201433256687,DB04
202011181400,104,21.4,0,0,0.6427876096865395,-0.7660444431189779,DB04
202011181500,104,20.2,0,0,0.0,1.0,DB04
202011181600,104,19.1,0,0,1.2246467991473532e-16,-1.0,DB04
202011181700,104,18.5,0,0,0.6427876096865395,-0.7660444431189779,DB04
202011181800,104,18.5,0,0,0.0,1.0,DB04
202011181900,104,16.0,0,0,-1.0,-1.8369701987210297e-16,DB04
202011182000,104,16.1,0,0,0.0,1.0,DB04
202011182100,104,15.2,0,0,-0.9396926207859084,-0.34202014332566855,DB03
202011182200,104,14.9,0,0,0.0,1.0,DB04
202011182300,104,15.3,0,0,0.3420201433256689,-0.9396926207859083,DB03
202011190000,104,21.2,0,0,0.3420201433256689,-0.9396926207859083,DB03
202011190100,104,21.1,0,0,0.6427876096865395,-0.7660444431189779,DB03
202011190200,104,20.9,0,0,1.0,6.123233995736766e-17,DB03
202011190300,104,20.9,0,0,1.2246467991473532e-16,-1.0,DB03
202011190400,104,22.5,0,0,0.6427876096865395,-0.7660444431189779,DB03
202011190500,104,22.8,0,0,0.9396926207859084,-0.3420201433256687,DB03
202011190600,104,22.5,0,0,0.9396926207859084,-0.3420201433256687,DB04
202011190700,104,23.2,0,0,0.6427876096865395,-0.7660444431189779,DB04
202011190800,104,23.3,0,0,0.9396926207859084,-0.3420201433256687,DB04
202011190900,104,24.2,0,0,0.3420201433256689,-0.9396926207859083,DB04
202011191000,104,20.8,0,0,-1.0,-1.8369701987210297e-16,DB04
202011191100,104,18.5,0,0,-0.34202014332566866,-0.9396926207859084,DB04
202011191200,104,18.5,100,1,1.2246467991473532e-16,-1.0,DB04
202011191300,104,20.6,0,0,-0.34202014332566866,-0.9396926207859084,DB04
202011191400,104,20.7,0,0,-0.7660444431189779,-0.6427876096865395,DB03
202011191500,104,22.1,100,1,1.2246467991473532e-16,-1.0,DB03
202011191600,104,19.9,0,0,-0.34202014332566866,-0.9396926207859084,DB04
202011191700,104,18.8,0,0,1.2246467991473532e-16,-1.0,DB03
202011191800,104,17.6,0,0,-1.0,-1.8369701987210297e-16,DB02
202011191900,104,16.7,0,0,-0.34202014332566866,-0.9396926207859084,DB03
202011192000,104,15.7,0,0,-0.34202014332566866,-0.9396926207859084,DB04
202011192100,104,13.7,0,0,0.3420201433256689,-0.9396926207859083,DB04
202011192200,104,13.2,0,0,1.2246467991473532e-16,-1.0,DB04
202011192300,104,12.7,0,0,1.2246467991473532e-16,-1.0,DB04
202011200000,104,13.6,0,0,-0.7660444431189779,-0.6427876096865395,DB03
202011200100,104,13.8,0,0,-0.9396926207859084,-0.34202014332566855,DB03
202011200200,104,11.8,0,0,0.3420201433256689,-0.9396926207859083,DB02
202011200300,104,10.3,0,0,0.3420201433256689,-0.9396926207859083,DB02
202011200400,104,9.3,0,0,0.6427876096865395,-0.7660444431189779,DB02
202011200500,104,9.1,0,0,0.6427876096865395,-0.7660444431189779,DB02
202011200600,104,8.8,0,0,0.6427876096865395,-0.7660444431189779,DB01
202011200700,104,7.9,0,0,-0.34202014332566866,-0.9396926207859084,DB01
202011200800,104,9.4,0,0,-0.7660444431189779,-0.6427876096865395,DB01
202011200900,104,10.2,0,0,-0.34202014332566866,-0.9396926207859084,DB01
202011201000,104,10.7,0,0,0.3420201433256689,-0.9396926207859083,DB01
202011201100,104,10.5,0,0,0.6427876096865395,-0.7660444431189779,DB01
202011201200,104,11.8,0,0,-1.0,-1.8369701987210297e-16,DB01
202011201300,104,10.2,0,0,0.6427876096865395,-0.7660444431189779,DB01
202011201400,104,10.9,0,0,1.2246467991473532e-16,-1.0,DB01
202011201500,104,10.2,0,0,-0.7660444431189779,-0.6427876096865395,DB02
202011201600,104,8.8,0,0,0.6427876096865395,-0.7660444431189779,DB01
202011201700,104,7.6,0,0,-1.0,-1.8369701987210297e-16,DB01
202011201800,104,4.9,0,0,0.6427876096865395,-0.7660444431189779,DB01
202011201900,104,3.8,0,0,0.0,1.0,DB02
202011202000,104,3.3,0,0,-0.9396926207859084,-0.34202014332566855,DB02
202011202100,104,4.4,0,0,-0.9396926207859084,-0.34202014332566855,DB01
202011202200,104,4.1,0,0,-0.9396926207859084,-0.34202014332566855,DB01
202011202300,104,3.2,0,0,-0.9396926207859084,-0.34202014332566855,DB01
202011210000,104,4.2,0,0,-0.9396926207859084,-0.34202014332566855,DB01
202011210100,104,4.0,0,0,-0.9396926207859084,-0.34202014332566855,DB01
202011210200,104,3.0,0,0,0.3420201433256689,-0.9396926207859083,DB03
202011210300,104,2.7,0,0,-0.7660444431189779,-0.6427876096865395,DB01
202011210400,104,4.7,0,0,-0.7660444431189779,-0.6427876096865395,DB02
202011210500,104,5.1,0,0,0.6427876096865395,-0.7660444431189779,DB02
202011210600,104,4.7,0,0,0.0,1.0,DB03
202011210700,104,5.0,0,0,-0.9396926207859084,-0.34202014332566855,DB03
202011210800,104,6.6,0,0,-0.9396926207859084,-0.34202014332566855,DB03
202011210900,104,7.8,0,0,-0.9396926207859084,-0.34202014332566855,DB04
202011211000,104,9.1,0,0,-0.9396926207859084,-0.34202014332566855,DB04
202011211100,104,9.3,0,0,0.6427876096865395,-0.7660444431189779,DB04
202011211200,104,9.5,0,0,0.6427876096865395,-0.7660444431189779,DB04
202011211300,104,9.5,0,0,0.6427876096865395,-0.7660444431189779,DB04
202011211400,104,9.5,0,0,0.9396926207859084,-0.3420201433256687,DB04
202011211500,104,9.5,0,0,0.6427876096865395,-0.7660444431189779,DB04
202011211600,104,9.9,0,0,0.9396926207859084,-0.3420201433256687,DB03
202011211700,104,9.0,0,0,0.6427876096865395,-0.7660444431189779,DB03
202011211800,104,7.7,0,0,1.2246467991473532e-16,-1.0,DB03
202011211900,104,7.3,0,0,0.3420201433256689,-0.9396926207859083,DB03
202011212000,104,6.5,0,0,-0.7660444431189779,-0.6427876096865395,DB04
202011212100,104,7.4,0,0,0.0,1.0,DB04
202011212200,104,7.6,0,0,-0.34202014332566866,-0.9396926207859084,DB04
202011212300,104,7.1,0,0,0.0,1.0,DB04
202011220000,104,9.1,0,0,0.3420201433256689,-0.9396926207859083,DB04
202011220100,104,9.3,0,0,0.0,1.0,DB04
202011220200,104,9.7,0,0,0.3420201433256689,-0.9396926207859083,DB04
202011220300,104,9.0,0,0,-1.0,-1.8369701987210297e-16,DB04
202011220400,104,10.0,0,0,-1.0,-1.8369701987210297e-16,DB04
202011220500,104,10.8,0,0,1.2246467991473532e-16,-1.0,DB04
202011220600,104,10.1,0,0,-0.7660444431189779,-0.6427876096865395,DB04
202011220700,104,9.1,0,0,0.0,1.0,DB04
202011220800,104,8.9,0,0,0.0,1.0,DB04
202011220900,104,9.8,0,0,-0.9396926207859084,-0.34202014332566855,DB04
202011221000,104,10.1,0,0,-0.9396926207859083,0.342020143325669,DB04
202011221100,104,10.6,0,0,0.0,1.0,DB03
202011221200,104,10.8,0,0,0.6427876096865395,-0.7660444431189779,DB04
202011221300,104,10.6,0,0,-1.0,-1.8369701987210297e-16,DB04
202011221400,104,10.4,0,0,-1.0,-1.8369701987210297e-16,DB04
202011221500,104,10.5,0,0,-1.0,-1.8369701987210297e-16,DB04
202011221600,104,10.7,0,0,-1.0,-1.8369701987210297e-16,DB03
202011221700,104,9.1,0,0,-1.0,-1.8369701987210297e-16,DB03
202011221800,104,8.1,0,0,-0.7660444431189779,-0.6427876096865395,DB03
202011221900,104,7.1,0,0,-0.9396926207859084,-0.34202014332566855,DB03
202011222000,104,6.9,0,0,-1.0,-1.8369701987210297e-16,DB02
202011222100,104,7.8,0,0,-1.0,-1.8369701987210297e-16,DB03
202011222200,104,6.4,0,0,-1.0,-1.8369701987210297e-16,DB01
202011222300,104,6.9,0,0,1.0,6.123233995736766e-17,DB01
202011230000,104,6.6,0,0,-1.0,-1.8369701987210297e-16,DB01
202011230100,104,6.3,0,0,-1.0,-1.8369701987210297e-16,DB02
202011230200,104,4.5,0,0,-0.9396926207859083,0.342020143325669,DB02
202011230300,104,3.2,0,0,-0.7660444431189779,-0.6427876096865395,DB01
202011230400,104,4.3,0,0,-0.9396926207859084,-0.34202014332566855,DB01
202011230500,104,2.9,0,0,1.2246467991473532e-16,-1.0,DB01
202011230600,104,1.6,0,0,0.6427876096865395,-0.7660444431189779,DB01
202011230700,104,1.9,0,0,0.6427876096865395,-0.7660444431189779,DB01
202011230800,104,2.8,0,0,0.6427876096865395,-0.7660444431189779,DB01
202011230900,104,5.3,0,0,0.3420201433256689,-0.9396926207859083,DB01
202011231000,104,6.8,0,0,1.2246467991473532e-16,-1.0,DB01
202011231100,104,8.0,0,0,0.9396926207859084,-0.3420201433256687,DB01
202011231200,104,8.6,0,0,1.0,6.123233995736766e-17,DB01
202011231300,104,9.0,0,0,0.6427876096865395,-0.7660444431189779,DB01
202011231400,104,9.4,0,0,1.0,6.123233995736766e-17,DB01
202011231500,104,9.2,0,0,1.0,6.123233995736766e-17,DB01
202011231600,104,9.3,0,0,0.3420201433256689,-0.9396926207859083,DB01
202011231700,104,7.5,0,0,-1.0,-1.8369701987210297e-16,DB01
202011231800,104,5.9,0,0,-0.9396926207859084,-0.34202014332566855,DB01
202011231900,104,4.6,0,0,0.3420201433256689,-0.9396926207859083,DB01
202011232000,104,3.9,0,0,0.3420201433256689,-0.9396926207859083,DB01
202011232100,104,3.7,0,0,0.3420201433256689,-0.9396926207859083,DB01
202011232200,104,3.3,0,0,1.2246467991473532e-16,-1.0,DB01
202011232300,104,3.1,0,0,0.3420201433256689,-0.9396926207859083,DB01
202011240000,104,3.0,0,0,0.3420201433256689,-0.9396926207859083,DB01
202011240100,104,3.1,0,0,0.3420201433256689,-0.9396926207859083,DB01
202011240200,104,2.3,0,0,0.6427876096865395,-0.7660444431189779,DB03
202011240300,104,3.1,0,0,0.3420201433256689,-0.9396926207859083,DB03
202011240400,104,3.7,0,0,1.2246467991473532e-16,-1.0,DB03
202011240500,104,2.9,0,0,0.3420201433256689,-0.9396926207859083,DB03
202011240600,104,2.8,0,0,0.6427876096865395,-0.7660444431189779,DB03
202011240700,104,3.0,0,0,-0.34202014332566866,-0.9396926207859084,DB04
202011240800,104,4.7,0,0,0.3420201433256689,-0.9396926207859083,DB04
202011240900,104,5.5,0,0,0.0,1.0,DB04
202011241000,104,6.0,0,0,0.3420201433256689,-0.9396926207859083,DB04
202011241100,104,8.6,0,0,-1.0,-1.8369701987210297e-16,DB03
202011241200,104,8.7,0,0,-0.34202014332566866,-0.9396926207859084,DB04
202011241300,104,8.5,0,0,0.6427876096865395,-0.7660444431189779,DB04
202011241400,104,8.8,0,0,-0.34202014332566866,-0.9396926207859084,DB04
202011241500,104,8.9,0,0,0.6427876096865395,-0.7660444431189779,DB03
202011241600,104,8.5,0,0,0.0,1.0,DB04
202011241700,104,7.7,0,0,0.0,1.0,DB03
202011241800,104,6.4,0,0,0.0,1.0,DB04
202011241900,104,6.1,0,0,-0.7660444431189779,-0.6427876096865395,DB02
202011242000,104,4.4,0,0,1.2246467991473532e-16,-1.0,DB01
202011242100,104,4.5,0,0,0.0,1.0,DB01
202011242200,104,5.2,0,0,0.0,1.0,DB01
202011242300,104,4.4,0,0,0.3420201433256689,-0.9396926207859083,DB01
202011250000,104,2.8,0,0,0.0,1.0,DB02
202011250100,104,3.2,0,0,1.2246467991473532e-16,-1.0,DB02
202011250200,104,3.7,0,0,0.3420201433256689,-0.9396926207859083,DB03
202011250300,104,4.1,0,0,0.3420201433256689,-0.9396926207859083,DB02
202011250400,104,3.5,0,0,1.2246467991473532e-16,-1.0,DB02
202011250500,104,3.6,0,0,0.3420201433256689,-0.9396926207859083,DB03
202011250600,104,4.6,0,0,-0.9396926207859084,-0.34202014332566855,DB03
202011250700,104,4.6,0,0,-0.34202014332566866,-0.9396926207859084,DB03
202011250800,104,5.0,0,0,1.2246467991473532e-16,-1.0,DB03
202011250900,104,6.6,0,0,0.0,1.0,DB02
202011251000,104,8.9,0,0,-0.7660444431189779,-0.6427876096865395,DB02
202011251100,104,10.4,0,0,-1.0,-1.8369701987210297e-16,DB01
202011251200,104,11.2,0,0,-1.0,-1.8369701987210297e-16,DB01
202011251300,104,11.6,0,0,-1.0,-1.8369701987210297e-16,DB01
202011251400,104,11.3,0,0,-1.0,-1.8369701987210297e-16,DB01
202011251500,104,11.4,0,0,-1.0,-1.8369701987210297e-16,DB01
202011251600,104,10.3,0,0,0.3420201433256689,-0.9396926207859083,DB01
202011251700,104,7.3,0,0,0.0,1.0,DB01
202011251800,104,6.3,0,0,0.3420201433256689,-0.9396926207859083,DB01
202011251900,104,5.5,0,0,1.2246467991473532e-16,-1.0,DB01
202011252000,104,5.4,0,0,0.3420201433256689,-0.9396926207859083,DB01
202011252100,104,4.5,0,0,1.2246467991473532e-16,-1.0,DB01
202011252200,104,5.6,0,0,1.2246467991473532e-16,-1.0,DB02
202011252300,104,5.3,0,0,0.3420201433256689,-0.9396926207859083,DB01
202011260000,104,5.3,0,0,0.3420201433256689,-0.9396926207859083,DB01
202011260100,104,5.1,0,0,0.3420201433256689,-0.9396926207859083,DB02
202011260200,104,4.9,0,0,0.3420201433256689,-0.9396926207859083,DB01
202011260300,104,4.9,0,0,1.2246467991473532e-16,-1.0,DB03
202011260400,104,4.7,0,0,0.3420201433256689,-0.9396926207859083,DB03
202011260500,104,4.7,0,0,0.3420201433256689,-0.9396926207859083,DB03
202011260600,104,4.4,0,0,1.2246467991473532e-16,-1.0,DB03
202011260700,104,4.4,0,0,1.2246467991473532e-16,-1.0,DB03
202011260800,104,4.7,0,0,1.2246467991473532e-16,-1.0,DB03
202011260900,104,5.6,0,0,-0.9396926207859084,-0.34202014332566855,DB03
202011261000,104,8.7,0,0,-1.0,-1.8369701987210297e-16,DB02
202011261100,104,9.9,0,0,1.0,6.123233995736766e-17,DB02
202011261200,104,10.4,0,0,1.2246467991473532e-16,-1.0,DB03
202011261300,104,10.6,0,0,0.6427876096865395,-0.7660444431189779,DB02
202011261400,104,10.5,0,0,-0.7660444431189779,-0.6427876096865395,DB02
202011261500,104,10.6,0,0,-0.7660444431189779,-0.6427876096865395,DB02
202011261600,104,10.0,0,0,-0.9396926207859084,-0.34202014332566855,DB02
202011261700,104,8.6,0,0,-1.0,-1.8369701987210297e-16,DB03
202011261800,104,7.7,0,0,-0.9396926207859083,0.342020143325669,DB03
202011261900,104,6.1,0,0,-0.9396926207859084,-0.34202014332566855,DB03
202011262000,104,5.7,0,0,-0.9396926207859084,-0.34202014332566855,DB03
202011262100,104,5.6,0,0,-0.9396926207859084,-0.34202014332566855,DB02
202011262200,104,4.6,0,0,1.2246467991473532e-16,-1.0,DB02
202011262300,104,5.0,0,0,0.0,1.0,DB02
202011270000,104,4.1,0,0,0.3420201433256689,-0.9396926207859083,DB03
202011270100,104,6.4,0,0,0.3420201433256689,-0.9396926207859083,DB03
202011270200,104,5.2,0,0,0.0,1.0,DB03
202011270300,104,5.6,0,0,0.0,1.0,DB03
202011270400,104,5.4,0,0,0.3420201433256689,-0.9396926207859083,DB03
202011270500,104,6.6,0,0,1.2246467991473532e-16,-1.0,DB03
202011270600,104,6.4,0,0,0.6427876096865395,-0.7660444431189779,DB04
202011270700,104,6.0,0,0,0.0,1.0,DB04
202011270800,104,8.1,0,0,-0.7660444431189779,-0.6427876096865395,DB04
202011270900,104,8.1,0,0,-0.9396926207859084,-0.34202014332566855,DB04
202011271000,104,8.4,0,0,1.2246467991473532e-16,-1.0,DB04
202011271100,104,8.2,0,0,0.3420201433256689,-0.9396926207859083,DB04
202011271200,104,9.3,0,0,-0.7660444431189779,-0.6427876096865395,DB03
202011271300,104,10.5,0,0,0.9396926207859084,-0.3420201433256687,DB03
202011271400,104,10.5,0,0,-1.0,-1.8369701987210297e-16,DB01
202011271500,104,9.8,0,0,-1.0,-1.8369701987210297e-16,DB01
202011271600,104,8.2,0,0,-1.0,-1.8369701987210297e-16,DB01
202011271700,104,6.9,0,0,-1.0,-1.8369701987210297e-16,DB01
202011271800,104,6.9,0,0,-1.0,-1.8369701987210297e-16,DB03
202011271900,104,6.5,0,0,-0.9396926207859083,0.342020143325669,DB04
202011272000,104,6.3,0,0,-0.9396926207859084,-0.34202014332566855,DB04
202011272100,104,5.9,0,0,-1.0,-1.8369701987210297e-16,DB04
202011272200,104,5.1,0,0,-1.0,-1.8369701987210297e-16,DB03
202011272300,104,4.0,0,0,-1.0,-1.8369701987210297e-16,DB03
202011280000,104,3.5,0,0,-0.9396926207859084,-0.34202014332566855,DB02
202011280100,104,3.1,0,0,-0.9396926207859084,-0.34202014332566855,DB02
202011280200,104,3.1,0,0,-0.9396926207859084,-0.34202014332566855,DB03
202011280300,104,0.4,0,0,0.6427876096865395,-0.7660444431189779,DB02
202011280400,104,1.4,0,0,-0.9396926207859084,-0.34202014332566855,DB02
202011280500,104,1.8,0,0,-0.9396926207859084,-0.34202014332566855,DB02
202011280600,104,1.6,0,0,-0.9396926207859084,-0.34202014332566855,DB02
202011280700,104,1.0,0,0,-0.9396926207859084,-0.34202014332566855,DB01
202011280800,104,0.5,0,0,0.6427876096865395,-0.7660444431189779,DB01
202011280900,104,2.7,0,0,1.2246467991473532e-16,-1.0,DB01
202011281000,104,4.8,0,0,-1.0,-1.8369701987210297e-16,DB01
202011281100,104,5.4,0,0,-1.0,-1.8369701987210297e-16,DB01
202011281200,104,5.9,0,0,-1.0,-1.8369701987210297e-16,DB01
202011281300,104,6.6,0,0,-0.34202014332566866,-0.9396926207859084,DB01
202011281400,104,6.9,0,0,1.0,6.123233995736766e-17,DB01
202011281500,104,6.8,0,0,-0.9396926207859084,-0.34202014332566855,DB01
202011281600,104,5.7,0,0,-1.0,-1.8369701987210297e-16,DB01
202011281700,104,3.6,0,0,-1.0,-1.8369701987210297e-16,DB01
202011281800,104,1.4,0,0,-0.9396926207859084,-0.34202014332566855,DB03
202011281900,104,0.8,0,0,0.0,1.0,DB03
202011282000,104,0.5,0,0,0.0,1.0,DB04
202011282100,104,1.0,0,0,-0.7660444431189779,-0.6427876096865395,DB04
202011282200,104,0.9,0,0,-0.7660444431189779,-0.6427876096865395,DB02
202011282300,104,0.1,0,0,0.3420201433256689,-0.9396926207859083,DB03
202011290000,104,-0.2,0,0,0.6427876096865395,-0.7660444431189779,DB03
202011290100,104,0.0,0,0,0.6427876096865395,-0.7660444431189779,DB03
202011290200,104,0.4,0,0,1.2246467991473532e-16,-1.0,DB03
202011290300,104,0.6,0,0,1.2246467991473532e-16,-1.0,DB03
202011290400,104,-0.2,0,0,0.3420201433256689,-0.9396926207859083,DB02
202011290500,104,-0.8,0,0,0.6427876096865395,-0.7660444431189779,DB03
202011290600,104,-0.2,0,0,1.2246467991473532e-16,-1.0,DB03
202011290700,104,-0.7,0,0,0.3420201433256689,-0.9396926207859083,DB01
202011290800,104,-0.1,0,0,1.2246467991473532e-16,-1.0,DB01
202011290900,104,1.7,0,0,0.6427876096865395,-0.7660444431189779,DB01
202011291000,104,3.9,0,0,-0.34202014332566866,-0.9396926207859084,DB01
202011291100,104,4.8,0,0,-0.9396926207859084,-0.34202014332566855,DB01
202011291200,104,6.1,0,0,-0.9396926207859084,-0.34202014332566855,DB01
202011291300,104,6.0,0,0,-0.9396926207859084,-0.34202014332566855,DB01
202011291400,104,6.2,0,0,0.0,1.0,DB01
202011291500,104,6.2,0,0,-0.9396926207859084,-0.34202014332566855,DB01
202011291600,104,5.3,0,0,-0.7660444431189779,-0.6427876096865395,DB01
202011291700,104,3.4,0,0,-0.9396926207859084,-0.34202014332566855,DB01
202011291800,104,2.2,0,0,0.6427876096865395,-0.7660444431189779,DB01
202011291900,104,2.2,0,0,1.2246467991473532e-16,-1.0,DB01
202011292000,104,1.7,0,0,-0.9396926207859084,-0.34202014332566855,DB01
202011292100,104,1.3,0,0,-0.9396926207859084,-0.34202014332566855,DB01
202011292200,104,-0.9,0,0,1.2246467991473532e-16,-1.0,DB01
202011292300,104,-1.6,0,0,0.6427876096865395,-0.7660444431189779,DB01
202011300000,104,0.3,0,0,-0.9396926207859084,-0.34202014332566855,DB01
202011300100,104,-1.3,0,0,0.6427876096865395,-0.7660444431189779,DB01
202011300200,104,-1.8,0,0,0.6427876096865395,-0.7660444431189779,DB01
202011300300,104,-2.1,0,0,0.6427876096865395,-0.7660444431189779,DB01
202011300400,104,-2.7,0,0,0.6427876096865395,-0.7660444431189779,DB01
202011300500,104,-2.4,0,0,0.6427876096865395,-0.7660444431189779,DB01
202011300600,104,-2.8,0,0,0.9396926207859084,-0.3420201433256687,DB01
202011300700,104,-2.8,0,0,0.3420201433256689,-0.9396926207859083,DB01
202011300800,104,-2.2,0,0,0.6427876096865395,-0.7660444431189779,DB01
202011300900,104,1.2,0,0,0.0,1.0,DB01
202011301000,104,3.3,0,0,0.9396926207859084,-0.3420201433256687,DB01
202011301100,104,5.4,0,0,1.0,6.123233995736766e-17,DB01
202011301200,104,6.2,0,0,0.9396926207859084,-0.3420201433256687,DB01
202011301300,104,7.0,0,0,0.9396926207859084,-0.3420201433256687,DB01
202011301400,104,7.7,0,0,0.3420201433256689,-0.9396926207859083,DB01
202011301500,104,7.6,0,0,-1.0,-1.8369701987210297e-16,DB01
202011301600,104,6.4,0,0,-1.0,-1.8369701987210297e-16,DB01
202011301700,104,4.3,0,0,1.2246467991473532e-16,-1.0,DB01
202011301800,104,2.3,0,0,0.6427876096865395,-0.7660444431189779,DB01
202011301900,104,0.7,0,0,1.2246467991473532e-16,-1.0,DB01
202011302000,104,3.0,0,0,-0.9396926207859084,-0.34202014332566855,DB01
202011302100,104,0.9,0,0,1.2246467991473532e-16,-1.0,DB01
202011302200,104,1.0,0,0,0.3420201433256689,-0.9396926207859083,DB01
202011302300,104,0.6,0,0,1.2246467991473532e-16,-1.0,DB01
202012010000,104,-0.2,0,0,0.3420201433256689,-0.9396926207859083,DB01
202012010100,104,-0.1,0,0,0.3420201433256689,-0.9396926207859083,DB01
202012010200,104,-0.6,0,0,-0.34202014332566866,-0.9396926207859084,DB01
202012010300,104,-0.6,0,0,1.2246467991473532e-16,-1.0,DB01
202012010400,104,-0.6,0,0,0.6427876096865395,-0.7660444431189779,DB02
202012010500,104,-0.7,0,0,0.3420201433256689,-0.9396926207859083,DB03
202012010600,104,-1.2,0,0,1.2246467991473532e-16,-1.0,DB01
202012010700,104,-0.8,0,0,0.3420201433256689,-0.9396926207859083,DB01
202012010800,104,-0.8,0,0,0.3420201433256689,-0.9396926207859083,DB01
202012010900,104,1.9,0,0,-0.34202014332566866,-0.9396926207859084,DB01
202012011000,104,4.7,0,0,0.0,1.0,DB01
202012011100,104,5.0,0,0,0.9396926207859083,0.3420201433256688,DB01
202012011200,104,6.1,0,0,-0.34202014332566866,-0.9396926207859084,DB01
202012011300,104,6.0,0,0,0.9396926207859084,-0.3420201433256687,DB01
202012011400,104,6.1,0,0,1.0,6.123233995736766e-17,DB01
202012011500,104,6.5,0,0,0.6427876096865395,-0.7660444431189779,DB01
202012011600,104,5.0,0,0,1.0,6.123233995736766e-17,DB02
202012011700,104,3.7,0,0,0.0,1.0,DB02
202012011800,104,2.7,0,0,-0.9396926207859084,-0.34202014332566855,DB02
202012011900,104,2.3,0,0,0.0,1.0,DB02
202012012000,104,2.1,0,0,-0.9396926207859084,-0.34202014332566855,DB03
202012012100,104,2.0,0,0,0.0,1.0,DB02
202012012200,104,2.6,0,0,-0.7660444431189779,-0.6427876096865395,DB04
202012012300,104,1.5,0,0,0.0,1.0,DB04
202012020000,104,1.8,0,0,-0.9396926207859084,-0.34202014332566855,DB02
202012020100,104,2.2,0,0,0.0,1.0,DB03
202012020200,104,2.1,0,0,1.2246467991473532e-16,-1.0,DB04
202012020300,104,1.9,0,0,-0.9396926207859084,-0.34202014332566855,DB03
202012020400,104,2.0,0,0,-0.34202014332566866,-0.9396926207859084,DB03
202012020500,104,3.0,0,0,0.0,1.0,DB04
202012020600,104,3.5,0,0,1.2246467991473532e-16,-1.0,DB04
202012020700,104,3.4,0,0,1.2246467991473532e-16,-1.0,DB04
202012020800,104,3.5,0,0,0.0,1.0,DB04
202012020900,104,5.4,0,0,1.2246467991473532e-16,-1.0,DB04
202012021000,104,5.8,0,0,0.3420201433256689,-0.9396926207859083,DB04
202012021100,104,5.3,0,0,-0.34202014332566866,-0.9396926207859084,DB04
202012021200,104,4.7,0,0,1.2246467991473532e-16,-1.0,DB04
202012021300,104,5.9,0,0,0.6427876096865395,-0.7660444431189779,DB04
202012021400,104,7.1,0,0,0.3420201433256687,0.9396926207859084,DB02
202012021500,104,6.6,0,0,0.0,1.0,DB02
202012021600,104,6.5,0,0,0.3420201433256687,0.9396926207859084,DB02
202012021700,104,4.7,0,0,0.0,1.0,DB02
202012021800,104,3.0,0,0,-0.34202014332566866,-0.9396926207859084,DB02
202012021900,104,5.0,0,0,-1.0,-1.8369701987210297e-16,DB01
202012022000,104,1.6,0,0,0.6427876096865395,-0.7660444431189779,DB01
202012022100,104,2.0,0,0,1.2246467991473532e-16,-1.0,DB01
202012022200,104,1.7,0,0,0.3420201433256689,-0.9396926207859083,DB02
202012022300,104,1.2,0,0,0.6427876096865395,-0.7660444431189779,DB03
202012030000,104,3.9,0,0,-0.7660444431189779,-0.6427876096865395,DB02
202012030100,104,3.2,0,0,0.3420201433256689,-0.9396926207859083,DB03
202012030200,104,4.1,0,0,-0.7660444431189779,-0.6427876096865395,DB03
202012030300,104,5.6,0,0,-1.0,-1.8369701987210297e-16,DB04
202012030400,104,4.5,0,0,-1.0,-1.8369701987210297e-16,DB03
202012030500,104,4.6,0,0,-1.0,-1.8369701987210297e-16,DB03
202012030600,104,3.7,0,0,-1.0,-1.8369701987210297e-16,DB03
202012030700,104,3.6,0,0,-0.9396926207859083,0.342020143325669,DB01
202012030800,104,3.9,0,0,-1.0,-1.8369701987210297e-16,DB01
202012030900,104,4.2,0,0,-0.9396926207859084,-0.34202014332566855,DB01
202012031000,104,5.3,0,0,-1.0,-1.8369701987210297e-16,DB01
202012031100,104,6.2,0,0,-1.0,-1.8369701987210297e-16,DB01
202012031200,104,7.3,0,0,-1.0,-1.8369701987210297e-16,DB01
202012031300,104,7.8,0,0,-0.9396926207859083,0.342020143325669,DB01
202012031400,104,7.4,0,0,-0.3420201433256686,0.9396926207859084,DB01
202012031500,104,7.5,0,0,-0.6427876096865396,0.7660444431189778,DB01
202012031600,104,6.8,0,0,-1.0,-1.8369701987210297e-16,DB01
202012031700,104,3.8,0,0,-0.9396926207859084,-0.34202014332566855,DB01
202012031800,104,2.5,0,0,-0.9396926207859084,-0.34202014332566855,DB01
202012031900,104,2.9,0,0,1.2246467991473532e-16,-1.0,DB01
202012032000,104,2.7,0,0,-0.7660444431189779,-0.6427876096865395,DB01
202012032100,104,2.1,0,0,-0.34202014332566866,-0.9396926207859084,DB01
202012032200,104,0.5,0,0,1.2246467991473532e-16,-1.0,DB02
202012032300,104,-0.1,0,0,0.6427876096865395,-0.7660444431189779,DB01
202012040000,104,0.0,0,0,0.6427876096865395,-0.7660444431189779,DB01
202012040100,104,0.1,0,0,0.3420201433256689,-0.9396926207859083,DB01
202012040200,104,0.4,0,0,0.3420201433256689,-0.9396926207859083,DB01
202012040300,104,-0.1,0,0,0.6427876096865395,-0.7660444431189779,DB01
202012040400,104,-0.2,0,0,1.2246467991473532e-16,-1.0,DB01
202012040500,104,-0.6,0,0,0.3420201433256689,-0.9396926207859083,DB01
202012040600,104,-0.8,0,0,0.6427876096865395,-0.7660444431189779,DB01
202012040700,104,-0.8,0,0,0.6427876096865395,-0.7660444431189779,DB01
202012040800,104,-0.5,0,0,0.6427876096865395,-0.7660444431189779,DB01
202012040900,104,0.8,0,0,0.6427876096865395,-0.7660444431189779,DB02
202012041000,104,3.6,0,0,0.6427876096865395,-0.7660444431189779,DB01
202012041100,104,5.6,0,0,0.3420201433256689,-0.9396926207859083,DB01
202012041200,104,6.6,0,0,0.6427876096865395,-0.7660444431189779,DB01
202012041300,104,7.6,0,0,-0.6427876096865396,0.7660444431189778,DB01
202012041400,104,7.4,0,0,0.0,1.0,DB01
202012041500,104,7.7,0,0,0.0,1.0,DB01
202012041600,104,7.4,0,0,0.9396926207859084,-0.3420201433256687,DB01
202012041700,104,5.1,0,0,-0.34202014332566866,-0.9396926207859084,DB01
202012041800,104,3.8,0,0,0.3420201433256689,-0.9396926207859083,DB01
202012041900,104,3.2,0,0,-0.7660444431189779,-0.6427876096865395,DB01
202012042000,104,2.5,0,0,-0.7660444431189779,-0.6427876096865395,DB01
202012042100,104,1.3,0,0,0.3420201433256689,-0.9396926207859083,DB01
202012042200,104,0.9,0,0,0.3420201433256689,-0.9396926207859083,DB01
202012042300,104,-0.9,0,0,0.3420201433256689,-0.9396926207859083,DB01
202012050000,104,-0.5,0,0,0.3420201433256689,-0.9396926207859083,DB01
202012050100,104,0.1,0,0,0.6427876096865395,-0.7660444431189779,DB01
202012050200,104,-1.4,0,0,0.6427876096865395,-0.7660444431189779,DB01
202012050300,104,-2.5,0,0,-1.0,-1.8369701987210297e-16,DB01
202012050400,104,-0.7,0,0,1.0,6.123233995736766e-17,DB01
202012050500,104,-0.2,0,0,0.0,1.0,DB01
202012050600,104,0.4,0,0,1.0,6.123233995736766e-17,DB01
202012050700,104,1.2,0,0,0.6427876096865395,-0.7660444431189779,DB01
202012050800,104,0.8,0,0,1.2246467991473532e-16,-1.0,DB01
202012050900,104,3.7,0,0,0.0,1.0,DB01
202012051000,104,5.4,0,0,0.766044443118978,0.6427876096865394,DB01
202012051100,104,6.9,0,0,1.0,6.123233995736766e-17,DB01
202012051200,104,7.8,0,0,-1.0,-1.8369701987210297e-16,DB01
202012051300,104,8.5,0,0,-0.7660444431189779,-0.6427876096865395,DB01
202012051400,104,9.1,0,0,-0.7660444431189779,-0.6427876096865395,DB01
202012051500,104,7.3,0,0,-0.7660444431189779,-0.6427876096865395,DB02
202012051600,104,6.4,0,0,-0.34202014332566866,-0.9396926207859084,DB03
202012051700,104,4.7,0,0,0.0,1.0,DB02
202012051800,104,2.5,0,0,-0.7660444431189779,-0.6427876096865395,DB03
202012051900,104,4.2,0,0,-0.7660444431189779,-0.6427876096865395,DB03
202012052000,104,2.1,0,0,0.6427876096865395,-0.7660444431189779,DB03
202012052100,104,3.0,0,0,0.3420201433256689,-0.9396926207859083,DB02
202012052200,104,2.6,0,0,0.3420201433256689,-0.9396926207859083,DB01
202012052300,104,2.8,0,0,-0.34202014332566866,-0.9396926207859084,DB01
202012060000,104,2.6,0,0,-0.34202014332566866,-0.9396926207859084,DB01
202012060100,104,2.0,0,0,0.3420201433256689,-0.9396926207859083,DB01
202012060200,104,2.8,0,0,-0.7660444431189779,-0.6427876096865395,DB01
202012060300,104,1.4,0,0,-0.34202014332566866,-0.9396926207859084,DB01
202012060400,104,1.1,0,0,-0.34202014332566866,-0.9396926207859084,DB01
202012060500,104,-0.4,0,0,0.6427876096865395,-0.7660444431189779,DB01
202012060600,104,-0.9,0,0,-0.7660444431189779,-0.6427876096865395,DB01
202012060700,104,-1.0,0,0,0.3420201433256689,-0.9396926207859083,DB01
202012060800,104,0.5,0,0,0.3420201433256689,-0.9396926207859083,DB01
202012060900,104,4.2,0,0,1.2246467991473532e-16,-1.0,DB01
202012061000,104,6.5,0,0,0.9396926207859084,-0.3420201433256687,DB01
202012061100,104,7.3,0,0,0.766044443118978,0.6427876096865394,DB01
202012061200,104,8.5,0,0,0.0,1.0,DB01
202012061300,104,9.7,0,0,0.9396926207859083,0.3420201433256688,DB01
202012061400,104,10.4,0,0,-0.9396926207859083,0.342020143325669,DB01
202012061500,104,9.5,0,0,-0.7660444431189779,-0.6427876096865395,DB01
202012061600,104,8.5,0,0,-0.34202014332566866,-0.9396926207859084,DB01
202012061700,104,6.9,0,0,1.2246467991473532e-16,-1.0,DB01
202012061800,104,6.0,0,0,0.6427876096865395,-0.7660444431189779,DB01
202012061900,104,5.4,0,0,0.3420201433256689,-0.9396926207859083,DB01
202012062000,104,4.6,0,0,0.6427876096865395,-0.7660444431189779,DB01
202012062100,104,4.3,0,0,1.2246467991473532e-16,-1.0,DB01
202012062200,104,4.3,0,0,0.3420201433256689,-0.9396926207859083,DB01
202012062300,104,4.0,0,0,0.6427876096865395,-0.7660444431189779,DB01
202012070000,104,4.0,0,0,0.6427876096865395,-0.7660444431189779,DB01
202012070100,104,2.2,0,0,0.6427876096865395,-0.7660444431189779,DB01
202012070200,104,2.5,0,0,0.3420201433256689,-0.9396926207859083,DB03
202012070300,104,3.6,0,0,0.3420201433256689,-0.9396926207859083,DB03
202012070400,104,2.5,0,0,0.0,1.0,DB03
202012070500,104,2.8,0,0,0.3420201433256689,-0.9396926207859083,DB03
202012070600,104,2.6,0,0,0.3420201433256689,-0.9396926207859083,DB03
202012070700,104,4.2,0,0,-0.34202014332566866,-0.9396926207859084,DB03
202012070800,104,2.2,0,0,1.0,6.123233995736766e-17,DB04
202012070900,104,5.0,0,0,0.0,1.0,DB04
202012071000,104,6.4,0,0,0.0,1.0,DB03
202012071100,104,7.3,0,0,0.0,1.0,DB03
202012071200,104,7.8,0,0,0.0,1.0,DB03
202012071300,104,8.2,0,0,0.6427876096865395,-0.7660444431189779,DB03
202012071400,104,9.2,0,0,0.9396926207859083,0.3420201433256688,DB03
202012071500,104,9.9,0,0,-0.7660444431189779,-0.6427876096865395,DB03
202012071600,104,8.3,0,0,-0.7660444431189779,-0.6427876096865395,DB01
202012071700,104,7.1,0,0,-0.9396926207859084,-0.34202014332566855,DB01
202012071800,104,6.2,0,0,-0.7660444431189779,-0.6427876096865395,DB01
202012071900,104,4.0,0,0,0.6427876096865395,-0.7660444431189779,DB01
202012072000,104,4.1,0,0,-1.0,-1.8369701987210297e-16,DB01
202012072100,104,2.3,0,0,-0.7660444431189779,-0.6427876096865395,DB01
202012072200,104,1.7,0,0,-0.9396926207859084,-0.34202014332566855,DB01
202012072300,104,1.7,0,0,0.3420201433256687,0.9396926207859084,DB01
202012080000,104,0.6,0,0,-0.9396926207859084,-0.34202014332566855,DB01
202012080100,104,-0.6,0,0,1.2246467991473532e-16,-1.0,DB01
202012080200,104,-1.8,0,0,0.0,1.0,DB01
202012080300,104,-0.5,0,0,-0.7660444431189779,-0.6427876096865395,DB01
202012080400,104,-1.5,0,0,0.6427876096865395,-0.7660444431189779,DB01
202012080500,104,-1.6,0,0,0.3420201433256689,-0.9396926207859083,DB01
202012080600,104,-1.9,0,0,0.3420201433256689,-0.9396926207859083,DB03
202012080700,104,-2.1,0,0,0.6427876096865395,-0.7660444431189779,DB01
202012080800,104,-2.1,0,0,0.6427876096865395,-0.7660444431189779,DB02
202012080900,104,0.7,0,0,0.6427876096865395,-0.7660444431189779,DB03
202012081000,104,1.7,0,0,0.6427876096865395,-0.7660444431189779,DB02
202012081100,104,2.4,0,0,0.0,1.0,DB02
202012081200,104,4.5,0,0,-0.9396926207859084,-0.34202014332566855,DB02
202012081300,104,4.6,0,0,-0.3420201433256686,0.9396926207859084,DB01
202012081400,104,5.4,0,0,0.0,1.0,DB01
202012081500,104,5.4,0,0,-0.9396926207859083,0.342020143325669,DB01
202012081600,104,5.0,0,0,0.3420201433256687,0.9396926207859084,DB01
202012081700,104,2.3,0,0,0.0,1.0,DB01
202012081800,104,1.3,0,0,-0.7660444431189779,-0.6427876096865395,DB01
202012081900,104,1.0,0,0,-0.9396926207859084,-0.34202014332566855,DB02
202012082000,104,-0.2,0,0,0.0,1.0,DB01
202012082100,104,0.6,0,0,0.3420201433256689,-0.9396926207859083,DB01
202012082200,104,-1.0,0,0,0.6427876096865395,-0.7660444431189779,DB01
202012082300,104,0.2,0,0,0.6427876096865395,-0.7660444431189779,DB01
202012090000,104,-0.4,0,0,0.6427876096865395,-0.7660444431189779,DB01
202012090100,104,-0.1,0,0,0.6427876096865395,-0.7660444431189779,DB01
202012090200,104,-0.3,0,0,0.6427876096865395,-0.7660444431189779,DB01
202012090300,104,-0.2,0,0,0.3420201433256689,-0.9396926207859083,DB01
202012090400,104,0.1,0,0,0.6427876096865395,-0.7660444431189779,DB01
202012090500,104,-0.2,0,0,0.6427876096865395,-0.7660444431189779,DB01
202012090600,104,-0.2,0,0,0.6427876096865395,-0.7660444431189779,DB01
202012090700,104,-0.1,0,0,0.6427876096865395,-0.7660444431189779,DB01
202012090800,104,-0.2,0,0,0.6427876096865395,-0.7660444431189779,DB01
202012090900,104,2.9,0,0,0.6427876096865395,-0.7660444431189779,DB01
202012091000,104,5.7,0,0,0.6427876096865395,-0.7660444431189779,DB01
202012091100,104,6.5,0,0,0.0,1.0,DB01
202012091200,104,7.8,0,0,-0.6427876096865396,0.7660444431189778,DB01
202012091300,104,8.5,0,0,0.0,1.0,DB01
202012091400,104,8.5,0,0,0.3420201433256687,0.9396926207859084,DB01
202012091500,104,7.7,0,0,0.3420201433256687,0.9396926207859084,DB02
202012091600,104,7.5,0,0,0.0,1.0,DB04
202012091700,104,5.9,0,0,-0.7660444431189779,-0.6427876096865395,DB04
202012091800,104,4.8,0,0,0.9396926207859084,-0.3420201433256687,DB04
202012091900,104,5.0,0,0,-0.7660444431189779,-0.6427876096865395,DB03
202012092000,104,3.1,0,0,0.6427876096865395,-0.7660444431189779,DB03
202012092100,104,3.9,0,0,0.0,1.0,DB04
202012092200,104,4.0,0,0,1.2246467991473532e-16,-1.0,DB04
202012092300,104,4.8,0,0,1.2246467991473532e-16,-1.0,DB04
202012100000,104,4.7,0,0,0.6427876096865395,-0.7660444431189779,DB04
202012100100,104,5.0,0,0,0.3420201433256689,-0.9396926207859083,DB04
202012100200,104,4.8,0,0,0.3420201433256689,-0.9396926207859083,DB04
202012100300,104,4.2,0,0,-0.7660444431189779,-0.6427876096865395,DB04
202012100400,104,3.9,0,0,1.0,6.123233995736766e-17,DB04
202012100500,104,3.9,0,0,0.6427876096865395,-0.7660444431189779,DB04
202012100600,104,3.0,0,0,-1.0,-1.8369701987210297e-16,DB04
202012100700,104,3.2,0,0,0.0,1.0,DB04
202012100800,104,2.7,0,0,0.0,1.0,DB04
202012100900,104,5.1,0,0,0.9396926207859084,-0.3420201433256687,DB03
202012101000,104,7.4,0,0,1.2246467991473532e-16,-1.0,DB02
202012101100,104,9.7,0,0,-0.34202014332566866,-0.9396926207859084,DB02
202012101200,104,10.0,0,0,-1.0,-1.8369701987210297e-16,DB01
202012101300,104,10.6,0,0,-0.9396926207859083,0.342020143325669,DB01
202012101400,104,11.0,0,0,-0.6427876096865396,0.7660444431189778,DB01
202012101500,104,9.8,0,0,-0.34202014332566866,-0.9396926207859084,DB01
202012101600,104,9.4,0,0,-0.34202014332566866,-0.9396926207859084,DB01
202012101700,104,7.1,0,0,1.0,6.123233995736766e-17,DB01
202012101800,104,4.9,0,0,0.6427876096865395,-0.7660444431189779,DB01
202012101900,104,4.8,0,0,0.6427876096865395,-0.7660444431189779,DB01
202012102000,104,5.2,0,0,0.6427876096865395,-0.7660444431189779,DB01
202012102100,104,5.6,0,0,0.6427876096865395,-0.7660444431189779,DB01
202012102200,104,7.1,0,0,-0.7660444431189779,-0.6427876096865395,DB01
202012102300,104,6.6,0,0,-0.7660444431189779,-0.6427876096865395,DB01
202012110000,104,6.0,0,0,-0.7660444431189779,-0.6427876096865395,DB01
202012110100,104,3.7,0,0,-0.34202014332566866,-0.9396926207859084,DB01
202012110200,104,4.0,0,0,-0.34202014332566866,-0.9396926207859084,DB01
202012110300,104,3.4,0,0,0.0,1.0,DB01
202012110400,104,3.1,0,0,1.2246467991473532e-16,-1.0,DB03
202012110500,104,4.9,0,0,0.3420201433256689,-0.9396926207859083,DB03
202012110600,104,6.9,0,0,-0.7660444431189779,-0.6427876096865395,DB04
202012110700,104,5.7,0,0,-0.34202014332566866,-0.9396926207859084,DB04
202012110800,104,5.7,0,0,-0.9396926207859084,-0.34202014332566855,DB04
202012110900,104,5.6,0,0,0.0,1.0,DB04
202012111000,104,5.5,0,0,0.3420201433256689,-0.9396926207859083,DB04
202012111100,104,7.6,0,0,1.0,6.123233995736766e-17,DB04
202012111200,104,8.7,0,0,-0.3420201433256686,0.9396926207859084,DB03
202012111300,104,9.5,0,0,-1.0,-1.8369701987210297e-16,DB03
202012111400,104,10.2,0,0,-1.0,-1.8369701987210297e-16,DB01
202012111500,104,10.3,0,0,-1.0,-1.8369701987210297e-16,DB01
202012111600,104,9.3,0,0,-0.9396926207859084,-0.34202014332566855,DB02
202012111700,104,8.0,0,0,-0.9396926207859084,-0.34202014332566855,DB03
202012111800,104,7.6,0,0,-0.9396926207859084,-0.34202014332566855,DB03
202012111900,104,7.0,0,0,-0.7660444431189779,-0.6427876096865395,DB03
202012112000,104,5.8,0,0,0.9396926207859084,-0.3420201433256687,DB03
202012112100,104,5.8,0,0,1.2246467991473532e-16,-1.0,DB03
202012112200,104,3.7,0,0,0.0,1.0,DB03
202012112300,104,3.9,0,0,0.0,1.0,DB03
202012120000,104,6.5,0,0,-0.9396926207859084,-0.34202014332566855,DB03
202012120100,104,6.6,0,0,-0.7660444431189779,-0.6427876096865395,DB03
202012120200,104,6.1,0,0,1.2246467991473532e-16,-1.0,DB03
202012120300,104,4.4,0,0,0.0,1.0,DB04
202012120400,104,6.0,0,0,0.3420201433256689,-0.9396926207859083,DB03
202012120500,104,3.9,0,0,0.0,1.0,DB03
202012120600,104,2.3,0,0,-0.9396926207859084,-0.34202014332566855,DB03
202012120700,104,2.6,0,0,-0.9396926207859084,-0.34202014332566855,DB02
202012120800,104,3.3,0,0,-0.9396926207859084,-0.34202014332566855,DB01
202012120900,104,4.5,0,0,-1.0,-1.8369701987210297e-16,DB01
202012121000,104,5.4,0,0,-0.9396926207859084,-0.34202014332566855,DB01
202012121100,104,6.6,0,0,-1.0,-1.8369701987210297e-16,DB01
202012121200,104,7.5,0,0,-1.0,-1.8369701987210297e-16,DB01
202012121300,104,8.1,0,0,-1.0,-1.8369701987210297e-16,DB01
202012121400,104,8.5,0,0,-1.0,-1.8369701987210297e-16,DB01
202012121500,104,8.3,0,0,-0.9396926207859083,0.342020143325669,DB01
202012121600,104,7.7,0,0,-1.0,-1.8369701987210297e-16,DB01
202012121700,104,6.0,0,0,-1.0,-1.8369701987210297e-16,DB01
202012121800,104,5.2,0,0,-1.0,-1.8369701987210297e-16,DB01
202012121900,104,2.7,0,0,-0.9396926207859084,-0.34202014332566855,DB01
202012122000,104,3.1,0,0,-0.9396926207859084,-0.34202014332566855,DB01
202012122100,104,3.6,0,0,-0.9396926207859084,-0.34202014332566855,DB01
202012122200,104,1.8,0,0,-0.9396926207859084,-0.34202014332566855,DB01
202012122300,104,1.1,0,0,-0.9396926207859084,-0.34202014332566855,DB01
202012130000,104,0.3,0,0,-0.7660444431189779,-0.6427876096865395,DB01
202012130100,104,0.7,0,0,-0.34202014332566866,-0.9396926207859084,DB01
202012130200,104,-0.9,0,0,0.9396926207859083,0.3420201433256688,DB01
202012130300,104,0.3,0,0,0.0,1.0,DB01
202012130400,104,-0.9,0,0,0.6427876096865395,-0.7660444431189779,DB01
202012130500,104,-1.2,0,0,-0.34202014332566866,-0.9396926207859084,DB01
202012130600,104,-1.3,0,0,0.6427876096865395,-0.7660444431189779,DB01
202012130700,104,-1.9,0,0,0.3420201433256689,-0.9396926207859083,DB01
202012130800,104,-0.1,0,0,0.6427876096865395,-0.7660444431189779,DB03
202012130900,104,2.1,0,0,0.6427876096865395,-0.7660444431189779,DB03
202012131000,104,2.9,0,0,1.2246467991473532e-16,-1.0,DB04
202012131100,104,2.3,0,0,0.3420201433256689,-0.9396926207859083,DB04
202012131200,104,1.5,0,0,0.9396926207859084,-0.3420201433256687,DB04
202012131300,104,2.9,0,0,0.0,1.0,DB04
202012131400,104,2.9,0,0,0.3420201433256689,-0.9396926207859083,DB04
202012131500,104,1.5,0,0,-0.9396926207859083,0.342020143325669,DB04
202012131600,104,0.2,0,0,-1.0,-1.8369701987210297e-16,DB04
202012131700,104,-0.1,0,0,-0.9396926207859083,0.342020143325669,DB02
202012131800,104,-0.5,100,1,-1.0,-1.8369701987210297e-16,DB02
202012131900,104,0.2,0,0,-0.9396926207859084,-0.34202014332566855,DB02
202012132000,104,0.1,0,0,-0.9396926207859084,-0.34202014332566855,DB01
202012132100,104,0.0,0,0,-1.0,-1.8369701987210297e-16,DB01
202012132200,104,-0.8,0,0,-1.0,-1.8369701987210297e-16,DB01
202012132300,104,-1.5,0,0,-0.9396926207859083,0.342020143325669,DB01
202012140000,104,-1.4,0,0,-1.0,-1.8369701987210297e-16,DB01
202012140100,104,-2.9,0,0,0.3420201433256689,-0.9396926207859083,DB01
202012140200,104,-3.5,0,0,-0.6427876096865396,0.7660444431189778,DB01
202012140300,104,-5.1,0,0,0.6427876096865395,-0.7660444431189779,DB02
202012140400,104,-5.0,0,0,-0.6427876096865396,0.7660444431189778,DB02
202012140500,104,-4.2,0,0,-0.9396926207859083,0.342020143325669,DB03
202012140600,104,-4.5,0,0,-1.0,-1.8369701987210297e-16,DB03
202012140700,104,-4.9,0,0,-0.9396926207859084,-0.34202014332566855,DB01
202012140800,104,-5.3,0,0,-1.0,-1.8369701987210297e-16,DB01
202012140900,104,-4.4,0,0,-0.3420201433256686,0.9396926207859084,DB01
202012141000,104,-3.2,0,0,-0.9396926207859083,0.342020143325669,DB01
202012141100,104,-2.9,0,0,-1.0,-1.8369701987210297e-16,DB01
202012141200,104,-2.4,0,0,-1.0,-1.8369701987210297e-16,DB01
202012141300,104,-2.4,0,0,-1.0,-1.8369701987210297e-16,DB01
202012141400,104,-2.0,0,0,-1.0,-1.8369701987210297e-16,DB01
202012141500,104,-2.2,0,0,-0.9396926207859084,-0.34202014332566855,DB01
202012141600,104,-2.6,0,0,-1.0,-1.8369701987210297e-16,DB01
202012141700,104,-3.9,0,0,-0.9396926207859084,-0.34202014332566855,DB01
202012141800,104,-4.6,0,0,-0.9396926207859084,-0.34202014332566855,DB01
202012141900,104,-5.0,0,0,-0.9396926207859084,-0.34202014332566855,DB01
202012142000,104,-5.2,0,0,-1.0,-1.8369701987210297e-16,DB01
202012142100,104,-6.8,0,0,0.0,1.0,DB01
202012142200,104,-8.1,0,0,0.0,1.0,DB01
202012142300,104,-8.0,0,0,0.9396926207859084,-0.3420201433256687,DB01
202012150000,104,-8.1,0,0,-0.34202014332566866,-0.9396926207859084,DB01
202012150100,104,-8.1,0,0,0.6427876096865395,-0.7660444431189779,DB01
202012150200,104,-9.3,0,0,0.9396926207859084,-0.3420201433256687,DB01
202012150300,104,-7.2,0,0,-0.7660444431189779,-0.6427876096865395,DB01
202012150400,104,-7.3,0,0,-0.7660444431189779,-0.6427876096865395,DB01
202012150500,104,-9.5,0,0,0.9396926207859084,-0.3420201433256687,DB01
202012150600,104,-9.6,0,0,0.6427876096865395,-0.7660444431189779,DB01
202012150700,104,-10.5,0,0,0.6427876096865395,-0.7660444431189779,DB01
202012150800,104,-9.7,0,0,0.6427876096865395,-0.7660444431189779,DB01
202012150900,104,-6.5,0,0,0.0,1.0,DB01
202012151000,104,-4.8,0,0,-0.9396926207859084,-0.34202014332566855,DB01
202012151100,104,-3.4,0,0,-0.9396926207859084,-0.34202014332566855,DB01
202012151200,104,-2.5,0,0,-1.0,-1.8369701987210297e-16,DB01
202012151300,104,-2.0,0,0,-1.0,-1.8369701987210297e-16,DB01
202012151400,104,-1.6,0,0,-1.0,-1.8369701987210297e-16,DB01
202012151500,104,-2.0,0,0,-1.0,-1.8369701987210297e-16,DB01
202012151600,104,-2.4,0,0,-0.9396926207859084,-0.34202014332566855,DB01
202012151700,104,-4.0,0,0,-0.9396926207859084,-0.34202014332566855,DB01
202012151800,104,-4.9,0,0,-0.7660444431189779,-0.6427876096865395,DB01
202012151900,104,-6.2,0,0,0.9396926207859084,-0.3420201433256687,DB01
202012152000,104,-6.8,0,0,1.0,6.123233995736766e-17,DB01
202012152100,104,-7.3,0,0,0.6427876096865395,-0.7660444431189779,DB01
202012152200,104,-5.8,0,0,1.0,6.123233995736766e-17,DB01
202012152300,104,-7.6,0,0,0.9396926207859084,-0.3420201433256687,DB02
202012160000,104,-7.0,0,0,0.6427876096865395,-0.7660444431189779,DB01
202012160100,104,-7.3,0,0,0.3420201433256689,-0.9396926207859083,DB01
202012160200,104,-8.0,0,0,0.9396926207859084,-0.3420201433256687,DB01
202012160300,104,-9.2,0,0,0.9396926207859084,-0.3420201433256687,DB01
202012160400,104,-9.5,0,0,0.9396926207859084,-0.3420201433256687,DB01
202012160500,104,-9.1,0,0,0.6427876096865395,-0.7660444431189779,DB01
202012160600,104,-9.8,0,0,0.9396926207859084,-0.3420201433256687,DB01
202012160700,104,-7.0,0,0,-1.0,-1.8369701987210297e-16,DB01
202012160800,104,-9.5,0,0,0.3420201433256689,-0.9396926207859083,DB01
202012160900,104,-6.8,0,0,0.6427876096865395,-0.7660444431189779,DB01
202012161000,104,-3.5,0,0,-0.9396926207859083,0.342020143325669,DB01
202012161100,104,-2.7,0,0,-0.9396926207859084,-0.34202014332566855,DB01
202012161200,104,-2.0,0,0,-0.9396926207859084,-0.34202014332566855,DB01
202012161300,104,-1.2,0,0,-1.0,-1.8369701987210297e-16,DB01
202012161400,104,-1.3,0,0,-1.0,-1.8369701987210297e-16,DB01
202012161500,104,-1.5,0,0,-1.0,-1.8369701987210297e-16,DB01
202012161600,104,-1.8,0,0,-1.0,-1.8369701987210297e-16,DB01
202012161700,104,-3.0,0,0,-0.6427876096865396,0.7660444431189778,DB01
202012161800,104,-3.2,0,0,-1.0,-1.8369701987210297e-16,DB01
202012161900,104,-5.1,0,0,0.3420201433256689,-0.9396926207859083,DB01
202012162000,104,-4.7,0,0,-0.9396926207859084,-0.34202014332566855,DB01
202012162100,104,-6.6,0,0,0.3420201433256689,-0.9396926207859083,DB01
202012162200,104,-6.6,0,0,-0.34202014332566866,-0.9396926207859084,DB01
202012162300,104,-5.9,0,0,-0.34202014332566866,-0.9396926207859084,DB01
202012170000,104,-7.5,0,0,0.6427876096865395,-0.7660444431189779,DB01
202012170100,104,-7.8,0,0,0.3420201433256689,-0.9396926207859083,DB01
202012170200,104,-8.1,0,0,0.6427876096865395,-0.7660444431189779,DB02
202012170300,104,-7.4,0,0,0.3420201433256689,-0.9396926207859083,DB01
202012170400,104,-7.1,0,0,0.3420201433256689,-0.9396926207859083,DB01
202012170500,104,-7.2,0,0,0.3420201433256689,-0.9396926207859083,DB01
202012170600,104,-7.3,0,0,0.6427876096865395,-0.7660444431189779,DB01
202012170700,104,-7.2,0,0,0.6427876096865395,-0.7660444431189779,DB01
202012170800,104,-7.1,0,0,0.6427876096865395,-0.7660444431189779,DB01
202012170900,104,-3.6,0,0,0.6427876096865395,-0.7660444431189779,DB01
202012171000,104,-1.3,0,0,0.9396926207859084,-0.3420201433256687,DB01
202012171100,104,0.6,0,0,1.0,6.123233995736766e-17,DB01
202012171200,104,3.1,0,0,-0.9396926207859084,-0.34202014332566855,DB01
202012171300,104,3.9,0,0,-0.6427876096865396,0.7660444431189778,DB01
202012171400,104,4.4,0,0,-0.6427876096865396,0.7660444431189778,DB01
202012171500,104,3.7,0,0,-1.0,-1.8369701987210297e-16,DB01
202012171600,104,2.4,0,0,-0.9396926207859084,-0.34202014332566855,DB01
202012171700,104,0.3,0,0,0.0,1.0,DB01
202012171800,104,-1.4,0,0,0.6427876096865395,-0.7660444431189779,DB01
202012171900,104,-2.0,0,0,0.6427876096865395,-0.7660444431189779,DB01
202012172000,104,-2.6,0,0,0.6427876096865395,-0.7660444431189779,DB01
202012172100,104,-2.0,0,0,0.3420201433256689,-0.9396926207859083,DB01
202012172200,104,-1.3,0,0,0.3420201433256689,-0.9396926207859083,DB01
202012172300,104,-1.1,0,0,0.3420201433256689,-0.9396926207859083,DB01
202012180000,104,-1.5,0,0,0.6427876096865395,-0.7660444431189779,DB03
202012180100,104,-1.1,0,0,0.6427876096865395,-0.7660444431189779,DB03
202012180200,104,-0.8,0,0,0.6427876096865395,-0.7660444431189779,DB03
202012180300,104,0.1,0,0,1.0,6.123233995736766e-17,DB03
202012180400,104,0.9,0,0,0.9396926207859084,-0.3420201433256687,DB03
202012180500,104,0.7,0,0,0.9396926207859084,-0.3420201433256687,DB03
202012180600,104,-0.4,0,0,0.6427876096865395,-0.7660444431189779,DB03
202012180700,104,-0.9,0,0,0.3420201433256689,-0.9396926207859083,DB03
202012180800,104,-1.6,0,0,0.766044443118978,0.6427876096865394,DB03
202012180900,104,0.3,0,0,1.2246467991473532e-16,-1.0,DB02
202012181000,104,1.9,0,0,1.0,6.123233995736766e-17,DB02
202012181100,104,3.4,0,0,0.766044443118978,0.6427876096865394,DB03
202012181200,104,4.0,0,0,-0.9396926207859083,0.342020143325669,DB03
202012181300,104,5.4,0,0,-0.9396926207859083,0.342020143325669,DB03
202012181400,104,5.5,0,0,-1.0,-1.8369701987210297e-16,DB01
202012181500,104,4.8,0,0,-1.0,-1.8369701987210297e-16,DB01
202012181600,104,3.7,0,0,-0.9396926207859083,0.342020143325669,DB01
202012181700,104,2.2,0,0,-1.0,-1.8369701987210297e-16,DB01
202012181800,104,0.7,0,0,0.6427876096865395,-0.7660444431189779,DB01
202012181900,104,0.6,0,0,-0.7660444431189779,-0.6427876096865395,DB01
202012182000,104,-0.6,0,0,-0.34202014332566866,-0.9396926207859084,DB01
202012182100,104,-0.8,0,0,-1.0,-1.8369701987210297e-16,DB01
202012182200,104,-2.9,0,0,0.0,1.0,DB01
202012182300,104,-3.8,0,0,0.3420201433256689,-0.9396926207859083,DB01
202012190000,104,-3.4,0,0,-0.34202014332566866,-0.9396926207859084,DB01
202012190100,104,-2.7,0,0,-0.34202014332566866,-0.9396926207859084,DB01
202012190200,104,-4.1,0,0,0.6427876096865395,-0.7660444431189779,DB01
202012190300,104,-4.4,0,0,0.6427876096865395,-0.7660444431189779,DB01
202012190400,104,-4.9,0,0,0.6427876096865395,-0.7660444431189779,DB01
202012190500,104,-5.9,0,0,0.9396926207859084,-0.3420201433256687,DB01
202012190600,104,-6.7,0,0,0.0,1.0,DB01
202012190700,104,-6.3,0,0,1.2246467991473532e-16,-1.0,DB01
202012190800,104,-5.1,0,0,0.3420201433256689,-0.9396926207859083,DB01
202012190900,104,-2.6,0,0,0.3420201433256689,-0.9396926207859083,DB01
202012191000,104,0.8,0,0,-0.9396926207859084,-0.34202014332566855,DB01
202012191100,104,1.4,0,0,-1.0,-1.8369701987210297e-16,DB01
202012191200,104,2.2,0,0,-1.0,-1.8369701987210297e-16,DB01
202012191300,104,3.0,0,0,-1.0,-1.8369701987210297e-16,DB01
202012191400,104,3.0,0,0,-1.0,-1.8369701987210297e-16,DB01
202012191500,104,2.7,0,0,-1.0,-1.8369701987210297e-16,DB01
202012191600,104,1.9,0,0,-0.9396926207859084,-0.34202014332566855,DB01
202012191700,104,-0.7,0,0,0.0,1.0,DB01
202012191800,104,-1.5,0,0,0.6427876096865395,-0.7660444431189779,DB01
202012191900,104,-1.8,0,0,0.6427876096865395,-0.7660444431189779,DB01
202012192000,104,-2.8,0,0,0.9396926207859084,-0.3420201433256687,DB01
202012192100,104,-3.3,0,0,0.6427876096865395,-0.7660444431189779,DB01
202012192200,104,-3.1,0,0,0.6427876096865395,-0.7660444431189779,DB01
202012192300,104,-4.5,0,0,0.6427876096865395,-0.7660444431189779,DB01
202012200000,104,-3.5,0,0,0.6427876096865395,-0.7660444431189779,DB01
202012200100,104,-3.7,0,0,0.6427876096865395,-0.7660444431189779,DB01
202012200200,104,-5.8,0,0,0.9396926207859084,-0.3420201433256687,DB01
202012200300,104,-5.4,0,0,0.9396926207859084,-0.3420201433256687,DB01
202012200400,104,-5.6,0,0,0.6427876096865395,-0.7660444431189779,DB01
202012200500,104,-5.5,0,0,0.6427876096865395,-0.7660444431189779,DB01
202012200600,104,-5.2,0,0,0.3420201433256689,-0.9396926207859083,DB01
202012200700,104,-6.5,0,0,0.6427876096865395,-0.7660444431189779,DB01
202012200800,104,-5.9,0,0,0.6427876096865395,-0.7660444431189779,DB01
202012200900,104,-3.2,0,0,0.9396926207859084,-0.3420201433256687,DB01
202012201000,104,-0.8,0,0,0.3420201433256689,-0.9396926207859083,DB01
202012201100,104,0.9,0,0,0.0,1.0,DB01
202012201200,104,1.8,0,0,0.0,1.0,DB01
202012201300,104,2.8,0,0,0.0,1.0,DB01
202012201400,104,3.3,0,0,0.9396926207859083,0.3420201433256688,DB01
202012201500,104,4.1,0,0,0.9396926207859084,-0.3420201433256687,DB01
202012201600,104,3.5,0,0,-1.0,-1.8369701987210297e-16,DB01
202012201700,104,1.8,0,0,-0.9396926207859084,-0.34202014332566855,DB01
202012201800,104,0.7,0,0,-0.7660444431189779,-0.6427876096865395,DB01
202012201900,104,-0.7,0,0,1.2246467991473532e-16,-1.0,DB01
202012202000,104,-1.0,0,0,0.3420201433256689,-0.9396926207859083,DB01
202012202100,104,-1.7,0,0,0.9396926207859084,-0.3420201433256687,DB01
202012202200,104,-2.0,0,0,0.9396926207859084,-0.3420201433256687,DB01
202012202300,104,-2.3,0,0,0.9396926207859084,-0.3420201433256687,DB01
202012210000,104,-3.2,0,0,1.0,6.123233995736766e-17,DB01
202012210100,104,-3.0,0,0,0.6427876096865395,-0.7660444431189779,DB01
202012210200,104,-3.7,0,0,0.9396926207859084,-0.3420201433256687,DB01
202012210300,104,-3.6,0,0,0.9396926207859084,-0.3420201433256687,DB01
202012210400,104,-4.6,0,0,0.9396926207859084,-0.3420201433256687,DB01
202012210500,104,-3.4,0,0,0.3420201433256689,-0.9396926207859083,DB01
202012210600,104,-4.7,0,0,0.3420201433256689,-0.9396926207859083,DB01
202012210700,104,-4.8,0,0,0.6427876096865395,-0.7660444431189779,DB01
202012210800,104,-3.8,0,0,0.3420201433256689,-0.9396926207859083,DB01
202012210900,104,-0.9,0,0,0.3420201433256689,-0.9396926207859083,DB01
202012211000,104,2.7,0,0,0.6427876096865395,-0.7660444431189779,DB01
202012211100,104,4.3,0,0,0.6427876096865395,-0.7660444431189779,DB01
202012211200,104,5.6,0,0,0.6427876096865395,-0.7660444431189779,DB01
202012211300,104,6.3,0,0,0.0,1.0,DB01
202012211400,104,7.4,0,0,-0.7660444431189779,-0.6427876096865395,DB01
202012211500,104,6.9,0,0,-1.0,-1.8369701987210297e-16,DB01
202012211600,104,4.9,0,0,0.3420201433256689,-0.9396926207859083,DB01
202012211700,104,2.9,0,0,-0.34202014332566866,-0.9396926207859084,DB01
202012211800,104,2.0,0,0,0.3420201433256689,-0.9396926207859083,DB01
202012211900,104,2.0,0,0,1.2246467991473532e-16,-1.0,DB01
202012212000,104,0.5,0,0,0.6427876096865395,-0.7660444431189779,DB01
202012212100,104,0.5,0,0,0.3420201433256689,-0.9396926207859083,DB01
202012212200,104,0.6,0,0,0.3420201433256689,-0.9396926207859083,DB01
202012212300,104,1.0,0,0,-0.34202014332566866,-0.9396926207859084,DB01
202012220000,104,-0.5,0,0,0.3420201433256689,-0.9396926207859083,DB01
202012220100,104,-0.7,0,0,0.3420201433256689,-0.9396926207859083,DB01
202012220200,104,-0.7,0,0,0.6427876096865395,-0.7660444431189779,DB01
202012220300,104,-2.3,0,0,0.6427876096865395,-0.7660444431189779,DB01
202012220400,104,-1.4,0,0,0.6427876096865395,-0.7660444431189779,DB01
202012220500,104,-2.2,0,0,0.3420201433256689,-0.9396926207859083,DB01
202012220600,104,-1.9,0,0,0.6427876096865395,-0.7660444431189779,DB01
202012220700,104,-1.2,0,0,0.9396926207859084,-0.3420201433256687,DB01
202012220800,104,-0.9,0,0,-0.9396926207859084,-0.34202014332566855,DB01
202012220900,104,2.6,0,0,0.9396926207859084,-0.3420201433256687,DB01
202012221000,104,5.4,0,0,-0.9396926207859084,-0.34202014332566855,DB01
202012221100,104,6.5,0,0,-0.9396926207859084,-0.34202014332566855,DB01
202012221200,104,7.1,0,0,-0.9396926207859084,-0.34202014332566855,DB01
202012221300,104,7.2,0,0,-0.7660444431189779,-0.6427876096865395,DB01
202012221400,104,7.3,0,0,-0.7660444431189779,-0.6427876096865395,DB01
202012221500,104,6.4,0,0,-0.34202014332566866,-0.9396926207859084,DB01
202012221600,104,5.9,0,0,-0.9396926207859084,-0.34202014332566855,DB01
202012221700,104,4.4,0,0,-0.9396926207859084,-0.34202014332566855,DB01
202012221800,104,2.9,0,0,0.0,1.0,DB01
202012221900,104,2.5,0,0,1.2246467991473532e-16,-1.0,DB01
202012222000,104,3.4,0,0,0.3420201433256689,-0.9396926207859083,DB01
202012222100,104,2.2,0,0,0.6427876096865395,-0.7660444431189779,DB01
202012222200,104,1.9,0,0,0.3420201433256689,-0.9396926207859083,DB01
202012222300,104,3.3,0,0,-0.34202014332566866,-0.9396926207859084,DB01
202012230000,104,2.5,0,0,0.9396926207859084,-0.3420201433256687,DB01
202012230100,104,4.0,0,0,-0.7660444431189779,-0.6427876096865395,DB01
202012230200,104,4.1,0,0,-0.34202014332566866,-0.9396926207859084,DB01
202012230300,104,3.7,0,0,0.6427876096865395,-0.7660444431189779,DB01
202012230400,104,3.1,0,0,0.6427876096865395,-0.7660444431189779,DB01
202012230500,104,2.4,0,0,0.6427876096865395,-0.7660444431189779,DB01
202012230600,104,2.6,0,0,0.6427876096865395,-0.7660444431189779,DB01
202012230700,104,4.7,0,0,-0.34202014332566866,-0.9396926207859084,DB01
202012230800,104,4.7,0,0,-0.34202014332566866,-0.9396926207859084,DB01
202012230900,104,6.4,0,0,-0.34202014332566866,-0.9396926207859084,DB01
202012231000,104,7.8,0,0,-0.34202014332566866,-0.9396926207859084,DB01
202012231100,104,8.9,0,0,-0.7660444431189779,-0.6427876096865395,DB02
202012231200,104,8.4,0,0,0.3420201433256689,-0.9396926207859083,DB03
202012231300,104,9.2,0,0,0.3420201433256689,-0.9396926207859083,DB03
202012231400,104,9.6,0,0,-0.6427876096865396,0.7660444431189778,DB03
202012231500,104,9.8,0,0,-0.34202014332566866,-0.9396926207859084,DB03
202012231600,104,9.0,0,0,-0.34202014332566866,-0.9396926207859084,DB03
202012231700,104,7.4,0,0,0.3420201433256689,-0.9396926207859083,DB02
202012231800,104,5.8,0,0,0.6427876096865395,-0.7660444431189779,DB02
202012231900,104,6.6,0,0,0.9396926207859084,-0.3420201433256687,DB02
202012232000,104,7.0,0,0,1.2246467991473532e-16,-1.0,DB02
202012232100,104,7.6,0,0,-0.34202014332566866,-0.9396926207859084,DB01
202012232200,104,8.2,0,0,-0.7660444431189779,-0.6427876096865395,DB01
202012232300,104,8.8,0,0,-0.9396926207859084,-0.34202014332566855,DB03
202012240000,104,8.4,0,0,0.0,1.0,DB01
202012240100,104,8.1,0,0,0.0,1.0,DB01
202012240200,104,8.3,0,0,0.0,1.0,DB02
202012240300,104,8.5,0,0,-0.7660444431189779,-0.6427876096865395,DB01
202012240400,104,8.1,0,0,0.9396926207859083,0.3420201433256688,DB01
202012240500,104,7.3,0,0,0.9396926207859084,-0.3420201433256687,DB01
202012240600,104,8.0,0,0,-1.0,-1.8369701987210297e-16,DB02
202012240700,104,7.7,0,0,-0.7660444431189779,-0.6427876096865395,DB01
202012240800,104,7.2,0,0,-0.7660444431189779,-0.6427876096865395,DB01
202012240900,104,7.0,0,0,-0.34202014332566866,-0.9396926207859084,DB01
202012241000,104,7.3,0,0,-0.7660444431189779,-0.6427876096865395,DB01
202012241100,104,7.8,0,0,-0.7660444431189779,-0.6427876096865395,DB01
202012241200,104,8.5,0,0,-0.9396926207859084,-0.34202014332566855,DB01
202012241300,104,8.2,0,0,-0.7660444431189779,-0.6427876096865395,DB01
202012241400,104,7.7,0,0,-0.9396926207859084,-0.34202014332566855,DB01
202012241500,104,7.7,0,0,-0.7660444431189779,-0.6427876096865395,DB01
202012241600,104,6.5,0,0,-0.7660444431189779,-0.6427876096865395,DB01
202012241700,104,4.8,0,0,-0.7660444431189779,-0.6427876096865395,DB01
202012241800,104,4.0,0,0,-0.7660444431189779,-0.6427876096865395,DB01
202012241900,104,2.9,0,0,-0.7660444431189779,-0.6427876096865395,DB01
202012242000,104,2.5,0,0,-0.7660444431189779,-0.6427876096865395,DB01
202012242100,104,1.9,0,0,-1.0,-1.8369701987210297e-16,DB01
202012242200,104,1.6,0,0,-0.9396926207859084,-0.34202014332566855,DB01
202012242300,104,1.3,0,0,-0.7660444431189779,-0.6427876096865395,DB01
202012250000,104,0.3,0,0,-0.34202014332566866,-0.9396926207859084,DB01
202012250100,104,0.5,0,0,-0.7660444431189779,-0.6427876096865395,DB01
202012250200,104,-0.2,0,0,-0.7660444431189779,-0.6427876096865395,DB01
202012250300,104,-0.3,0,0,-0.34202014332566866,-0.9396926207859084,DB01
202012250400,104,-0.9,0,0,-0.7660444431189779,-0.6427876096865395,DB01
202012250500,104,-1.0,0,0,-0.9396926207859083,0.342020143325669,DB01
202012250600,104,-1.3,0,0,-1.0,-1.8369701987210297e-16,DB01
202012250700,104,-0.9,0,0,-0.9396926207859084,-0.34202014332566855,DB01
202012250800,104,-1.8,0,0,-0.9396926207859084,-0.34202014332566855,DB01
202012250900,104,-1.1,0,0,-0.9396926207859084,-0.34202014332566855,DB01
202012251000,104,0.3,0,0,-0.9396926207859083,0.342020143325669,DB01
202012251100,104,1.4,0,0,-1.0,-1.8369701987210297e-16,DB01
202012251200,104,2.4,0,0,-1.0,-1.8369701987210297e-16,DB01
202012251300,104,3.5,0,0,-0.9396926207859084,-0.34202014332566855,DB01
202012251400,104,3.8,0,0,-0.7660444431189779,-0.6427876096865395,DB01
202012251500,104,3.4,0,0,-0.7660444431189779,-0.6427876096865395,DB01
202012251600,104,3.3,0,0,-0.7660444431189779,-0.6427876096865395,DB01
202012251700,104,2.0,0,0,-0.7660444431189779,-0.6427876096865395,DB01
202012251800,104,1.3,0,0,-0.7660444431189779,-0.6427876096865395,DB01
202012251900,104,0.9,0,0,-0.7660444431189779,-0.6427876096865395,DB01
202012252000,104,1.4,0,0,-0.34202014332566866,-0.9396926207859084,DB01
202012252100,104,0.6,0,0,-0.7660444431189779,-0.6427876096865395,DB01
202012252200,104,-0.4,0,0,-0.9396926207859084,-0.34202014332566855,DB01
202012252300,104,-1.5,0,0,0.6427876096865395,-0.7660444431189779,DB01
202012260000,104,-2.4,0,0,0.6427876096865395,-0.7660444431189779,DB02
202012260100,104,-2.2,0,0,0.0,1.0,DB01
202012260200,104,-2.8,0,0,0.3420201433256689,-0.9396926207859083,DB01
202012260300,104,-2.0,0,0,0.6427876096865395,-0.7660444431189779,DB03
202012260400,104,-1.9,0,0,-1.0,-1.8369701987210297e-16,DB02
202012260500,104,-1.3,0,0,0.3420201433256689,-0.9396926207859083,DB03
202012260600,104,-1.0,0,0,0.3420201433256689,-0.9396926207859083,DB02
202012260700,104,-1.2,0,0,0.6427876096865395,-0.7660444431189779,DB02
202012260800,104,0.4,0,0,0.9396926207859084,-0.3420201433256687,DB02
202012260900,104,2.5,0,0,0.9396926207859084,-0.3420201433256687,DB02
202012261000,104,4.3,0,0,0.3420201433256687,0.9396926207859084,DB02
202012261100,104,6.6,0,0,0.0,1.0,DB02
202012261200,104,7.6,0,0,-0.3420201433256686,0.9396926207859084,DB01
202012261300,104,8.4,0,0,1.2246467991473532e-16,-1.0,DB01
202012261400,104,8.3,0,0,-0.7660444431189779,-0.6427876096865395,DB01
202012261500,104,8.6,0,0,-0.7660444431189779,-0.6427876096865395,DB01
202012261600,104,7.9,0,0,-1.0,-1.8369701987210297e-16,DB01
202012261700,104,5.7,0,0,-0.9396926207859084,-0.34202014332566855,DB01
202012261800,104,5.3,0,0,-0.7660444431189779,-0.6427876096865395,DB01
202012261900,104,4.4,0,0,-0.34202014332566866,-0.9396926207859084,DB03
202012262000,104,4.3,0,0,-0.34202014332566866,-0.9396926207859084,DB03
202012262100,104,4.1,0,0,0.3420201433256689,-0.9396926207859083,DB02
202012262200,104,4.0,0,0,1.2246467991473532e-16,-1.0,DB03
202012262300,104,1.8,0,0,1.2246467991473532e-16,-1.0,DB03
202012270000,104,3.5,0,0,0.3420201433256689,-0.9396926207859083,DB03
202012270100,104,4.2,0,0,0.3420201433256689,-0.9396926207859083,DB03
202012270200,104,5.3,0,0,-0.34202014332566866,-0.9396926207859084,DB04
202012270300,104,5.0,0,0,-0.34202014332566866,-0.9396926207859084,DB03
202012270400,104,4.3,0,0,0.6427876096865395,-0.7660444431189779,DB03
202012270500,104,5.2,0,0,0.3420201433256689,-0.9396926207859083,DB04
202012270600,104,5.3,0,0,0.3420201433256689,-0.9396926207859083,DB04
202012270700,104,4.5,0,0,0.6427876096865395,-0.7660444431189779,DB04
202012270800,104,5.5,0,0,0.3420201433256689,-0.9396926207859083,DB04
202012270900,104,5.9,0,0,0.3420201433256689,-0.9396926207859083,DB04
202012271000,104,7.5,0,0,0.3420201433256689,-0.9396926207859083,DB03
202012271100,104,9.2,0,0,0.3420201433256689,-0.9396926207859083,DB03
202012271200,104,9.8,0,0,0.9396926207859084,-0.3420201433256687,DB03
202012271300,104,10.4,0,0,1.0,6.123233995736766e-17,DB03
202012271400,104,10.0,0,0,0.9396926207859083,0.3420201433256688,DB03
202012271500,104,10.0,0,0,0.9396926207859083,0.3420201433256688,DB03
202012271600,104,9.4,0,0,1.0,6.123233995736766e-17,DB03
202012271700,104,7.4,0,0,-0.7660444431189779,-0.6427876096865395,DB03
202012271800,104,7.7,0,0,-0.34202014332566866,-0.9396926207859084,DB03
202012271900,104,8.1,0,0,-0.7660444431189779,-0.6427876096865395,DB03
202012272000,104,7.6,0,0,1.2246467991473532e-16,-1.0,DB03
202012272100,104,6.4,0,0,-0.34202014332566866,-0.9396926207859084,DB03
202012272200,104,6.5,0,0,1.2246467991473532e-16,-1.0,DB03
202012272300,104,6.5,0,0,1.2246467991473532e-16,-1.0,DB02
202012280000,104,7.4,0,0,-0.34202014332566866,-0.9396926207859084,DB02
202012280100,104,7.0,0,0,0.3420201433256689,-0.9396926207859083,DB02
202012280200,104,6.8,0,0,0.6427876096865395,-0.7660444431189779,DB01
202012280300,104,3.9,0,0,0.9396926207859083,0.3420201433256688,DB01
202012280400,104,3.9,0,0,0.3420201433256689,-0.9396926207859083,DB01
202012280500,104,4.9,0,0,1.0,6.123233995736766e-17,DB01
202012280600,104,3.7,0,0,-0.34202014332566866,-0.9396926207859084,DB01
202012280700,104,5.5,0,0,0.6427876096865395,-0.7660444431189779,DB01
202012280800,104,6.1,0,0,0.3420201433256689,-0.9396926207859083,DB01
202012280900,104,7.4,0,0,0.9396926207859084,-0.3420201433256687,DB01
202012281000,104,9.8,0,0,0.9396926207859083,0.3420201433256688,DB01
202012281100,104,10.7,0,0,0.766044443118978,0.6427876096865394,DB01
202012281200,104,11.4,0,0,0.766044443118978,0.6427876096865394,DB01
202012281300,104,11.3,0,0,0.3420201433256687,0.9396926207859084,DB01
202012281400,104,10.8,0,0,0.0,1.0,DB01
202012281500,104,10.1,0,0,0.0,1.0,DB01
202012281600,104,8.4,0,0,0.0,1.0,DB01
202012281700,104,7.0,0,0,0.0,1.0,DB02
202012281800,104,5.7,0,0,-0.7660444431189779,-0.6427876096865395,DB02
202012281900,104,5.6,0,0,1.2246467991473532e-16,-1.0,DB03
202012282000,104,5.2,0,0,-0.34202014332566866,-0.9396926207859084,DB02
202012282100,104,5.2,0,0,-1.0,-1.8369701987210297e-16,DB03
202012282200,104,5.1,0,0,-0.7660444431189779,-0.6427876096865395,DB03
202012282300,104,3.6,0,0,0.0,1.0,DB03
202012290000,104,4.4,0,0,-0.9396926207859084,-0.34202014332566855,DB02
202012290100,104,3.5,0,0,-0.7660444431189779,-0.6427876096865395,DB02
202012290200,104,3.4,0,0,0.3420201433256689,-0.9396926207859083,DB02
202012290300,104,2.2,0,0,-0.34202014332566866,-0.9396926207859084,DB02
202012290400,104,1.9,0,0,1.2246467991473532e-16,-1.0,DB01
202012290500,104,4.0,0,0,-0.34202014332566866,-0.9396926207859084,DB02
202012290600,104,3.4,0,0,0.3420201433256689,-0.9396926207859083,DB03
202012290700,104,3.5,0,0,1.2246467991473532e-16,-1.0,DB03
202012290800,104,3.6,0,0,-0.9396926207859084,-0.34202014332566855,DB03
202012290900,104,5.2,0,0,0.6427876096865395,-0.7660444431189779,DB04
202012291000,104,5.9,0,0,-0.7660444431189779,-0.6427876096865395,DB03
202012291100,104,8.7,0,0,0.0,1.0,DB03
202012291200,104,9.1,0,0,-0.6427876096865396,0.7660444431189778,DB03
202012291300,104,9.3,0,0,-0.3420201433256686,0.9396926207859084,DB03
202012291400,104,6.8,0,0,-0.6427876096865396,0.7660444431189778,DB04
202012291500,104,6.3,0,0,-0.9396926207859083,0.342020143325669,DB04
202012291600,104,5.3,0,0,-0.9396926207859083,0.342020143325669,DB04
202012291700,104,4.7,0,0,-1.0,-1.8369701987210297e-16,DB04
202012291800,104,4.4,0,0,-0.9396926207859084,-0.34202014332566855,DB04
202012291900,104,4.3,0,0,-1.0,-1.8369701987210297e-16,DB04
202012292000,104,4.0,0,0,-0.9396926207859084,-0.34202014332566855,DB04
202012292100,104,2.8,0,0,-0.7660444431189779,-0.6427876096865395,DB04
202012292200,104,2.3,0,0,-0.7660444431189779,-0.6427876096865395,DB03
202012292300,104,2.0,0,0,-0.7660444431189779,-0.6427876096865395,DB04
202012300000,104,2.1,0,0,-0.9396926207859084,-0.34202014332566855,DB04
202012300100,104,1.6,0,0,-0.7660444431189779,-0.6427876096865395,DB04
202012300200,104,0.9,0,0,-0.7660444431189779,-0.6427876096865395,DB04
202012300300,104,-0.5,0,0,-0.9396926207859083,0.342020143325669,DB04
202012300400,104,-2.1,0,0,-0.9396926207859084,-0.34202014332566855,DB03
202012300500,104,-3.6,0,0,-0.9396926207859084,-0.34202014332566855,DB03
202012300600,104,-4.2,0,0,-0.34202014332566866,-0.9396926207859084,DB02
202012300700,104,-3.7,0,0,-0.9396926207859084,-0.34202014332566855,DB03
202012300800,104,-5.1,0,0,-0.7660444431189779,-0.6427876096865395,DB04
202012300900,104,-5.3,0,0,-0.7660444431189779,-0.6427876096865395,DB04
202012301000,104,-5.2,0,0,-0.7660444431189779,-0.6427876096865395,DB03
202012301100,104,-4.0,0,0,-0.34202014332566866,-0.9396926207859084,DB01
202012301200,104,-4.0,0,0,-0.7660444431189779,-0.6427876096865395,DB01
202012301300,104,-4.2,0,0,-0.7660444431189779,-0.6427876096865395,DB01
202012301400,104,-3.3,0,0,-0.9396926207859084,-0.34202014332566855,DB01
202012301500,104,-4.4,0,0,-0.9396926207859084,-0.34202014332566855,DB01
202012301600,104,-5.5,0,0,-0.34202014332566866,-0.9396926207859084,DB01
202012301700,104,-6.3,0,0,-0.9396926207859084,-0.34202014332566855,DB01
202012301800,104,-6.3,0,0,-1.0,-1.8369701987210297e-16,DB01
202012301900,104,-7.4,0,0,0.3420201433256689,-0.9396926207859083,DB01
202012302000,104,-8.4,0,0,-1.0,-1.8369701987210297e-16,DB01
202012302100,104,-9.2,0,0,-0.34202014332566866,-0.9396926207859084,DB01
202012302200,104,-9.9,0,0,0.6427876096865395,-0.7660444431189779,DB01
202012302300,104,-10.3,0,0,0.6427876096865395,-0.7660444431189779,DB01
202012310000,104,-10.7,0,0,-0.34202014332566866,-0.9396926207859084,DB01
202012310100,104,-9.8,0,0,-0.34202014332566866,-0.9396926207859084,DB01
202012310200,104,-10.0,0,0,-0.34202014332566866,-0.9396926207859084,DB01
202012310300,104,-10.8,0,0,1.2246467991473532e-16,-1.0,DB01
202012310400,104,-10.4,0,0,0.6427876096865395,-0.7660444431189779,DB01
202012310500,104,-10.6,0,0,0.6427876096865395,-0.7660444431189779,DB01
202012310600,104,-10.8,0,0,0.6427876096865395,-0.7660444431189779,DB01
202012310700,104,-10.7,0,0,0.6427876096865395,-0.7660444431189779,DB01
202012310800,104,-11.3,0,0,1.2246467991473532e-16,-1.0,DB01
202012310900,104,-8.1,0,0,0.9396926207859084,-0.3420201433256687,DB01
202012311000,104,-5.5,0,0,-0.9396926207859083,0.342020143325669,DB01
202012311100,104,-4.2,0,0,-0.9396926207859083,0.342020143325669,DB01
202012311200,104,-3.5,0,0,-1.0,-1.8369701987210297e-16,DB01
202012311300,104,-2.5,0,0,-1.0,-1.8369701987210297e-16,DB01
202012311400,104,-2.1,0,0,-1.0,-1.8369701987210297e-16,DB01
202012311500,104,-1.3,0,0,-1.0,-1.8369701987210297e-16,DB01
202012311600,104,-1.7,0,0,-1.0,-1.8369701987210297e-16,DB01
202012311700,104,-2.7,0,0,-1.0,-1.8369701987210297e-16,DB01
202012311800,104,-3.8,0,0,-0.7660444431189779,-0.6427876096865395,DB01
202012311900,104,-4.1,0,0,-1.0,-1.8369701987210297e-16,DB01
202012312000,104,-4.9,0,0,-0.34202014332566866,-0.9396926207859084,DB01
202012312100,104,-4.9,0,0,-0.9396926207859084,-0.34202014332566855,DB01
202012312200,104,-5.5,0,0,-0.7660444431189779,-0.6427876096865395,DB01
202012312300,104,-3.8,0,0,-1.0,-1.8369701987210297e-16,DB01
