TM,STN,TA,POP,is_precip,WD_sin,WD_cos,SKY
202001010000,105,-3.0,0,0,-0.7660444431189779,-0.6427876096865395,DB01
202001010100,105,-2.3,0,0,-0.7660444431189779,-0.6427876096865395,DB01
202001010200,105,-1.6,0,0,-0.9396926207859084,-0.34202014332566855,DB01
202001010300,105,-1.4,0,0,-0.7660444431189779,-0.6427876096865395,DB01
202001010400,105,-0.9,0,0,-0.7660444431189779,-0.6427876096865395,DB01
202001010500,105,-1.0,0,0,-0.7660444431189779,-0.6427876096865395,DB01
202001010600,105,-0.7,0,0,-0.7660444431189779,-0.6427876096865395,DB01
202001010700,105,-0.4,0,0,-0.7660444431189779,-0.6427876096865395,DB01
202001010800,105,0.0,0,0,-0.7660444431189779,-0.6427876096865395,DB01
202001010900,105,1.5,0,0,-0.7660444431189779,-0.6427876096865395,DB01
202001011000,105,2.9,0,0,-0.7660444431189779,-0.6427876096865395,DB01
202001011100,105,4.3,0,0,-0.7660444431189779,-0.6427876096865395,DB01
202001011200,105,5.4,0,0,-0.7660444431189779,-0.6427876096865395,DB01
202001011300,105,5.7,0,0,-0.34202014332566866,-0.9396926207859084,DB04
202001011400,105,6.0,0,0,-0.7660444431189779,-0.6427876096865395,DB01
202001011500,105,5.1,0,0,-0.34202014332566866,-0.9396926207859084,DB01
202001011600,105,4.1,0,0,-0.7660444431189779,-0.6427876096865395,DB01
202001011700,105,2.4,0,0,-0.7660444431189779,-0.6427876096865395,DB01
202001011800,105,1.8,0,0,-0.7660444431189779,-0.6427876096865395,DB01
202001011900,105,1.6,0,0,-0.7660444431189779,-0.6427876096865395,DB01
202001012000,105,1.3,0,0,-0.7660444431189779,-0.6427876096865395,DB01
202001012100,105,1.3,0,0,-0.7660444431189779,-0.6427876096865395,DB01
202001012200,105,1.0,0,0,-0.7660444431189779,-0.6427876096865395,DB01
202001012300,105,0.8,0,0,-0.7660444431189779,-0.6427876096865395,DB01
202001020000,105,0.7,0,0,-0.7660444431189779,-0.6427876096865395,DB01
202001020100,105,0.7,0,0,-0.7660444431189779,-0.6427876096865395,DB01
202001020200,105,1.0,0,0,-0.7660444431189779,-0.6427876096865395,DB01
202001020300,105,0.8,0,0,-0.7660444431189779,-0.6427876096865395,DB01
202001020400,105,0.9,0,0,-0.7660444431189779,-0.6427876096865395,DB01
202001020500,105,0.8,0,0,-0.34202014332566866,-0.9396926207859084,DB01
202001020600,105,0.8,0,0,-0.7660444431189779,-0.6427876096865395,DB01
202001020700,105,0.7,0,0,-0.7660444431189779,-0.6427876096865395,DB01
202001020800,105,1.3,0,0,-0.7660444431189779,-0.6427876096865395,DB01
202001020900,105,2.3,0,0,-0.7660444431189779,-0.6427876096865395,DB01
202001021000,105,3.7,0,0,-0.7660444431189779,-0.6427876096865395,DB01
202001021100,105,5.5,0,0,-0.7660444431189779,-0.6427876096865395,DB01
202001021200,105,6.3,0,0,-0.7660444431189779,-0.6427876096865395,DB01
202001021300,105,6.5,0,0,-0.7660444431189779,-0.6427876096865395,DB04
202001021400,105,7.6,0,0,-0.7660444431189779,-0.6427876096865395,DB01
202001021500,105,7.5,0,0,-0.7660444431189779,-0.6427876096865395,DB01
202001021600,105,6.0,0,0,-0.7660444431189779,-0.6427876096865395,DB01
202001021700,105,4.7,0,0,-0.7660444431189779,-0.6427876096865395,DB04
202001021800,105,4.3,0,0,-0.34202014332566866,-0.9396926207859084,DB04
202001021900,105,4.1,0,0,-0.34202014332566866,-0.9396926207859084,DB01
202001022000,105,4.0,0,0,-0.7660444431189779,-0.6427876096865395,DB01
202001022100,105,3.7,0,0,-0.7660444431189779,-0.6427876096865395,DB01
202001022200,105,3.5,0,0,-0.7660444431189779,-0.6427876096865395,DB01
202001022300,105,3.5,0,0,-0.7660444431189779,-0.6427876096865395,DB02
202001030000,105,3.5,0,0,-0.7660444431189779,-0.6427876096865395,DB02
202001030100,105,3.4,0,0,-0.7660444431189779,-0.6427876096865395,DB01
202001030200,105,3.1,0,0,-0.7660444431189779,-0.6427876096865395,DB01
202001030300,105,3.0,0,0,-0.7660444431189779,-0.6427876096865395,DB01
202001030400,105,3.1,0,0,-0.7660444431189779,-0.6427876096865395,DB03
202001030500,105,3.1,0,0,-0.7660444431189779,-0.6427876096865395,DB02
202001030600,105,3.2,0,0,-0.9396926207859084,-0.34202014332566855,DB01
202001030700,105,3.1,0,0,-0.7660444431189779,-0.6427876096865395,DB01
202001030800,105,3.2,0,0,-0.9396926207859084,-0.34202014332566855,DB01
202001030900,105,4.3,0,0,-0.7660444431189779,-0.6427876096865395,DB01
202001031000,105,5.2,0,0,-0.7660444431189779,-0.6427876096865395,DB01
202001031100,105,6.0,0,0,-0.7660444431189779,-0.6427876096865395,DB02
202001031200,105,8.2,0,0,-0.7660444431189779,-0.6427876096865395,DB04
202001031300,105,10.0,0,0,-0.7660444431189779,-0.6427876096865395,DB01
202001031400,105,11.1,0,0,-0.9396926207859084,-0.34202014332566855,DB01
202001031500,105,10.8,0,0,-0.9396926207859083,0.342020143325669,DB01
202001031600,105,10.3,0,0,-0.9396926207859084,-0.34202014332566855,DB04
202001031700,105,8.1,0,0,-0.9396926207859083,0.342020143325669,DB04
202001031800,105,6.6,0,0,-0.9396926207859084,-0.34202014332566855,DB04
202001031900,105,6.4,0,0,-0.9396926207859084,-0.34202014332566855,DB04
202001032000,105,5.4,0,0,-0.34202014332566866,-0.9396926207859084,DB01
202001032100,105,4.8,0,0,-0.7660444431189779,-0.6427876096865395,DB04
202001032200,105,4.3,0,0,-0.7660444431189779,-0.6427876096865395,DB01
202001032300,105,4.2,0,0,-0.7660444431189779,-0.6427876096865395,DB01
202001040000,105,3.7,0,0,-0.7660444431189779,-0.6427876096865395,DB01
202001040100,105,3.6,0,0,-0.7660444431189779,-0.6427876096865395,DB01
202001040200,105,3.2,0,0,-0.7660444431189779,-0.6427876096865395,DB01
202001040300,105,3.0,0,0,-0.7660444431189779,-0.6427876096865395,DB01
202001040400,105,2.7,0,0,-0.7660444431189779,-0.6427876096865395,DB01
202001040500,105,3.2,0,0,-0.9396926207859084,-0.34202014332566855,DB01
202001040600,105,2.9,0,0,-0.7660444431189779,-0.6427876096865395,DB02
202001040700,105,2.8,0,0,-0.9396926207859084,-0.34202014332566855,DB01
202001040800,105,2.7,0,0,-0.7660444431189779,-0.6427876096865395,DB01
202001040900,105,3.6,0,0,-0.7660444431189779,-0.6427876096865395,DB01
202001041000,105,4.8,0,0,-0.7660444431189779,-0.6427876096865395,DB01
202001041100,105,6.4,0,0,-0.7660444431189779,-0.6427876096865395,DB01
202001041200,105,8.0,0,0,-0.7660444431189779,-0.6427876096865395,DB01
202001041300,105,9.5,0,0,-0.9396926207859083,0.342020143325669,DB01
202001041400,105,9.6,0,0,-0.9396926207859083,0.342020143325669,DB01
202001041500,105,9.5,0,0,-0.9396926207859083,0.342020143325669,DB01
202001041600,105,8.9,0,0,-0.9396926207859083,0.342020143325669,DB01
202001041700,105,7.9,0,0,-0.9396926207859083,0.342020143325669,DB01
202001041800,105,6.0,0,0,-0.7660444431189779,-0.6427876096865395,DB01
202001041900,105,5.3,0,0,-0.9396926207859084,-0.34202014332566855,DB01
202001042000,105,4.6,0,0,-0.7660444431189779,-0.6427876096865395,DB01
202001042100,105,4.4,0,0,-0.7660444431189779,-0.6427876096865395,DB01
202001042200,105,3.7,0,0,-0.7660444431189779,-0.6427876096865395,DB01
202001042300,105,3.3,0,0,-0.9396926207859084,-0.34202014332566855,DB01
202001050000,105,2.7,0,0,-0.7660444431189779,-0.6427876096865395,DB01
202001050100,105,2.2,0,0,-0.9396926207859084,-0.34202014332566855,DB01
202001050200,105,2.2,0,0,-0.9396926207859084,-0.34202014332566855,DB01
202001050300,105,1.9,0,0,-0.9396926207859084,-0.34202014332566855,DB01
202001050400,105,1.5,0,0,-0.9396926207859084,-0.34202014332566855,DB01
202001050500,105,1.3,0,0,-0.9396926207859084,-0.34202014332566855,DB01
202001050600,105,0.8,0,0,-0.9396926207859084,-0.34202014332566855,DB01
202001050700,105,1.0,0,0,-0.9396926207859084,-0.34202014332566855,DB01
202001050800,105,0.9,0,0,-0.9396926207859084,-0.34202014332566855,DB01
202001050900,105,2.6,0,0,-0.7660444431189779,-0.6427876096865395,DB01
202001051000,105,4.9,0,0,-0.9396926207859084,-0.34202014332566855,DB01
202001051100,105,7.3,0,0,-0.7660444431189779,-0.6427876096865395,DB01
202001051200,105,8.7,0,0,0.9396926207859083,0.3420201433256688,DB01
202001051300,105,9.2,0,0,-0.9396926207859083,0.342020143325669,DB01
202001051400,105,9.8,0,0,0.9396926207859083,0.3420201433256688,DB04
202001051500,105,9.8,0,0,0.9396926207859083,0.3420201433256688,DB01
202001051600,105,9.0,0,0,1.0,6.123233995736766e-17,DB01
202001051700,105,7.8,0,0,0.3420201433256689,-0.9396926207859083,DB02
202001051800,105,6.0,0,0,-0.7660444431189779,-0.6427876096865395,DB03
202001051900,105,4.7,0,0,-0.7660444431189779,-0.6427876096865395,DB03
202001052000,105,4.1,0,0,-0.7660444431189779,-0.6427876096865395,DB03
202001052100,105,3.7,0,0,-0.7660444431189779,-0.6427876096865395,DB02
202001052200,105,3.5,0,0,-0.7660444431189779,-0.6427876096865395,DB01
202001052300,105,3.2,0,0,-0.9396926207859084,-0.34202014332566855,DB02
202001060000,105,2.9,0,0,-0.7660444431189779,-0.6427876096865395,DB02
202001060100,105,3.1,0,0,-0.9396926207859084,-0.34202014332566855,DB03
202001060200,105,3.1,0,0,-0.7660444431189779,-0.6427876096865395,DB04
202001060300,105,3.0,0,0,-0.9396926207859084,-0.34202014332566855,DB03
202001060400,105,3.2,0,0,-0.9396926207859084,-0.34202014332566855,DB03
202001060500,105,2.2,0,0,-0.34202014332566866,-0.9396926207859084,DB03
202001060600,105,2.8,0,0,-0.7660444431189779,-0.6427876096865395,DB03
202001060700,105,3.5,0,0,-0.9396926207859084,-0.34202014332566855,DB04
202001060800,105,5.1,0,0,-0.7660444431189779,-0.6427876096865395,DB04
202001060900,105,5.5,0,0,-0.9396926207859084,-0.34202014332566855,DB04
202001061000,105,7.3,0,0,-1.0,-1.8369701987210297e-16,DB04
202001061100,105,8.7,0,0,-0.6427876096865396,0.7660444431189778,DB04
202001061200,105,8.9,0,0,-0.9396926207859084,-0.34202014332566855,DB04
202001061300,105,8.2,0,0,-0.34202014332566866,-0.9396926207859084,DB04
202001061400,105,8.3,0,0,-0.34202014332566866,-0.9396926207859084,DB04
202001061500,105,8.2,0,0,-0.34202014332566866,-0.9396926207859084,DB04
202001061600,105,8.4,0,0,0.0,1.0,DB04
202001061700,105,8.0,0,0,0.6427876096865395,-0.7660444431189779,DB04
202001061800,105,7.6,0,0,0.0,1.0,DB04
202001061900,105,7.3,0,0,1.0,6.123233995736766e-17,DB04
202001062000,105,7.1,0,0,-0.7660444431189779,-0.6427876096865395,DB04
202001062100,105,7.1,0,0,-0.7660444431189779,-0.6427876096865395,DB04
202001062200,105,7.0,0,0,-0.9396926207859084,-0.34202014332566855,DB04
202001062300,105,6.6,0,0,-0.7660444431189779,-0.6427876096865395,DB04
202001070000,105,6.0,100,1,-0.7660444431189779,-0.6427876096865395,DB04
202001070100,105,5.3,0,0,-0.7660444431189779,-0.6427876096865395,DB04
202001070200,105,5.3,0,0,-0.7660444431189779,-0.6427876096865395,DB04
202001070300,105,5.3,100,1,-0.7660444431189779,-0.6427876096865395,DB04
202001070400,105,5.3,0,0,-1.0,-1.8369701987210297e-16,DB04
202001070500,105,5.4,0,0,-0.9396926207859084,-0.34202014332566855,DB04
202001070600,105,5.1,100,1,-0.7660444431189779,-0.6427876096865395,DB04
202001070700,105,5.3,0,0,-0.7660444431189779,-0.6427876096865395,DB04
202001070800,105,5.4,0,0,-0.7660444431189779,-0.6427876096865395,DB04
202001070900,105,5.6,100,1,-0.7660444431189779,-0.6427876096865395,DB04
202001071000,105,6.0,0,0,-0.7660444431189779,-0.6427876096865395,DB04
202001071100,105,6.2,0,0,-0.7660444431189779,-0.6427876096865395,DB04
202001071200,105,6.7,100,1,-0.9396926207859084,-0.34202014332566855,DB04
202001071300,105,7.0,0,0,-0.7660444431189779,-0.6427876096865395,DB04
202001071400,105,7.2,0,0,-0.7660444431189779,-0.6427876096865395,DB04
202001071500,105,7.3,100,1,0.0,1.0,DB04
202001071600,105,7.3,0,0,-0.7660444431189779,-0.6427876096865395,DB04
202001071700,105,7.3,0,0,-0.7660444431189779,-0.6427876096865395,DB04
202001071800,105,7.1,100,1,-0.9396926207859084,-0.34202014332566855,DB04
202001071900,105,7.2,0,0,-0.7660444431189779,-0.6427876096865395,DB04
202001072000,105,7.0,0,0,-0.9396926207859084,-0.34202014332566855,DB04
202001072100,105,7.0,100,1,-0.7660444431189779,-0.6427876096865395,DB04
202001072200,105,7.1,0,0,-0.7660444431189779,-0.6427876096865395,DB04
202001072300,105,7.5,0,0,-0.7660444431189779,-0.6427876096865395,DB04
202001080000,105,7.9,100,1,-0.7660444431189779,-0.6427876096865395,DB04
202001080100,105,8.7,0,0,-0.9396926207859084,-0.34202014332566855,DB04
202001080200,105,9.4,0,0,-0.9396926207859083,0.342020143325669,DB03
202001080300,105,10.4,100,1,-1.0,-1.8369701987210297e-16,DB04
202001080400,105,10.2,0,0,-1.0,-1.8369701987210297e-16,DB04
202001080500,105,9.0,0,0,-0.9396926207859084,-0.34202014332566855,DB04
202001080600,105,9.1,100,1,-1.0,-1.8369701987210297e-16,DB03
202001080700,105,6.9,0,0,-0.6427876096865396,0.7660444431189778,DB01
202001080800,105,6.4,0,0,-0.9396926207859083,0.342020143325669,DB03
202001080900,105,5.7,100,1,-0.6427876096865396,0.7660444431189778,DB01
202001081000,105,5.7,0,0,-0.9396926207859083,0.342020143325669,DB04
202001081100,105,5.8,0,0,-0.6427876096865396,0.7660444431189778,DB04
202001081200,105,5.6,100,1,-0.9396926207859083,0.342020143325669,DB04
202001081300,105,6.1,0,0,-0.6427876096865396,0.7660444431189778,DB04
202001081400,105,6.7,0,0,-0.6427876096865396,0.7660444431189778,DB04
202001081500,105,7.5,100,1,-0.9396926207859083,0.342020143325669,DB03
202001081600,105,8.4,0,0,0.3420201433256687,0.9396926207859084,DB02
202001081700,105,7.8,0,0,-0.6427876096865396,0.7660444431189778,DB01
202001081800,105,5.7,0,0,-0.7660444431189779,-0.6427876096865395,DB02
202001081900,105,4.9,0,0,-0.7660444431189779,-0.6427876096865395,DB02
202001082000,105,6.4,0,0,-0.7660444431189779,-0.6427876096865395,DB03
202001082100,105,7.0,0,0,-0.7660444431189779,-0.6427876096865395,DB02
202001082200,105,6.5,0,0,-0.9396926207859084,-0.34202014332566855,DB02
202001082300,105,6.0,0,0,-1.0,-1.8369701987210297e-16,DB03
202001090000,105,6.1,0,0,-0.9396926207859084,-0.34202014332566855,DB02
202001090100,105,5.2,0,0,-0.7660444431189779,-0.6427876096865395,DB03
202001090200,105,4.6,0,0,-0.7660444431189779,-0.6427876096865395,DB01
202001090300,105,4.0,0,0,-0.34202014332566866,-0.9396926207859084,DB01
202001090400,105,3.7,0,0,-0.7660444431189779,-0.6427876096865395,DB01
202001090500,105,3.2,0,0,-0.7660444431189779,-0.6427876096865395,DB01
202001090600,105,2.6,0,0,-0.7660444431189779,-0.6427876096865395,DB01
202001090700,105,2.5,0,0,-0.9396926207859084,-0.34202014332566855,DB01
202001090800,105,2.2,0,0,-0.7660444431189779,-0.6427876096865395,DB01
202001090900,105,2.6,0,0,-0.7660444431189779,-0.6427876096865395,DB01
202001091000,105,3.5,0,0,-0.9396926207859084,-0.34202014332566855,DB01
202001091100,105,4.7,0,0,-0.9396926207859084,-0.34202014332566855,DB01
202001091200,105,5.9,0,0,-0.7660444431189779,-0.6427876096865395,DB01
202001091300,105,6.4,0,0,-0.6427876096865396,0.7660444431189778,DB01
202001091400,105,6.6,0,0,-0.6427876096865396,0.7660444431189778,DB01
202001091500,105,6.7,0,0,-0.6427876096865396,0.7660444431189778,DB01
202001091600,105,6.8,0,0,-0.6427876096865396,0.7660444431189778,DB01
202001091700,105,5.9,0,0,-0.6427876096865396,0.7660444431189778,DB02
202001091800,105,4.1,0,0,-0.7660444431189779,-0.6427876096865395,DB02
202001091900,105,3.7,0,0,-0.7660444431189779,-0.6427876096865395,DB03
202001092000,105,3.4,0,0,-0.7660444431189779,-0.6427876096865395,DB03
202001092100,105,3.4,0,0,-0.7660444431189779,-0.6427876096865395,DB03
202001092200,105,2.9,0,0,-0.7660444431189779,-0.6427876096865395,DB02
202001092300,105,2.5,0,0,-0.7660444431189779,-0.6427876096865395,DB02
202001100000,105,2.1,0,0,-0.9396926207859084,-0.34202014332566855,DB02
202001100100,105,1.7,0,0,-0.7660444431189779,-0.6427876096865395,DB02
202001100200,105,1.5,0,0,-0.9396926207859084,-0.34202014332566855,DB02
202001100300,105,1.3,0,0,-0.9396926207859084,-0.34202014332566855,DB01
202001100400,105,1.2,0,0,-0.7660444431189779,-0.6427876096865395,DB02
202001100500,105,1.1,0,0,-0.7660444431189779,-0.6427876096865395,DB01
202001100600,105,0.9,0,0,-0.9396926207859084,-0.34202014332566855,DB01
202001100700,105,1.1,0,0,-0.7660444431189779,-0.6427876096865395,DB03
202001100800,105,1.1,0,0,-0.9396926207859084,-0.34202014332566855,DB03
202001100900,105,1.9,0,0,-0.9396926207859084,-0.34202014332566855,DB02
202001101000,105,3.8,0,0,-0.9396926207859084,-0.34202014332566855,DB02
202001101100,105,7.1,0,0,-0.9396926207859084,-0.34202014332566855,DB02
202001101200,105,9.2,0,0,0.9396926207859084,-0.3420201433256687,DB02
202001101300,105,9.9,0,0,1.0,6.123233995736766e-17,DB02
202001101400,105,10.0,0,0,0.9396926207859083,0.3420201433256688,DB01
202001101500,105,10.1,0,0,0.9396926207859083,0.3420201433256688,DB01
202001101600,105,9.6,0,0,0.9396926207859083,0.3420201433256688,DB01
202001101700,105,9.1,0,0,-0.7660444431189779,-0.6427876096865395,DB01
202001101800,105,7.1,0,0,-0.9396926207859084,-0.34202014332566855,DB01
202001101900,105,6.1,0,0,-0.9396926207859084,-0.34202014332566855,DB01
202001102000,105,5.2,0,0,-0.9396926207859084,-0.34202014332566855,DB03
202001102100,105,5.0,0,0,-0.9396926207859084,-0.34202014332566855,DB02
202001102200,105,4.7,0,0,-0.9396926207859084,-0.34202014332566855,DB02
202001102300,105,4.4,0,0,-0.9396926207859084,-0.34202014332566855,DB03
202001110000,105,4.1,0,0,-0.9396926207859084,-0.34202014332566855,DB02
202001110100,105,4.0,0,0,-0.9396926207859084,-0.34202014332566855,DB03
202001110200,105,3.8,0,0,-0.9396926207859084,-0.34202014332566855,DB03
202001110300,105,3.3,0,0,-0.9396926207859084,-0.34202014332566855,DB01
202001110400,105,3.2,0,0,-0.7660444431189779,-0.6427876096865395,DB01
202001110500,105,2.3,0,0,-0.7660444431189779,-0.6427876096865395,DB01
202001110600,105,1.7,0,0,-0.7660444431189779,-0.6427876096865395,DB01
202001110700,105,1.7,0,0,-0.7660444431189779,-0.6427876096865395,DB01
202001110800,105,1.8,0,0,-0.7660444431189779,-0.6427876096865395,DB01
202001110900,105,2.9,0,0,-0.7660444431189779,-0.6427876096865395,DB01
202001111000,105,4.2,0,0,-0.7660444431189779,-0.6427876096865395,DB01
202001111100,105,5.4,0,0,-0.9396926207859084,-0.34202014332566855,DB01
202001111200,105,6.7,0,0,-0.7660444431189779,-0.6427876096865395,DB01
202001111300,105,8.1,0,0,-0.34202014332566866,-0.9396926207859084,DB01
202001111400,105,7.7,0,0,0.766044443118978,0.6427876096865394,DB01
202001111500,105,7.5,0,0,0.0,1.0,DB01
202001111600,105,7.1,0,0,0.3420201433256687,0.9396926207859084,DB01
202001111700,105,6.6,0,0,-1.0,-1.8369701987210297e-16,DB01
202001111800,105,5.0,0,0,-0.9396926207859084,-0.34202014332566855,DB02
202001111900,105,4.0,0,0,-0.34202014332566866,-0.9396926207859084,DB02
202001112000,105,3.4,0,0,-0.34202014332566866,-0.9396926207859084,DB02
202001112100,105,3.6,0,0,-0.7660444431189779,-0.6427876096865395,DB03
202001112200,105,3.1,0,0,-0.7660444431189779,-0.6427876096865395,DB02
202001112300,105,2.8,0,0,-0.9396926207859084,-0.34202014332566855,DB04
202001120000,105,2.7,0,0,-0.9396926207859084,-0.34202014332566855,DB03
202001120100,105,2.8,0,0,-0.7660444431189779,-0.6427876096865395,DB03
202001120200,105,2.7,0,0,-0.34202014332566866,-0.9396926207859084,DB03
202001120300,105,2.7,0,0,-0.7660444431189779,-0.6427876096865395,DB03
202001120400,105,2.7,0,0,-0.7660444431189779,-0.6427876096865395,DB04
202001120500,105,2.8,0,0,-0.7660444431189779,-0.6427876096865395,DB04
202001120600,105,2.3,0,0,-0.7660444431189779,-0.6427876096865395,DB03
202001120700,105,2.0,0,0,-0.7660444431189779,-0.6427876096865395,DB02
202001120800,105,1.8,0,0,-0.7660444431189779,-0.6427876096865395,DB02
202001120900,105,2.4,0,0,-0.7660444431189779,-0.6427876096865395,DB03
202001121000,105,3.9,0,0,-0.7660444431189779,-0.6427876096865395,DB02
202001121100,105,4.8,0,0,-0.7660444431189779,-0.6427876096865395,DB03
202001121200,105,6.3,0,0,-0.9396926207859084,-0.34202014332566855,DB01
202001121300,105,7.2,0,0,-1.0,-1.8369701987210297e-16,DB03
202001121400,105,7.4,0,0,-0.6427876096865396,0.7660444431189778,DB03
202001121500,105,6.4,0,0,-0.6427876096865396,0.7660444431189778,DB03
202001121600,105,5.7,0,0,-0.9396926207859083,0.342020143325669,DB03
202001121700,105,5.1,0,0,-0.9396926207859084,-0.34202014332566855,DB03
202001121800,105,3.7,0,0,-0.9396926207859084,-0.34202014332566855,DB03
202001121900,105,3.2,0,0,-0.7660444431189779,-0.6427876096865395,DB03
202001122000,105,2.7,0,0,-0.7660444431189779,-0.6427876096865395,DB03
202001122100,105,2.2,0,0,-0.7660444431189779,-0.6427876096865395,DB03
202001122200,105,1.7,0,0,-0.7660444431189779,-0.6427876096865395,DB02
202001122300,105,1.3,0,0,-0.7660444431189779,-0.6427876096865395,DB02
202001130000,105,1.0,0,0,-0.7660444431189779,-0.6427876096865395,DB01
202001130100,105,0.8,0,0,-0.7660444431189779,-0.6427876096865395,DB01
202001130200,105,0.9,0,0,-0.7660444431189779,-0.6427876096865395,DB01
202001130300,105,0.9,0,0,-0.7660444431189779,-0.6427876096865395,DB02
202001130400,105,0.5,0,0,-0.7660444431189779,-0.6427876096865395,DB01
202001130500,105,0.2,0,0,-0.7660444431189779,-0.6427876096865395,DB01
202001130600,105,0.1,0,0,-0.7660444431189779,-0.6427876096865395,DB03
202001130700,105,-0.2,0,0,-0.7660444431189779,-0.6427876096865395,DB01
202001130800,105,-0.5,0,0,-0.34202014332566866,-0.9396926207859084,DB01
202001130900,105,0.5,0,0,-0.7660444431189779,-0.6427876096865395,DB01
202001131000,105,1.5,0,0,-0.7660444431189779,-0.6427876096865395,DB01
202001131100,105,1.9,0,0,-0.7660444431189779,-0.6427876096865395,DB01
202001131200,105,3.3,0,0,-0.7660444431189779,-0.6427876096865395,DB01
202001131300,105,3.3,0,0,-0.9396926207859084,-0.34202014332566855,DB01
202001131400,105,3.6,0,0,-0.9396926207859084,-0.34202014332566855,DB01
202001131500,105,4.1,0,0,-0.9396926207859084,-0.34202014332566855,DB01
202001131600,105,4.0,0,0,-0.9396926207859084,-0.34202014332566855,DB01
202001131700,105,3.1,0,0,-0.9396926207859084,-0.34202014332566855,DB02
202001131800,105,1.9,0,0,-0.9396926207859084,-0.34202014332566855,DB01
202001131900,105,1.2,0,0,-0.9396926207859084,-0.34202014332566855,DB01
202001132000,105,0.6,0,0,-0.7660444431189779,-0.6427876096865395,DB01
202001132100,105,0.3,0,0,-0.9396926207859084,-0.34202014332566855,DB01
202001132200,105,-0.1,0,0,-0.7660444431189779,-0.6427876096865395,DB01
202001132300,105,-0.5,0,0,-0.7660444431189779,-0.6427876096865395,DB02
202001140000,105,-0.7,0,0,-0.7660444431189779,-0.6427876096865395,DB01
202001140100,105,-1.0,0,0,-0.7660444431189779,-0.6427876096865395,DB03
202001140200,105,-1.0,0,0,-0.7660444431189779,-0.6427876096865395,DB03
202001140300,105,-1.2,0,0,-0.7660444431189779,-0.6427876096865395,DB03
202001140400,105,-1.3,0,0,-0.7660444431189779,-0.6427876096865395,DB03
202001140500,105,-1.5,0,0,-0.7660444431189779,-0.6427876096865395,DB02
202001140600,105,-1.7,0,0,-0.7660444431189779,-0.6427876096865395,DB01
202001140700,105,-1.9,0,0,-0.7660444431189779,-0.6427876096865395,DB01
202001140800,105,-2.1,0,0,-0.9396926207859084,-0.34202014332566855,DB01
202001140900,105,-1.0,0,0,-0.9396926207859084,-0.34202014332566855,DB01
202001141000,105,1.1,0,0,-0.9396926207859084,-0.34202014332566855,DB01
202001141100,105,3.9,0,0,0.6427876096865395,-0.7660444431189779,DB01
202001141200,105,5.1,0,0,-0.7660444431189779,-0.6427876096865395,DB01
202001141300,105,5.3,0,0,0.766044443118978,0.6427876096865394,DB01
202001141400,105,5.1,0,0,0.0,1.0,DB01
202001141500,105,5.4,0,0,0.0,1.0,DB01
202001141600,105,5.1,0,0,-0.3420201433256686,0.9396926207859084,DB01
202001141700,105,4.4,0,0,-0.6427876096865396,0.7660444431189778,DB01
202001141800,105,2.8,0,0,-0.7660444431189779,-0.6427876096865395,DB01
202001141900,105,0.9,0,0,-0.7660444431189779,-0.6427876096865395,DB01
202001142000,105,0.8,0,0,-0.7660444431189779,-0.6427876096865395,DB01
202001142100,105,0.0,0,0,-0.7660444431189779,-0.6427876096865395,DB01
202001142200,105,-0.5,0,0,-0.7660444431189779,-0.6427876096865395,DB01
202001142300,105,-0.2,0,0,-0.7660444431189779,-0.6427876096865395,DB01
202001150000,105,0.5,0,0,-0.7660444431189779,-0.6427876096865395,DB01
202001150100,105,0.0,0,0,-0.7660444431189779,-0.6427876096865395,DB01
202001150200,105,0.2,0,0,-0.7660444431189779,-0.6427876096865395,DB01
202001150300,105,-0.2,0,0,-0.7660444431189779,-0.6427876096865395,DB01
202001150400,105,0.0,0,0,-0.7660444431189779,-0.6427876096865395,DB01
202001150500,105,-0.2,0,0,-0.7660444431189779,-0.6427876096865395,DB01
202001150600,105,-0.5,0,0,-0.7660444431189779,-0.6427876096865395,DB01
202001150700,105,-0.6,0,0,-0.7660444431189779,-0.6427876096865395,DB01
202001150800,105,-1.0,0,0,-0.7660444431189779,-0.6427876096865395,DB01
202001150900,105,0.0,0,0,-0.7660444431189779,-0.6427876096865395,DB01
202001151000,105,1.7,0,0,-0.7660444431189779,-0.6427876096865395,DB01
202001151100,105,3.5,0,0,-0.7660444431189779,-0.6427876096865395,DB01
202001151200,105,5.4,0,0,-0.7660444431189779,-0.6427876096865395,DB01
202001151300,105,5.7,0,0,-0.7660444431189779,-0.6427876096865395,DB01
202001151400,105,6.7,0,0,-0.9396926207859084,-0.34202014332566855,DB01
202001151500,105,6.4,0,0,-0.7660444431189779,-0.6427876096865395,DB01
202001151600,105,6.0,0,0,-0.7660444431189779,-0.6427876096865395,DB01
202001151700,105,4.2,0,0,-0.7660444431189779,-0.6427876096865395,DB01
202001151800,105,2.8,0,0,-0.7660444431189779,-0.6427876096865395,DB01
202001151900,105,2.0,0,0,-0.9396926207859084,-0.34202014332566855,DB01
202001152000,105,1.4,0,0,-0.7660444431189779,-0.6427876096865395,DB01
202001152100,105,1.2,0,0,-0.7660444431189779,-0.6427876096865395,DB01
202001152200,105,0.7,0,0,-0.7660444431189779,-0.6427876096865395,DB01
202001152300,105,0.4,0,0,-0.7660444431189779,-0.6427876096865395,DB01
202001160000,105,0.1,0,0,-0.7660444431189779,-0.6427876096865395,DB01
202001160100,105,-0.3,0,0,-0.7660444431189779,-0.6427876096865395,DB01
202001160200,105,-0.9,0,0,-0.7660444431189779,-0.6427876096865395,DB01
202001160300,105,-1.1,0,0,-0.7660444431189779,-0.6427876096865395,DB02
202001160400,105,-1.2,0,0,-0.9396926207859084,-0.34202014332566855,DB02
202001160500,105,-1.2,0,0,-0.7660444431189779,-0.6427876096865395,DB03
202001160600,105,-1.2,0,0,-0.9396926207859084,-0.34202014332566855,DB03
202001160700,105,-1.0,0,0,-0.9396926207859084,-0.34202014332566855,DB03
202001160800,105,-0.6,0,0,-0.7660444431189779,-0.6427876096865395,DB03
202001160900,105,0.2,0,0,-0.9396926207859084,-0.34202014332566855,DB03
202001161000,105,2.3,0,0,-0.7660444431189779,-0.6427876096865395,DB02
202001161100,105,4.6,0,0,-0.9396926207859084,-0.34202014332566855,DB02
202001161200,105,6.0,0,0,-0.9396926207859083,0.342020143325669,DB01
202001161300,105,6.2,0,0,0.3420201433256687,0.9396926207859084,DB01
202001161400,105,6.7,0,0,0.3420201433256687,0.9396926207859084,DB01
202001161500,105,6.8,0,0,0.3420201433256687,0.9396926207859084,DB01
202001161600,105,6.2,0,0,0.766044443118978,0.6427876096865394,DB01
202001161700,105,5.7,0,0,0.0,1.0,DB03
202001161800,105,3.7,0,0,-0.7660444431189779,-0.6427876096865395,DB01
202001161900,105,1.8,0,0,-0.7660444431189779,-0.6427876096865395,DB03
202001162000,105,1.1,0,0,-0.7660444431189779,-0.6427876096865395,DB03
202001162100,105,0.7,0,0,-0.7660444431189779,-0.6427876096865395,DB03
202001162200,105,1.0,0,0,-0.9396926207859084,-0.34202014332566855,DB03
202001162300,105,1.1,0,0,-0.9396926207859084,-0.34202014332566855,DB03
202001170000,105,0.7,0,0,-0.7660444431189779,-0.6427876096865395,DB02
202001170100,105,0.6,0,0,-0.9396926207859084,-0.34202014332566855,DB02
202001170200,105,0.5,0,0,-0.9396926207859084,-0.34202014332566855,DB03
202001170300,105,0.4,0,0,-0.9396926207859084,-0.34202014332566855,DB03
202001170400,105,0.7,0,0,-0.9396926207859084,-0.34202014332566855,DB03
202001170500,105,0.8,0,0,-0.9396926207859084,-0.34202014332566855,DB03
202001170600,105,0.9,0,0,-0.7660444431189779,-0.6427876096865395,DB03
202001170700,105,1.0,0,0,-0.7660444431189779,-0.6427876096865395,DB03
202001170800,105,1.0,0,0,-0.9396926207859084,-0.34202014332566855,DB03
202001170900,105,2.1,0,0,-0.7660444431189779,-0.6427876096865395,DB03
202001171000,105,3.2,0,0,-0.7660444431189779,-0.6427876096865395,DB04
202001171100,105,5.5,0,0,-0.6427876096865396,0.7660444431189778,DB04
202001171200,105,5.8,0,0,-0.6427876096865396,0.7660444431189778,DB04
202001171300,105,5.9,0,0,-0.6427876096865396,0.7660444431189778,DB04
202001171400,105,5.8,0,0,-0.6427876096865396,0.7660444431189778,DB04
202001171500,105,5.3,0,0,-0.6427876096865396,0.7660444431189778,DB04
202001171600,105,4.8,0,0,-0.6427876096865396,0.7660444431189778,DB04
202001171700,105,4.1,0,0,-0.9396926207859083,0.342020143325669,DB03
202001171800,105,4.3,100,1,-0.9396926207859083,0.342020143325669,DB03
202001171900,105,4.2,0,0,-0.9396926207859084,-0.34202014332566855,DB03
202001172000,105,3.7,0,0,-0.7660444431189779,-0.6427876096865395,DB02
202001172100,105,3.1,100,1,-0.7660444431189779,-0.6427876096865395,DB03
202001172200,105,2.4,0,0,-0.34202014332566866,-0.9396926207859084,DB03
202001172300,105,2.5,0,0,-1.0,-1.8369701987210297e-16,DB04
202001180000,105,2.1,0,0,-0.7660444431189779,-0.6427876096865395,DB02
202001180100,105,1.9,0,0,-0.7660444431189779,-0.6427876096865395,DB03
202001180200,105,2.3,0,0,-0.9396926207859084,-0.34202014332566855,DB04
202001180300,105,1.9,0,0,0.0,1.0,DB04
202001180400,105,2.4,0,0,-0.7660444431189779,-0.6427876096865395,DB04
202001180500,105,2.0,0,0,0.0,1.0,DB04
202001180600,105,2.1,100,1,0.0,1.0,DB03
202001180700,105,2.5,0,0,-0.9396926207859083,0.342020143325669,DB04
202001180800,105,2.3,0,0,-0.7660444431189779,-0.6427876096865395,DB04
202001180900,105,2.4,100,1,-0.34202014332566866,-0.9396926207859084,DB04
202001181000,105,3.8,0,0,-0.9396926207859083,0.342020143325669,DB04
202001181100,105,4.8,0,0,0.0,1.0,DB04
202001181200,105,5.8,0,0,0.9396926207859084,-0.3420201433256687,DB04
202001181300,105,7.4,0,0,0.766044443118978,0.6427876096865394,DB03
202001181400,105,6.7,0,0,0.0,1.0,DB03
202001181500,105,7.2,0,0,0.9396926207859083,0.3420201433256688,DB03
202001181600,105,7.3,0,0,0.0,1.0,DB03
202001181700,105,7.1,0,0,-0.6427876096865396,0.7660444431189778,DB03
202001181800,105,5.7,0,0,-0.7660444431189779,-0.6427876096865395,DB02
202001181900,105,3.8,0,0,-0.7660444431189779,-0.6427876096865395,DB03
202001182000,105,2.7,0,0,-0.7660444431189779,-0.6427876096865395,DB02
202001182100,105,2.3,0,0,-0.7660444431189779,-0.6427876096865395,DB01
202001182200,105,3.8,0,0,-0.7660444431189779,-0.6427876096865395,DB01
202001182300,105,3.5,0,0,-0.7660444431189779,-0.6427876096865395,DB01
202001190000,105,3.4,0,0,-0.7660444431189779,-0.6427876096865395,DB02
202001190100,105,3.6,0,0,-0.34202014332566866,-0.9396926207859084,DB04
202001190200,105,3.7,0,0,-0.7660444431189779,-0.6427876096865395,DB04
202001190300,105,3.6,0,0,-0.9396926207859084,-0.34202014332566855,DB04
202001190400,105,3.5,0,0,-0.7660444431189779,-0.6427876096865395,DB04
202001190500,105,3.3,0,0,-0.7660444431189779,-0.6427876096865395,DB04
202001190600,105,2.9,0,0,-0.7660444431189779,-0.6427876096865395,DB04
202001190700,105,2.9,0,0,-0.7660444431189779,-0.6427876096865395,DB04
202001190800,105,2.8,0,0,-0.7660444431189779,-0.6427876096865395,DB04
202001190900,105,2.7,0,0,-0.7660444431189779,-0.6427876096865395,DB03
202001191000,105,4.6,0,0,-0.34202014332566866,-0.9396926207859084,DB02
202001191100,105,5.7,0,0,-0.7660444431189779,-0.6427876096865395,DB02
202001191200,105,5.5,0,0,-0.7660444431189779,-0.6427876096865395,DB02
202001191300,105,5.4,0,0,-0.34202014332566866,-0.9396926207859084,DB03
202001191400,105,5.6,0,0,-0.7660444431189779,-0.6427876096865395,DB02
202001191500,105,5.8,0,0,-0.7660444431189779,-0.6427876096865395,DB03
202001191600,105,5.9,0,0,-0.9396926207859084,-0.34202014332566855,DB02
202001191700,105,5.3,0,0,-0.7660444431189779,-0.6427876096865395,DB01
202001191800,105,4.6,0,0,-0.9396926207859084,-0.34202014332566855,DB01
202001191900,105,4.0,0,0,-0.9396926207859084,-0.34202014332566855,DB01
202001192000,105,3.9,0,0,-0.9396926207859084,-0.34202014332566855,DB01
202001192100,105,4.0,0,0,-0.9396926207859084,-0.34202014332566855,DB01
202001192200,105,3.8,0,0,-0.9396926207859084,-0.34202014332566855,DB01
202001192300,105,3.7,0,0,-0.9396926207859084,-0.34202014332566855,DB01
202001200000,105,3.3,0,0,-0.7660444431189779,-0.6427876096865395,DB01
202001200100,105,3.1,0,0,-0.7660444431189779,-0.6427876096865395,DB01
202001200200,105,2.7,0,0,-1.0,-1.8369701987210297e-16,DB01
202001200300,105,2.5,0,0,-0.9396926207859084,-0.34202014332566855,DB01
202001200400,105,2.1,0,0,-0.9396926207859084,-0.34202014332566855,DB01
202001200500,105,1.7,0,0,-0.9396926207859084,-0.34202014332566855,DB01
202001200600,105,1.4,0,0,-0.9396926207859084,-0.34202014332566855,DB01
202001200700,105,1.4,0,0,-0.7660444431189779,-0.6427876096865395,DB01
202001200800,105,1.7,0,0,-0.34202014332566866,-0.9396926207859084,DB01
202001200900,105,2.1,0,0,-0.7660444431189779,-0.6427876096865395,DB03
202001201000,105,3.8,0,0,-0.7660444431189779,-0.6427876096865395,DB01
202001201100,105,4.9,0,0,-0.9396926207859084,-0.34202014332566855,DB01
202001201200,105,6.1,0,0,-0.7660444431189779,-0.6427876096865395,DB01
202001201300,105,6.6,0,0,-0.9396926207859084,-0.34202014332566855,DB01
202001201400,105,6.5,0,0,-0.7660444431189779,-0.6427876096865395,DB01
202001201500,105,6.9,0,0,-1.0,-1.8369701987210297e-16,DB01
202001201600,105,6.6,0,0,-1.0,-1.8369701987210297e-16,DB01
202001201700,105,6.1,0,0,-0.9396926207859084,-0.34202014332566855,DB01
202001201800,105,4.9,0,0,-0.7660444431189779,-0.6427876096865395,DB01
202001201900,105,4.6,0,0,-0.9396926207859084,-0.34202014332566855,DB01
202001202000,105,4.1,0,0,-0.9396926207859084,-0.34202014332566855,DB01
202001202100,105,3.6,0,0,-0.9396926207859084,-0.34202014332566855,DB01
202001202200,105,2.4,0,0,1.2246467991473532e-16,-1.0,DB01
202001202300,105,2.2,0,0,-0.7660444431189779,-0.6427876096865395,DB01
202001210000,105,2.2,0,0,-0.7660444431189779,-0.6427876096865395,DB01
202001210100,105,1.2,0,0,-0.7660444431189779,-0.6427876096865395,DB01
202001210200,105,0.4,0,0,-0.7660444431189779,-0.6427876096865395,DB01
202001210300,105,-0.1,0,0,-0.7660444431189779,-0.6427876096865395,DB01
202001210400,105,-0.4,0,0,-0.9396926207859084,-0.34202014332566855,DB01
202001210500,105,-0.9,0,0,-0.7660444431189779,-0.6427876096865395,DB01
202001210600,105,-1.3,0,0,-0.7660444431189779,-0.6427876096865395,DB01
202001210700,105,-1.5,0,0,-0.9396926207859084,-0.34202014332566855,DB01
202001210800,105,-1.8,0,0,-0.9396926207859084,-0.34202014332566855,DB01
202001210900,105,-0.2,0,0,-0.9396926207859084,-0.34202014332566855,DB01
202001211000,105,1.7,0,0,-0.9396926207859084,-0.34202014332566855,DB01
202001211100,105,4.0,0,0,-0.7660444431189779,-0.6427876096865395,DB01
202001211200,105,5.9,0,0,0.9396926207859084,-0.3420201433256687,DB01
202001211300,105,6.9,0,0,0.9396926207859083,0.3420201433256688,DB01
202001211400,105,6.9,0,0,1.0,6.123233995736766e-17,DB02
202001211500,105,7.7,0,0,0.9396926207859083,0.3420201433256688,DB01
202001211600,105,7.2,0,0,1.0,6.123233995736766e-17,DB01
202001211700,105,6.2,0,0,0.9396926207859084,-0.3420201433256687,DB01
202001211800,105,4.6,0,0,0.9396926207859084,-0.3420201433256687,DB01
202001211900,105,2.5,0,0,-0.7660444431189779,-0.6427876096865395,DB01
202001212000,105,1.7,0,0,-0.9396926207859084,-0.34202014332566855,DB01
202001212100,105,0.4,0,0,0.6427876096865395,-0.7660444431189779,DB03
202001212200,105,5.3,0,0,0.3420201433256689,-0.9396926207859083,DB03
202001212300,105,5.6,0,0,0.6427876096865395,-0.7660444431189779,DB04
202001220000,105,5.3,0,0,-0.9396926207859083,0.342020143325669,DB04
202001220100,105,5.9,0,0,-0.9396926207859084,-0.34202014332566855,DB04
202001220200,105,6.3,0,0,-0.9396926207859083,0.342020143325669,DB04
202001220300,105,7.3,0,0,-0.7660444431189779,-0.6427876096865395,DB04
202001220400,105,7.2,0,0,-0.34202014332566866,-0.9396926207859084,DB04
202001220500,105,7.1,0,0,1.2246467991473532e-16,-1.0,DB04
202001220600,105,6.8,0,0,-0.7660444431189779,-0.6427876096865395,DB04
202001220700,105,6.7,0,0,-0.7660444431189779,-0.6427876096865395,DB04
202001220800,105,6.6,0,0,-0.7660444431189779,-0.6427876096865395,DB04
202001220900,105,6.8,0,0,-0.7660444431189779,-0.6427876096865395,DB04
202001221000,105,6.9,0,0,-0.7660444431189779,-0.6427876096865395,DB04
202001221100,105,7.5,0,0,-0.7660444431189779,-0.6427876096865395,DB04
202001221200,105,8.1,0,0,-0.9396926207859084,-0.34202014332566855,DB04
202001221300,105,9.4,0,0,-0.7660444431189779,-0.6427876096865395,DB04
202001221400,105,9.6,0,0,-0.34202014332566866,-0.9396926207859084,DB04
202001221500,105,8.8,0,0,-0.34202014332566866,-0.9396926207859084,DB04
202001221600,105,8.6,0,0,-0.7660444431189779,-0.6427876096865395,DB04
202001221700,105,8.4,0,0,-0.9396926207859084,-0.34202014332566855,DB04
202001221800,105,7.8,0,0,-0.34202014332566866,-0.9396926207859084,DB04
202001221900,105,7.3,0,0,-0.9396926207859084,-0.34202014332566855,DB03
202001222000,105,6.3,0,0,-0.7660444431189779,-0.6427876096865395,DB03
202001222100,105,6.1,0,0,-0.9396926207859084,-0.34202014332566855,DB03
202001222200,105,5.5,0,0,-0.7660444431189779,-0.6427876096865395,DB04
202001222300,105,5.3,0,0,-0.7660444431189779,-0.6427876096865395,DB04
202001230000,105,4.7,0,0,-0.7660444431189779,-0.6427876096865395,DB04
202001230100,105,4.5,0,0,-0.9396926207859084,-0.34202014332566855,DB03
202001230200,105,3.6,0,0,-0.34202014332566866,-0.9396926207859084,DB03
202001230300,105,4.2,0,0,-0.7660444431189779,-0.6427876096865395,DB04
202001230400,105,3.6,0,0,-0.7660444431189779,-0.6427876096865395,DB04
202001230500,105,4.2,0,0,-0.7660444431189779,-0.6427876096865395,DB04
202001230600,105,4.3,0,0,-0.7660444431189779,-0.6427876096865395,DB03
202001230700,105,3.5,0,0,-0.7660444431189779,-0.6427876096865395,DB03
202001230800,105,4.0,0,0,-0.7660444431189779,-0.6427876096865395,DB02
202001230900,105,5.3,0,0,-0.7660444431189779,-0.6427876096865395,DB02
202001231000,105,7.1,0,0,-0.7660444431189779,-0.6427876096865395,DB03
202001231100,105,10.3,0,0,0.6427876096865395,-0.7660444431189779,DB01
202001231200,105,11.3,0,0,0.3420201433256687,0.9396926207859084,DB01
202001231300,105,12.0,0,0,0.766044443118978,0.6427876096865394,DB01
202001231400,105,12.1,0,0,0.9396926207859083,0.3420201433256688,DB01
202001231500,105,11.9,0,0,0.766044443118978,0.6427876096865394,DB01
202001231600,105,11.4,0,0,0.9396926207859084,-0.3420201433256687,DB01
202001231700,105,10.4,0,0,0.9396926207859083,0.3420201433256688,DB03
202001231800,105,9.1,0,0,-0.3420201433256686,0.9396926207859084,DB02
202001231900,105,6.8,0,0,-0.7660444431189779,-0.6427876096865395,DB03
202001232000,105,6.0,0,0,-0.7660444431189779,-0.6427876096865395,DB03
202001232100,105,4.9,0,0,-0.34202014332566866,-0.9396926207859084,DB03
202001232200,105,4.5,0,0,-0.34202014332566866,-0.9396926207859084,DB03
202001232300,105,5.1,0,0,-0.7660444431189779,-0.6427876096865395,DB03
202001240000,105,6.6,0,0,-0.9396926207859084,-0.34202014332566855,DB03
202001240100,105,7.0,0,0,-0.9396926207859084,-0.34202014332566855,DB03
202001240200,105,6.4,0,0,-0.7660444431189779,-0.6427876096865395,DB03
202001240300,105,6.0,0,0,-0.9396926207859084,-0.34202014332566855,DB03
202001240400,105,4.6,0,0,-0.7660444431189779,-0.6427876096865395,DB03
202001240500,105,3.7,0,0,-0.7660444431189779,-0.6427876096865395,DB02
202001240600,105,3.1,0,0,-0.7660444431189779,-0.6427876096865395,DB02
202001240700,105,2.7,0,0,-0.7660444431189779,-0.6427876096865395,DB01
202001240800,105,3.0,0,0,-0.9396926207859084,-0.34202014332566855,DB01
202001240900,105,3.2,0,0,-0.7660444431189779,-0.6427876096865395,DB02
202001241000,105,5.0,0,0,-0.6427876096865396,0.7660444431189778,DB04
202001241100,105,4.2,0,0,-1.0,-1.8369701987210297e-16,DB04
202001241200,105,4.0,100,1,-0.9396926207859083,0.342020143325669,DB04
202001241300,105,4.7,0,0,-0.34202014332566866,-0.9396926207859084,DB04
202001241400,105,5.0,0,0,0.3420201433256689,-0.9396926207859083,DB04
202001241500,105,5.4,100,1,0.0,1.0,DB04
202001241600,105,5.3,0,0,0.0,1.0,DB04
202001241700,105,5.0,0,0,0.3420201433256689,-0.9396926207859083,DB04
202001241800,105,4.8,100,1,0.0,1.0,DB04
202001241900,105,4.6,0,0,-0.9396926207859084,-0.34202014332566855,DB04
202001242000,105,4.5,0,0,-0.7660444431189779,-0.6427876096865395,DB04
202001242100,105,4.5,100,1,0.0,1.0,DB04
202001242200,105,4.4,0,0,0.0,1.0,DB04
202001242300,105,4.2,0,0,-0.34202014332566866,-0.9396926207859084,DB04
202001250000,105,4.1,100,1,-0.7660444431189779,-0.6427876096865395,DB04
202001250100,105,3.9,0,0,-0.7660444431189779,-0.6427876096865395,DB04
202001250200,105,3.9,0,0,-0.9396926207859084,-0.34202014332566855,DB04
202001250300,105,2.9,0,0,-0.7660444431189779,-0.6427876096865395,DB03
202001250400,105,2.4,0,0,-0.7660444431189779,-0.6427876096865395,DB03
202001250500,105,2.4,0,0,-0.7660444431189779,-0.6427876096865395,DB03
202001250600,105,2.6,0,0,-0.34202014332566866,-0.9396926207859084,DB03
202001250700,105,2.3,0,0,0.3420201433256689,-0.9396926207859083,DB03
202001250800,105,2.3,0,0,-0.7660444431189779,-0.6427876096865395,DB03
202001250900,105,3.0,0,0,1.2246467991473532e-16,-1.0,DB03
202001251000,105,5.7,0,0,-0.34202014332566866,-0.9396926207859084,DB03
202001251100,105,9.0,0,0,0.6427876096865395,-0.7660444431189779,DB03
202001251200,105,9.8,0,0,0.3420201433256689,-0.9396926207859083,DB03
202001251300,105,8.9,0,0,-0.3420201433256686,0.9396926207859084,DB03
202001251400,105,9.1,0,0,-0.3420201433256686,0.9396926207859084,DB03
202001251500,105,8.7,0,0,-0.3420201433256686,0.9396926207859084,DB03
202001251600,105,8.4,0,0,-0.6427876096865396,0.7660444431189778,DB03
202001251700,105,8.0,0,0,-0.6427876096865396,0.7660444431189778,DB04
202001251800,105,7.4,0,0,-0.9396926207859083,0.342020143325669,DB04
202001251900,105,6.9,0,0,-0.9396926207859083,0.342020143325669,DB04
202001252000,105,6.6,0,0,-1.0,-1.8369701987210297e-16,DB04
202001252100,105,6.5,0,0,-0.9396926207859083,0.342020143325669,DB03
202001252200,105,5.9,0,0,-0.7660444431189779,-0.6427876096865395,DB03
202001252300,105,5.3,0,0,-0.7660444431189779,-0.6427876096865395,DB03
202001260000,105,4.9,0,0,-0.9396926207859084,-0.34202014332566855,DB03
202001260100,105,4.8,0,0,-0.7660444431189779,-0.6427876096865395,DB03
202001260200,105,4.9,0,0,-0.9396926207859084,-0.34202014332566855,DB03
202001260300,105,4.4,0,0,-0.9396926207859084,-0.34202014332566855,DB03
202001260400,105,4.0,0,0,-0.9396926207859084,-0.34202014332566855,DB03
202001260500,105,3.9,0,0,-0.7660444431189779,-0.6427876096865395,DB03
202001260600,105,3.6,0,0,-0.7660444431189779,-0.6427876096865395,DB02
202001260700,105,4.0,0,0,-1.0,-1.8369701987210297e-16,DB04
202001260800,105,4.5,0,0,-0.6427876096865396,0.7660444431189778,DB03
202001260900,105,4.2,0,0,-1.0,-1.8369701987210297e-16,DB03
202001261000,105,5.1,0,0,-0.9396926207859083,0.342020143325669,DB04
202001261100,105,6.2,0,0,-0.34202014332566866,-0.9396926207859084,DB04
202001261200,105,6.2,100,1,0.9396926207859083,0.3420201433256688,DB04
202001261300,105,6.0,0,0,-0.9396926207859083,0.342020143325669,DB04
202001261400,105,6.2,0,0,0.3420201433256689,-0.9396926207859083,DB04
202001261500,105,5.8,100,1,-0.7660444431189779,-0.6427876096865395,DB04
202001261600,105,5.5,0,0,-0.34202014332566866,-0.9396926207859084,DB04
202001261700,105,5.2,0,0,-0.34202014332566866,-0.9396926207859084,DB04
202001261800,105,5.8,100,1,0.9396926207859084,-0.3420201433256687,DB04
202001261900,105,5.9,0,0,1.0,6.123233995736766e-17,DB04
202001262000,105,6.0,0,0,0.9396926207859083,0.3420201433256688,DB04
202001262100,105,5.8,0,0,0.9396926207859083,0.3420201433256688,DB04
202001262200,105,5.9,0,0,0.9396926207859083,0.3420201433256688,DB04
202001262300,105,5.9,0,0,0.9396926207859083,0.3420201433256688,DB04
202001270000,105,6.0,0,0,1.0,6.123233995736766e-17,DB04
202001270100,105,5.8,0,0,0.9396926207859083,0.3420201433256688,DB04
202001270200,105,6.0,0,0,0.9396926207859083,0.3420201433256688,DB04
202001270300,105,6.0,0,0,0.9396926207859083,0.3420201433256688,DB04
202001270400,105,6.0,0,0,0.9396926207859083,0.3420201433256688,DB04
202001270500,105,5.9,0,0,0.9396926207859083,0.3420201433256688,DB04
202001270600,105,5.9,0,0,0.9396926207859083,0.3420201433256688,DB04
202001270700,105,5.8,0,0,0.9396926207859083,0.3420201433256688,DB04
202001270800,105,5.9,0,0,0.9396926207859083,0.3420201433256688,DB04
202001270900,105,6.3,0,0,0.9396926207859083,0.3420201433256688,DB04
202001271000,105,6.8,0,0,0.9396926207859083,0.3420201433256688,DB04
202001271100,105,7.1,0,0,0.9396926207859083,0.3420201433256688,DB04
202001271200,105,7.2,0,0,0.9396926207859083,0.3420201433256688,DB04
202001271300,105,7.2,0,0,0.9396926207859083,0.3420201433256688,DB04
202001271400,105,7.3,0,0,0.9396926207859083,0.3420201433256688,DB04
202001271500,105,7.2,0,0,0.9396926207859083,0.3420201433256688,DB04
202001271600,105,7.1,0,0,0.9396926207859083,0.3420201433256688,DB04
202001271700,105,7.0,0,0,0.9396926207859083,0.3420201433256688,DB04
202001271800,105,6.8,0,0,0.766044443118978,0.6427876096865394,DB04
202001271900,105,6.6,0,0,0.9396926207859083,0.3420201433256688,DB04
202001272000,105,7.0,0,0,0.9396926207859083,0.3420201433256688,DB04
202001272100,105,6.8,100,1,0.9396926207859083,0.3420201433256688,DB04
202001272200,105,6.3,0,0,0.9396926207859083,0.3420201433256688,DB04
202001272300,105,6.1,0,0,0.9396926207859083,0.3420201433256688,DB04
202001280000,105,6.4,100,1,0.9396926207859083,0.3420201433256688,DB04
202001280100,105,6.6,0,0,0.9396926207859083,0.3420201433256688,DB04
202001280200,105,6.5,0,0,0.9396926207859083,0.3420201433256688,DB04
202001280300,105,6.4,100,1,0.9396926207859083,0.3420201433256688,DB04
202001280400,105,5.9,0,0,0.9396926207859083,0.3420201433256688,DB04
202001280500,105,5.5,0,0,-0.3420201433256686,0.9396926207859084,DB04
202001280600,105,6.3,100,1,1.0,6.123233995736766e-17,DB04
202001280700,105,5.5,0,0,-0.6427876096865396,0.7660444431189778,DB04
202001280800,105,6.6,0,0,1.0,6.123233995736766e-17,DB04
202001280900,105,7.4,100,1,0.3420201433256687,0.9396926207859084,DB04
202001281000,105,7.7,0,0,0.766044443118978,0.6427876096865394,DB04
202001281100,105,8.0,0,0,-0.3420201433256686,0.9396926207859084,DB04
202001281200,105,6.7,100,1,-0.9396926207859083,0.342020143325669,DB04
202001281300,105,7.8,0,0,-0.3420201433256686,0.9396926207859084,DB04
202001281400,105,7.9,0,0,-0.6427876096865396,0.7660444431189778,DB04
202001281500,105,7.9,0,0,0.0,1.0,DB04
202001281600,105,7.9,0,0,0.0,1.0,DB04
202001281700,105,7.7,0,0,-0.6427876096865396,0.7660444431189778,DB03
202001281800,105,7.3,0,0,-0.6427876096865396,0.7660444431189778,DB04
202001281900,105,6.7,0,0,-0.6427876096865396,0.7660444431189778,DB04
202001282000,105,6.2,0,0,-0.9396926207859083,0.342020143325669,DB04
202001282100,105,6.3,0,0,-1.0,-1.8369701987210297e-16,DB04
202001282200,105,5.5,0,0,-0.9396926207859083,0.342020143325669,DB04
202001282300,105,5.6,0,0,-0.9396926207859083,0.342020143325669,DB04
202001290000,105,5.5,0,0,-0.9396926207859083,0.342020143325669,DB04
202001290100,105,5.4,0,0,-0.9396926207859083,0.342020143325669,DB04
202001290200,105,5.6,0,0,-0.9396926207859083,0.342020143325669,DB04
202001290300,105,5.4,0,0,-1.0,-1.8369701987210297e-16,DB04
202001290400,105,5.6,0,0,-0.6427876096865396,0.7660444431189778,DB04
202001290500,105,5.5,0,0,-0.9396926207859083,0.342020143325669,DB04
202001290600,105,5.1,100,1,-0.7660444431189779,-0.6427876096865395,DB04
202001290700,105,5.3,0,0,-0.9396926207859083,0.342020143325669,DB04
202001290800,105,5.1,0,0,1.2246467991473532e-16,-1.0,DB04
202001290900,105,4.6,100,1,1.2246467991473532e-16,-1.0,DB04
202001291000,105,4.9,0,0,-0.7660444431189779,-0.6427876096865395,DB04
202001291100,105,6.4,0,0,-0.9396926207859083,0.342020143325669,DB04
202001291200,105,7.4,100,1,0.766044443118978,0.6427876096865394,DB03
202001291300,105,7.1,0,0,0.766044443118978,0.6427876096865394,DB04
202001291400,105,7.7,0,0,-0.6427876096865396,0.7660444431189778,DB04
202001291500,105,7.1,0,0,-0.6427876096865396,0.7660444431189778,DB04
202001291600,105,5.8,0,0,-0.9396926207859084,-0.34202014332566855,DB04
202001291700,105,6.0,0,0,-1.0,-1.8369701987210297e-16,DB04
202001291800,105,4.6,100,1,-1.0,-1.8369701987210297e-16,DB04
202001291900,105,4.8,0,0,-0.6427876096865396,0.7660444431189778,DB03
202001292000,105,5.0,0,0,-0.9396926207859083,0.342020143325669,DB03
202001292100,105,5.1,0,0,-0.9396926207859083,0.342020143325669,DB03
202001292200,105,5.3,0,0,-0.9396926207859083,0.342020143325669,DB03
202001292300,105,5.1,0,0,-0.9396926207859083,0.342020143325669,DB03
202001300000,105,5.7,0,0,0.0,1.0,DB04
202001300100,105,5.9,0,0,-0.6427876096865396,0.7660444431189778,DB03
202001300200,105,5.6,0,0,-0.3420201433256686,0.9396926207859084,DB03
202001300300,105,5.5,0,0,0.9396926207859083,0.3420201433256688,DB04
202001300400,105,5.5,0,0,-0.3420201433256686,0.9396926207859084,DB04
202001300500,105,4.5,0,0,-0.9396926207859084,-0.34202014332566855,DB04
202001300600,105,4.2,0,0,-0.9396926207859083,0.342020143325669,DB04
202001300700,105,3.1,0,0,-1.0,-1.8369701987210297e-16,DB03
202001300800,105,2.7,0,0,-0.34202014332566866,-0.9396926207859084,DB04
202001300900,105,2.8,100,1,-0.34202014332566866,-0.9396926207859084,DB04
202001301000,105,2.8,0,0,-0.9396926207859084,-0.34202014332566855,DB04
202001301100,105,2.0,0,0,-1.0,-1.8369701987210297e-16,DB04
202001301200,105,2.0,100,1,-0.6427876096865396,0.7660444431189778,DB04
202001301300,105,2.6,0,0,-0.9396926207859083,0.342020143325669,DB04
202001301400,105,2.7,0,0,-0.6427876096865396,0.7660444431189778,DB04
202001301500,105,2.0,100,1,-0.6427876096865396,0.7660444431189778,DB04
202001301600,105,2.1,0,0,-0.6427876096865396,0.7660444431189778,DB04
202001301700,105,1.7,0,0,-0.3420201433256686,0.9396926207859084,DB04
202001301800,105,1.4,100,1,1.2246467991473532e-16,-1.0,DB04
202001301900,105,1.2,0,0,0.0,1.0,DB04
202001302000,105,1.6,0,0,-0.34202014332566866,-0.9396926207859084,DB04
202001302100,105,1.9,100,1,0.0,1.0,DB04
202001302200,105,1.7,0,0,0.3420201433256687,0.9396926207859084,DB03
202001302300,105,1.4,0,0,-0.9396926207859084,-0.34202014332566855,DB03
202001310000,105,1.0,100,1,-0.7660444431189779,-0.6427876096865395,DB03
202001310100,105,1.0,0,0,-0.7660444431189779,-0.6427876096865395,DB03
202001310200,105,1.2,0,0,0.9396926207859083,0.3420201433256688,DB04
202001310300,105,1.1,0,0,-0.34202014332566866,-0.9396926207859084,DB04
202001310400,105,0.9,0,0,-0.7660444431189779,-0.6427876096865395,DB02
202001310500,105,1.2,0,0,-1.0,-1.8369701987210297e-16,DB04
202001310600,105,0.7,0,0,-0.7660444431189779,-0.6427876096865395,DB03
202001310700,105,0.1,0,0,-0.7660444431189779,-0.6427876096865395,DB03
202001310800,105,0.4,0,0,-0.7660444431189779,-0.6427876096865395,DB03
202001310900,105,1.6,0,0,-0.7660444431189779,-0.6427876096865395,DB02
202001311000,105,3.5,0,0,-0.7660444431189779,-0.6427876096865395,DB02
202001311100,105,5.9,0,0,1.2246467991473532e-16,-1.0,DB02
202001311200,105,6.9,0,0,0.9396926207859083,0.3420201433256688,DB02
202001311300,105,7.5,0,0,0.9396926207859083,0.3420201433256688,DB02
202001311400,105,7.2,0,0,0.9396926207859083,0.3420201433256688,DB02
202001311500,105,6.4,0,0,0.766044443118978,0.6427876096865394,DB02
202001311600,105,6.8,0,0,0.9396926207859083,0.3420201433256688,DB03
202001311700,105,6.2,0,0,0.9396926207859083,0.3420201433256688,DB02
202001311800,105,5.6,0,0,1.0,6.123233995736766e-17,DB03
202001311900,105,4.3,0,0,-0.7660444431189779,-0.6427876096865395,DB02
202001312000,105,2.8,0,0,-0.7660444431189779,-0.6427876096865395,DB01
202001312100,105,2.3,0,0,-0.7660444431189779,-0.6427876096865395,DB02
202001312200,105,1.7,0,0,-0.7660444431189779,-0.6427876096865395,DB02
202001312300,105,1.6,0,0,-0.34202014332566866,-0.9396926207859084,DB02
202002010000,105,1.0,0,0,-0.7660444431189779,-0.6427876096865395,DB01
202002010100,105,0.5,0,0,-0.34202014332566866,-0.9396926207859084,DB01
202002010200,105,1.6,0,0,-0.7660444431189779,-0.6427876096865395,DB01
202002010300,105,2.8,0,0,-0.9396926207859084,-0.34202014332566855,DB01
202002010400,105,2.8,0,0,-0.7660444431189779,-0.6427876096865395,DB01
202002010500,105,2.9,0,0,-0.7660444431189779,-0.6427876096865395,DB01
202002010600,105,2.9,0,0,-0.7660444431189779,-0.6427876096865395,DB01
202002010700,105,2.7,0,0,-0.7660444431189779,-0.6427876096865395,DB01
202002010800,105,3.1,0,0,-0.7660444431189779,-0.6427876096865395,DB01
202002010900,105,4.2,0,0,-0.7660444431189779,-0.6427876096865395,DB01
202002011000,105,5.3,0,0,-0.7660444431189779,-0.6427876096865395,DB01
202002011100,105,6.4,0,0,-0.7660444431189779,-0.6427876096865395,DB01
202002011200,105,7.3,0,0,-0.7660444431189779,-0.6427876096865395,DB01
202002011300,105,8.5,0,0,-0.7660444431189779,-0.6427876096865395,DB01
202002011400,105,8.8,0,0,-0.7660444431189779,-0.6427876096865395,DB01
202002011500,105,8.2,0,0,-0.34202014332566866,-0.9396926207859084,DB01
202002011600,105,7.8,0,0,-0.34202014332566866,-0.9396926207859084,DB01
202002011700,105,7.0,0,0,-0.7660444431189779,-0.6427876096865395,DB01
202002011800,105,5.8,0,0,-0.34202014332566866,-0.9396926207859084,DB01
202002011900,105,5.6,0,0,-0.7660444431189779,-0.6427876096865395,DB01
202002012000,105,5.1,0,0,-0.9396926207859084,-0.34202014332566855,DB01
202002012100,105,4.6,0,0,-0.9396926207859084,-0.34202014332566855,DB01
202002012200,105,4.3,0,0,-0.9396926207859084,-0.34202014332566855,DB01
202002012300,105,3.6,0,0,-0.7660444431189779,-0.6427876096865395,DB01
202002020000,105,2.9,0,0,-0.7660444431189779,-0.6427876096865395,DB01
202002020100,105,2.3,0,0,-0.34202014332566866,-0.9396926207859084,DB01
202002020200,105,2.6,0,0,-0.9396926207859084,-0.34202014332566855,DB02
202002020300,105,2.3,0,0,-0.9396926207859084,-0.34202014332566855,DB02
202002020400,105,2.0,0,0,-0.7660444431189779,-0.6427876096865395,DB03
202002020500,105,1.8,0,0,-0.9396926207859084,-0.34202014332566855,DB03
202002020600,105,1.6,0,0,-0.9396926207859084,-0.34202014332566855,DB02
202002020700,105,1.7,0,0,-0.9396926207859084,-0.34202014332566855,DB02
202002020800,105,1.9,0,0,-0.9396926207859084,-0.34202014332566855,DB02
202002020900,105,3.1,0,0,-0.7660444431189779,-0.6427876096865395,DB02
202002021000,105,4.8,0,0,-0.7660444431189779,-0.6427876096865395,DB02
202002021100,105,6.2,0,0,-0.7660444431189779,-0.6427876096865395,DB03
202002021200,105,7.5,0,0,-0.9396926207859084,-0.34202014332566855,DB02
202002021300,105,8.4,0,0,-0.7660444431189779,-0.6427876096865395,DB02
202002021400,105,9.4,0,0,-0.9396926207859084,-0.34202014332566855,DB03
202002021500,105,8.9,0,0,0.9396926207859083,0.3420201433256688,DB03
202002021600,105,8.6,0,0,0.9396926207859083,0.3420201433256688,DB02
202002021700,105,7.9,0,0,0.766044443118978,0.6427876096865394,DB03
202002021800,105,7.1,0,0,-0.9396926207859084,-0.34202014332566855,DB02
202002021900,105,6.3,0,0,-0.7660444431189779,-0.6427876096865395,DB02
202002022000,105,5.4,0,0,-0.7660444431189779,-0.6427876096865395,DB03
202002022100,105,4.9,0,0,-0.7660444431189779,-0.6427876096865395,DB02
202002022200,105,4.7,0,0,-0.7660444431189779,-0.6427876096865395,DB02
202002022300,105,4.5,0,0,-0.34202014332566866,-0.9396926207859084,DB02
202002030000,105,4.4,0,0,-0.7660444431189779,-0.6427876096865395,DB01
202002030100,105,3.5,0,0,-0.7660444431189779,-0.6427876096865395,DB03
202002030200,105,3.4,0,0,-0.7660444431189779,-0.6427876096865395,DB02
202002030300,105,2.8,0,0,-0.34202014332566866,-0.9396926207859084,DB01
202002030400,105,2.7,0,0,-0.34202014332566866,-0.9396926207859084,DB02
202002030500,105,2.3,0,0,-0.9396926207859084,-0.34202014332566855,DB01
202002030600,105,2.1,0,0,-0.9396926207859084,-0.34202014332566855,DB02
202002030700,105,1.8,0,0,-1.0,-1.8369701987210297e-16,DB02
202002030800,105,1.6,0,0,-1.0,-1.8369701987210297e-16,DB02
202002030900,105,2.3,0,0,-0.6427876096865396,0.7660444431189778,DB01
202002031000,105,3.2,0,0,-0.6427876096865396,0.7660444431189778,DB01
202002031100,105,4.0,0,0,-0.6427876096865396,0.7660444431189778,DB01
202002031200,105,5.2,0,0,-0.9396926207859083,0.342020143325669,DB01
202002031300,105,5.7,0,0,-0.7660444431189779,-0.6427876096865395,DB01
202002031400,105,6.4,0,0,-0.9396926207859084,-0.34202014332566855,DB01
202002031500,105,6.2,0,0,-1.0,-1.8369701987210297e-16,DB01
202002031600,105,6.4,0,0,-0.9396926207859084,-0.34202014332566855,DB01
202002031700,105,5.3,0,0,-0.7660444431189779,-0.6427876096865395,DB01
202002031800,105,4.1,0,0,-0.7660444431189779,-0.6427876096865395,DB01
202002031900,105,3.4,0,0,-0.9396926207859084,-0.34202014332566855,DB01
202002032000,105,2.7,0,0,-0.7660444431189779,-0.6427876096865395,DB01
202002032100,105,2.1,0,0,-0.7660444431189779,-0.6427876096865395,DB01
202002032200,105,1.5,0,0,-0.9396926207859084,-0.34202014332566855,DB01
202002032300,105,1.3,0,0,-0.9396926207859084,-0.34202014332566855,DB01
202002040000,105,0.7,0,0,-0.7660444431189779,-0.6427876096865395,DB01
202002040100,105,0.0,0,0,-0.7660444431189779,-0.6427876096865395,DB01
202002040200,105,-0.3,0,0,-0.7660444431189779,-0.6427876096865395,DB01
202002040300,105,-0.6,0,0,-0.7660444431189779,-0.6427876096865395,DB01
202002040400,105,-0.9,0,0,-0.7660444431189779,-0.6427876096865395,DB01
202002040500,105,-1.3,0,0,-0.9396926207859084,-0.34202014332566855,DB01
202002040600,105,-0.8,0,0,-0.7660444431189779,-0.6427876096865395,DB01
202002040700,105,-1.8,0,0,-0.9396926207859084,-0.34202014332566855,DB01
202002040800,105,-1.3,0,0,-0.7660444431189779,-0.6427876096865395,DB01
202002040900,105,0.3,0,0,-0.7660444431189779,-0.6427876096865395,DB01
202002041000,105,1.9,0,0,-0.7660444431189779,-0.6427876096865395,DB01
202002041100,105,2.9,0,0,-0.7660444431189779,-0.6427876096865395,DB01
202002041200,105,4.7,0,0,-0.9396926207859084,-0.34202014332566855,DB01
202002041300,105,5.6,0,0,-0.7660444431189779,-0.6427876096865395,DB01
202002041400,105,6.4,0,0,-0.34202014332566866,-0.9396926207859084,DB01
202002041500,105,6.4,0,0,-0.7660444431189779,-0.6427876096865395,DB01
202002041600,105,6.1,0,0,-0.7660444431189779,-0.6427876096865395,DB01
202002041700,105,5.3,0,0,-0.7660444431189779,-0.6427876096865395,DB02
202002041800,105,4.3,0,0,-0.7660444431189779,-0.6427876096865395,DB03
202002041900,105,3.9,0,0,-0.7660444431189779,-0.6427876096865395,DB03
202002042000,105,3.7,0,0,-0.34202014332566866,-0.9396926207859084,DB03
202002042100,105,3.5,0,0,-0.34202014332566866,-0.9396926207859084,DB03
202002042200,105,3.4,0,0,1.2246467991473532e-16,-1.0,DB03
202002042300,105,3.6,0,0,1.2246467991473532e-16,-1.0,DB04
202002050000,105,3.8,0,0,-0.6427876096865396,0.7660444431189778,DB04
202002050100,105,2.8,0,0,-0.9396926207859084,-0.34202014332566855,DB03
202002050200,105,1.1,0,0,-0.9396926207859084,-0.34202014332566855,DB02
202002050300,105,-0.2,0,0,-1.0,-1.8369701987210297e-16,DB01
202002050400,105,-1.8,0,0,-0.9396926207859084,-0.34202014332566855,DB01
202002050500,105,-3.1,0,0,-0.9396926207859084,-0.34202014332566855,DB01
202002050600,105,-4.3,0,0,-0.7660444431189779,-0.6427876096865395,DB01
202002050700,105,-5.2,0,0,-0.7660444431189779,-0.6427876096865395,DB01
202002050800,105,-5.2,0,0,-0.7660444431189779,-0.6427876096865395,DB01
202002050900,105,-3.8,0,0,-0.34202014332566866,-0.9396926207859084,DB01
202002051000,105,-2.2,0,0,-0.7660444431189779,-0.6427876096865395,DB01
202002051100,105,-0.6,0,0,-0.34202014332566866,-0.9396926207859084,DB01
202002051200,105,0.0,0,0,-0.6427876096865396,0.7660444431189778,DB01
202002051300,105,0.0,0,0,0.3420201433256687,0.9396926207859084,DB01
202002051400,105,-0.3,0,0,0.0,1.0,DB01
202002051500,105,0.5,0,0,0.766044443118978,0.6427876096865394,DB01
202002051600,105,0.2,0,0,-0.3420201433256686,0.9396926207859084,DB01
202002051700,105,-0.3,0,0,-0.3420201433256686,0.9396926207859084,DB01
202002051800,105,-1.1,0,0,-0.6427876096865396,0.7660444431189778,DB01
202002051900,105,-2.0,0,0,-0.7660444431189779,-0.6427876096865395,DB03
202002052000,105,-2.8,0,0,-0.9396926207859084,-0.34202014332566855,DB02
202002052100,105,-3.4,0,0,-0.7660444431189779,-0.6427876096865395,DB02
202002052200,105,-3.9,0,0,-0.7660444431189779,-0.6427876096865395,DB03
202002052300,105,-4.3,0,0,-0.7660444431189779,-0.6427876096865395,DB03
202002060000,105,-4.7,0,0,-0.7660444431189779,-0.6427876096865395,DB01
202002060100,105,-5.1,0,0,-0.9396926207859084,-0.34202014332566855,DB02
202002060200,105,-5.7,0,0,-0.9396926207859084,-0.34202014332566855,DB02
202002060300,105,-6.3,0,0,-0.7660444431189779,-0.6427876096865395,DB02
202002060400,105,-6.7,0,0,-0.9396926207859084,-0.34202014332566855,DB03
202002060500,105,-6.8,0,0,-0.9396926207859084,-0.34202014332566855,DB01
202002060600,105,-7.1,0,0,-0.9396926207859084,-0.34202014332566855,DB02
202002060700,105,-7.0,0,0,-0.9396926207859084,-0.34202014332566855,DB01
202002060800,105,-6.6,0,0,-0.9396926207859084,-0.34202014332566855,DB02
202002060900,105,-4.6,0,0,-0.7660444431189779,-0.6427876096865395,DB02
202002061000,105,-2.2,0,0,-0.7660444431189779,-0.6427876096865395,DB02
202002061100,105,-0.5,0,0,-0.3420201433256686,0.9396926207859084,DB02
202002061200,105,1.1,0,0,0.0,1.0,DB03
202002061300,105,1.2,0,0,0.766044443118978,0.6427876096865394,DB03
202002061400,105,1.2,0,0,0.766044443118978,0.6427876096865394,DB04
202002061500,105,1.1,0,0,0.0,1.0,DB04
202002061600,105,1.1,0,0,0.766044443118978,0.6427876096865394,DB03
202002061700,105,0.4,0,0,-0.3420201433256686,0.9396926207859084,DB03
202002061800,105,0.0,0,0,-0.9396926207859083,0.342020143325669,DB03
202002061900,105,-0.7,0,0,-0.7660444431189779,-0.6427876096865395,DB04
202002062000,105,-1.5,0,0,-0.7660444431189779,-0.6427876096865395,DB03
202002062100,105,-2.1,0,0,-0.7660444431189779,-0.6427876096865395,DB01
202002062200,105,-2.5,0,0,-0.7660444431189779,-0.6427876096865395,DB01
202002062300,105,-3.0,0,0,-0.7660444431189779,-0.6427876096865395,DB01
202002070000,105,-3.3,0,0,-0.7660444431189779,-0.6427876096865395,DB01
202002070100,105,-3.1,0,0,1.2246467991473532e-16,-1.0,DB01
202002070200,105,-1.3,0,0,-0.9396926207859083,0.342020143325669,DB01
202002070300,105,-1.2,0,0,-0.3420201433256686,0.9396926207859084,DB01
202002070400,105,0.1,0,0,-0.9396926207859083,0.342020143325669,DB01
202002070500,105,0.2,0,0,-0.7660444431189779,-0.6427876096865395,DB01
202002070600,105,0.4,0,0,-0.7660444431189779,-0.6427876096865395,DB01
202002070700,105,0.2,0,0,-0.7660444431189779,-0.6427876096865395,DB01
202002070800,105,0.2,0,0,-0.7660444431189779,-0.6427876096865395,DB01
202002070900,105,1.0,0,0,-0.7660444431189779,-0.6427876096865395,DB01
202002071000,105,2.4,0,0,-0.7660444431189779,-0.6427876096865395,DB01
202002071100,105,4.0,0,0,-0.7660444431189779,-0.6427876096865395,DB01
202002071200,105,5.8,0,0,-0.7660444431189779,-0.6427876096865395,DB01
202002071300,105,6.6,0,0,-0.7660444431189779,-0.6427876096865395,DB01
202002071400,105,6.5,0,0,-0.7660444431189779,-0.6427876096865395,DB01
202002071500,105,5.8,0,0,-0.7660444431189779,-0.6427876096865395,DB01
202002071600,105,5.6,0,0,-0.9396926207859084,-0.34202014332566855,DB01
202002071700,105,4.4,0,0,-0.7660444431189779,-0.6427876096865395,DB02
202002071800,105,3.2,0,0,-0.7660444431189779,-0.6427876096865395,DB01
202002071900,105,2.5,0,0,-0.9396926207859084,-0.34202014332566855,DB01
202002072000,105,2.1,0,0,-0.7660444431189779,-0.6427876096865395,DB01
202002072100,105,1.8,0,0,-0.7660444431189779,-0.6427876096865395,DB01
202002072200,105,1.5,0,0,-0.7660444431189779,-0.6427876096865395,DB01
202002072300,105,1.3,0,0,-0.7660444431189779,-0.6427876096865395,DB01
202002080000,105,1.2,0,0,-0.7660444431189779,-0.6427876096865395,DB01
202002080100,105,1.2,0,0,-0.7660444431189779,-0.6427876096865395,DB01
202002080200,105,1.0,0,0,-0.7660444431189779,-0.6427876096865395,DB01
202002080300,105,1.0,0,0,-0.7660444431189779,-0.6427876096865395,DB01
202002080400,105,0.8,0,0,-0.7660444431189779,-0.6427876096865395,DB01
202002080500,105,0.8,0,0,-0.7660444431189779,-0.6427876096865395,DB01
202002080600,105,0.6,0,0,-0.7660444431189779,-0.6427876096865395,DB01
202002080700,105,0.5,0,0,-0.7660444431189779,-0.6427876096865395,DB01
202002080800,105,0.5,0,0,-0.7660444431189779,-0.6427876096865395,DB01
202002080900,105,1.8,0,0,-0.7660444431189779,-0.6427876096865395,DB01
202002081000,105,3.5,0,0,-0.9396926207859084,-0.34202014332566855,DB01
202002081100,105,4.1,0,0,-0.6427876096865396,0.7660444431189778,DB01
202002081200,105,4.3,0,0,0.0,1.0,DB01
202002081300,105,4.3,0,0,0.9396926207859083,0.3420201433256688,DB01
202002081400,105,5.1,0,0,0.0,1.0,DB01
202002081500,105,5.0,0,0,-0.3420201433256686,0.9396926207859084,DB01
202002081600,105,4.9,0,0,-0.6427876096865396,0.7660444431189778,DB03
202002081700,105,4.3,0,0,-0.9396926207859083,0.342020143325669,DB03
202002081800,105,2.5,0,0,0.0,1.0,DB04
202002081900,105,2.2,0,0,-1.0,-1.8369701987210297e-16,DB03
202002082000,105,1.5,0,0,-0.34202014332566866,-0.9396926207859084,DB03
202002082100,105,-0.2,100,1,-0.6427876096865396,0.7660444431189778,DB04
202002082200,105,0.0,0,0,0.0,1.0,DB04
202002082300,105,-0.1,0,0,-0.9396926207859083,0.342020143325669,DB04
202002090000,105,0.0,100,1,-0.34202014332566866,-0.9396926207859084,DB03
202002090100,105,0.0,0,0,-0.9396926207859084,-0.34202014332566855,DB03
202002090200,105,-0.5,0,0,-0.9396926207859084,-0.34202014332566855,DB04
202002090300,105,-1.3,0,0,-0.34202014332566866,-0.9396926207859084,DB03
202002090400,105,-1.3,0,0,-0.9396926207859084,-0.34202014332566855,DB03
202002090500,105,-1.5,0,0,-0.9396926207859084,-0.34202014332566855,DB02
202002090600,105,-2.1,0,0,-0.7660444431189779,-0.6427876096865395,DB02
202002090700,105,-2.0,0,0,-0.9396926207859084,-0.34202014332566855,DB02
202002090800,105,-1.6,0,0,-0.7660444431189779,-0.6427876096865395,DB01
202002090900,105,0.7,0,0,-0.34202014332566866,-0.9396926207859084,DB02
202002091000,105,2.2,0,0,-0.34202014332566866,-0.9396926207859084,DB01
202002091100,105,4.2,0,0,-0.34202014332566866,-0.9396926207859084,DB01
202002091200,105,5.6,0,0,-0.7660444431189779,-0.6427876096865395,DB01
202002091300,105,6.4,0,0,-0.7660444431189779,-0.6427876096865395,DB01
202002091400,105,7.1,0,0,-0.7660444431189779,-0.6427876096865395,DB01
202002091500,105,7.4,0,0,-0.7660444431189779,-0.6427876096865395,DB01
202002091600,105,7.2,0,0,-0.7660444431189779,-0.6427876096865395,DB01
202002091700,105,5.8,0,0,-0.7660444431189779,-0.6427876096865395,DB03
202002091800,105,4.4,0,0,-0.7660444431189779,-0.6427876096865395,DB03
202002091900,105,3.8,0,0,-0.7660444431189779,-0.6427876096865395,DB03
202002092000,105,3.7,0,0,-0.9396926207859084,-0.34202014332566855,DB03
202002092100,105,3.3,0,0,-0.7660444431189779,-0.6427876096865395,DB03
202002092200,105,2.6,0,0,-0.7660444431189779,-0.6427876096865395,DB02
202002092300,105,2.5,0,0,-0.7660444431189779,-0.6427876096865395,DB01
202002100000,105,2.4,0,0,-0.34202014332566866,-0.9396926207859084,DB01
202002100100,105,2.4,0,0,-0.34202014332566866,-0.9396926207859084,DB01
202002100200,105,2.6,0,0,-0.7660444431189779,-0.6427876096865395,DB01
202002100300,105,2.3,0,0,-0.7660444431189779,-0.6427876096865395,DB01
202002100400,105,2.7,0,0,-0.7660444431189779,-0.6427876096865395,DB01
202002100500,105,2.8,0,0,-0.7660444431189779,-0.6427876096865395,DB01
202002100600,105,2.5,0,0,-0.7660444431189779,-0.6427876096865395,DB01
202002100700,105,2.6,0,0,-0.7660444431189779,-0.6427876096865395,DB02
202002100800,105,2.9,0,0,-0.7660444431189779,-0.6427876096865395,DB01
202002100900,105,4.3,0,0,-0.7660444431189779,-0.6427876096865395,DB01
202002101000,105,5.7,0,0,-0.7660444431189779,-0.6427876096865395,DB01
202002101100,105,7.3,0,0,1.2246467991473532e-16,-1.0,DB01
202002101200,105,8.0,0,0,-0.9396926207859083,0.342020143325669,DB01
202002101300,105,9.2,0,0,0.9396926207859083,0.3420201433256688,DB01
202002101400,105,8.5,0,0,0.9396926207859083,0.3420201433256688,DB01
202002101500,105,9.0,0,0,0.9396926207859083,0.3420201433256688,DB01
202002101600,105,8.8,0,0,0.9396926207859083,0.3420201433256688,DB01
202002101700,105,8.0,0,0,0.9396926207859084,-0.3420201433256687,DB01
202002101800,105,6.7,0,0,0.9396926207859084,-0.3420201433256687,DB01
202002101900,105,4.8,0,0,-0.7660444431189779,-0.6427876096865395,DB01
202002102000,105,3.3,0,0,-0.34202014332566866,-0.9396926207859084,DB01
202002102100,105,2.5,0,0,-0.7660444431189779,-0.6427876096865395,DB01
202002102200,105,2.3,0,0,-0.9396926207859084,-0.34202014332566855,DB01
202002102300,105,1.8,0,0,-0.7660444431189779,-0.6427876096865395,DB01
202002110000,105,0.8,0,0,1.2246467991473532e-16,-1.0,DB01
202002110100,105,0.5,0,0,-0.34202014332566866,-0.9396926207859084,DB01
202002110200,105,0.2,0,0,-0.7660444431189779,-0.6427876096865395,DB01
202002110300,105,1.7,0,0,-0.9396926207859084,-0.34202014332566855,DB01
202002110400,105,2.7,0,0,-0.9396926207859084,-0.34202014332566855,DB01
202002110500,105,2.5,0,0,-0.9396926207859084,-0.34202014332566855,DB01
202002110600,105,2.6,0,0,-0.9396926207859084,-0.34202014332566855,DB01
202002110700,105,2.3,0,0,-0.7660444431189779,-0.6427876096865395,DB01
202002110800,105,2.8,0,0,-0.7660444431189779,-0.6427876096865395,DB01
202002110900,105,5.1,0,0,-0.7660444431189779,-0.6427876096865395,DB01
202002111000,105,8.0,0,0,0.3420201433256689,-0.9396926207859083,DB01
202002111100,105,10.9,0,0,1.0,6.123233995736766e-17,DB01
202002111200,105,13.1,0,0,1.0,6.123233995736766e-17,DB01
202002111300,105,14.4,0,0,0.9396926207859083,0.3420201433256688,DB01
202002111400,105,15.5,0,0,0.9396926207859083,0.3420201433256688,DB01
202002111500,105,15.8,0,0,1.0,6.123233995736766e-17,DB01
202002111600,105,15.2,0,0,0.9396926207859084,-0.3420201433256687,DB01
202002111700,105,14.3,0,0,0.9396926207859083,0.3420201433256688,DB01
202002111800,105,12.5,0,0,0.9396926207859084,-0.3420201433256687,DB02
202002111900,105,11.2,0,0,-0.9396926207859084,-0.34202014332566855,DB01
202002112000,105,10.0,0,0,-0.9396926207859084,-0.34202014332566855,DB02
202002112100,105,8.3,0,0,-0.7660444431189779,-0.6427876096865395,DB03
202002112200,105,7.7,0,0,-0.7660444431189779,-0.6427876096865395,DB03
202002112300,105,6.4,0,0,-0.7660444431189779,-0.6427876096865395,DB03
202002120000,105,5.7,0,0,-1.0,-1.8369701987210297e-16,DB03
202002120100,105,6.2,0,0,-0.7660444431189779,-0.6427876096865395,DB04
202002120200,105,10.6,0,0,-0.7660444431189779,-0.6427876096865395,DB04
202002120300,105,10.8,0,0,-0.9396926207859084,-0.34202014332566855,DB03
202002120400,105,10.5,0,0,-0.7660444431189779,-0.6427876096865395,DB04
202002120500,105,9.2,0,0,-0.34202014332566866,-0.9396926207859084,DB04
202002120600,105,9.3,0,0,-0.34202014332566866,-0.9396926207859084,DB04
202002120700,105,8.4,0,0,-0.7660444431189779,-0.6427876096865395,DB04
202002120800,105,7.9,0,0,-0.34202014332566866,-0.9396926207859084,DB04
202002120900,105,8.5,0,0,-0.7660444431189779,-0.6427876096865395,DB04
202002121000,105,9.2,0,0,-0.9396926207859084,-0.34202014332566855,DB04
202002121100,105,10.1,0,0,0.0,1.0,DB04
202002121200,105,10.9,0,0,0.0,1.0,DB04
202002121300,105,9.7,0,0,1.0,6.123233995736766e-17,DB04
202002121400,105,9.3,0,0,0.0,1.0,DB04
202002121500,105,9.2,100,1,-0.34202014332566866,-0.9396926207859084,DB04
202002121600,105,9.0,0,0,1.2246467991473532e-16,-1.0,DB04
202002121700,105,9.2,0,0,1.2246467991473532e-16,-1.0,DB04
202002121800,105,8.9,100,1,-0.9396926207859083,0.342020143325669,DB04
202002121900,105,8.8,0,0,1.2246467991473532e-16,-1.0,DB04
202002122000,105,8.4,0,0,-0.9396926207859084,-0.34202014332566855,DB04
202002122100,105,8.4,100,1,-0.9396926207859083,0.342020143325669,DB03
202002122200,105,7.9,0,0,-0.34202014332566866,-0.9396926207859084,DB03
202002122300,105,7.6,0,0,-0.9396926207859084,-0.34202014332566855,DB04
202002130000,105,7.3,0,0,-0.9396926207859084,-0.34202014332566855,DB03
202002130100,105,6.9,0,0,-0.34202014332566866,-0.9396926207859084,DB03
202002130200,105,7.3,0,0,-0.6427876096865396,0.7660444431189778,DB04
202002130300,105,8.0,0,0,-0.6427876096865396,0.7660444431189778,DB04
202002130400,105,8.1,0,0,-0.3420201433256686,0.9396926207859084,DB03
202002130500,105,7.3,0,0,-0.7660444431189779,-0.6427876096865395,DB02
202002130600,105,9.2,0,0,-0.9396926207859084,-0.34202014332566855,DB01
202002130700,105,8.5,0,0,-0.9396926207859083,0.342020143325669,DB01
202002130800,105,10.5,0,0,-0.7660444431189779,-0.6427876096865395,DB01
202002130900,105,11.9,0,0,-0.7660444431189779,-0.6427876096865395,DB01
202002131000,105,12.6,0,0,-0.7660444431189779,-0.6427876096865395,DB01
202002131100,105,13.3,0,0,-0.7660444431189779,-0.6427876096865395,DB01
202002131200,105,13.6,0,0,-0.7660444431189779,-0.6427876096865395,DB01
202002131300,105,14.9,0,0,-0.7660444431189779,-0.6427876096865395,DB01
202002131400,105,15.7,0,0,-0.7660444431189779,-0.6427876096865395,DB01
202002131500,105,16.4,0,0,-0.7660444431189779,-0.6427876096865395,DB01
202002131600,105,16.3,0,0,-0.7660444431189779,-0.6427876096865395,DB01
202002131700,105,15.2,0,0,-0.9396926207859084,-0.34202014332566855,DB01
202002131800,105,13.3,0,0,-0.7660444431189779,-0.6427876096865395,DB01
202002131900,105,12.3,0,0,-0.9396926207859084,-0.34202014332566855,DB01
202002132000,105,11.2,0,0,-0.34202014332566866,-0.9396926207859084,DB01
202002132100,105,10.4,0,0,-0.7660444431189779,-0.6427876096865395,DB01
202002132200,105,10.1,0,0,-0.7660444431189779,-0.6427876096865395,DB01
202002132300,105,9.8,0,0,-0.7660444431189779,-0.6427876096865395,DB02
202002140000,105,9.4,0,0,-0.9396926207859084,-0.34202014332566855,DB02
202002140100,105,9.1,0,0,-0.9396926207859084,-0.34202014332566855,DB04
202002140200,105,9.1,0,0,-0.9396926207859084,-0.34202014332566855,DB04
202002140300,105,8.6,0,0,-0.9396926207859084,-0.34202014332566855,DB04
202002140400,105,8.4,0,0,-0.9396926207859084,-0.34202014332566855,DB04
202002140500,105,8.3,0,0,-0.9396926207859084,-0.34202014332566855,DB04
202002140600,105,8.2,0,0,-0.9396926207859084,-0.34202014332566855,DB04
202002140700,105,8.1,0,0,-0.9396926207859084,-0.34202014332566855,DB03
202002140800,105,7.6,0,0,-0.9396926207859084,-0.34202014332566855,DB03
202002140900,105,8.3,0,0,-0.9396926207859084,-0.34202014332566855,DB03
202002141000,105,10.8,0,0,-0.7660444431189779,-0.6427876096865395,DB02
202002141100,105,13.7,0,0,0.3420201433256687,0.9396926207859084,DB02
202002141200,105,15.1,0,0,0.9396926207859083,0.3420201433256688,DB01
202002141300,105,15.2,0,0,0.9396926207859083,0.3420201433256688,DB01
202002141400,105,14.4,0,0,-0.3420201433256686,0.9396926207859084,DB01
202002141500,105,14.9,0,0,0.766044443118978,0.6427876096865394,DB01
202002141600,105,14.3,0,0,0.9396926207859083,0.3420201433256688,DB01
202002141700,105,12.6,0,0,-0.3420201433256686,0.9396926207859084,DB01
202002141800,105,11.2,0,0,-0.6427876096865396,0.7660444431189778,DB02
202002141900,105,11.0,0,0,-0.6427876096865396,0.7660444431189778,DB03
202002142000,105,10.8,0,0,-0.9396926207859084,-0.34202014332566855,DB03
202002142100,105,10.8,0,0,-0.7660444431189779,-0.6427876096865395,DB04
202002142200,105,10.6,0,0,-0.34202014332566866,-0.9396926207859084,DB04
202002142300,105,10.4,0,0,-0.34202014332566866,-0.9396926207859084,DB04
202002150000,105,10.4,0,0,-0.7660444431189779,-0.6427876096865395,DB04
202002150100,105,10.3,0,0,-0.9396926207859084,-0.34202014332566855,DB03
202002150200,105,9.7,0,0,-0.7660444431189779,-0.6427876096865395,DB03
202002150300,105,9.4,0,0,-0.9396926207859084,-0.34202014332566855,DB03
202002150400,105,9.0,0,0,-0.34202014332566866,-0.9396926207859084,DB03
202002150500,105,8.9,0,0,-0.9396926207859084,-0.34202014332566855,DB03
202002150600,105,8.9,0,0,-0.7660444431189779,-0.6427876096865395,DB04
202002150700,105,8.9,0,0,-0.9396926207859084,-0.34202014332566855,DB04
202002150800,105,8.9,0,0,-1.0,-1.8369701987210297e-16,DB02
202002150900,105,9.2,0,0,-1.0,-1.8369701987210297e-16,DB04
202002151000,105,10.3,0,0,-0.9396926207859083,0.342020143325669,DB04
202002151100,105,12.8,0,0,0.0,1.0,DB04
202002151200,105,13.8,0,0,0.766044443118978,0.6427876096865394,DB02
202002151300,105,14.1,0,0,1.0,6.123233995736766e-17,DB03
202002151400,105,13.6,0,0,0.9396926207859084,-0.3420201433256687,DB03
202002151500,105,13.5,0,0,0.9396926207859084,-0.3420201433256687,DB03
202002151600,105,13.1,0,0,0.9396926207859084,-0.3420201433256687,DB03
202002151700,105,12.7,0,0,0.6427876096865395,-0.7660444431189779,DB03
202002151800,105,12.3,0,0,0.9396926207859084,-0.3420201433256687,DB03
202002151900,105,12.0,0,0,0.0,1.0,DB03
202002152000,105,11.9,0,0,-0.9396926207859083,0.342020143325669,DB02
202002152100,105,10.8,0,0,0.3420201433256687,0.9396926207859084,DB04
202002152200,105,8.1,0,0,-0.6427876096865396,0.7660444431189778,DB04
202002152300,105,7.0,0,0,-0.9396926207859083,0.342020143325669,DB03
202002160000,105,6.5,0,0,-0.6427876096865396,0.7660444431189778,DB04
202002160100,105,6.2,0,0,-0.6427876096865396,0.7660444431189778,DB03
202002160200,105,6.2,0,0,-0.6427876096865396,0.7660444431189778,DB03
202002160300,105,5.7,100,1,-0.7660444431189779,-0.6427876096865395,DB04
202002160400,105,5.3,0,0,-0.6427876096865396,0.7660444431189778,DB04
202002160500,105,4.6,0,0,-0.9396926207859083,0.342020143325669,DB04
202002160600,105,4.2,100,1,-0.6427876096865396,0.7660444431189778,DB04
202002160700,105,4.0,0,0,-0.9396926207859083,0.342020143325669,DB02
202002160800,105,4.4,0,0,-0.9396926207859083,0.342020143325669,DB01
202002160900,105,4.6,100,1,-0.6427876096865396,0.7660444431189778,DB04
202002161000,105,5.1,0,0,-0.9396926207859083,0.342020143325669,DB04
202002161100,105,5.3,0,0,-0.7660444431189779,-0.6427876096865395,DB04
202002161200,105,6.1,0,0,-1.0,-1.8369701987210297e-16,DB03
202002161300,105,4.4,0,0,-0.9396926207859084,-0.34202014332566855,DB03
202002161400,105,4.5,0,0,-0.9396926207859084,-0.34202014332566855,DB03
202002161500,105,3.3,0,0,-0.9396926207859084,-0.34202014332566855,DB04
202002161600,105,2.8,0,0,-0.9396926207859084,-0.34202014332566855,DB04
202002161700,105,2.6,0,0,-0.7660444431189779,-0.6427876096865395,DB04
202002161800,105,1.5,0,0,-0.9396926207859084,-0.34202014332566855,DB02
202002161900,105,0.8,0,0,-0.7660444431189779,-0.6427876096865395,DB01
202002162000,105,0.6,0,0,-0.9396926207859084,-0.34202014332566855,DB02
202002162100,105,0.2,0,0,-0.7660444431189779,-0.6427876096865395,DB03
202002162200,105,0.0,0,0,-0.7660444431189779,-0.6427876096865395,DB03
202002162300,105,-0.6,0,0,-0.7660444431189779,-0.6427876096865395,DB03
202002170000,105,-0.9,0,0,-0.7660444431189779,-0.6427876096865395,DB03
202002170100,105,-1.4,0,0,-0.7660444431189779,-0.6427876096865395,DB03
202002170200,105,-1.7,0,0,-0.7660444431189779,-0.6427876096865395,DB03
202002170300,105,-2.0,0,0,-0.7660444431189779,-0.6427876096865395,DB03
202002170400,105,-2.2,0,0,-0.7660444431189779,-0.6427876096865395,DB03
202002170500,105,-2.4,0,0,-0.7660444431189779,-0.6427876096865395,DB03
202002170600,105,-2.4,0,0,-0.7660444431189779,-0.6427876096865395,DB03
202002170700,105,-2.4,0,0,-0.7660444431189779,-0.6427876096865395,DB03
202002170800,105,-2.1,0,0,-0.7660444431189779,-0.6427876096865395,DB03
202002170900,105,-1.1,0,0,-0.7660444431189779,-0.6427876096865395,DB03
202002171000,105,-0.9,0,0,-0.9396926207859084,-0.34202014332566855,DB03
202002171100,105,0.0,0,0,-0.7660444431189779,-0.6427876096865395,DB04
202002171200,105,-0.2,0,0,-0.7660444431189779,-0.6427876096865395,DB03
202002171300,105,-1.0,0,0,-0.9396926207859084,-0.34202014332566855,DB04
202002171400,105,-0.8,0,0,-0.7660444431189779,-0.6427876096865395,DB03
202002171500,105,-1.0,0,0,-0.7660444431189779,-0.6427876096865395,DB03
202002171600,105,-1.1,0,0,-0.7660444431189779,-0.6427876096865395,DB03
202002171700,105,-1.8,0,0,-0.9396926207859084,-0.34202014332566855,DB03
202002171800,105,-2.2,0,0,-0.7660444431189779,-0.6427876096865395,DB03
202002171900,105,-2.5,0,0,-0.7660444431189779,-0.6427876096865395,DB03
202002172000,105,-2.8,0,0,-0.7660444431189779,-0.6427876096865395,DB02
202002172100,105,-3.3,0,0,-0.7660444431189779,-0.6427876096865395,DB01
202002172200,105,-3.7,0,0,-0.7660444431189779,-0.6427876096865395,DB01
202002172300,105,-4.1,0,0,-0.7660444431189779,-0.6427876096865395,DB01
202002180000,105,-4.4,0,0,-0.7660444431189779,-0.6427876096865395,DB01
202002180100,105,-4.5,0,0,-0.7660444431189779,-0.6427876096865395,DB01
202002180200,105,-4.7,0,0,-0.7660444431189779,-0.6427876096865395,DB01
202002180300,105,-4.8,0,0,-0.7660444431189779,-0.6427876096865395,DB01
202002180400,105,-5.0,0,0,-0.7660444431189779,-0.6427876096865395,DB02
202002180500,105,-4.9,0,0,-0.7660444431189779,-0.6427876096865395,DB01
202002180600,105,-5.0,0,0,-0.7660444431189779,-0.6427876096865395,DB01
202002180700,105,-4.9,0,0,-0.7660444431189779,-0.6427876096865395,DB01
202002180800,105,-4.2,0,0,-0.7660444431189779,-0.6427876096865395,DB01
202002180900,105,-2.5,0,0,-0.7660444431189779,-0.6427876096865395,DB01
202002181000,105,-1.3,0,0,-0.7660444431189779,-0.6427876096865395,DB01
202002181100,105,0.7,0,0,-0.7660444431189779,-0.6427876096865395,DB01
202002181200,105,3.3,0,0,-0.7660444431189779,-0.6427876096865395,DB01
202002181300,105,5.3,0,0,1.2246467991473532e-16,-1.0,DB01
202002181400,105,6.8,0,0,0.9396926207859084,-0.3420201433256687,DB01
202002181500,105,6.0,0,0,0.9396926207859083,0.3420201433256688,DB01
202002181600,105,7.1,0,0,-0.7660444431189779,-0.6427876096865395,DB01
202002181700,105,6.5,0,0,-0.7660444431189779,-0.6427876096865395,DB01
202002181800,105,4.2,0,0,-0.7660444431189779,-0.6427876096865395,DB01
202002181900,105,2.3,0,0,-0.7660444431189779,-0.6427876096865395,DB01
202002182000,105,1.8,0,0,-0.7660444431189779,-0.6427876096865395,DB01
202002182100,105,2.0,0,0,-0.7660444431189779,-0.6427876096865395,DB01
202002182200,105,1.8,0,0,-0.7660444431189779,-0.6427876096865395,DB01
202002182300,105,1.9,0,0,-0.7660444431189779,-0.6427876096865395,DB01
202002190000,105,1.7,0,0,-0.7660444431189779,-0.6427876096865395,DB01
202002190100,105,1.6,0,0,-0.7660444431189779,-0.6427876096865395,DB04
202002190200,105,1.4,0,0,-0.7660444431189779,-0.6427876096865395,DB04
202002190300,105,1.3,0,0,-0.7660444431189779,-0.6427876096865395,DB02
202002190400,105,1.3,0,0,-0.7660444431189779,-0.6427876096865395,DB03
202002190500,105,1.0,0,0,-0.7660444431189779,-0.6427876096865395,DB03
202002190600,105,0.9,0,0,-0.7660444431189779,-0.6427876096865395,DB03
202002190700,105,0.9,0,0,-0.7660444431189779,-0.6427876096865395,DB01
202002190800,105,1.6,0,0,-0.7660444431189779,-0.6427876096865395,DB01
202002190900,105,3.4,0,0,-0.9396926207859084,-0.34202014332566855,DB01
202002191000,105,6.2,0,0,-0.7660444431189779,-0.6427876096865395,DB01
202002191100,105,7.7,0,0,0.6427876096865395,-0.7660444431189779,DB01
202002191200,105,8.5,0,0,0.9396926207859083,0.3420201433256688,DB01
202002191300,105,9.2,0,0,0.9396926207859083,0.3420201433256688,DB01
202002191400,105,9.2,0,0,0.9396926207859083,0.3420201433256688,DB03
202002191500,105,8.6,0,0,0.9396926207859083,0.3420201433256688,DB03
202002191600,105,8.9,0,0,0.6427876096865395,-0.7660444431189779,DB03
202002191700,105,7.7,0,0,1.0,6.123233995736766e-17,DB03
202002191800,105,6.8,0,0,0.9396926207859083,0.3420201433256688,DB03
202002191900,105,5.7,0,0,0.3420201433256689,-0.9396926207859083,DB03
202002192000,105,4.1,0,0,-0.7660444431189779,-0.6427876096865395,DB03
202002192100,105,3.4,0,0,0.0,1.0,DB03
202002192200,105,4.5,0,0,-0.7660444431189779,-0.6427876096865395,DB03
202002192300,105,5.0,0,0,-0.9396926207859084,-0.34202014332566855,DB03
202002200000,105,5.0,0,0,-0.9396926207859084,-0.34202014332566855,DB03
202002200100,105,4.4,0,0,-0.9396926207859084,-0.34202014332566855,DB03
202002200200,105,4.3,0,0,-0.9396926207859084,-0.34202014332566855,DB03
202002200300,105,4.4,0,0,-0.7660444431189779,-0.6427876096865395,DB03
202002200400,105,3.9,0,0,-0.7660444431189779,-0.6427876096865395,DB03
202002200500,105,3.8,0,0,-0.9396926207859084,-0.34202014332566855,DB03
202002200600,105,3.4,0,0,-0.7660444431189779,-0.6427876096865395,DB02
202002200700,105,3.2,0,0,-0.9396926207859084,-0.34202014332566855,DB01
202002200800,105,3.5,0,0,-0.9396926207859084,-0.34202014332566855,DB01
202002200900,105,5.5,0,0,-0.9396926207859084,-0.34202014332566855,DB01
202002201000,105,8.3,0,0,-0.7660444431189779,-0.6427876096865395,DB01
202002201100,105,10.5,0,0,0.3420201433256689,-0.9396926207859083,DB01
202002201200,105,11.4,0,0,0.9396926207859083,0.3420201433256688,DB01
202002201300,105,11.5,0,0,0.9396926207859083,0.3420201433256688,DB01
202002201400,105,11.4,0,0,0.9396926207859083,0.3420201433256688,DB01
202002201500,105,11.0,0,0,0.9396926207859083,0.3420201433256688,DB01
202002201600,105,10.9,0,0,0.9396926207859083,0.3420201433256688,DB01
202002201700,105,9.9,0,0,1.0,6.123233995736766e-17,DB01
202002201800,105,8.7,0,0,0.9396926207859084,-0.3420201433256687,DB01
202002201900,105,7.0,0,0,-0.7660444431189779,-0.6427876096865395,DB01
202002202000,105,5.7,0,0,-0.7660444431189779,-0.6427876096865395,DB01
202002202100,105,4.5,0,0,-0.7660444431189779,-0.6427876096865395,DB01
202002202200,105,3.8,0,0,-0.7660444431189779,-0.6427876096865395,DB01
202002202300,105,4.3,0,0,-0.7660444431189779,-0.6427876096865395,DB01
202002210000,105,4.2,0,0,0.0,1.0,DB01
202002210100,105,5.0,0,0,-0.9396926207859084,-0.34202014332566855,DB01
202002210200,105,4.3,0,0,-0.7660444431189779,-0.6427876096865395,DB03
202002210300,105,5.5,0,0,-0.34202014332566866,-0.9396926207859084,DB04
202002210400,105,6.4,0,0,-0.34202014332566866,-0.9396926207859084,DB04
202002210500,105,5.9,0,0,1.2246467991473532e-16,-1.0,DB04
202002210600,105,5.2,0,0,-0.7660444431189779,-0.6427876096865395,DB04
202002210700,105,4.9,0,0,-0.7660444431189779,-0.6427876096865395,DB04
202002210800,105,5.1,0,0,1.2246467991473532e-16,-1.0,DB04
202002210900,105,6.9,0,0,1.2246467991473532e-16,-1.0,DB04
202002211000,105,7.9,0,0,0.9396926207859084,-0.3420201433256687,DB04
202002211100,105,8.9,0,0,0.9396926207859084,-0.3420201433256687,DB04
202002211200,105,9.9,0,0,0.766044443118978,0.6427876096865394,DB04
202002211300,105,12.1,0,0,0.9396926207859083,0.3420201433256688,DB04
202002211400,105,13.8,0,0,0.3420201433256687,0.9396926207859084,DB04
202002211500,105,15.4,0,0,-0.7660444431189779,-0.6427876096865395,DB04
202002211600,105,14.3,0,0,-0.34202014332566866,-0.9396926207859084,DB03
202002211700,105,13.5,0,0,1.2246467991473532e-16,-1.0,DB04
202002211800,105,12.8,0,0,-0.7660444431189779,-0.6427876096865395,DB04
202002211900,105,11.4,0,0,0.9396926207859084,-0.3420201433256687,DB04
202002212000,105,9.8,0,0,1.2246467991473532e-16,-1.0,DB03
202002212100,105,8.0,0,0,-0.9396926207859084,-0.34202014332566855,DB02
202002212200,105,6.6,0,0,-0.7660444431189779,-0.6427876096865395,DB02
202002212300,105,6.2,0,0,-0.7660444431189779,-0.6427876096865395,DB03
202002220000,105,6.4,0,0,-1.0,-1.8369701987210297e-16,DB02
202002220100,105,6.8,0,0,-0.7660444431189779,-0.6427876096865395,DB03
202002220200,105,5.9,0,0,1.0,6.123233995736766e-17,DB03
202002220300,105,6.2,0,0,-0.9396926207859083,0.342020143325669,DB02
202002220400,105,8.0,0,0,-0.9396926207859084,-0.34202014332566855,DB01
202002220500,105,8.0,0,0,-0.9396926207859084,-0.34202014332566855,DB02
202002220600,105,7.7,0,0,-1.0,-1.8369701987210297e-16,DB02
202002220700,105,7.4,0,0,-0.7660444431189779,-0.6427876096865395,DB02
202002220800,105,7.3,0,0,-0.9396926207859084,-0.34202014332566855,DB01
202002220900,105,7.6,0,0,-0.9396926207859084,-0.34202014332566855,DB01
202002221000,105,8.3,0,0,-0.9396926207859084,-0.34202014332566855,DB01
202002221100,105,8.2,0,0,-0.9396926207859084,-0.34202014332566855,DB01
202002221200,105,8.2,0,0,-0.9396926207859084,-0.34202014332566855,DB01
202002221300,105,7.2,0,0,-0.9396926207859084,-0.34202014332566855,DB01
202002221400,105,7.4,0,0,-0.9396926207859084,-0.34202014332566855,DB01
202002221500,105,7.5,0,0,-0.9396926207859084,-0.34202014332566855,DB01
202002221600,105,7.4,0,0,-0.7660444431189779,-0.6427876096865395,DB02
202002221700,105,5.4,0,0,-0.9396926207859084,-0.34202014332566855,DB01
202002221800,105,5.3,0,0,-0.9396926207859084,-0.34202014332566855,DB01
202002221900,105,5.3,0,0,0.6427876096865395,-0.7660444431189779,DB02
202002222000,105,5.2,0,0,-0.9396926207859084,-0.34202014332566855,DB01
202002222100,105,4.7,0,0,-0.9396926207859084,-0.34202014332566855,DB01
202002222200,105,4.3,0,0,-1.0,-1.8369701987210297e-16,DB01
202002222300,105,3.5,0,0,-0.9396926207859084,-0.34202014332566855,DB01
202002230000,105,2.7,0,0,-0.9396926207859084,-0.34202014332566855,DB01
202002230100,105,2.2,0,0,-0.9396926207859084,-0.34202014332566855,DB01
202002230200,105,1.7,0,0,-0.7660444431189779,-0.6427876096865395,DB01
202002230300,105,1.5,0,0,-0.9396926207859084,-0.34202014332566855,DB01
202002230400,105,1.4,0,0,-0.9396926207859084,-0.34202014332566855,DB01
202002230500,105,1.2,0,0,-0.7660444431189779,-0.6427876096865395,DB01
202002230600,105,1.2,0,0,-0.7660444431189779,-0.6427876096865395,DB01
202002230700,105,1.0,0,0,-0.7660444431189779,-0.6427876096865395,DB01
202002230800,105,1.8,0,0,-0.34202014332566866,-0.9396926207859084,DB01
202002230900,105,3.7,0,0,-0.7660444431189779,-0.6427876096865395,DB01
202002231000,105,5.3,0,0,-0.7660444431189779,-0.6427876096865395,DB01
202002231100,105,7.1,0,0,-0.7660444431189779,-0.6427876096865395,DB01
202002231200,105,8.6,0,0,-0.7660444431189779,-0.6427876096865395,DB01
202002231300,105,9.7,0,0,-0.9396926207859084,-0.34202014332566855,DB01
202002231400,105,9.9,0,0,-0.9396926207859084,-0.34202014332566855,DB01
202002231500,105,10.3,0,0,-0.7660444431189779,-0.6427876096865395,DB01
202002231600,105,10.2,0,0,-0.7660444431189779,-0.6427876096865395,DB01
202002231700,105,9.8,0,0,-0.7660444431189779,-0.6427876096865395,DB01
202002231800,105,8.2,0,0,-0.7660444431189779,-0.6427876096865395,DB01
202002231900,105,7.4,0,0,-0.7660444431189779,-0.6427876096865395,DB01
202002232000,105,7.1,0,0,-0.34202014332566866,-0.9396926207859084,DB02
202002232100,105,7.0,0,0,-0.7660444431189779,-0.6427876096865395,DB01
202002232200,105,6.8,0,0,-0.7660444431189779,-0.6427876096865395,DB01
202002232300,105,6.9,0,0,-0.7660444431189779,-0.6427876096865395,DB01
202002240000,105,7.3,0,0,-0.7660444431189779,-0.6427876096865395,DB01
202002240100,105,7.0,0,0,-0.7660444431189779,-0.6427876096865395,DB01
202002240200,105,7.3,0,0,-0.9396926207859084,-0.34202014332566855,DB01
202002240300,105,7.5,0,0,-1.0,-1.8369701987210297e-16,DB01
202002240400,105,6.7,0,0,-0.9396926207859084,-0.34202014332566855,DB03
202002240500,105,6.7,0,0,-0.7660444431189779,-0.6427876096865395,DB02
202002240600,105,7.0,0,0,-0.7660444431189779,-0.6427876096865395,DB02
202002240700,105,7.3,0,0,-0.7660444431189779,-0.6427876096865395,DB01
202002240800,105,7.9,0,0,-0.7660444431189779,-0.6427876096865395,DB01
202002240900,105,9.3,0,0,-0.7660444431189779,-0.6427876096865395,DB01
202002241000,105,10.8,0,0,-0.7660444431189779,-0.6427876096865395,DB01
202002241100,105,12.2,0,0,-0.7660444431189779,-0.6427876096865395,DB01
202002241200,105,13.8,0,0,-0.7660444431189779,-0.6427876096865395,DB03
202002241300,105,15.3,0,0,-0.34202014332566866,-0.9396926207859084,DB02
202002241400,105,15.0,0,0,0.9396926207859083,0.3420201433256688,DB03
202002241500,105,14.4,0,0,0.766044443118978,0.6427876096865394,DB03
202002241600,105,14.4,0,0,0.3420201433256687,0.9396926207859084,DB03
202002241700,105,14.9,0,0,-0.7660444431189779,-0.6427876096865395,DB04
202002241800,105,14.1,0,0,-0.6427876096865396,0.7660444431189778,DB04
202002241900,105,13.6,0,0,-0.7660444431189779,-0.6427876096865395,DB04
202002242000,105,13.4,0,0,-0.7660444431189779,-0.6427876096865395,DB04
202002242100,105,13.0,0,0,-0.9396926207859084,-0.34202014332566855,DB04
202002242200,105,12.9,0,0,-0.7660444431189779,-0.6427876096865395,DB04
202002242300,105,12.4,0,0,0.0,1.0,DB04
202002250000,105,11.4,0,0,-0.7660444431189779,-0.6427876096865395,DB03
202002250100,105,11.4,0,0,-0.9396926207859084,-0.34202014332566855,DB04
202002250200,105,11.9,0,0,-0.7660444431189779,-0.6427876096865395,DB04
202002250300,105,11.2,0,0,0.9396926207859084,-0.3420201433256687,DB04
202002250400,105,9.9,0,0,-0.9396926207859084,-0.34202014332566855,DB04
202002250500,105,9.4,0,0,-0.9396926207859084,-0.34202014332566855,DB04
202002250600,105,9.1,0,0,-0.9396926207859084,-0.34202014332566855,DB04
202002250700,105,7.5,0,0,-1.0,-1.8369701987210297e-16,DB04
202002250800,105,7.1,0,0,-0.7660444431189779,-0.6427876096865395,DB04
202002250900,105,6.5,100,1,-0.7660444431189779,-0.6427876096865395,DB04
202002251000,105,5.5,0,0,-0.7660444431189779,-0.6427876096865395,DB04
202002251100,105,5.4,0,0,-0.9396926207859084,-0.34202014332566855,DB04
202002251200,105,4.6,100,1,-0.7660444431189779,-0.6427876096865395,DB04
202002251300,105,3.8,0,0,-0.7660444431189779,-0.6427876096865395,DB04
202002251400,105,3.2,0,0,-0.7660444431189779,-0.6427876096865395,DB04
202002251500,105,3.2,100,1,-0.34202014332566866,-0.9396926207859084,DB04
202002251600,105,3.6,0,0,-0.7660444431189779,-0.6427876096865395,DB04
202002251700,105,4.1,0,0,-0.7660444431189779,-0.6427876096865395,DB04
202002251800,105,4.4,100,1,-0.9396926207859084,-0.34202014332566855,DB03
202002251900,105,6.4,0,0,0.9396926207859083,0.3420201433256688,DB04
202002252000,105,6.7,0,0,0.9396926207859083,0.3420201433256688,DB04
202002252100,105,6.8,100,1,0.9396926207859083,0.3420201433256688,DB04
202002252200,105,6.6,0,0,0.766044443118978,0.6427876096865394,DB04
202002252300,105,6.2,0,0,-0.6427876096865396,0.7660444431189778,DB04
202002260000,105,5.9,100,1,-0.3420201433256686,0.9396926207859084,DB04
202002260100,105,5.7,0,0,-0.6427876096865396,0.7660444431189778,DB04
202002260200,105,5.4,0,0,-0.9396926207859083,0.342020143325669,DB04
202002260300,105,5.0,100,1,-0.9396926207859083,0.342020143325669,DB04
202002260400,105,4.8,0,0,-0.9396926207859084,-0.34202014332566855,DB04
202002260500,105,4.7,0,0,-0.9396926207859083,0.342020143325669,DB04
202002260600,105,4.6,100,1,-0.9396926207859083,0.342020143325669,DB04
202002260700,105,4.4,0,0,-0.7660444431189779,-0.6427876096865395,DB04
202002260800,105,4.3,0,0,-0.7660444431189779,-0.6427876096865395,DB04
202002260900,105,4.5,100,1,-0.7660444431189779,-0.6427876096865395,DB04
202002261000,105,4.7,0,0,-0.7660444431189779,-0.6427876096865395,DB04
202002261100,105,5.3,0,0,0.0,1.0,DB04
202002261200,105,5.3,100,1,0.766044443118978,0.6427876096865394,DB04
202002261300,105,5.4,0,0,0.766044443118978,0.6427876096865394,DB04
202002261400,105,5.1,0,0,-0.3420201433256686,0.9396926207859084,DB04
202002261500,105,4.9,100,1,-0.6427876096865396,0.7660444431189778,DB04
202002261600,105,4.7,0,0,0.3420201433256687,0.9396926207859084,DB04
202002261700,105,4.4,0,0,-0.9396926207859083,0.342020143325669,DB04
202002261800,105,3.8,100,1,-0.3420201433256686,0.9396926207859084,DB04
202002261900,105,1.8,0,0,-1.0,-1.8369701987210297e-16,DB04
202002262000,105,1.7,0,0,-0.7660444431189779,-0.6427876096865395,DB04
202002262100,105,1.8,100,1,-0.34202014332566866,-0.9396926207859084,DB04
202002262200,105,2.0,0,0,-0.7660444431189779,-0.6427876096865395,DB04
202002262300,105,2.2,0,0,-0.7660444431189779,-0.6427876096865395,DB04
202002270000,105,2.2,100,1,-0.7660444431189779,-0.6427876096865395,DB04
202002270100,105,2.2,0,0,-0.7660444431189779,-0.6427876096865395,DB04
202002270200,105,2.3,0,0,-0.9396926207859084,-0.34202014332566855,DB04
202002270300,105,2.1,100,1,-0.7660444431189779,-0.6427876096865395,DB03
202002270400,105,1.8,0,0,-0.9396926207859083,0.342020143325669,DB03
202002270500,105,1.6,0,0,-0.7660444431189779,-0.6427876096865395,DB04
202002270600,105,1.8,100,1,-0.7660444431189779,-0.6427876096865395,DB04
202002270700,105,2.1,0,0,-0.9396926207859084,-0.34202014332566855,DB04
202002270800,105,2.6,0,0,-0.9396926207859084,-0.34202014332566855,DB03
202002270900,105,3.2,0,0,-0.7660444431189779,-0.6427876096865395,DB03
202002271000,105,4.4,0,0,-0.9396926207859084,-0.34202014332566855,DB03
202002271100,105,5.8,0,0,-0.7660444431189779,-0.6427876096865395,DB03
202002271200,105,7.6,0,0,0.6427876096865395,-0.7660444431189779,DB02
202002271300,105,7.3,0,0,0.3420201433256689,-0.9396926207859083,DB03
202002271400,105,6.5,0,0,0.9396926207859083,0.3420201433256688,DB03
202002271500,105,7.3,0,0,0.9396926207859083,0.3420201433256688,DB03
202002271600,105,7.3,0,0,0.9396926207859083,0.3420201433256688,DB02
202002271700,105,6.1,0,0,0.9396926207859083,0.3420201433256688,DB03
202002271800,105,5.3,0,0,0.9396926207859084,-0.3420201433256687,DB03
202002271900,105,4.7,0,0,1.0,6.123233995736766e-17,DB03
202002272000,105,3.7,0,0,-0.34202014332566866,-0.9396926207859084,DB01
202002272100,105,2.7,0,0,-0.34202014332566866,-0.9396926207859084,DB01
202002272200,105,2.3,0,0,-0.7660444431189779,-0.6427876096865395,DB01
202002272300,105,1.8,0,0,-0.9396926207859084,-0.34202014332566855,DB01
202002280000,105,1.1,0,0,-0.34202014332566866,-0.9396926207859084,DB01
202002280100,105,0.6,0,0,-0.34202014332566866,-0.9396926207859084,DB01
202002280200,105,0.3,0,0,0.3420201433256689,-0.9396926207859083,DB03
202002280300,105,0.0,0,0,1.2246467991473532e-16,-1.0,DB01
202002280400,105,0.3,0,0,0.3420201433256689,-0.9396926207859083,DB03
202002280500,105,3.8,0,0,-0.7660444431189779,-0.6427876096865395,DB03
202002280600,105,4.6,0,0,-0.7660444431189779,-0.6427876096865395,DB04
202002280700,105,5.4,0,0,-0.7660444431189779,-0.6427876096865395,DB04
202002280800,105,5.6,0,0,-0.7660444431189779,-0.6427876096865395,DB04
202002280900,105,6.2,0,0,-0.7660444431189779,-0.6427876096865395,DB04
202002281000,105,7.1,0,0,-0.7660444431189779,-0.6427876096865395,DB04
202002281100,105,7.8,0,0,-0.7660444431189779,-0.6427876096865395,DB04
202002281200,105,8.0,0,0,0.9396926207859083,0.3420201433256688,DB04
202002281300,105,8.1,0,0,0.6427876096865395,-0.7660444431189779,DB04
202002281400,105,9.4,0,0,0.6427876096865395,-0.7660444431189779,DB04
202002281500,105,9.4,0,0,0.3420201433256689,-0.9396926207859083,DB04
202002281600,105,9.7,0,0,1.2246467991473532e-16,-1.0,DB03
202002281700,105,9.1,0,0,1.2246467991473532e-16,-1.0,DB03
202002281800,105,8.6,0,0,1.2246467991473532e-16,-1.0,DB03
202002281900,105,7.9,0,0,-0.7660444431189779,-0.6427876096865395,DB04
202002282000,105,7.5,0,0,-0.34202014332566866,-0.9396926207859084,DB04
202002282100,105,7.8,0,0,-0.7660444431189779,-0.6427876096865395,DB04
202002282200,105,7.8,0,0,-0.7660444431189779,-0.6427876096865395,DB03
202002282300,105,7.9,0,0,-0.7660444431189779,-0.6427876096865395,DB04
202002290000,105,7.9,0,0,-0.7660444431189779,-0.6427876096865395,DB04
202002290100,105,7.7,0,0,-0.7660444431189779,-0.6427876096865395,DB01
202002290200,105,7.7,0,0,-0.9396926207859084,-0.34202014332566855,DB01
202002290300,105,7.5,0,0,-0.9396926207859084,-0.34202014332566855,DB01
202002290400,105,7.4,0,0,-0.9396926207859083,0.342020143325669,DB01
202002290500,105,6.8,0,0,-0.7660444431189779,-0.6427876096865395,DB01
202002290600,105,6.0,0,0,-0.7660444431189779,-0.6427876096865395,DB01
202002290700,105,5.2,0,0,-0.7660444431189779,-0.6427876096865395,DB01
202002290800,105,5.9,0,0,-0.7660444431189779,-0.6427876096865395,DB02
202002290900,105,8.2,0,0,0.0,1.0,DB03
202002291000,105,9.5,0,0,-0.6427876096865396,0.7660444431189778,DB02
202002291100,105,8.7,0,0,0.3420201433256687,0.9396926207859084,DB03
202002291200,105,9.6,0,0,0.766044443118978,0.6427876096865394,DB03
202002291300,105,9.2,0,0,0.766044443118978,0.6427876096865394,DB03
202002291400,105,9.1,0,0,0.0,1.0,DB03
202002291500,105,9.0,0,0,0.766044443118978,0.6427876096865394,DB03
202002291600,105,9.4,0,0,0.0,1.0,DB03
202002291700,105,8.7,0,0,-0.6427876096865396,0.7660444431189778,DB03
202002291800,105,8.6,0,0,-0.3420201433256686,0.9396926207859084,DB03
202002291900,105,8.0,0,0,0.0,1.0,DB04
202002292000,105,6.7,0,0,-0.34202014332566866,-0.9396926207859084,DB04
202002292100,105,5.7,0,0,-0.7660444431189779,-0.6427876096865395,DB04
202002292200,105,5.1,0,0,-0.7660444431189779,-0.6427876096865395,DB04
202002292300,105,4.7,0,0,-0.7660444431189779,-0.6427876096865395,DB02
202003010000,105,4.2,0,0,-0.7660444431189779,-0.6427876096865395,DB01
202003010100,105,4.1,0,0,-0.9396926207859084,-0.34202014332566855,DB03
202003010200,105,3.3,0,0,-0.34202014332566866,-0.9396926207859084,DB01
202003010300,105,2.7,0,0,1.2246467991473532e-16,-1.0,DB02
202003010400,105,3.2,0,0,-0.7660444431189779,-0.6427876096865395,DB03
202003010500,105,3.3,0,0,-0.7660444431189779,-0.6427876096865395,DB02
202003010600,105,3.0,0,0,-0.34202014332566866,-0.9396926207859084,DB01
202003010700,105,3.2,0,0,-0.9396926207859084,-0.34202014332566855,DB01
202003010800,105,3.6,0,0,-0.7660444431189779,-0.6427876096865395,DB01
202003010900,105,6.7,0,0,-0.34202014332566866,-0.9396926207859084,DB01
202003011000,105,10.1,0,0,0.9396926207859084,-0.3420201433256687,DB01
202003011100,105,12.3,0,0,0.9396926207859084,-0.3420201433256687,DB02
202003011200,105,12.7,0,0,0.6427876096865395,-0.7660444431189779,DB02
202003011300,105,11.5,0,0,1.0,6.123233995736766e-17,DB04
202003011400,105,11.7,0,0,1.0,6.123233995736766e-17,DB04
202003011500,105,11.2,0,0,0.9396926207859084,-0.3420201433256687,DB03
202003011600,105,11.6,0,0,0.9396926207859084,-0.3420201433256687,DB04
202003011700,105,11.1,0,0,0.9396926207859084,-0.3420201433256687,DB04
202003011800,105,10.5,0,0,0.3420201433256687,0.9396926207859084,DB04
202003011900,105,10.1,0,0,0.3420201433256687,0.9396926207859084,DB04
202003012000,105,9.8,0,0,-0.9396926207859083,0.342020143325669,DB04
202003012100,105,8.7,0,0,-0.6427876096865396,0.7660444431189778,DB04
202003012200,105,8.2,0,0,0.0,1.0,DB04
202003012300,105,8.0,0,0,0.0,1.0,DB04
202003020000,105,8.2,0,0,-0.9396926207859084,-0.34202014332566855,DB04
202003020100,105,7.6,0,0,-1.0,-1.8369701987210297e-16,DB04
202003020200,105,7.5,0,0,-0.7660444431189779,-0.6427876096865395,DB03
202003020300,105,7.2,0,0,-0.34202014332566866,-0.9396926207859084,DB04
202003020400,105,6.7,0,0,-0.7660444431189779,-0.6427876096865395,DB02
202003020500,105,5.8,0,0,-0.34202014332566866,-0.9396926207859084,DB01
202003020600,105,4.7,0,0,-0.7660444431189779,-0.6427876096865395,DB01
202003020700,105,4.4,0,0,-0.7660444431189779,-0.6427876096865395,DB01
202003020800,105,4.8,0,0,-0.34202014332566866,-0.9396926207859084,DB01
202003020900,105,6.0,0,0,-0.9396926207859084,-0.34202014332566855,DB01
202003021000,105,7.5,0,0,-0.9396926207859083,0.342020143325669,DB01
202003021100,105,7.8,0,0,-0.6427876096865396,0.7660444431189778,DB03
202003021200,105,8.3,0,0,-0.9396926207859083,0.342020143325669,DB03
202003021300,105,7.9,0,0,-0.3420201433256686,0.9396926207859084,DB03
202003021400,105,7.4,0,0,-0.9396926207859083,0.342020143325669,DB03
202003021500,105,7.5,0,0,-0.3420201433256686,0.9396926207859084,DB04
202003021600,105,7.5,0,0,-0.6427876096865396,0.7660444431189778,DB04
202003021700,105,6.1,0,0,0.3420201433256687,0.9396926207859084,DB03
202003021800,105,5.6,0,0,-0.3420201433256686,0.9396926207859084,DB03
202003021900,105,5.3,0,0,-0.6427876096865396,0.7660444431189778,DB03
202003022000,105,4.6,0,0,-0.9396926207859084,-0.34202014332566855,DB03
202003022100,105,4.4,100,1,-0.7660444431189779,-0.6427876096865395,DB03
202003022200,105,4.0,0,0,-0.6427876096865396,0.7660444431189778,DB03
202003022300,105,3.7,0,0,-0.7660444431189779,-0.6427876096865395,DB03
202003030000,105,3.2,0,0,-0.7660444431189779,-0.6427876096865395,DB02
202003030100,105,2.7,0,0,-0.7660444431189779,-0.6427876096865395,DB04
202003030200,105,2.9,0,0,-0.7660444431189779,-0.6427876096865395,DB04
202003030300,105,2.7,0,0,-0.7660444431189779,-0.6427876096865395,DB03
202003030400,105,2.7,0,0,-0.34202014332566866,-0.9396926207859084,DB04
202003030500,105,2.5,0,0,-0.34202014332566866,-0.9396926207859084,DB01
202003030600,105,1.5,0,0,-0.7660444431189779,-0.6427876096865395,DB02
202003030700,105,1.2,0,0,-0.7660444431189779,-0.6427876096865395,DB03
202003030800,105,1.9,0,0,-0.7660444431189779,-0.6427876096865395,DB02
202003030900,105,4.9,0,0,-0.34202014332566866,-0.9396926207859084,DB02
202003031000,105,8.4,0,0,0.9396926207859084,-0.3420201433256687,DB02
202003031100,105,9.3,0,0,0.6427876096865395,-0.7660444431189779,DB03
202003031200,105,10.2,0,0,0.9396926207859084,-0.3420201433256687,DB03
202003031300,105,10.4,0,0,0.9396926207859084,-0.3420201433256687,DB03
202003031400,105,10.4,0,0,0.9396926207859084,-0.3420201433256687,DB03
202003031500,105,10.5,0,0,0.9396926207859084,-0.3420201433256687,DB03
202003031600,105,10.4,0,0,0.9396926207859084,-0.3420201433256687,DB03
202003031700,105,9.5,0,0,0.9396926207859084,-0.3420201433256687,DB03
202003031800,105,8.7,0,0,1.0,6.123233995736766e-17,DB03
202003031900,105,8.2,0,0,0.9396926207859084,-0.3420201433256687,DB04
202003032000,105,7.8,0,0,0.3420201433256689,-0.9396926207859083,DB04
202003032100,105,7.6,0,0,1.2246467991473532e-16,-1.0,DB04
202003032200,105,7.3,0,0,-0.34202014332566866,-0.9396926207859084,DB04
202003032300,105,7.4,0,0,-0.34202014332566866,-0.9396926207859084,DB04
202003040000,105,7.9,0,0,-0.9396926207859084,-0.34202014332566855,DB04
202003040100,105,7.3,0,0,1.2246467991473532e-16,-1.0,DB04
202003040200,105,8.2,0,0,-1.0,-1.8369701987210297e-16,DB03
202003040300,105,7.2,0,0,-0.7660444431189779,-0.6427876096865395,DB03
202003040400,105,6.5,0,0,-0.7660444431189779,-0.6427876096865395,DB03
202003040500,105,5.8,0,0,-0.7660444431189779,-0.6427876096865395,DB04
202003040600,105,5.4,0,0,-0.7660444431189779,-0.6427876096865395,DB03
202003040700,105,5.2,0,0,-0.34202014332566866,-0.9396926207859084,DB03
202003040800,105,5.4,0,0,-0.34202014332566866,-0.9396926207859084,DB03
202003040900,105,6.3,0,0,-0.7660444431189779,-0.6427876096865395,DB03
202003041000,105,7.1,0,0,-0.9396926207859084,-0.34202014332566855,DB02
202003041100,105,7.2,0,0,-1.0,-1.8369701987210297e-16,DB02
202003041200,105,7.4,0,0,-0.9396926207859084,-0.34202014332566855,DB02
202003041300,105,7.3,0,0,-1.0,-1.8369701987210297e-16,DB02
202003041400,105,9.1,0,0,-0.7660444431189779,-0.6427876096865395,DB01
202003041500,105,9.0,0,0,-0.9396926207859084,-0.34202014332566855,DB01
202003041600,105,7.8,0,0,-0.9396926207859084,-0.34202014332566855,DB01
202003041700,105,6.4,0,0,-1.0,-1.8369701987210297e-16,DB01
202003041800,105,4.6,0,0,-0.9396926207859084,-0.34202014332566855,DB01
202003041900,105,3.5,0,0,-0.9396926207859084,-0.34202014332566855,DB01
202003042000,105,2.9,0,0,-0.9396926207859084,-0.34202014332566855,DB01
202003042100,105,2.7,0,0,-0.7660444431189779,-0.6427876096865395,DB01
202003042200,105,2.2,0,0,-0.7660444431189779,-0.6427876096865395,DB02
202003042300,105,2.0,0,0,-0.9396926207859084,-0.34202014332566855,DB02
202003050000,105,1.7,0,0,-0.9396926207859084,-0.34202014332566855,DB01
202003050100,105,1.5,0,0,-0.9396926207859084,-0.34202014332566855,DB01
202003050200,105,1.1,0,0,-0.7660444431189779,-0.6427876096865395,DB01
202003050300,105,1.1,0,0,-0.7660444431189779,-0.6427876096865395,DB01
202003050400,105,1.1,0,0,-0.7660444431189779,-0.6427876096865395,DB01
202003050500,105,0.9,0,0,-0.7660444431189779,-0.6427876096865395,DB01
202003050600,105,0.7,0,0,-0.7660444431189779,-0.6427876096865395,DB01
202003050700,105,0.4,0,0,-0.7660444431189779,-0.6427876096865395,DB01
202003050800,105,1.1,0,0,-0.7660444431189779,-0.6427876096865395,DB01
202003050900,105,2.8,0,0,-0.7660444431189779,-0.6427876096865395,DB01
202003051000,105,4.8,0,0,-0.9396926207859084,-0.34202014332566855,DB01
202003051100,105,6.5,0,0,0.3420201433256689,-0.9396926207859083,DB01
202003051200,105,6.5,0,0,0.3420201433256687,0.9396926207859084,DB01
202003051300,105,7.5,0,0,0.766044443118978,0.6427876096865394,DB01
202003051400,105,7.5,0,0,0.9396926207859083,0.3420201433256688,DB01
202003051500,105,7.5,0,0,0.9396926207859083,0.3420201433256688,DB01
202003051600,105,7.4,0,0,0.9396926207859083,0.3420201433256688,DB01
202003051700,105,7.1,0,0,1.0,6.123233995736766e-17,DB04
202003051800,105,5.6,0,0,0.9396926207859083,0.3420201433256688,DB01
202003051900,105,4.7,0,0,0.9396926207859084,-0.3420201433256687,DB01
202003052000,105,2.9,0,0,-0.34202014332566866,-0.9396926207859084,DB01
202003052100,105,1.9,0,0,-0.7660444431189779,-0.6427876096865395,DB01
202003052200,105,1.0,0,0,1.2246467991473532e-16,-1.0,DB01
202003052300,105,0.0,0,0,0.0,1.0,DB01
202003060000,105,0.9,0,0,-0.7660444431189779,-0.6427876096865395,DB01
202003060100,105,3.1,0,0,-0.7660444431189779,-0.6427876096865395,DB01
202003060200,105,3.2,0,0,-0.7660444431189779,-0.6427876096865395,DB01
202003060300,105,2.8,0,0,-0.7660444431189779,-0.6427876096865395,DB01
202003060400,105,2.8,0,0,-0.7660444431189779,-0.6427876096865395,DB01
202003060500,105,2.5,0,0,-0.7660444431189779,-0.6427876096865395,DB01
202003060600,105,2.3,0,0,-0.7660444431189779,-0.6427876096865395,DB01
202003060700,105,2.2,0,0,-0.7660444431189779,-0.6427876096865395,DB01
202003060800,105,3.4,0,0,-0.9396926207859084,-0.34202014332566855,DB01
202003060900,105,5.8,0,0,-0.9396926207859084,-0.34202014332566855,DB01
202003061000,105,8.2,0,0,-0.34202014332566866,-0.9396926207859084,DB01
202003061100,105,9.6,0,0,0.9396926207859083,0.3420201433256688,DB01
202003061200,105,10.3,0,0,0.9396926207859083,0.3420201433256688,DB01
202003061300,105,10.5,0,0,0.9396926207859083,0.3420201433256688,DB01
202003061400,105,10.4,0,0,0.9396926207859083,0.3420201433256688,DB03
202003061500,105,10.8,0,0,1.0,6.123233995736766e-17,DB03
202003061600,105,10.7,0,0,1.0,6.123233995736766e-17,DB02
202003061700,105,10.3,0,0,1.0,6.123233995736766e-17,DB03
202003061800,105,9.2,0,0,1.0,6.123233995736766e-17,DB03
202003061900,105,7.7,0,0,0.6427876096865395,-0.7660444431189779,DB01
202003062000,105,6.1,0,0,-0.34202014332566866,-0.9396926207859084,DB01
202003062100,105,4.9,0,0,-0.7660444431189779,-0.6427876096865395,DB01
202003062200,105,4.0,0,0,-0.7660444431189779,-0.6427876096865395,DB01
202003062300,105,3.9,0,0,-0.7660444431189779,-0.6427876096865395,DB03
202003070000,105,3.0,0,0,1.2246467991473532e-16,-1.0,DB02
202003070100,105,2.6,0,0,-0.7660444431189779,-0.6427876096865395,DB02
202003070200,105,2.8,0,0,1.2246467991473532e-16,-1.0,DB03
202003070300,105,2.5,0,0,-0.7660444431189779,-0.6427876096865395,DB04
202003070400,105,2.2,0,0,-0.34202014332566866,-0.9396926207859084,DB01
202003070500,105,2.7,0,0,-0.7660444431189779,-0.6427876096865395,DB02
202003070600,105,2.3,0,0,-0.7660444431189779,-0.6427876096865395,DB03
202003070700,105,3.3,0,0,-0.9396926207859084,-0.34202014332566855,DB02
202003070800,105,4.1,0,0,-0.7660444431189779,-0.6427876096865395,DB03
202003070900,105,7.1,0,0,-0.9396926207859084,-0.34202014332566855,DB03
202003071000,105,9.8,0,0,0.3420201433256689,-0.9396926207859083,DB03
202003071100,105,10.9,0,0,0.9396926207859083,0.3420201433256688,DB03
202003071200,105,10.3,0,0,0.3420201433256687,0.9396926207859084,DB03
202003071300,105,11.5,0,0,0.766044443118978,0.6427876096865394,DB03
202003071400,105,10.5,0,0,-0.3420201433256686,0.9396926207859084,DB04
202003071500,105,11.6,0,0,0.766044443118978,0.6427876096865394,DB04
202003071600,105,11.4,0,0,0.766044443118978,0.6427876096865394,DB03
202003071700,105,10.3,0,0,0.3420201433256687,0.9396926207859084,DB04
202003071800,105,9.6,0,0,-0.6427876096865396,0.7660444431189778,DB04
202003071900,105,9.0,0,0,-0.6427876096865396,0.7660444431189778,DB03
202003072000,105,8.5,0,0,-0.9396926207859084,-0.34202014332566855,DB03
202003072100,105,7.1,0,0,-0.7660444431189779,-0.6427876096865395,DB02
202003072200,105,6.3,0,0,-0.34202014332566866,-0.9396926207859084,DB01
202003072300,105,5.5,0,0,-0.7660444431189779,-0.6427876096865395,DB02
202003080000,105,4.6,0,0,-0.7660444431189779,-0.6427876096865395,DB01
202003080100,105,4.2,0,0,-0.34202014332566866,-0.9396926207859084,DB01
202003080200,105,3.9,0,0,-0.7660444431189779,-0.6427876096865395,DB01
202003080300,105,3.6,0,0,-0.34202014332566866,-0.9396926207859084,DB01
202003080400,105,3.5,0,0,-0.7660444431189779,-0.6427876096865395,DB01
202003080500,105,3.4,0,0,-0.7660444431189779,-0.6427876096865395,DB01
202003080600,105,2.7,0,0,-0.7660444431189779,-0.6427876096865395,DB01
202003080700,105,3.0,0,0,-0.9396926207859084,-0.34202014332566855,DB01
202003080800,105,3.8,0,0,-0.7660444431189779,-0.6427876096865395,DB01
202003080900,105,6.7,0,0,-0.7660444431189779,-0.6427876096865395,DB01
202003081000,105,10.2,0,0,0.3420201433256689,-0.9396926207859083,DB01
202003081100,105,12.5,0,0,0.3420201433256687,0.9396926207859084,DB01
202003081200,105,13.7,0,0,0.9396926207859083,0.3420201433256688,DB01
202003081300,105,13.9,0,0,1.0,6.123233995736766e-17,DB01
202003081400,105,14.2,0,0,0.9396926207859083,0.3420201433256688,DB01
202003081500,105,13.6,0,0,0.9396926207859083,0.3420201433256688,DB01
202003081600,105,14.1,0,0,0.9396926207859083,0.3420201433256688,DB01
202003081700,105,13.0,0,0,0.9396926207859083,0.3420201433256688,DB01
202003081800,105,11.3,0,0,1.0,6.123233995736766e-17,DB01
202003081900,105,10.0,0,0,0.9396926207859084,-0.3420201433256687,DB01
202003082000,105,9.2,0,0,0.6427876096865395,-0.7660444431189779,DB01
202003082100,105,7.9,0,0,-0.7660444431189779,-0.6427876096865395,DB01
202003082200,105,6.8,0,0,-0.34202014332566866,-0.9396926207859084,DB01
202003082300,105,5.9,0,0,-0.34202014332566866,-0.9396926207859084,DB01
202003090000,105,5.2,0,0,-0.7660444431189779,-0.6427876096865395,DB01
202003090100,105,4.6,0,0,-0.34202014332566866,-0.9396926207859084,DB01
202003090200,105,4.2,0,0,-0.34202014332566866,-0.9396926207859084,DB02
202003090300,105,3.9,0,0,0.9396926207859084,-0.3420201433256687,DB01
202003090400,105,3.5,0,0,0.0,1.0,DB01
202003090500,105,3.1,0,0,1.2246467991473532e-16,-1.0,DB01
202003090600,105,3.5,0,0,1.2246467991473532e-16,-1.0,DB01
202003090700,105,2.9,0,0,-0.9396926207859084,-0.34202014332566855,DB01
202003090800,105,4.6,0,0,1.2246467991473532e-16,-1.0,DB01
202003090900,105,8.9,0,0,0.6427876096865395,-0.7660444431189779,DB01
202003091000,105,12.6,0,0,0.9396926207859084,-0.3420201433256687,DB01
202003091100,105,15.2,0,0,0.9396926207859083,0.3420201433256688,DB02
202003091200,105,15.8,0,0,0.9396926207859083,0.3420201433256688,DB03
202003091300,105,15.8,0,0,0.9396926207859083,0.3420201433256688,DB03
202003091400,105,15.2,0,0,0.9396926207859083,0.3420201433256688,DB04
202003091500,105,15.2,0,0,0.9396926207859083,0.3420201433256688,DB04
202003091600,105,14.7,0,0,0.3420201433256687,0.9396926207859084,DB04
202003091700,105,14.1,0,0,0.766044443118978,0.6427876096865394,DB04
202003091800,105,12.3,0,0,0.9396926207859084,-0.3420201433256687,DB04
202003091900,105,11.6,0,0,0.766044443118978,0.6427876096865394,DB04
202003092000,105,11.0,0,0,0.9396926207859083,0.3420201433256688,DB04
202003092100,105,10.6,0,0,0.9396926207859084,-0.3420201433256687,DB04
202003092200,105,10.5,0,0,-0.6427876096865396,0.7660444431189778,DB04
202003092300,105,10.5,0,0,0.0,1.0,DB04
202003100000,105,10.6,0,0,0.3420201433256687,0.9396926207859084,DB04
202003100100,105,10.6,0,0,0.9396926207859083,0.3420201433256688,DB04
202003100200,105,10.5,0,0,0.766044443118978,0.6427876096865394,DB04
202003100300,105,10.4,0,0,0.766044443118978,0.6427876096865394,DB04
202003100400,105,9.8,0,0,0.9396926207859083,0.3420201433256688,DB04
202003100500,105,9.1,0,0,0.9396926207859083,0.3420201433256688,DB04
202003100600,105,9.1,100,1,0.9396926207859083,0.3420201433256688,DB04
202003100700,105,9.0,0,0,0.9396926207859083,0.3420201433256688,DB04
202003100800,105,9.0,0,0,0.9396926207859083,0.3420201433256688,DB04
202003100900,105,8.8,100,1,0.9396926207859083,0.3420201433256688,DB04
202003101000,105,8.8,0,0,0.766044443118978,0.6427876096865394,DB04
202003101100,105,8.7,0,0,-0.6427876096865396,0.7660444431189778,DB04
202003101200,105,8.4,100,1,-0.3420201433256686,0.9396926207859084,DB04
202003101300,105,8.2,0,0,-0.6427876096865396,0.7660444431189778,DB04
202003101400,105,8.2,0,0,-0.6427876096865396,0.7660444431189778,DB04
202003101500,105,7.9,100,1,-0.6427876096865396,0.7660444431189778,DB04
202003101600,105,7.6,0,0,-0.6427876096865396,0.7660444431189778,DB04
202003101700,105,7.3,0,0,-0.6427876096865396,0.7660444431189778,DB04
202003101800,105,7.0,100,1,-0.6427876096865396,0.7660444431189778,DB04
202003101900,105,6.9,0,0,-0.6427876096865396,0.7660444431189778,DB04
202003102000,105,6.9,0,0,-0.9396926207859083,0.342020143325669,DB04
202003102100,105,6.7,100,1,-0.34202014332566866,-0.9396926207859084,DB04
202003102200,105,6.5,0,0,0.0,1.0,DB04
202003102300,105,6.0,0,0,-0.9396926207859083,0.342020143325669,DB02
202003110000,105,6.1,100,1,-0.7660444431189779,-0.6427876096865395,DB03
202003110100,105,5.6,0,0,-1.0,-1.8369701987210297e-16,DB01
202003110200,105,5.0,0,0,-0.9396926207859084,-0.34202014332566855,DB01
202003110300,105,4.8,0,0,0.3420201433256689,-0.9396926207859083,DB01
202003110400,105,3.6,0,0,-0.7660444431189779,-0.6427876096865395,DB01
202003110500,105,3.6,0,0,-0.7660444431189779,-0.6427876096865395,DB01
202003110600,105,3.4,0,0,-0.7660444431189779,-0.6427876096865395,DB01
202003110700,105,3.1,0,0,-0.7660444431189779,-0.6427876096865395,DB01
202003110800,105,3.5,0,0,-0.9396926207859084,-0.34202014332566855,DB01
202003110900,105,4.4,0,0,-0.7660444431189779,-0.6427876096865395,DB01
202003111000,105,6.0,0,0,-0.7660444431189779,-0.6427876096865395,DB01
202003111100,105,7.1,0,0,-0.7660444431189779,-0.6427876096865395,DB01
202003111200,105,8.6,0,0,-0.7660444431189779,-0.6427876096865395,DB01
202003111300,105,9.9,0,0,-0.9396926207859084,-0.34202014332566855,DB01
202003111400,105,10.5,0,0,-1.0,-1.8369701987210297e-16,DB01
202003111500,105,10.3,0,0,-0.7660444431189779,-0.6427876096865395,DB01
202003111600,105,10.6,0,0,-0.9396926207859084,-0.34202014332566855,DB01
202003111700,105,10.1,0,0,-0.7660444431189779,-0.6427876096865395,DB01
202003111800,105,9.0,0,0,-0.7660444431189779,-0.6427876096865395,DB01
202003111900,105,7.8,0,0,-0.7660444431189779,-0.6427876096865395,DB01
202003112000,105,7.3,0,0,-0.9396926207859084,-0.34202014332566855,DB01
202003112100,105,6.7,0,0,-0.34202014332566866,-0.9396926207859084,DB01
202003112200,105,6.5,0,0,-0.7660444431189779,-0.6427876096865395,DB01
202003112300,105,6.1,0,0,-0.7660444431189779,-0.6427876096865395,DB01
202003120000,105,5.9,0,0,-0.7660444431189779,-0.6427876096865395,DB01
202003120100,105,5.8,0,0,-0.7660444431189779,-0.6427876096865395,DB01
202003120200,105,5.6,0,0,-0.9396926207859084,-0.34202014332566855,DB01
202003120300,105,5.8,0,0,-0.9396926207859084,-0.34202014332566855,DB01
202003120400,105,5.6,0,0,-0.7660444431189779,-0.6427876096865395,DB01
202003120500,105,5.4,0,0,-0.7660444431189779,-0.6427876096865395,DB01
202003120600,105,5.7,0,0,-0.7660444431189779,-0.6427876096865395,DB01
202003120700,105,6.0,0,0,-0.7660444431189779,-0.6427876096865395,DB01
202003120800,105,7.5,0,0,-0.9396926207859084,-0.34202014332566855,DB01
202003120900,105,9.8,0,0,-0.7660444431189779,-0.6427876096865395,DB01
202003121000,105,12.0,0,0,-0.7660444431189779,-0.6427876096865395,DB01
202003121100,105,13.3,0,0,-0.9396926207859084,-0.34202014332566855,DB01
202003121200,105,14.0,0,0,-0.7660444431189779,-0.6427876096865395,DB01
202003121300,105,15.5,0,0,-0.9396926207859084,-0.34202014332566855,DB01
202003121400,105,15.9,0,0,-0.7660444431189779,-0.6427876096865395,DB02
202003121500,105,15.9,0,0,-1.0,-1.8369701987210297e-16,DB01
202003121600,105,16.3,0,0,-0.9396926207859084,-0.34202014332566855,DB01
202003121700,105,15.9,0,0,-0.9396926207859084,-0.34202014332566855,DB01
202003121800,105,14.6,0,0,-0.9396926207859084,-0.34202014332566855,DB01
202003121900,105,13.4,0,0,-0.34202014332566866,-0.9396926207859084,DB01
202003122000,105,13.0,0,0,-0.34202014332566866,-0.9396926207859084,DB01
202003122100,105,12.5,0,0,0.9396926207859084,-0.3420201433256687,DB01
202003122200,105,12.2,0,0,1.2246467991473532e-16,-1.0,DB01
202003122300,105,11.9,0,0,0.9396926207859084,-0.3420201433256687,DB01
202003130000,105,11.7,0,0,-0.3420201433256686,0.9396926207859084,DB01
202003130100,105,11.2,0,0,0.6427876096865395,-0.7660444431189779,DB01
202003130200,105,11.1,0,0,-0.34202014332566866,-0.9396926207859084,DB02
202003130300,105,11.1,0,0,-0.34202014332566866,-0.9396926207859084,DB02
202003130400,105,10.3,0,0,-0.7660444431189779,-0.6427876096865395,DB03
202003130500,105,9.8,0,0,-0.7660444431189779,-0.6427876096865395,DB04
202003130600,105,9.1,0,0,-0.7660444431189779,-0.6427876096865395,DB03
202003130700,105,9.0,0,0,-0.9396926207859084,-0.34202014332566855,DB03
202003130800,105,9.1,0,0,-0.7660444431189779,-0.6427876096865395,DB03
202003130900,105,9.5,0,0,-0.34202014332566866,-0.9396926207859084,DB03
202003131000,105,11.0,0,0,-0.9396926207859084,-0.34202014332566855,DB03
202003131100,105,13.3,0,0,0.6427876096865395,-0.7660444431189779,DB02
202003131200,105,13.8,0,0,-0.34202014332566866,-0.9396926207859084,DB02
202003131300,105,11.4,0,0,0.9396926207859083,0.3420201433256688,DB03
202003131400,105,9.9,0,0,0.766044443118978,0.6427876096865394,DB03
202003131500,105,8.6,0,0,0.9396926207859083,0.3420201433256688,DB02
202003131600,105,7.4,0,0,0.0,1.0,DB04
202003131700,105,7.0,0,0,-0.6427876096865396,0.7660444431189778,DB03
202003131800,105,6.5,0,0,-0.3420201433256686,0.9396926207859084,DB02
202003131900,105,5.8,0,0,-0.6427876096865396,0.7660444431189778,DB01
202003132000,105,4.6,0,0,-0.9396926207859084,-0.34202014332566855,DB01
202003132100,105,3.5,0,0,-0.7660444431189779,-0.6427876096865395,DB01
202003132200,105,2.7,0,0,-0.9396926207859084,-0.34202014332566855,DB01
202003132300,105,2.1,0,0,-0.7660444431189779,-0.6427876096865395,DB01
202003140000,105,1.5,0,0,-0.7660444431189779,-0.6427876096865395,DB01
202003140100,105,1.1,0,0,-0.7660444431189779,-0.6427876096865395,DB01
202003140200,105,0.7,0,0,-0.7660444431189779,-0.6427876096865395,DB01
202003140300,105,1.3,0,0,-0.7660444431189779,-0.6427876096865395,DB03
202003140400,105,1.4,0,0,-0.7660444431189779,-0.6427876096865395,DB01
202003140500,105,1.3,0,0,-0.7660444431189779,-0.6427876096865395,DB02
202003140600,105,0.9,0,0,-0.7660444431189779,-0.6427876096865395,DB01
202003140700,105,0.9,0,0,-0.7660444431189779,-0.6427876096865395,DB01
202003140800,105,2.3,0,0,-0.7660444431189779,-0.6427876096865395,DB02
202003140900,105,4.0,0,0,-0.7660444431189779,-0.6427876096865395,DB01
202003141000,105,6.2,0,0,-0.7660444431189779,-0.6427876096865395,DB01
202003141100,105,7.7,0,0,0.3420201433256687,0.9396926207859084,DB01
202003141200,105,9.4,0,0,0.9396926207859083,0.3420201433256688,DB01
202003141300,105,10.5,0,0,0.9396926207859083,0.3420201433256688,DB01
202003141400,105,10.7,0,0,0.9396926207859083,0.3420201433256688,DB01
202003141500,105,11.8,0,0,-0.9396926207859083,0.342020143325669,DB01
202003141600,105,11.8,0,0,-1.0,-1.8369701987210297e-16,DB01
202003141700,105,11.3,0,0,-1.0,-1.8369701987210297e-16,DB01
202003141800,105,10.3,0,0,-0.9396926207859084,-0.34202014332566855,DB02
202003141900,105,9.3,0,0,-1.0,-1.8369701987210297e-16,DB02
202003142000,105,8.4,0,0,-0.9396926207859084,-0.34202014332566855,DB02
202003142100,105,7.5,0,0,-0.7660444431189779,-0.6427876096865395,DB01
202003142200,105,7.1,0,0,-0.34202014332566866,-0.9396926207859084,DB02
202003142300,105,6.6,0,0,-0.7660444431189779,-0.6427876096865395,DB02
202003150000,105,6.5,0,0,-0.7660444431189779,-0.6427876096865395,DB02
202003150100,105,6.1,0,0,-1.0,-1.8369701987210297e-16,DB02
202003150200,105,5.3,0,0,-0.7660444431189779,-0.6427876096865395,DB01
202003150300,105,5.2,0,0,-0.9396926207859084,-0.34202014332566855,DB01
202003150400,105,4.9,0,0,-0.7660444431189779,-0.6427876096865395,DB01
202003150500,105,4.9,0,0,-0.34202014332566866,-0.9396926207859084,DB01
202003150600,105,5.0,0,0,-0.7660444431189779,-0.6427876096865395,DB04
202003150700,105,4.9,0,0,-0.7660444431189779,-0.6427876096865395,DB04
202003150800,105,4.9,0,0,-0.7660444431189779,-0.6427876096865395,DB03
202003150900,105,6.7,0,0,-0.9396926207859084,-0.34202014332566855,DB03
202003151000,105,6.8,0,0,-0.7660444431189779,-0.6427876096865395,DB03
202003151100,105,8.2,0,0,-0.7660444431189779,-0.6427876096865395,DB02
202003151200,105,9.3,0,0,-1.0,-1.8369701987210297e-16,DB02
202003151300,105,9.6,0,0,-0.9396926207859083,0.342020143325669,DB03
202003151400,105,8.0,0,0,1.0,6.123233995736766e-17,DB03
202003151500,105,6.9,0,0,0.3420201433256687,0.9396926207859084,DB04
202003151600,105,6.3,0,0,-0.6427876096865396,0.7660444431189778,DB04
202003151700,105,3.5,0,0,-0.6427876096865396,0.7660444431189778,DB04
202003151800,105,1.2,100,1,-1.0,-1.8369701987210297e-16,DB04
202003151900,105,1.2,0,0,-0.6427876096865396,0.7660444431189778,DB04
202003152000,105,1.5,0,0,-0.7660444431189779,-0.6427876096865395,DB04
202003152100,105,1.8,100,1,-0.9396926207859084,-0.34202014332566855,DB04
202003152200,105,0.7,0,0,0.0,1.0,DB04
202003152300,105,0.7,0,0,-0.7660444431189779,-0.6427876096865395,DB04
202003160000,105,0.9,100,1,-0.9396926207859083,0.342020143325669,DB04
202003160100,105,0.3,0,0,0.0,1.0,DB04
202003160200,105,0.7,0,0,-0.9396926207859083,0.342020143325669,DB04
202003160300,105,1.3,100,1,-0.6427876096865396,0.7660444431189778,DB03
202003160400,105,1.2,0,0,-0.9396926207859084,-0.34202014332566855,DB04
202003160500,105,1.1,0,0,-0.9396926207859083,0.342020143325669,DB04
202003160600,105,0.8,100,1,-0.7660444431189779,-0.6427876096865395,DB03
202003160700,105,1.0,0,0,-0.6427876096865396,0.7660444431189778,DB03
202003160800,105,1.3,0,0,-0.7660444431189779,-0.6427876096865395,DB04
202003160900,105,3.1,0,0,-0.7660444431189779,-0.6427876096865395,DB03
202003161000,105,5.2,0,0,-0.7660444431189779,-0.6427876096865395,DB02
202003161100,105,6.7,0,0,-0.3420201433256686,0.9396926207859084,DB02
202003161200,105,7.3,0,0,0.9396926207859084,-0.3420201433256687,DB01
202003161300,105,8.3,0,0,0.9396926207859083,0.3420201433256688,DB01
202003161400,105,8.4,0,0,0.9396926207859083,0.3420201433256688,DB01
202003161500,105,8.9,0,0,1.0,6.123233995736766e-17,DB01
202003161600,105,9.1,0,0,1.0,6.123233995736766e-17,DB01
202003161700,105,10.7,0,0,-0.7660444431189779,-0.6427876096865395,DB01
202003161800,105,9.7,0,0,-0.7660444431189779,-0.6427876096865395,DB01
202003161900,105,9.0,0,0,-0.7660444431189779,-0.6427876096865395,DB01
202003162000,105,8.3,0,0,-0.7660444431189779,-0.6427876096865395,DB01
202003162100,105,7.7,0,0,-1.0,-1.8369701987210297e-16,DB01
202003162200,105,7.2,0,0,-0.9396926207859084,-0.34202014332566855,DB01
202003162300,105,6.3,0,0,-0.7660444431189779,-0.6427876096865395,DB01
202003170000,105,6.0,0,0,-0.7660444431189779,-0.6427876096865395,DB01
202003170100,105,5.7,0,0,-0.7660444431189779,-0.6427876096865395,DB01
202003170200,105,5.6,0,0,-0.7660444431189779,-0.6427876096865395,DB01
202003170300,105,5.7,0,0,-0.7660444431189779,-0.6427876096865395,DB01
202003170400,105,5.3,0,0,-0.7660444431189779,-0.6427876096865395,DB01
202003170500,105,5.0,0,0,-0.7660444431189779,-0.6427876096865395,DB01
202003170600,105,5.2,0,0,-0.7660444431189779,-0.6427876096865395,DB01
202003170700,105,5.5,0,0,-0.7660444431189779,-0.6427876096865395,DB01
202003170800,105,6.6,0,0,-0.7660444431189779,-0.6427876096865395,DB01
202003170900,105,8.4,0,0,-0.7660444431189779,-0.6427876096865395,DB01
202003171000,105,9.2,0,0,-0.34202014332566866,-0.9396926207859084,DB02
202003171100,105,9.9,0,0,-0.7660444431189779,-0.6427876096865395,DB02
202003171200,105,9.0,0,0,-0.7660444431189779,-0.6427876096865395,DB03
202003171300,105,9.9,0,0,-0.7660444431189779,-0.6427876096865395,DB02
202003171400,105,10.4,0,0,-0.7660444431189779,-0.6427876096865395,DB01
202003171500,105,10.8,0,0,-0.9396926207859084,-0.34202014332566855,DB01
202003171600,105,11.3,0,0,-0.9396926207859084,-0.34202014332566855,DB01
202003171700,105,11.1,0,0,-0.7660444431189779,-0.6427876096865395,DB01
202003171800,105,10.1,0,0,-0.7660444431189779,-0.6427876096865395,DB01
202003171900,105,9.4,0,0,-0.34202014332566866,-0.9396926207859084,DB03
202003172000,105,8.6,0,0,-0.6427876096865396,0.7660444431189778,DB04
202003172100,105,7.4,100,1,-0.7660444431189779,-0.6427876096865395,DB01
202003172200,105,7.5,0,0,-0.34202014332566866,-0.9396926207859084,DB01
202003172300,105,8.7,0,0,-0.34202014332566866,-0.9396926207859084,DB01
202003180000,105,9.2,0,0,-0.9396926207859084,-0.34202014332566855,DB01
202003180100,105,8.8,0,0,-0.9396926207859084,-0.34202014332566855,DB01
202003180200,105,8.2,0,0,-0.34202014332566866,-0.9396926207859084,DB01
202003180300,105,7.8,0,0,-0.9396926207859084,-0.34202014332566855,DB01
202003180400,105,7.6,0,0,-0.9396926207859084,-0.34202014332566855,DB01
202003180500,105,6.9,0,0,-0.9396926207859084,-0.34202014332566855,DB01
202003180600,105,5.9,0,0,-0.7660444431189779,-0.6427876096865395,DB01
202003180700,105,6.4,0,0,-0.7660444431189779,-0.6427876096865395,DB01
202003180800,105,8.8,0,0,-0.7660444431189779,-0.6427876096865395,DB01
202003180900,105,11.4,0,0,-0.7660444431189779,-0.6427876096865395,DB01
202003181000,105,13.2,0,0,-0.7660444431189779,-0.6427876096865395,DB01
202003181100,105,14.9,0,0,-0.7660444431189779,-0.6427876096865395,DB01
202003181200,105,16.5,0,0,1.2246467991473532e-16,-1.0,DB01
202003181300,105,17.7,0,0,-0.34202014332566866,-0.9396926207859084,DB01
202003181400,105,18.6,0,0,-0.7660444431189779,-0.6427876096865395,DB01
202003181500,105,19.0,0,0,-0.7660444431189779,-0.6427876096865395,DB02
202003181600,105,18.8,0,0,-0.7660444431189779,-0.6427876096865395,DB03
202003181700,105,18.7,0,0,-0.9396926207859084,-0.34202014332566855,DB01
202003181800,105,17.7,0,0,-0.34202014332566866,-0.9396926207859084,DB01
202003181900,105,16.4,0,0,0.3420201433256689,-0.9396926207859083,DB01
202003182000,105,15.7,0,0,-0.7660444431189779,-0.6427876096865395,DB01
202003182100,105,15.4,0,0,1.2246467991473532e-16,-1.0,DB01
202003182200,105,16.0,0,0,-0.34202014332566866,-0.9396926207859084,DB01
202003182300,105,15.7,0,0,-0.34202014332566866,-0.9396926207859084,DB01
202003190000,105,16.1,0,0,-0.34202014332566866,-0.9396926207859084,DB01
202003190100,105,16.4,0,0,-0.7660444431189779,-0.6427876096865395,DB03
202003190200,105,16.3,0,0,-0.7660444431189779,-0.6427876096865395,DB03
202003190300,105,15.8,0,0,-0.7660444431189779,-0.6427876096865395,DB02
202003190400,105,16.0,0,0,-0.7660444431189779,-0.6427876096865395,DB02
202003190500,105,16.0,0,0,-0.7660444431189779,-0.6427876096865395,DB03
202003190600,105,16.3,0,0,-0.7660444431189779,-0.6427876096865395,DB03
202003190700,105,16.0,0,0,-0.34202014332566866,-0.9396926207859084,DB01
202003190800,105,16.9,0,0,-0.9396926207859084,-0.34202014332566855,DB01
202003190900,105,18.5,0,0,-0.7660444431189779,-0.6427876096865395,DB01
202003191000,105,18.1,0,0,-0.34202014332566866,-0.9396926207859084,DB02
202003191100,105,15.0,0,0,-0.7660444431189779,-0.6427876096865395,DB04
202003191200,105,14.3,100,1,-0.7660444431189779,-0.6427876096865395,DB02
202003191300,105,13.4,0,0,-0.7660444431189779,-0.6427876096865395,DB02
202003191400,105,13.0,0,0,-0.9396926207859084,-0.34202014332566855,DB03
202003191500,105,10.4,0,0,-0.9396926207859084,-0.34202014332566855,DB03
202003191600,105,10.1,0,0,-0.9396926207859084,-0.34202014332566855,DB03
202003191700,105,8.6,0,0,-0.9396926207859084,-0.34202014332566855,DB02
202003191800,105,7.1,0,0,-0.9396926207859084,-0.34202014332566855,DB01
202003191900,105,7.7,0,0,-1.0,-1.8369701987210297e-16,DB01
202003192000,105,7.8,0,0,-1.0,-1.8369701987210297e-16,DB03
202003192100,105,7.7,0,0,-0.9396926207859084,-0.34202014332566855,DB02
202003192200,105,7.5,0,0,-0.9396926207859084,-0.34202014332566855,DB01
202003192300,105,7.9,0,0,-0.9396926207859084,-0.34202014332566855,DB01
202003200000,105,7.5,0,0,-0.9396926207859084,-0.34202014332566855,DB01
202003200100,105,7.1,0,0,-0.9396926207859084,-0.34202014332566855,DB01
202003200200,105,6.9,0,0,-0.9396926207859084,-0.34202014332566855,DB01
202003200300,105,6.5,0,0,-0.7660444431189779,-0.6427876096865395,DB01
202003200400,105,6.3,0,0,-0.9396926207859084,-0.34202014332566855,DB01
202003200500,105,6.1,0,0,-0.9396926207859084,-0.34202014332566855,DB01
202003200600,105,5.8,0,0,-0.7660444431189779,-0.6427876096865395,DB01
202003200700,105,6.1,0,0,-0.7660444431189779,-0.6427876096865395,DB01
202003200800,105,7.7,0,0,-0.34202014332566866,-0.9396926207859084,DB01
202003200900,105,9.8,0,0,-0.34202014332566866,-0.9396926207859084,DB01
202003201000,105,11.3,0,0,-0.34202014332566866,-0.9396926207859084,DB01
202003201100,105,13.5,0,0,-0.7660444431189779,-0.6427876096865395,DB01
202003201200,105,14.7,0,0,-0.34202014332566866,-0.9396926207859084,DB01
202003201300,105,15.7,0,0,-0.7660444431189779,-0.6427876096865395,DB02
202003201400,105,16.3,0,0,-0.7660444431189779,-0.6427876096865395,DB02
202003201500,105,16.5,0,0,-0.7660444431189779,-0.6427876096865395,DB03
202003201600,105,16.0,0,0,-0.7660444431189779,-0.6427876096865395,DB02
202003201700,105,15.9,0,0,-0.7660444431189779,-0.6427876096865395,DB01
202003201800,105,15.1,0,0,-0.9396926207859084,-0.34202014332566855,DB01
202003201900,105,13.9,0,0,-0.9396926207859084,-0.34202014332566855,DB03
202003202000,105,13.2,0,0,-0.7660444431189779,-0.6427876096865395,DB03
202003202100,105,12.4,0,0,-0.7660444431189779,-0.6427876096865395,DB03
202003202200,105,11.8,0,0,-0.34202014332566866,-0.9396926207859084,DB01
202003202300,105,11.8,0,0,-0.34202014332566866,-0.9396926207859084,DB01
202003210000,105,11.5,0,0,-0.34202014332566866,-0.9396926207859084,DB01
202003210100,105,11.4,0,0,-0.7660444431189779,-0.6427876096865395,DB03
202003210200,105,11.6,0,0,-0.7660444431189779,-0.6427876096865395,DB03
202003210300,105,11.6,0,0,-0.7660444431189779,-0.6427876096865395,DB03
202003210400,105,11.6,0,0,-0.34202014332566866,-0.9396926207859084,DB03
202003210500,105,11.1,0,0,-0.34202014332566866,-0.9396926207859084,DB03
202003210600,105,11.4,0,0,-0.7660444431189779,-0.6427876096865395,DB03
202003210700,105,11.7,0,0,-0.7660444431189779,-0.6427876096865395,DB02
202003210800,105,12.2,0,0,-0.7660444431189779,-0.6427876096865395,DB01
202003210900,105,13.5,0,0,-0.7660444431189779,-0.6427876096865395,DB01
202003211000,105,15.4,0,0,-0.7660444431189779,-0.6427876096865395,DB01
202003211100,105,17.1,0,0,-0.7660444431189779,-0.6427876096865395,DB01
202003211200,105,19.4,0,0,-0.7660444431189779,-0.6427876096865395,DB01
202003211300,105,19.7,0,0,0.766044443118978,0.6427876096865394,DB01
202003211400,105,17.6,0,0,0.766044443118978,0.6427876096865394,DB03
202003211500,105,17.0,0,0,0.766044443118978,0.6427876096865394,DB02
202003211600,105,17.6,0,0,0.3420201433256687,0.9396926207859084,DB02
202003211700,105,17.0,0,0,-0.3420201433256686,0.9396926207859084,DB01
202003211800,105,15.5,0,0,0.0,1.0,DB01
202003211900,105,13.7,0,0,-0.3420201433256686,0.9396926207859084,DB03
202003212000,105,13.2,0,0,-0.9396926207859083,0.342020143325669,DB04
202003212100,105,12.6,100,1,-0.6427876096865396,0.7660444431189778,DB04
202003212200,105,11.4,0,0,-1.0,-1.8369701987210297e-16,DB04
202003212300,105,11.2,0,0,-0.9396926207859083,0.342020143325669,DB04
202003220000,105,10.8,100,1,-0.7660444431189779,-0.6427876096865395,DB04
202003220100,105,10.5,0,0,-0.7660444431189779,-0.6427876096865395,DB04
202003220200,105,10.2,0,0,-1.0,-1.8369701987210297e-16,DB03
202003220300,105,10.5,0,0,-0.6427876096865396,0.7660444431189778,DB01
202003220400,105,10.0,0,0,-0.6427876096865396,0.7660444431189778,DB02
202003220500,105,9.6,0,0,-0.6427876096865396,0.7660444431189778,DB03
202003220600,105,9.0,0,0,-0.6427876096865396,0.7660444431189778,DB02
202003220700,105,8.5,0,0,-0.6427876096865396,0.7660444431189778,DB03
202003220800,105,9.3,0,0,-0.6427876096865396,0.7660444431189778,DB03
202003220900,105,10.2,0,0,-0.6427876096865396,0.7660444431189778,DB03
202003221000,105,10.7,0,0,0.3420201433256687,0.9396926207859084,DB03
202003221100,105,11.3,0,0,0.3420201433256687,0.9396926207859084,DB03
202003221200,105,12.6,0,0,0.9396926207859083,0.3420201433256688,DB02
202003221300,105,12.8,0,0,1.0,6.123233995736766e-17,DB01
202003221400,105,12.4,0,0,1.0,6.123233995736766e-17,DB01
202003221500,105,12.5,0,0,1.0,6.123233995736766e-17,DB01
202003221600,105,11.9,0,0,0.9396926207859083,0.3420201433256688,DB01
202003221700,105,11.4,0,0,1.0,6.123233995736766e-17,DB01
202003221800,105,10.5,0,0,1.0,6.123233995736766e-17,DB01
202003221900,105,9.4,0,0,0.9396926207859084,-0.3420201433256687,DB01
202003222000,105,8.7,0,0,0.3420201433256689,-0.9396926207859083,DB01
202003222100,105,7.1,0,0,-0.34202014332566866,-0.9396926207859084,DB01
202003222200,105,6.3,0,0,-0.7660444431189779,-0.6427876096865395,DB01
202003222300,105,5.7,0,0,-0.9396926207859084,-0.34202014332566855,DB01
202003230000,105,5.9,0,0,-0.7660444431189779,-0.6427876096865395,DB01
202003230100,105,5.5,0,0,-0.34202014332566866,-0.9396926207859084,DB01
202003230200,105,5.5,0,0,-0.7660444431189779,-0.6427876096865395,DB01
202003230300,105,5.4,0,0,-0.7660444431189779,-0.6427876096865395,DB01
202003230400,105,5.4,0,0,-0.7660444431189779,-0.6427876096865395,DB01
202003230500,105,4.7,0,0,-0.7660444431189779,-0.6427876096865395,DB02
202003230600,105,5.0,0,0,1.2246467991473532e-16,-1.0,DB02
202003230700,105,4.5,0,0,-0.34202014332566866,-0.9396926207859084,DB03
202003230800,105,8.3,0,0,-0.7660444431189779,-0.6427876096865395,DB01
202003230900,105,11.7,0,0,0.9396926207859083,0.3420201433256688,DB02
202003231000,105,13.3,0,0,0.3420201433256687,0.9396926207859084,DB01
202003231100,105,14.0,0,0,0.766044443118978,0.6427876096865394,DB01
202003231200,105,13.8,0,0,0.9396926207859083,0.3420201433256688,DB01
202003231300,105,13.1,0,0,0.3420201433256687,0.9396926207859084,DB01
202003231400,105,13.3,0,0,0.766044443118978,0.6427876096865394,DB02
202003231500,105,11.6,0,0,0.766044443118978,0.6427876096865394,DB02
202003231600,105,12.1,0,0,0.3420201433256687,0.9396926207859084,DB02
202003231700,105,11.6,0,0,0.9396926207859083,0.3420201433256688,DB01
202003231800,105,11.0,0,0,0.3420201433256687,0.9396926207859084,DB01
202003231900,105,10.2,0,0,-0.6427876096865396,0.7660444431189778,DB01
202003232000,105,8.2,0,0,-0.7660444431189779,-0.6427876096865395,DB01
202003232100,105,7.3,0,0,-0.7660444431189779,-0.6427876096865395,DB01
202003232200,105,6.5,0,0,-0.7660444431189779,-0.6427876096865395,DB01
202003232300,105,6.2,0,0,-0.9396926207859084,-0.34202014332566855,DB01
202003240000,105,5.5,0,0,-0.34202014332566866,-0.9396926207859084,DB01
202003240100,105,4.6,0,0,-0.7660444431189779,-0.6427876096865395,DB01
202003240200,105,4.3,0,0,-0.34202014332566866,-0.9396926207859084,DB01
202003240300,105,3.6,0,0,-0.34202014332566866,-0.9396926207859084,DB01
202003240400,105,4.0,0,0,-0.7660444431189779,-0.6427876096865395,DB01
202003240500,105,4.3,0,0,-0.7660444431189779,-0.6427876096865395,DB04
202003240600,105,3.6,0,0,-0.7660444431189779,-0.6427876096865395,DB01
202003240700,105,3.9,0,0,-0.7660444431189779,-0.6427876096865395,DB01
202003240800,105,6.0,0,0,-0.7660444431189779,-0.6427876096865395,DB01
202003240900,105,9.4,0,0,0.3420201433256689,-0.9396926207859083,DB01
202003241000,105,11.6,0,0,0.9396926207859083,0.3420201433256688,DB01
202003241100,105,12.6,0,0,0.9396926207859083,0.3420201433256688,DB01
202003241200,105,13.3,0,0,0.9396926207859083,0.3420201433256688,DB01
202003241300,105,13.5,0,0,0.9396926207859083,0.3420201433256688,DB01
202003241400,105,14.0,0,0,1.0,6.123233995736766e-17,DB01
202003241500,105,13.6,0,0,1.0,6.123233995736766e-17,DB01
202003241600,105,12.7,0,0,0.9396926207859083,0.3420201433256688,DB02
202003241700,105,11.8,0,0,1.0,6.123233995736766e-17,DB03
202003241800,105,11.3,0,0,0.9396926207859084,-0.3420201433256687,DB02
202003241900,105,10.5,0,0,0.9396926207859084,-0.3420201433256687,DB02
202003242000,105,9.7,0,0,0.6427876096865395,-0.7660444431189779,DB01
202003242100,105,8.2,0,0,-0.7660444431189779,-0.6427876096865395,DB01
202003242200,105,7.7,0,0,-0.9396926207859084,-0.34202014332566855,DB01
202003242300,105,6.7,0,0,1.2246467991473532e-16,-1.0,DB01
202003250000,105,5.7,0,0,-0.34202014332566866,-0.9396926207859084,DB01
202003250100,105,5.0,0,0,-0.34202014332566866,-0.9396926207859084,DB01
202003250200,105,4.5,0,0,-0.34202014332566866,-0.9396926207859084,DB01
202003250300,105,4.0,0,0,1.2246467991473532e-16,-1.0,DB01
202003250400,105,3.7,0,0,1.2246467991473532e-16,-1.0,DB01
202003250500,105,3.3,0,0,-0.7660444431189779,-0.6427876096865395,DB01
202003250600,105,2.9,0,0,-0.34202014332566866,-0.9396926207859084,DB01
202003250700,105,3.0,0,0,0.0,1.0,DB01
202003250800,105,6.5,0,0,0.3420201433256689,-0.9396926207859083,DB01
202003250900,105,10.7,0,0,0.9396926207859084,-0.3420201433256687,DB01
202003251000,105,12.9,0,0,0.9396926207859083,0.3420201433256688,DB01
202003251100,105,13.8,0,0,0.9396926207859083,0.3420201433256688,DB01
202003251200,105,14.1,0,0,0.766044443118978,0.6427876096865394,DB01
202003251300,105,15.0,0,0,0.766044443118978,0.6427876096865394,DB03
202003251400,105,15.6,0,0,-0.3420201433256686,0.9396926207859084,DB03
202003251500,105,16.9,0,0,-0.6427876096865396,0.7660444431189778,DB03
202003251600,105,17.2,0,0,0.766044443118978,0.6427876096865394,DB03
202003251700,105,16.6,0,0,0.0,1.0,DB03
202003251800,105,14.9,0,0,-0.6427876096865396,0.7660444431189778,DB03
202003251900,105,14.2,0,0,-0.3420201433256686,0.9396926207859084,DB04
202003252000,105,13.6,0,0,-0.9396926207859083,0.342020143325669,DB04
202003252100,105,12.9,0,0,-0.7660444431189779,-0.6427876096865395,DB04
202003252200,105,11.7,0,0,0.0,1.0,DB03
202003252300,105,11.7,0,0,1.2246467991473532e-16,-1.0,DB03
202003260000,105,10.5,0,0,1.2246467991473532e-16,-1.0,DB03
202003260100,105,9.8,0,0,-0.34202014332566866,-0.9396926207859084,DB02
202003260200,105,10.9,0,0,1.2246467991473532e-16,-1.0,DB03
202003260300,105,12.5,0,0,-0.9396926207859084,-0.34202014332566855,DB03
202003260400,105,12.0,0,0,-0.9396926207859084,-0.34202014332566855,DB02
202003260500,105,10.5,0,0,-0.34202014332566866,-0.9396926207859084,DB01
202003260600,105,11.1,0,0,-0.7660444431189779,-0.6427876096865395,DB01
202003260700,105,12.0,0,0,-0.7660444431189779,-0.6427876096865395,DB01
202003260800,105,14.4,0,0,-0.9396926207859084,-0.34202014332566855,DB01
202003260900,105,18.4,0,0,-0.34202014332566866,-0.9396926207859084,DB01
202003261000,105,18.3,0,0,0.766044443118978,0.6427876096865394,DB01
202003261100,105,17.8,0,0,0.9396926207859083,0.3420201433256688,DB01
202003261200,105,17.8,0,0,0.9396926207859083,0.3420201433256688,DB01
202003261300,105,21.0,0,0,0.9396926207859083,0.3420201433256688,DB01
202003261400,105,21.3,0,0,0.9396926207859083,0.3420201433256688,DB01
202003261500,105,20.1,0,0,0.9396926207859083,0.3420201433256688,DB02
202003261600,105,17.4,0,0,-0.3420201433256686,0.9396926207859084,DB03
202003261700,105,16.5,0,0,0.0,1.0,DB03
202003261800,105,16.4,0,0,0.0,1.0,DB04
202003261900,105,16.7,0,0,-0.34202014332566866,-0.9396926207859084,DB04
202003262000,105,17.1,0,0,0.3420201433256689,-0.9396926207859083,DB04
202003262100,105,16.6,0,0,1.2246467991473532e-16,-1.0,DB04
202003262200,105,16.7,0,0,0.0,1.0,DB04
202003262300,105,18.1,0,0,-0.7660444431189779,-0.6427876096865395,DB04
202003270000,105,17.8,0,0,1.0,6.123233995736766e-17,DB04
202003270100,105,17.4,0,0,-0.34202014332566866,-0.9396926207859084,DB04
202003270200,105,17.0,0,0,-0.34202014332566866,-0.9396926207859084,DB04
202003270300,105,16.2,100,1,-1.0,-1.8369701987210297e-16,DB04
202003270400,105,15.3,0,0,-0.7660444431189779,-0.6427876096865395,DB04
202003270500,105,14.8,0,0,-0.6427876096865396,0.7660444431189778,DB04
202003270600,105,13.2,100,1,-0.7660444431189779,-0.6427876096865395,DB04
202003270700,105,12.7,0,0,-0.7660444431189779,-0.6427876096865395,DB04
202003270800,105,12.7,0,0,-0.9396926207859084,-0.34202014332566855,DB04
202003270900,105,12.9,100,1,-0.6427876096865396,0.7660444431189778,DB04
202003271000,105,12.0,0,0,-0.3420201433256686,0.9396926207859084,DB04
202003271100,105,9.4,0,0,-0.6427876096865396,0.7660444431189778,DB03
202003271200,105,9.2,100,1,-0.6427876096865396,0.7660444431189778,DB04
202003271300,105,8.9,0,0,0.9396926207859083,0.3420201433256688,DB04
202003271400,105,8.5,0,0,0.766044443118978,0.6427876096865394,DB04
202003271500,105,8.3,100,1,0.3420201433256687,0.9396926207859084,DB04
202003271600,105,7.7,0,0,0.9396926207859083,0.3420201433256688,DB04
202003271700,105,7.1,0,0,0.3420201433256687,0.9396926207859084,DB04
202003271800,105,6.8,100,1,0.766044443118978,0.6427876096865394,DB04
202003271900,105,6.4,0,0,0.9396926207859083,0.3420201433256688,DB04
202003272000,105,6.4,0,0,-0.7660444431189779,-0.6427876096865395,DB04
202003272100,105,6.3,100,1,-0.9396926207859084,-0.34202014332566855,DB04
202003272200,105,6.5,0,0,-0.7660444431189779,-0.6427876096865395,DB04
202003272300,105,6.7,0,0,-0.9396926207859084,-0.34202014332566855,DB04
202003280000,105,6.6,0,0,-0.34202014332566866,-0.9396926207859084,DB04
202003280100,105,6.7,0,0,-0.9396926207859083,0.342020143325669,DB04
202003280200,105,6.5,0,0,-0.7660444431189779,-0.6427876096865395,DB04
202003280300,105,6.8,0,0,-0.6427876096865396,0.7660444431189778,DB04
202003280400,105,7.3,0,0,-0.9396926207859083,0.342020143325669,DB04
202003280500,105,6.7,0,0,-0.7660444431189779,-0.6427876096865395,DB04
202003280600,105,5.7,0,0,-0.7660444431189779,-0.6427876096865395,DB03
202003280700,105,5.6,0,0,-0.7660444431189779,-0.6427876096865395,DB03
202003280800,105,6.7,0,0,-0.6427876096865396,0.7660444431189778,DB03
202003280900,105,7.4,0,0,-0.6427876096865396,0.7660444431189778,DB03
202003281000,105,7.6,0,0,-0.9396926207859083,0.342020143325669,DB04
202003281100,105,8.2,0,0,-0.6427876096865396,0.7660444431189778,DB03
202003281200,105,8.3,0,0,0.766044443118978,0.6427876096865394,DB02
202003281300,105,8.6,0,0,0.0,1.0,DB03
202003281400,105,8.3,0,0,0.3420201433256687,0.9396926207859084,DB03
202003281500,105,8.2,0,0,-0.3420201433256686,0.9396926207859084,DB04
202003281600,105,8.5,0,0,0.766044443118978,0.6427876096865394,DB02
202003281700,105,7.5,0,0,0.0,1.0,DB02
202003281800,105,7.0,0,0,-0.6427876096865396,0.7660444431189778,DB03
202003281900,105,6.5,0,0,-0.9396926207859083,0.342020143325669,DB04
202003282000,105,5.8,0,0,-0.9396926207859084,-0.34202014332566855,DB03
202003282100,105,4.7,0,0,-0.7660444431189779,-0.6427876096865395,DB03
202003282200,105,4.1,0,0,-0.7660444431189779,-0.6427876096865395,DB02
202003282300,105,3.7,0,0,-0.7660444431189779,-0.6427876096865395,DB01
202003290000,105,3.2,0,0,-0.7660444431189779,-0.6427876096865395,DB01
202003290100,105,3.0,0,0,-0.7660444431189779,-0.6427876096865395,DB01
202003290200,105,2.7,0,0,-0.7660444431189779,-0.6427876096865395,DB01
202003290300,105,3.1,0,0,-0.9396926207859084,-0.34202014332566855,DB01
202003290400,105,3.5,0,0,-0.7660444431189779,-0.6427876096865395,DB02
202003290500,105,3.6,0,0,-0.7660444431189779,-0.6427876096865395,DB02
202003290600,105,4.1,0,0,-0.9396926207859084,-0.34202014332566855,DB03
202003290700,105,4.5,0,0,-0.7660444431189779,-0.6427876096865395,DB03
202003290800,105,5.3,0,0,-0.7660444431189779,-0.6427876096865395,DB04
202003290900,105,6.7,0,0,-0.7660444431189779,-0.6427876096865395,DB04
202003291000,105,7.6,0,0,-0.9396926207859083,0.342020143325669,DB04
202003291100,105,8.5,0,0,0.6427876096865395,-0.7660444431189779,DB04
202003291200,105,7.9,100,1,1.0,6.123233995736766e-17,DB04
202003291300,105,9.0,0,0,0.9396926207859083,0.3420201433256688,DB04
202003291400,105,10.7,0,0,1.0,6.123233995736766e-17,DB03
202003291500,105,10.9,0,0,1.0,6.123233995736766e-17,DB03
202003291600,105,9.9,0,0,0.9396926207859084,-0.3420201433256687,DB02
202003291700,105,10.1,0,0,0.9396926207859084,-0.3420201433256687,DB02
202003291800,105,9.2,0,0,0.9396926207859084,-0.3420201433256687,DB02
202003291900,105,8.3,0,0,0.6427876096865395,-0.7660444431189779,DB03
202003292000,105,7.8,0,0,0.3420201433256689,-0.9396926207859083,DB03
202003292100,105,7.6,0,0,0.3420201433256689,-0.9396926207859083,DB03
202003292200,105,6.5,0,0,-0.7660444431189779,-0.6427876096865395,DB03
202003292300,105,6.0,0,0,-0.9396926207859084,-0.34202014332566855,DB03
202003300000,105,5.6,0,0,-0.9396926207859084,-0.34202014332566855,DB03
202003300100,105,4.8,0,0,-0.7660444431189779,-0.6427876096865395,DB03
202003300200,105,4.1,0,0,0.0,1.0,DB01
202003300300,105,3.4,0,0,0.0,1.0,DB01
202003300400,105,2.8,0,0,-0.34202014332566866,-0.9396926207859084,DB01
202003300500,105,4.6,0,0,-0.9396926207859083,0.342020143325669,DB01
202003300600,105,5.5,0,0,-0.9396926207859083,0.342020143325669,DB01
202003300700,105,5.9,0,0,-0.9396926207859083,0.342020143325669,DB01
202003300800,105,6.4,0,0,-0.34202014332566866,-0.9396926207859084,DB01
202003300900,105,10.1,0,0,0.6427876096865395,-0.7660444431189779,DB01
202003301000,105,12.6,0,0,0.9396926207859083,0.3420201433256688,DB01
202003301100,105,13.2,0,0,0.766044443118978,0.6427876096865394,DB01
202003301200,105,13.6,0,0,0.9396926207859083,0.3420201433256688,DB01
202003301300,105,14.7,0,0,0.9396926207859083,0.3420201433256688,DB01
202003301400,105,15.5,0,0,0.9396926207859083,0.3420201433256688,DB01
202003301500,105,15.5,0,0,0.9396926207859083,0.3420201433256688,DB01
202003301600,105,15.2,0,0,1.0,6.123233995736766e-17,DB01
202003301700,105,14.5,0,0,1.0,6.123233995736766e-17,DB01
202003301800,105,13.2,0,0,1.0,6.123233995736766e-17,DB01
202003301900,105,12.3,0,0,0.9396926207859084,-0.3420201433256687,DB01
202003302000,105,11.1,0,0,-0.34202014332566866,-0.9396926207859084,DB01
202003302100,105,9.8,0,0,-0.34202014332566866,-0.9396926207859084,DB01
202003302200,105,8.4,0,0,-0.7660444431189779,-0.6427876096865395,DB01
202003302300,105,7.7,0,0,-0.34202014332566866,-0.9396926207859084,DB01
202003310000,105,6.9,0,0,-0.7660444431189779,-0.6427876096865395,DB02
202003310100,105,6.1,0,0,-0.34202014332566866,-0.9396926207859084,DB02
202003310200,105,5.9,0,0,1.2246467991473532e-16,-1.0,DB02
202003310300,105,5.2,0,0,-0.34202014332566866,-0.9396926207859084,DB01
202003310400,105,5.9,0,0,1.2246467991473532e-16,-1.0,DB03
202003310500,105,5.9,0,0,1.2246467991473532e-16,-1.0,DB01
202003310600,105,6.9,0,0,-0.7660444431189779,-0.6427876096865395,DB03
202003310700,105,7.2,0,0,-0.34202014332566866,-0.9396926207859084,DB02
202003310800,105,9.8,0,0,-0.7660444431189779,-0.6427876096865395,DB02
202003310900,105,12.9,0,0,1.0,6.123233995736766e-17,DB01
202003311000,105,14.2,0,0,0.9396926207859083,0.3420201433256688,DB02
202003311100,105,15.0,0,0,0.9396926207859083,0.3420201433256688,DB01
202003311200,105,16.8,0,0,0.766044443118978,0.6427876096865394,DB01
202003311300,105,18.1,0,0,0.9396926207859083,0.3420201433256688,DB01
202003311400,105,17.2,0,0,0.9396926207859084,-0.3420201433256687,DB03
202003311500,105,17.7,0,0,0.9396926207859083,0.3420201433256688,DB03
202003311600,105,16.7,0,0,1.0,6.123233995736766e-17,DB03
202003311700,105,16.2,0,0,0.9396926207859083,0.3420201433256688,DB03
202003311800,105,15.1,0,0,1.0,6.123233995736766e-17,DB03
202003311900,105,13.3,0,0,1.0,6.123233995736766e-17,DB03
202003312000,105,12.8,0,0,0.0,1.0,DB04
202003312100,105,12.3,0,0,0.0,1.0,DB03
202003312200,105,11.3,0,0,1.2246467991473532e-16,-1.0,DB04
202003312300,105,10.5,0,0,-0.7660444431189779,-0.6427876096865395,DB04
202004010000,105,10.2,0,0,-0.7660444431189779,-0.6427876096865395,DB03
202004010100,105,10.8,0,0,-0.7660444431189779,-0.6427876096865395,DB03
202004010200,105,10.2,0,0,-0.34202014332566866,-0.9396926207859084,DB04
202004010300,105,12.6,0,0,-0.9396926207859084,-0.34202014332566855,DB04
202004010400,105,12.9,0,0,-0.7660444431189779,-0.6427876096865395,DB04
202004010500,105,12.4,0,0,-0.7660444431189779,-0.6427876096865395,DB04
202004010600,105,11.7,0,0,-0.9396926207859084,-0.34202014332566855,DB04
202004010700,105,11.0,0,0,-0.7660444431189779,-0.6427876096865395,DB04
202004010800,105,11.4,0,0,-0.7660444431189779,-0.6427876096865395,DB04
202004010900,105,13.1,0,0,1.2246467991473532e-16,-1.0,DB04
202004011000,105,12.7,0,0,-0.6427876096865396,0.7660444431189778,DB04
202004011100,105,12.4,0,0,-1.0,-1.8369701987210297e-16,DB04
202004011200,105,11.5,0,0,0.9396926207859083,0.3420201433256688,DB04
202004011300,105,10.7,0,0,0.766044443118978,0.6427876096865394,DB04
202004011400,105,9.9,0,0,-0.3420201433256686,0.9396926207859084,DB04
202004011500,105,9.0,100,1,-0.6427876096865396,0.7660444431189778,DB04
202004011600,105,8.4,100,1,-0.6427876096865396,0.7660444431189778,DB04
202004011700,105,7.9,100,1,-0.6427876096865396,0.7660444431189778,DB04
202004011800,105,7.1,100,1,-0.6427876096865396,0.7660444431189778,DB04
202004011900,105,6.5,100,1,-0.9396926207859083,0.342020143325669,DB04
202004012000,105,5.2,100,1,-0.9396926207859083,0.342020143325669,DB04
202004012100,105,5.0,100,1,-0.9396926207859084,-0.34202014332566855,DB04
202004012200,105,5.1,100,1,-0.7660444431189779,-0.6427876096865395,DB04
202004012300,105,5.1,0,0,-0.9396926207859084,-0.34202014332566855,DB03
202004020000,105,4.7,0,0,-0.7660444431189779,-0.6427876096865395,DB01
202004020100,105,4.7,0,0,-0.9396926207859084,-0.34202014332566855,DB01
202004020200,105,4.7,0,0,-0.9396926207859084,-0.34202014332566855,DB01
202004020300,105,4.3,0,0,-0.7660444431189779,-0.6427876096865395,DB01
202004020400,105,4.2,0,0,-0.9396926207859084,-0.34202014332566855,DB01
202004020500,105,4.1,0,0,-0.9396926207859084,-0.34202014332566855,DB01
202004020600,105,4.2,0,0,-0.9396926207859084,-0.34202014332566855,DB01
202004020700,105,4.6,0,0,-0.9396926207859084,-0.34202014332566855,DB01
202004020800,105,6.7,0,0,-0.7660444431189779,-0.6427876096865395,DB01
202004020900,105,9.3,0,0,-0.9396926207859084,-0.34202014332566855,DB01
202004021000,105,12.0,0,0,-0.7660444431189779,-0.6427876096865395,DB01
202004021100,105,14.2,0,0,-0.7660444431189779,-0.6427876096865395,DB01
202004021200,105,16.2,0,0,-0.7660444431189779,-0.6427876096865395,DB01
202004021300,105,17.5,0,0,-0.7660444431189779,-0.6427876096865395,DB02
202004021400,105,17.2,0,0,0.9396926207859083,0.3420201433256688,DB02
202004021500,105,17.8,0,0,1.0,6.123233995736766e-17,DB03
202004021600,105,17.5,0,0,0.9396926207859083,0.3420201433256688,DB01
202004021700,105,18.5,0,0,-0.9396926207859084,-0.34202014332566855,DB02
202004021800,105,17.3,0,0,-0.7660444431189779,-0.6427876096865395,DB01
202004021900,105,15.9,0,0,-0.7660444431189779,-0.6427876096865395,DB01
202004022000,105,14.9,0,0,-0.9396926207859084,-0.34202014332566855,DB01
202004022100,105,13.9,0,0,-0.9396926207859084,-0.34202014332566855,DB01
202004022200,105,13.2,0,0,-0.34202014332566866,-0.9396926207859084,DB01
202004022300,105,12.3,0,0,-0.7660444431189779,-0.6427876096865395,DB01
202004030000,105,11.6,0,0,-0.9396926207859084,-0.34202014332566855,DB01
202004030100,105,10.9,0,0,-0.34202014332566866,-0.9396926207859084,DB01
202004030200,105,11.2,0,0,-0.7660444431189779,-0.6427876096865395,DB01
202004030300,105,11.2,0,0,-0.7660444431189779,-0.6427876096865395,DB01
202004030400,105,11.4,0,0,-0.9396926207859084,-0.34202014332566855,DB01
202004030500,105,11.1,0,0,-0.7660444431189779,-0.6427876096865395,DB01
202004030600,105,10.6,0,0,-0.7660444431189779,-0.6427876096865395,DB01
202004030700,105,11.2,0,0,-0.7660444431189779,-0.6427876096865395,DB01
202004030800,105,12.8,0,0,-0.7660444431189779,-0.6427876096865395,DB01
202004030900,105,14.7,0,0,-0.7660444431189779,-0.6427876096865395,DB01
202004031000,105,17.0,0,0,-0.7660444431189779,-0.6427876096865395,DB01
202004031100,105,18.7,0,0,-0.34202014332566866,-0.9396926207859084,DB01
202004031200,105,19.7,0,0,0.9396926207859084,-0.3420201433256687,DB01
202004031300,105,19.6,0,0,0.9396926207859083,0.3420201433256688,DB01
202004031400,105,19.6,0,0,1.0,6.123233995736766e-17,DB01
202004031500,105,19.3,0,0,0.9396926207859083,0.3420201433256688,DB01
202004031600,105,20.0,0,0,-0.7660444431189779,-0.6427876096865395,DB02
202004031700,105,19.8,0,0,-1.0,-1.8369701987210297e-16,DB03
202004031800,105,18.6,0,0,-1.0,-1.8369701987210297e-16,DB01
202004031900,105,16.9,0,0,-0.7660444431189779,-0.6427876096865395,DB01
202004032000,105,16.1,0,0,-0.9396926207859084,-0.34202014332566855,DB01
202004032100,105,15.2,0,0,-0.7660444431189779,-0.6427876096865395,DB01
202004032200,105,14.0,0,0,-0.34202014332566866,-0.9396926207859084,DB01
202004032300,105,13.2,0,0,-0.7660444431189779,-0.6427876096865395,DB01
202004040000,105,13.0,0,0,-0.9396926207859084,-0.34202014332566855,DB01
202004040100,105,12.2,0,0,-0.7660444431189779,-0.6427876096865395,DB01
202004040200,105,11.6,0,0,-0.9396926207859084,-0.34202014332566855,DB01
202004040300,105,11.3,0,0,-0.34202014332566866,-0.9396926207859084,DB01
202004040400,105,12.0,0,0,-0.7660444431189779,-0.6427876096865395,DB01
202004040500,105,11.5,0,0,-0.7660444431189779,-0.6427876096865395,DB01
202004040600,105,11.0,0,0,-0.7660444431189779,-0.6427876096865395,DB01
202004040700,105,10.4,0,0,-0.7660444431189779,-0.6427876096865395,DB01
202004040800,105,10.9,0,0,-0.9396926207859084,-0.34202014332566855,DB01
202004040900,105,12.4,0,0,-0.9396926207859083,0.342020143325669,DB02
202004041000,105,9.6,0,0,-0.6427876096865396,0.7660444431189778,DB04
202004041100,105,8.6,0,0,-0.6427876096865396,0.7660444431189778,DB04
202004041200,105,9.3,0,0,-0.6427876096865396,0.7660444431189778,DB03
202004041300,105,9.0,0,0,0.0,1.0,DB03
202004041400,105,8.7,0,0,-0.3420201433256686,0.9396926207859084,DB03
202004041500,105,8.1,0,0,-0.3420201433256686,0.9396926207859084,DB03
202004041600,105,7.8,0,0,0.6427876096865395,-0.7660444431189779,DB03
202004041700,105,8.2,0,0,-0.9396926207859083,0.342020143325669,DB04
202004041800,105,8.0,0,0,-0.9396926207859083,0.342020143325669,DB03
202004041900,105,7.6,0,0,-0.7660444431189779,-0.6427876096865395,DB03
202004042000,105,6.3,0,0,-0.7660444431189779,-0.6427876096865395,DB03
202004042100,105,5.6,0,0,-0.7660444431189779,-0.6427876096865395,DB02
202004042200,105,5.0,0,0,-0.9396926207859084,-0.34202014332566855,DB01
202004042300,105,4.3,0,0,-0.7660444431189779,-0.6427876096865395,DB01
202004050000,105,4.0,0,0,-0.7660444431189779,-0.6427876096865395,DB01
202004050100,105,3.2,0,0,-0.7660444431189779,-0.6427876096865395,DB01
202004050200,105,2.9,0,0,-0.7660444431189779,-0.6427876096865395,DB01
202004050300,105,2.6,0,0,-0.7660444431189779,-0.6427876096865395,DB01
202004050400,105,2.5,0,0,-0.9396926207859084,-0.34202014332566855,DB01
202004050500,105,1.9,0,0,-0.9396926207859084,-0.34202014332566855,DB01
202004050600,105,1.7,0,0,-0.9396926207859084,-0.34202014332566855,DB01
202004050700,105,1.9,0,0,-0.7660444431189779,-0.6427876096865395,DB01
202004050800,105,4.7,0,0,-0.7660444431189779,-0.6427876096865395,DB01
202004050900,105,7.9,0,0,-0.7660444431189779,-0.6427876096865395,DB01
202004051000,105,9.2,0,0,-0.3420201433256686,0.9396926207859084,DB01
202004051100,105,10.8,0,0,0.3420201433256687,0.9396926207859084,DB01
202004051200,105,11.0,0,0,0.766044443118978,0.6427876096865394,DB01
202004051300,105,11.1,0,0,0.766044443118978,0.6427876096865394,DB01
202004051400,105,11.5,0,0,1.0,6.123233995736766e-17,DB01
202004051500,105,11.3,0,0,0.766044443118978,0.6427876096865394,DB01
202004051600,105,11.3,0,0,1.0,6.123233995736766e-17,DB01
202004051700,105,10.9,0,0,0.0,1.0,DB01
202004051800,105,10.4,0,0,0.6427876096865395,-0.7660444431189779,DB01
202004051900,105,9.1,0,0,0.9396926207859084,-0.3420201433256687,DB01
202004052000,105,7.7,0,0,-0.34202014332566866,-0.9396926207859084,DB01
202004052100,105,6.2,0,0,-0.7660444431189779,-0.6427876096865395,DB01
202004052200,105,5.5,0,0,-0.34202014332566866,-0.9396926207859084,DB01
202004052300,105,4.8,0,0,1.2246467991473532e-16,-1.0,DB01
202004060000,105,7.0,0,0,-0.9396926207859084,-0.34202014332566855,DB01
202004060100,105,7.7,0,0,-0.9396926207859084,-0.34202014332566855,DB01
202004060200,105,7.5,0,0,-0.9396926207859084,-0.34202014332566855,DB01
202004060300,105,7.4,0,0,-0.7660444431189779,-0.6427876096865395,DB01
202004060400,105,6.9,0,0,-0.7660444431189779,-0.6427876096865395,DB01
202004060500,105,6.3,0,0,-0.9396926207859084,-0.34202014332566855,DB01
202004060600,105,6.0,0,0,-0.9396926207859084,-0.34202014332566855,DB01
202004060700,105,6.3,0,0,-0.9396926207859084,-0.34202014332566855,DB01
202004060800,105,8.2,0,0,-0.9396926207859084,-0.34202014332566855,DB01
202004060900,105,11.1,0,0,-0.9396926207859084,-0.34202014332566855,DB01
202004061000,105,13.0,0,0,0.766044443118978,0.6427876096865394,DB01
202004061100,105,13.8,0,0,0.766044443118978,0.6427876096865394,DB01
202004061200,105,14.6,0,0,0.9396926207859083,0.3420201433256688,DB01
202004061300,105,14.7,0,0,0.9396926207859083,0.3420201433256688,DB01
202004061400,105,15.0,0,0,0.9396926207859083,0.3420201433256688,DB01
202004061500,105,14.6,0,0,0.766044443118978,0.6427876096865394,DB01
202004061600,105,14.5,0,0,1.0,6.123233995736766e-17,DB01
202004061700,105,14.3,0,0,0.9396926207859083,0.3420201433256688,DB02
202004061800,105,13.4,0,0,1.0,6.123233995736766e-17,DB03
202004061900,105,12.4,0,0,0.9396926207859084,-0.3420201433256687,DB03
202004062000,105,11.4,0,0,-0.34202014332566866,-0.9396926207859084,DB03
202004062100,105,10.5,0,0,-0.7660444431189779,-0.6427876096865395,DB03
202004062200,105,12.9,0,0,-0.7660444431189779,-0.6427876096865395,DB03
202004062300,105,13.2,0,0,-0.7660444431189779,-0.6427876096865395,DB03
202004070000,105,13.1,0,0,-0.7660444431189779,-0.6427876096865395,DB03
202004070100,105,12.8,0,0,-0.7660444431189779,-0.6427876096865395,DB03
202004070200,105,12.4,0,0,-0.7660444431189779,-0.6427876096865395,DB03
202004070300,105,12.0,0,0,-0.7660444431189779,-0.6427876096865395,DB03
202004070400,105,11.2,0,0,-0.9396926207859084,-0.34202014332566855,DB03
202004070500,105,10.8,0,0,-0.9396926207859084,-0.34202014332566855,DB02
202004070600,105,10.6,0,0,-0.7660444431189779,-0.6427876096865395,DB01
202004070700,105,11.4,0,0,-0.7660444431189779,-0.6427876096865395,DB01
202004070800,105,12.9,0,0,-0.7660444431189779,-0.6427876096865395,DB01
202004070900,105,14.6,0,0,-0.7660444431189779,-0.6427876096865395,DB01
202004071000,105,17.0,0,0,-0.7660444431189779,-0.6427876096865395,DB02
202004071100,105,18.1,0,0,-0.7660444431189779,-0.6427876096865395,DB02
202004071200,105,18.0,0,0,0.766044443118978,0.6427876096865394,DB02
202004071300,105,18.1,0,0,0.9396926207859083,0.3420201433256688,DB02
202004071400,105,16.8,0,0,0.9396926207859083,0.3420201433256688,DB03
202004071500,105,16.0,0,0,0.9396926207859083,0.3420201433256688,DB02
202004071600,105,15.2,0,0,0.9396926207859083,0.3420201433256688,DB03
202004071700,105,14.0,0,0,1.0,6.123233995736766e-17,DB02
202004071800,105,13.3,0,0,0.9396926207859083,0.3420201433256688,DB02
202004071900,105,12.4,0,0,0.9396926207859083,0.3420201433256688,DB02
202004072000,105,11.7,0,0,0.9396926207859083,0.3420201433256688,DB03
202004072100,105,10.9,0,0,1.0,6.123233995736766e-17,DB03
202004072200,105,10.8,0,0,0.6427876096865395,-0.7660444431189779,DB03
202004072300,105,10.1,0,0,-0.7660444431189779,-0.6427876096865395,DB03
202004080000,105,9.3,0,0,-0.7660444431189779,-0.6427876096865395,DB03
202004080100,105,9.0,0,0,-0.7660444431189779,-0.6427876096865395,DB04
202004080200,105,8.6,0,0,-0.7660444431189779,-0.6427876096865395,DB04
202004080300,105,9.1,100,1,0.6427876096865395,-0.7660444431189779,DB04
202004080400,105,8.2,100,1,0.0,1.0,DB04
202004080500,105,7.9,0,0,-0.7660444431189779,-0.6427876096865395,DB03
202004080600,105,6.9,0,0,-0.7660444431189779,-0.6427876096865395,DB01
202004080700,105,6.4,0,0,-0.7660444431189779,-0.6427876096865395,DB01
202004080800,105,8.4,0,0,-0.6427876096865396,0.7660444431189778,DB02
202004080900,105,9.5,0,0,-0.6427876096865396,0.7660444431189778,DB03
202004081000,105,9.0,0,0,-0.9396926207859083,0.342020143325669,DB03
202004081100,105,8.4,0,0,-0.6427876096865396,0.7660444431189778,DB03
202004081200,105,8.7,0,0,0.0,1.0,DB03
202004081300,105,8.9,0,0,0.0,1.0,DB03
202004081400,105,10.2,0,0,-0.6427876096865396,0.7660444431189778,DB02
202004081500,105,10.6,0,0,-0.3420201433256686,0.9396926207859084,DB01
202004081600,105,10.7,0,0,0.9396926207859083,0.3420201433256688,DB01
202004081700,105,10.8,0,0,0.3420201433256687,0.9396926207859084,DB01
202004081800,105,10.2,0,0,0.3420201433256687,0.9396926207859084,DB01
202004081900,105,9.2,0,0,0.9396926207859084,-0.3420201433256687,DB01
202004082000,105,7.1,0,0,-0.7660444431189779,-0.6427876096865395,DB01
202004082100,105,6.0,0,0,-0.7660444431189779,-0.6427876096865395,DB01
202004082200,105,5.3,0,0,-0.7660444431189779,-0.6427876096865395,DB01
202004082300,105,4.8,0,0,-0.7660444431189779,-0.6427876096865395,DB01
202004090000,105,4.3,0,0,-0.34202014332566866,-0.9396926207859084,DB01
202004090100,105,3.2,0,0,0.3420201433256689,-0.9396926207859083,DB01
202004090200,105,3.2,0,0,-0.34202014332566866,-0.9396926207859084,DB01
202004090300,105,6.3,0,0,-0.9396926207859084,-0.34202014332566855,DB01
202004090400,105,6.4,0,0,-0.7660444431189779,-0.6427876096865395,DB01
202004090500,105,5.3,0,0,-0.7660444431189779,-0.6427876096865395,DB01
202004090600,105,5.1,0,0,-0.7660444431189779,-0.6427876096865395,DB01
202004090700,105,5.4,0,0,-0.9396926207859084,-0.34202014332566855,DB01
202004090800,105,7.6,0,0,-0.7660444431189779,-0.6427876096865395,DB01
202004090900,105,10.0,0,0,-0.7660444431189779,-0.6427876096865395,DB01
202004091000,105,10.8,0,0,0.766044443118978,0.6427876096865394,DB01
202004091100,105,11.5,0,0,-0.6427876096865396,0.7660444431189778,DB01
202004091200,105,12.3,0,0,0.766044443118978,0.6427876096865394,DB01
202004091300,105,11.4,0,0,-0.3420201433256686,0.9396926207859084,DB01
202004091400,105,11.4,0,0,-0.3420201433256686,0.9396926207859084,DB02
202004091500,105,11.0,0,0,1.0,6.123233995736766e-17,DB02
202004091600,105,10.2,0,0,0.9396926207859083,0.3420201433256688,DB03
202004091700,105,9.4,0,0,0.766044443118978,0.6427876096865394,DB04
202004091800,105,9.2,0,0,0.9396926207859083,0.3420201433256688,DB04
202004091900,105,8.9,0,0,1.0,6.123233995736766e-17,DB04
202004092000,105,8.8,0,0,0.9396926207859083,0.3420201433256688,DB03
202004092100,105,8.4,0,0,-0.7660444431189779,-0.6427876096865395,DB02
202004092200,105,7.9,0,0,-0.7660444431189779,-0.6427876096865395,DB03
202004092300,105,7.3,0,0,-0.7660444431189779,-0.6427876096865395,DB03
202004100000,105,6.3,0,0,-0.7660444431189779,-0.6427876096865395,DB04
202004100100,105,5.7,0,0,-0.7660444431189779,-0.6427876096865395,DB01
202004100200,105,5.1,0,0,-0.7660444431189779,-0.6427876096865395,DB01
202004100300,105,4.5,0,0,-0.7660444431189779,-0.6427876096865395,DB02
202004100400,105,4.3,0,0,-0.7660444431189779,-0.6427876096865395,DB01
202004100500,105,4.1,0,0,-0.7660444431189779,-0.6427876096865395,DB01
202004100600,105,3.9,0,0,-0.7660444431189779,-0.6427876096865395,DB01
202004100700,105,4.5,0,0,-0.7660444431189779,-0.6427876096865395,DB01
202004100800,105,6.8,0,0,-0.7660444431189779,-0.6427876096865395,DB01
202004100900,105,9.7,0,0,-0.3420201433256686,0.9396926207859084,DB01
202004101000,105,11.6,0,0,0.6427876096865395,-0.7660444431189779,DB01
202004101100,105,12.5,0,0,0.9396926207859083,0.3420201433256688,DB01
202004101200,105,12.6,0,0,0.9396926207859083,0.3420201433256688,DB01
202004101300,105,12.8,0,0,0.9396926207859083,0.3420201433256688,DB01
202004101400,105,12.5,0,0,1.0,6.123233995736766e-17,DB03
202004101500,105,13.2,0,0,0.9396926207859083,0.3420201433256688,DB03
202004101600,105,13.3,0,0,1.0,6.123233995736766e-17,DB02
202004101700,105,12.0,0,0,1.0,6.123233995736766e-17,DB03
202004101800,105,11.1,0,0,1.0,6.123233995736766e-17,DB04
202004101900,105,10.5,0,0,0.9396926207859083,0.3420201433256688,DB03
202004102000,105,9.7,0,0,1.2246467991473532e-16,-1.0,DB03
202004102100,105,8.9,0,0,-0.9396926207859084,-0.34202014332566855,DB03
202004102200,105,8.4,0,0,-0.7660444431189779,-0.6427876096865395,DB03
202004102300,105,7.4,0,0,-0.7660444431189779,-0.6427876096865395,DB03
202004110000,105,7.0,0,0,-0.7660444431189779,-0.6427876096865395,DB04
202004110100,105,6.3,0,0,1.2246467991473532e-16,-1.0,DB02
202004110200,105,5.7,0,0,-0.34202014332566866,-0.9396926207859084,DB02
202004110300,105,5.4,0,0,-0.7660444431189779,-0.6427876096865395,DB03
202004110400,105,6.0,0,0,-0.9396926207859084,-0.34202014332566855,DB01
202004110500,105,7.0,0,0,-0.7660444431189779,-0.6427876096865395,DB02
202004110600,105,7.2,0,0,-0.7660444431189779,-0.6427876096865395,DB02
202004110700,105,7.9,0,0,-0.9396926207859084,-0.34202014332566855,DB01
202004110800,105,10.1,0,0,-0.9396926207859084,-0.34202014332566855,DB01
202004110900,105,13.1,0,0,0.6427876096865395,-0.7660444431189779,DB01
202004111000,105,14.9,0,0,1.0,6.123233995736766e-17,DB02
202004111100,105,15.4,0,0,0.9396926207859083,0.3420201433256688,DB02
202004111200,105,14.9,0,0,1.0,6.123233995736766e-17,DB03
202004111300,105,14.7,0,0,1.0,6.123233995736766e-17,DB03
202004111400,105,15.2,0,0,1.0,6.123233995736766e-17,DB03
202004111500,105,15.3,0,0,0.9396926207859084,-0.3420201433256687,DB03
202004111600,105,15.7,0,0,1.0,6.123233995736766e-17,DB03
202004111700,105,15.3,0,0,0.9396926207859084,-0.3420201433256687,DB03
202004111800,105,14.3,0,0,1.0,6.123233995736766e-17,DB03
202004111900,105,13.2,0,0,1.0,6.123233995736766e-17,DB03
202004112000,105,12.2,0,0,-0.7660444431189779,-0.6427876096865395,DB03
202004112100,105,11.0,0,0,-0.9396926207859084,-0.34202014332566855,DB02
202004112200,105,9.7,0,0,-0.34202014332566866,-0.9396926207859084,DB01
202004112300,105,9.0,0,0,-0.7660444431189779,-0.6427876096865395,DB01
202004120000,105,9.2,0,0,-0.7660444431189779,-0.6427876096865395,DB01
202004120100,105,9.0,0,0,-0.7660444431189779,-0.6427876096865395,DB01
202004120200,105,8.9,0,0,-0.6427876096865396,0.7660444431189778,DB01
202004120300,105,7.8,0,0,-0.7660444431189779,-0.6427876096865395,DB01
202004120400,105,7.0,0,0,-0.7660444431189779,-0.6427876096865395,DB03
202004120500,105,7.0,0,0,-0.9396926207859083,0.342020143325669,DB03
202004120600,105,7.5,0,0,-0.9396926207859084,-0.34202014332566855,DB04
202004120700,105,7.9,100,1,-0.34202014332566866,-0.9396926207859084,DB04
202004120800,105,7.6,100,1,0.9396926207859084,-0.3420201433256687,DB04
202004120900,105,7.3,100,1,-0.34202014332566866,-0.9396926207859084,DB04
202004121000,105,7.2,100,1,-0.7660444431189779,-0.6427876096865395,DB04
202004121100,105,8.0,100,1,-1.0,-1.8369701987210297e-16,DB04
202004121200,105,8.4,100,1,-0.3420201433256686,0.9396926207859084,DB04
202004121300,105,8.0,100,1,1.2246467991473532e-16,-1.0,DB04
202004121400,105,7.2,100,1,-0.9396926207859084,-0.34202014332566855,DB04
202004121500,105,7.2,0,0,-0.3420201433256686,0.9396926207859084,DB04
202004121600,105,9.7,0,0,0.9396926207859083,0.3420201433256688,DB04
202004121700,105,9.2,0,0,0.9396926207859083,0.3420201433256688,DB04
202004121800,105,8.8,0,0,0.9396926207859083,0.3420201433256688,DB04
202004121900,105,8.5,0,0,0.9396926207859083,0.3420201433256688,DB04
202004122000,105,8.4,0,0,0.9396926207859083,0.3420201433256688,DB03
202004122100,105,8.2,0,0,-0.6427876096865396,0.7660444431189778,DB03
202004122200,105,7.9,0,0,0.9396926207859083,0.3420201433256688,DB02
202004122300,105,7.6,0,0,1.0,6.123233995736766e-17,DB03
202004130000,105,6.5,0,0,-0.6427876096865396,0.7660444431189778,DB01
202004130100,105,7.0,0,0,-0.3420201433256686,0.9396926207859084,DB03
202004130200,105,7.0,0,0,-0.3420201433256686,0.9396926207859084,DB02
202004130300,105,5.9,0,0,-0.6427876096865396,0.7660444431189778,DB03
202004130400,105,5.6,0,0,-0.6427876096865396,0.7660444431189778,DB03
202004130500,105,5.5,0,0,-0.9396926207859083,0.342020143325669,DB03
202004130600,105,5.0,0,0,-0.9396926207859083,0.342020143325669,DB03
202004130700,105,5.6,0,0,-0.9396926207859083,0.342020143325669,DB03
202004130800,105,7.3,0,0,-0.6427876096865396,0.7660444431189778,DB02
202004130900,105,8.9,0,0,-0.6427876096865396,0.7660444431189778,DB03
202004131000,105,9.9,0,0,-0.6427876096865396,0.7660444431189778,DB03
202004131100,105,11.5,0,0,-0.6427876096865396,0.7660444431189778,DB03
202004131200,105,11.9,0,0,-0.6427876096865396,0.7660444431189778,DB02
202004131300,105,12.5,0,0,-0.9396926207859083,0.342020143325669,DB02
202004131400,105,12.9,0,0,-0.6427876096865396,0.7660444431189778,DB02
202004131500,105,13.1,0,0,-0.3420201433256686,0.9396926207859084,DB03
202004131600,105,13.3,0,0,-0.9396926207859083,0.342020143325669,DB03
202004131700,105,13.4,0,0,-0.3420201433256686,0.9396926207859084,DB01
202004131800,105,13.3,0,0,-0.3420201433256686,0.9396926207859084,DB01
202004131900,105,11.9,0,0,0.0,1.0,DB01
202004132000,105,9.5,0,0,-0.7660444431189779,-0.6427876096865395,DB01
202004132100,105,8.7,0,0,-0.7660444431189779,-0.6427876096865395,DB01
202004132200,105,8.1,0,0,-0.9396926207859084,-0.34202014332566855,DB01
202004132300,105,8.1,0,0,-0.7660444431189779,-0.6427876096865395,DB01
202004140000,105,8.5,0,0,-0.9396926207859084,-0.34202014332566855,DB01
202004140100,105,8.7,0,0,-0.9396926207859084,-0.34202014332566855,DB01
202004140200,105,9.4,0,0,-0.9396926207859084,-0.34202014332566855,DB01
202004140300,105,9.5,0,0,-0.9396926207859084,-0.34202014332566855,DB01
202004140400,105,11.0,0,0,-0.7660444431189779,-0.6427876096865395,DB01
202004140500,105,12.4,0,0,-0.7660444431189779,-0.6427876096865395,DB01
202004140600,105,12.7,0,0,-0.7660444431189779,-0.6427876096865395,DB01
202004140700,105,13.9,0,0,-0.7660444431189779,-0.6427876096865395,DB01
202004140800,105,15.8,0,0,-0.7660444431189779,-0.6427876096865395,DB01
202004140900,105,17.8,0,0,-0.7660444431189779,-0.6427876096865395,DB01
202004141000,105,19.8,0,0,1.2246467991473532e-16,-1.0,DB02
202004141100,105,21.3,0,0,-0.9396926207859084,-0.34202014332566855,DB01
202004141200,105,22.5,0,0,-0.9396926207859083,0.342020143325669,DB01
202004141300,105,23.1,0,0,-0.9396926207859083,0.342020143325669,DB01
202004141400,105,23.3,0,0,-0.9396926207859084,-0.34202014332566855,DB01
202004141500,105,23.1,0,0,0.9396926207859083,0.3420201433256688,DB01
202004141600,105,22.0,0,0,0.9396926207859083,0.3420201433256688,DB02
202004141700,105,21.4,0,0,0.9396926207859083,0.3420201433256688,DB03
202004141800,105,20.7,0,0,0.3420201433256687,0.9396926207859084,DB01
202004141900,105,19.1,0,0,-0.7660444431189779,-0.6427876096865395,DB01
202004142000,105,16.8,0,0,-0.7660444431189779,-0.6427876096865395,DB01
202004142100,105,18.0,0,0,-0.7660444431189779,-0.6427876096865395,DB01
202004142200,105,17.6,0,0,-0.7660444431189779,-0.6427876096865395,DB01
202004142300,105,16.9,0,0,-0.7660444431189779,-0.6427876096865395,DB02
202004150000,105,16.6,0,0,-0.7660444431189779,-0.6427876096865395,DB01
202004150100,105,16.4,0,0,-0.7660444431189779,-0.6427876096865395,DB01
202004150200,105,16.1,0,0,-0.7660444431189779,-0.6427876096865395,DB01
202004150300,105,15.7,0,0,-0.7660444431189779,-0.6427876096865395,DB01
202004150400,105,15.0,0,0,-0.7660444431189779,-0.6427876096865395,DB01
202004150500,105,14.4,0,0,-0.7660444431189779,-0.6427876096865395,DB01
202004150600,105,13.9,0,0,-0.7660444431189779,-0.6427876096865395,DB01
202004150700,105,14.1,0,0,-0.7660444431189779,-0.6427876096865395,DB02
202004150800,105,15.6,0,0,-0.9396926207859084,-0.34202014332566855,DB03
202004150900,105,17.8,0,0,-0.9396926207859084,-0.34202014332566855,DB02
202004151000,105,20.3,0,0,-0.6427876096865396,0.7660444431189778,DB02
202004151100,105,17.8,0,0,0.766044443118978,0.6427876096865394,DB02
202004151200,105,17.0,0,0,0.766044443118978,0.6427876096865394,DB03
202004151300,105,16.3,0,0,0.9396926207859083,0.3420201433256688,DB03
202004151400,105,15.2,0,0,0.0,1.0,DB03
202004151500,105,14.8,0,0,0.0,1.0,DB02
202004151600,105,14.1,0,0,-0.6427876096865396,0.7660444431189778,DB03
202004151700,105,13.2,0,0,-0.3420201433256686,0.9396926207859084,DB03
202004151800,105,12.4,0,0,0.0,1.0,DB03
202004151900,105,11.7,0,0,-0.3420201433256686,0.9396926207859084,DB03
202004152000,105,11.2,0,0,-0.6427876096865396,0.7660444431189778,DB03
202004152100,105,10.8,0,0,-0.9396926207859083,0.342020143325669,DB03
202004152200,105,10.4,0,0,-0.9396926207859083,0.342020143325669,DB02
202004152300,105,9.6,0,0,-0.7660444431189779,-0.6427876096865395,DB02
202004160000,105,9.1,0,0,-0.7660444431189779,-0.6427876096865395,DB02
202004160100,105,8.8,0,0,-0.7660444431189779,-0.6427876096865395,DB02
202004160200,105,8.2,0,0,-0.7660444431189779,-0.6427876096865395,DB03
202004160300,105,8.2,0,0,-0.7660444431189779,-0.6427876096865395,DB03
202004160400,105,7.8,0,0,-0.7660444431189779,-0.6427876096865395,DB01
202004160500,105,7.5,0,0,-0.7660444431189779,-0.6427876096865395,DB03
202004160600,105,7.3,0,0,-0.7660444431189779,-0.6427876096865395,DB03
202004160700,105,7.7,0,0,-0.7660444431189779,-0.6427876096865395,DB01
202004160800,105,9.0,0,0,-0.34202014332566866,-0.9396926207859084,DB02
202004160900,105,11.5,0,0,0.3420201433256689,-0.9396926207859083,DB02
202004161000,105,11.8,0,0,0.766044443118978,0.6427876096865394,DB02
202004161100,105,13.0,0,0,0.766044443118978,0.6427876096865394,DB02
202004161200,105,14.2,0,0,1.0,6.123233995736766e-17,DB02
202004161300,105,14.2,0,0,0.9396926207859083,0.3420201433256688,DB01
202004161400,105,14.4,0,0,1.0,6.123233995736766e-17,DB02
202004161500,105,14.2,0,0,1.0,6.123233995736766e-17,DB03
202004161600,105,13.7,0,0,1.0,6.123233995736766e-17,DB01
202004161700,105,13.0,0,0,1.0,6.123233995736766e-17,DB03
202004161800,105,12.1,0,0,1.0,6.123233995736766e-17,DB03
202004161900,105,11.3,0,0,0.9396926207859084,-0.3420201433256687,DB02
202004162000,105,11.0,0,0,0.9396926207859084,-0.3420201433256687,DB03
202004162100,105,11.0,0,0,0.6427876096865395,-0.7660444431189779,DB03
202004162200,105,9.8,0,0,-0.34202014332566866,-0.9396926207859084,DB03
202004162300,105,8.9,0,0,-0.34202014332566866,-0.9396926207859084,DB03
202004170000,105,8.3,0,0,-0.7660444431189779,-0.6427876096865395,DB03
202004170100,105,8.2,0,0,-0.7660444431189779,-0.6427876096865395,DB04
202004170200,105,7.8,0,0,-0.7660444431189779,-0.6427876096865395,DB03
202004170300,105,7.8,0,0,-0.7660444431189779,-0.6427876096865395,DB04
202004170400,105,7.8,0,0,-0.7660444431189779,-0.6427876096865395,DB04
202004170500,105,7.8,0,0,-0.7660444431189779,-0.6427876096865395,DB04
202004170600,105,8.0,0,0,-0.9396926207859084,-0.34202014332566855,DB04
202004170700,105,8.5,0,0,1.2246467991473532e-16,-1.0,DB04
202004170800,105,10.1,0,0,-0.9396926207859083,0.342020143325669,DB03
202004170900,105,12.2,0,0,0.9396926207859084,-0.3420201433256687,DB03
202004171000,105,13.1,0,0,-0.9396926207859083,0.342020143325669,DB04
202004171100,105,14.1,0,0,1.0,6.123233995736766e-17,DB04
202004171200,105,15.0,0,0,0.0,1.0,DB04
202004171300,105,15.4,0,0,1.2246467991473532e-16,-1.0,DB04
202004171400,105,16.1,0,0,1.0,6.123233995736766e-17,DB03
202004171500,105,16.0,0,0,0.9396926207859084,-0.3420201433256687,DB03
202004171600,105,16.7,0,0,-0.6427876096865396,0.7660444431189778,DB04
202004171700,105,16.1,0,0,-0.6427876096865396,0.7660444431189778,DB04
202004171800,105,12.9,100,1,-0.9396926207859083,0.342020143325669,DB04
202004171900,105,12.8,100,1,1.2246467991473532e-16,-1.0,DB04
202004172000,105,12.3,0,0,-0.7660444431189779,-0.6427876096865395,DB03
202004172100,105,12.0,0,0,-0.9396926207859084,-0.34202014332566855,DB03
202004172200,105,11.6,0,0,-0.9396926207859084,-0.34202014332566855,DB02
202004172300,105,10.6,0,0,-0.7660444431189779,-0.6427876096865395,DB02
202004180000,105,9.9,0,0,-0.7660444431189779,-0.6427876096865395,DB01
202004180100,105,9.6,0,0,-0.9396926207859084,-0.34202014332566855,DB01
202004180200,105,9.3,0,0,-0.9396926207859084,-0.34202014332566855,DB01
202004180300,105,8.7,0,0,-0.9396926207859084,-0.34202014332566855,DB01
202004180400,105,8.6,0,0,-0.9396926207859084,-0.34202014332566855,DB01
202004180500,105,9.4,100,1,-1.0,-1.8369701987210297e-16,DB04
202004180600,105,9.5,100,1,-0.9396926207859083,0.342020143325669,DB03
202004180700,105,9.9,100,1,-0.6427876096865396,0.7660444431189778,DB03
202004180800,105,9.5,100,1,-0.6427876096865396,0.7660444431189778,DB04
202004180900,105,9.2,100,1,-0.6427876096865396,0.7660444431189778,DB04
202004181000,105,10.2,100,1,-0.6427876096865396,0.7660444431189778,DB04
202004181100,105,10.9,0,0,-0.6427876096865396,0.7660444431189778,DB03
202004181200,105,11.1,0,0,-0.6427876096865396,0.7660444431189778,DB03
202004181300,105,11.8,0,0,-0.6427876096865396,0.7660444431189778,DB03
202004181400,105,12.5,0,0,-0.6427876096865396,0.7660444431189778,DB03
202004181500,105,12.7,0,0,0.3420201433256687,0.9396926207859084,DB01
202004181600,105,13.6,0,0,0.766044443118978,0.6427876096865394,DB01
202004181700,105,12.7,0,0,0.0,1.0,DB01
202004181800,105,12.2,0,0,0.3420201433256687,0.9396926207859084,DB01
202004181900,105,11.7,0,0,-0.6427876096865396,0.7660444431189778,DB01
202004182000,105,11.4,0,0,-0.6427876096865396,0.7660444431189778,DB03
202004182100,105,11.4,0,0,-1.0,-1.8369701987210297e-16,DB03
202004182200,105,11.2,0,0,-0.9396926207859083,0.342020143325669,DB04
202004182300,105,10.6,0,0,-0.9396926207859084,-0.34202014332566855,DB01
202004190000,105,9.7,0,0,-0.6427876096865396,0.7660444431189778,DB01
202004190100,105,9.2,0,0,-0.7660444431189779,-0.6427876096865395,DB03
202004190200,105,8.5,0,0,-0.7660444431189779,-0.6427876096865395,DB02
202004190300,105,8.5,0,0,-0.7660444431189779,-0.6427876096865395,DB03
202004190400,105,8.1,0,0,-0.9396926207859084,-0.34202014332566855,DB04
202004190500,105,7.8,0,0,-0.9396926207859084,-0.34202014332566855,DB03
202004190600,105,7.3,0,0,-0.7660444431189779,-0.6427876096865395,DB03
202004190700,105,8.0,0,0,-0.7660444431189779,-0.6427876096865395,DB03
202004190800,105,9.4,0,0,-0.7660444431189779,-0.6427876096865395,DB04
202004190900,105,10.2,0,0,-0.9396926207859084,-0.34202014332566855,DB04
202004191000,105,11.6,0,0,-0.9396926207859084,-0.34202014332566855,DB04
202004191100,105,12.2,0,0,1.0,6.123233995736766e-17,DB04
202004191200,105,12.9,0,0,0.9396926207859083,0.3420201433256688,DB04
202004191300,105,12.9,0,0,0.9396926207859083,0.3420201433256688,DB04
202004191400,105,12.9,0,0,1.0,6.123233995736766e-17,DB04
202004191500,105,12.7,0,0,0.9396926207859083,0.3420201433256688,DB04
202004191600,105,12.0,0,0,0.9396926207859083,0.3420201433256688,DB04
202004191700,105,11.9,0,0,0.9396926207859083,0.3420201433256688,DB04
202004191800,105,10.7,100,1,1.0,6.123233995736766e-17,DB04
202004191900,105,10.4,100,1,0.9396926207859083,0.3420201433256688,DB04
202004192000,105,10.5,100,1,0.766044443118978,0.6427876096865394,DB04
202004192100,105,10.1,100,1,0.9396926207859083,0.3420201433256688,DB04
202004192200,105,9.7,100,1,0.766044443118978,0.6427876096865394,DB04
202004192300,105,9.4,100,1,0.9396926207859083,0.3420201433256688,DB04
202004200000,105,9.3,100,1,0.3420201433256687,0.9396926207859084,DB04
202004200100,105,9.2,100,1,-0.6427876096865396,0.7660444431189778,DB04
202004200200,105,8.7,100,1,-0.9396926207859083,0.342020143325669,DB04
202004200300,105,8.7,100,1,-0.9396926207859083,0.342020143325669,DB04
202004200400,105,8.4,100,1,-0.6427876096865396,0.7660444431189778,DB04
202004200500,105,8.4,100,1,-0.9396926207859083,0.342020143325669,DB03
202004200600,105,8.3,0,0,-0.6427876096865396,0.7660444431189778,DB02
202004200700,105,8.5,0,0,1.2246467991473532e-16,-1.0,DB04
202004200800,105,9.5,0,0,-0.9396926207859083,0.342020143325669,DB03
202004200900,105,10.0,0,0,-0.3420201433256686,0.9396926207859084,DB04
202004201000,105,12.4,0,0,0.9396926207859083,0.3420201433256688,DB02
202004201100,105,13.9,0,0,0.9396926207859083,0.3420201433256688,DB02
202004201200,105,15.1,0,0,-0.9396926207859083,0.342020143325669,DB03
202004201300,105,16.4,0,0,-0.9396926207859084,-0.34202014332566855,DB02
202004201400,105,16.4,0,0,-1.0,-1.8369701987210297e-16,DB02
202004201500,105,15.3,0,0,-1.0,-1.8369701987210297e-16,DB04
202004201600,105,14.9,0,0,-0.9396926207859084,-0.34202014332566855,DB04
202004201700,105,15.2,0,0,-0.9396926207859084,-0.34202014332566855,DB04
202004201800,105,14.9,0,0,-0.9396926207859084,-0.34202014332566855,DB03
202004201900,105,13.8,0,0,-0.7660444431189779,-0.6427876096865395,DB02
202004202000,105,13.5,0,0,-0.7660444431189779,-0.6427876096865395,DB02
202004202100,105,12.8,0,0,-0.7660444431189779,-0.6427876096865395,DB02
202004202200,105,12.3,0,0,-0.9396926207859084,-0.34202014332566855,DB03
202004202300,105,11.3,0,0,-0.9396926207859083,0.342020143325669,DB01
202004210000,105,10.3,0,0,-0.9396926207859084,-0.34202014332566855,DB01
202004210100,105,9.2,0,0,-1.0,-1.8369701987210297e-16,DB01
202004210200,105,8.2,0,0,-0.9396926207859084,-0.34202014332566855,DB02
202004210300,105,7.9,0,0,-0.9396926207859084,-0.34202014332566855,DB03
202004210400,105,8.4,0,0,-0.7660444431189779,-0.6427876096865395,DB03
202004210500,105,8.5,0,0,-0.7660444431189779,-0.6427876096865395,DB04
202004210600,105,8.7,0,0,-0.7660444431189779,-0.6427876096865395,DB04
202004210700,105,8.9,0,0,-0.7660444431189779,-0.6427876096865395,DB04
202004210800,105,10.2,0,0,-0.7660444431189779,-0.6427876096865395,DB03
202004210900,105,11.0,0,0,-0.7660444431189779,-0.6427876096865395,DB03
202004211000,105,11.5,0,0,-0.7660444431189779,-0.6427876096865395,DB03
202004211100,105,12.0,0,0,-0.9396926207859084,-0.34202014332566855,DB03
202004211200,105,12.5,0,0,-0.9396926207859084,-0.34202014332566855,DB02
202004211300,105,13.3,0,0,-0.7660444431189779,-0.6427876096865395,DB02
202004211400,105,13.4,0,0,-0.7660444431189779,-0.6427876096865395,DB02
202004211500,105,12.5,0,0,-0.7660444431189779,-0.6427876096865395,DB01
202004211600,105,12.4,0,0,-0.7660444431189779,-0.6427876096865395,DB02
202004211700,105,11.9,0,0,-0.9396926207859084,-0.34202014332566855,DB02
202004211800,105,10.8,0,0,-0.9396926207859083,0.342020143325669,DB02
202004211900,105,8.7,0,0,-0.9396926207859084,-0.34202014332566855,DB02
202004212000,105,7.9,0,0,-0.9396926207859084,-0.34202014332566855,DB03
202004212100,105,6.8,0,0,-0.7660444431189779,-0.6427876096865395,DB03
202004212200,105,6.4,0,0,-0.9396926207859084,-0.34202014332566855,DB03
202004212300,105,5.6,0,0,-0.9396926207859084,-0.34202014332566855,DB03
202004220000,105,5.4,0,0,-0.9396926207859084,-0.34202014332566855,DB01
202004220100,105,5.2,0,0,-0.9396926207859084,-0.34202014332566855,DB01
202004220200,105,5.1,0,0,-0.9396926207859084,-0.34202014332566855,DB01
202004220300,105,5.3,0,0,-0.9396926207859084,-0.34202014332566855,DB02
202004220400,105,5.7,0,0,-1.0,-1.8369701987210297e-16,DB03
202004220500,105,5.6,0,0,-0.9396926207859083,0.342020143325669,DB02
202004220600,105,5.4,0,0,-0.9396926207859084,-0.34202014332566855,DB01
202004220700,105,5.9,0,0,-0.7660444431189779,-0.6427876096865395,DB01
202004220800,105,7.0,0,0,-0.9396926207859084,-0.34202014332566855,DB01
202004220900,105,8.0,0,0,-0.9396926207859084,-0.34202014332566855,DB01
202004221000,105,9.5,0,0,-0.7660444431189779,-0.6427876096865395,DB01
202004221100,105,10.4,0,0,-0.9396926207859084,-0.34202014332566855,DB01
202004221200,105,11.1,0,0,-0.9396926207859084,-0.34202014332566855,DB01
202004221300,105,11.5,0,0,-0.7660444431189779,-0.6427876096865395,DB01
202004221400,105,12.0,0,0,-0.9396926207859084,-0.34202014332566855,DB01
202004221500,105,11.3,0,0,-0.9396926207859084,-0.34202014332566855,DB01
202004221600,105,11.2,0,0,-0.9396926207859084,-0.34202014332566855,DB01
202004221700,105,10.6,0,0,-0.9396926207859084,-0.34202014332566855,DB01
202004221800,105,9.5,0,0,-0.34202014332566866,-0.9396926207859084,DB01
202004221900,105,7.8,0,0,-0.7660444431189779,-0.6427876096865395,DB01
202004222000,105,7.3,0,0,-0.7660444431189779,-0.6427876096865395,DB02
202004222100,105,7.4,0,0,-0.9396926207859084,-0.34202014332566855,DB02
202004222200,105,7.1,0,0,-1.0,-1.8369701987210297e-16,DB01
202004222300,105,6.6,0,0,-1.0,-1.8369701987210297e-16,DB01
202004230000,105,6.2,0,0,-0.9396926207859084,-0.34202014332566855,DB01
202004230100,105,6.1,0,0,-0.9396926207859084,-0.34202014332566855,DB02
202004230200,105,5.8,0,0,-0.9396926207859084,-0.34202014332566855,DB01
202004230300,105,5.5,0,0,-0.7660444431189779,-0.6427876096865395,DB01
202004230400,105,5.4,0,0,-0.9396926207859084,-0.34202014332566855,DB01
202004230500,105,5.0,0,0,-0.7660444431189779,-0.6427876096865395,DB01
202004230600,105,5.1,0,0,-0.7660444431189779,-0.6427876096865395,DB01
202004230700,105,6.0,0,0,-0.7660444431189779,-0.6427876096865395,DB01
202004230800,105,7.3,0,0,-0.7660444431189779,-0.6427876096865395,DB01
202004230900,105,8.6,0,0,-0.7660444431189779,-0.6427876096865395,DB01
202004231000,105,10.5,0,0,-1.0,-1.8369701987210297e-16,DB01
202004231100,105,11.4,0,0,-1.0,-1.8369701987210297e-16,DB01
202004231200,105,12.7,0,0,-0.9396926207859084,-0.34202014332566855,DB02
202004231300,105,13.4,0,0,-0.9396926207859084,-0.34202014332566855,DB03
202004231400,105,14.6,0,0,-0.7660444431189779,-0.6427876096865395,DB02
202004231500,105,15.1,0,0,-0.7660444431189779,-0.6427876096865395,DB03
202004231600,105,15.0,0,0,-0.9396926207859084,-0.34202014332566855,DB03
202004231700,105,11.7,0,0,0.9396926207859083,0.3420201433256688,DB03
202004231800,105,10.6,0,0,1.0,6.123233995736766e-17,DB03
202004231900,105,10.0,0,0,1.0,6.123233995736766e-17,DB03
202004232000,105,9.6,0,0,-0.34202014332566866,-0.9396926207859084,DB03
202004232100,105,9.9,0,0,-0.9396926207859084,-0.34202014332566855,DB03
202004232200,105,9.7,0,0,-0.9396926207859084,-0.34202014332566855,DB02
202004232300,105,8.9,0,0,-0.7660444431189779,-0.6427876096865395,DB02
202004240000,105,7.8,0,0,-0.7660444431189779,-0.6427876096865395,DB01
202004240100,105,7.0,0,0,-0.9396926207859084,-0.34202014332566855,DB01
202004240200,105,6.6,0,0,-0.9396926207859084,-0.34202014332566855,DB01
202004240300,105,6.4,0,0,-0.9396926207859084,-0.34202014332566855,DB01
202004240400,105,6.4,0,0,-0.9396926207859084,-0.34202014332566855,DB02
202004240500,105,6.2,0,0,-0.9396926207859084,-0.34202014332566855,DB01
202004240600,105,6.3,0,0,-0.9396926207859084,-0.34202014332566855,DB01
202004240700,105,7.0,0,0,-0.9396926207859084,-0.34202014332566855,DB01
202004240800,105,8.8,0,0,-0.7660444431189779,-0.6427876096865395,DB02
202004240900,105,11.0,0,0,-0.9396926207859084,-0.34202014332566855,DB02
202004241000,105,12.7,0,0,-0.7660444431189779,-0.6427876096865395,DB03
202004241100,105,13.9,0,0,-1.0,-1.8369701987210297e-16,DB03
202004241200,105,14.4,0,0,-0.9396926207859084,-0.34202014332566855,DB03
202004241300,105,15.3,0,0,-0.7660444431189779,-0.6427876096865395,DB03
202004241400,105,16.1,0,0,-0.9396926207859084,-0.34202014332566855,DB03
202004241500,105,17.2,0,0,-0.9396926207859084,-0.34202014332566855,DB03
202004241600,105,17.0,0,0,-0.9396926207859084,-0.34202014332566855,DB03
202004241700,105,16.8,0,0,-0.9396926207859084,-0.34202014332566855,DB03
202004241800,105,16.7,0,0,-0.9396926207859084,-0.34202014332566855,DB03
202004241900,105,15.4,0,0,-0.9396926207859084,-0.34202014332566855,DB04
202004242000,105,14.3,0,0,-0.9396926207859084,-0.34202014332566855,DB03
202004242100,105,13.6,0,0,-0.9396926207859084,-0.34202014332566855,DB01
202004242200,105,13.0,0,0,1.2246467991473532e-16,-1.0,DB01
202004242300,105,13.0,0,0,-0.7660444431189779,-0.6427876096865395,DB01
202004250000,105,13.1,0,0,-0.7660444431189779,-0.6427876096865395,DB03
202004250100,105,13.4,0,0,-0.9396926207859084,-0.34202014332566855,DB02
202004250200,105,13.3,0,0,-0.9396926207859084,-0.34202014332566855,DB01
202004250300,105,13.0,0,0,-0.9396926207859084,-0.34202014332566855,DB01
202004250400,105,13.3,0,0,-0.9396926207859084,-0.34202014332566855,DB01
202004250500,105,13.1,0,0,-0.9396926207859083,0.342020143325669,DB01
202004250600,105,14.0,0,0,-1.0,-1.8369701987210297e-16,DB01
202004250700,105,14.6,0,0,-0.9396926207859083,0.342020143325669,DB01
202004250800,105,16.1,0,0,-1.0,-1.8369701987210297e-16,DB01
202004250900,105,17.5,0,0,-0.9396926207859084,-0.34202014332566855,DB01
202004251000,105,18.9,0,0,-0.9396926207859084,-0.34202014332566855,DB01
202004251100,105,20.3,0,0,-0.9396926207859084,-0.34202014332566855,DB01
202004251200,105,21.0,0,0,-0.7660444431189779,-0.6427876096865395,DB01
202004251300,105,19.9,0,0,0.9396926207859084,-0.3420201433256687,DB01
202004251400,105,20.5,0,0,0.9396926207859084,-0.3420201433256687,DB02
202004251500,105,21.9,0,0,-0.9396926207859084,-0.34202014332566855,DB04
202004251600,105,22.2,0,0,-0.7660444431189779,-0.6427876096865395,DB02
202004251700,105,21.4,0,0,-0.7660444431189779,-0.6427876096865395,DB02
202004251800,105,20.3,0,0,-1.0,-1.8369701987210297e-16,DB03
202004251900,105,16.1,0,0,0.766044443118978,0.6427876096865394,DB04
202004252000,105,15.7,0,0,-1.0,-1.8369701987210297e-16,DB03
202004252100,105,15.4,0,0,-0.6427876096865396,0.7660444431189778,DB03
202004252200,105,14.4,0,0,0.3420201433256687,0.9396926207859084,DB02
202004252300,105,13.8,0,0,-0.9396926207859083,0.342020143325669,DB03
202004260000,105,12.8,0,0,0.0,1.0,DB03
202004260100,105,13.3,0,0,-0.3420201433256686,0.9396926207859084,DB03
202004260200,105,12.3,0,0,0.0,1.0,DB03
202004260300,105,11.1,0,0,-0.7660444431189779,-0.6427876096865395,DB03
202004260400,105,10.7,0,0,-0.7660444431189779,-0.6427876096865395,DB02
202004260500,105,10.3,0,0,-1.0,-1.8369701987210297e-16,DB03
202004260600,105,10.1,0,0,-0.7660444431189779,-0.6427876096865395,DB02
202004260700,105,10.0,100,1,-0.7660444431189779,-0.6427876096865395,DB04
202004260800,105,9.8,0,0,0.766044443118978,0.6427876096865394,DB04
202004260900,105,8.7,100,1,-0.6427876096865396,0.7660444431189778,DB04
202004261000,105,8.3,100,1,-0.6427876096865396,0.7660444431189778,DB04
202004261100,105,8.7,100,1,0.3420201433256687,0.9396926207859084,DB04
202004261200,105,9.7,0,0,1.2246467991473532e-16,-1.0,DB03
202004261300,105,10.1,0,0,1.2246467991473532e-16,-1.0,DB03
202004261400,105,12.1,0,0,0.3420201433256689,-0.9396926207859083,DB03
202004261500,105,13.5,0,0,1.0,6.123233995736766e-17,DB02
202004261600,105,13.9,0,0,1.0,6.123233995736766e-17,DB02
202004261700,105,13.9,0,0,1.0,6.123233995736766e-17,DB01
202004261800,105,13.1,0,0,1.0,6.123233995736766e-17,DB02
202004261900,105,12.0,0,0,0.9396926207859083,0.3420201433256688,DB03
202004262000,105,10.8,0,0,-0.34202014332566866,-0.9396926207859084,DB03
202004262100,105,9.7,0,0,-0.7660444431189779,-0.6427876096865395,DB03
202004262200,105,8.8,0,0,-0.9396926207859083,0.342020143325669,DB01
202004262300,105,7.8,0,0,-0.34202014332566866,-0.9396926207859084,DB02
202004270000,105,8.5,0,0,-0.9396926207859083,0.342020143325669,DB03
202004270100,105,7.8,0,0,-0.34202014332566866,-0.9396926207859084,DB02
202004270200,105,7.6,0,0,-0.9396926207859084,-0.34202014332566855,DB01
202004270300,105,7.9,0,0,-0.9396926207859084,-0.34202014332566855,DB01
202004270400,105,8.6,0,0,-0.9396926207859084,-0.34202014332566855,DB01
202004270500,105,9.0,0,0,-0.9396926207859084,-0.34202014332566855,DB02
202004270600,105,9.2,0,0,-0.9396926207859084,-0.34202014332566855,DB02
202004270700,105,10.3,0,0,-0.9396926207859083,0.342020143325669,DB01
202004270800,105,11.9,0,0,-0.9396926207859084,-0.34202014332566855,DB01
202004270900,105,13.7,0,0,-0.9396926207859083,0.342020143325669,DB01
202004271000,105,14.2,0,0,0.9396926207859083,0.3420201433256688,DB02
202004271100,105,13.7,0,0,-0.3420201433256686,0.9396926207859084,DB03
202004271200,105,12.5,0,0,0.0,1.0,DB03
202004271300,105,13.1,0,0,0.3420201433256687,0.9396926207859084,DB04
202004271400,105,11.8,0,0,-1.0,-1.8369701987210297e-16,DB03
202004271500,105,12.4,0,0,0.0,1.0,DB03
202004271600,105,12.0,0,0,-1.0,-1.8369701987210297e-16,DB03
202004271700,105,11.1,100,1,-0.7660444431189779,-0.6427876096865395,DB03
202004271800,105,11.2,100,1,-0.7660444431189779,-0.6427876096865395,DB03
202004271900,105,10.2,0,0,-0.7660444431189779,-0.6427876096865395,DB03
202004272000,105,9.7,0,0,-0.7660444431189779,-0.6427876096865395,DB03
202004272100,105,9.7,0,0,-0.9396926207859084,-0.34202014332566855,DB03
202004272200,105,9.3,0,0,-0.9396926207859084,-0.34202014332566855,DB02
202004272300,105,9.1,0,0,-0.9396926207859084,-0.34202014332566855,DB02
202004280000,105,8.8,0,0,-0.9396926207859084,-0.34202014332566855,DB01
202004280100,105,8.8,0,0,-0.9396926207859084,-0.34202014332566855,DB01
202004280200,105,9.3,0,0,-0.7660444431189779,-0.6427876096865395,DB01
202004280300,105,10.0,0,0,-0.7660444431189779,-0.6427876096865395,DB01
202004280400,105,10.1,0,0,-0.7660444431189779,-0.6427876096865395,DB01
202004280500,105,10.0,0,0,-0.7660444431189779,-0.6427876096865395,DB01
202004280600,105,10.0,0,0,-0.9396926207859084,-0.34202014332566855,DB01
202004280700,105,11.2,0,0,-0.7660444431189779,-0.6427876096865395,DB01
202004280800,105,13.2,0,0,-0.7660444431189779,-0.6427876096865395,DB01
202004280900,105,15.2,0,0,-0.34202014332566866,-0.9396926207859084,DB01
202004281000,105,17.5,0,0,-0.7660444431189779,-0.6427876096865395,DB01
202004281100,105,18.9,0,0,-0.9396926207859084,-0.34202014332566855,DB01
202004281200,105,19.9,0,0,-0.9396926207859084,-0.34202014332566855,DB01
202004281300,105,20.6,0,0,-0.7660444431189779,-0.6427876096865395,DB01
202004281400,105,21.2,0,0,-0.7660444431189779,-0.6427876096865395,DB03
202004281500,105,21.8,0,0,-0.7660444431189779,-0.6427876096865395,DB03
202004281600,105,21.9,0,0,-0.34202014332566866,-0.9396926207859084,DB03
202004281700,105,22.1,0,0,-0.7660444431189779,-0.6427876096865395,DB02
202004281800,105,21.6,0,0,-0.9396926207859084,-0.34202014332566855,DB01
202004281900,105,20.5,0,0,-0.34202014332566866,-0.9396926207859084,DB03
202004282000,105,19.5,0,0,-0.7660444431189779,-0.6427876096865395,DB03
202004282100,105,18.8,0,0,-0.7660444431189779,-0.6427876096865395,DB01
202004282200,105,17.9,0,0,-0.7660444431189779,-0.6427876096865395,DB01
202004282300,105,17.3,0,0,-0.34202014332566866,-0.9396926207859084,DB01
202004290000,105,17.4,0,0,-0.7660444431189779,-0.6427876096865395,DB01
202004290100,105,17.1,0,0,-0.7660444431189779,-0.6427876096865395,DB02
202004290200,105,16.7,0,0,-0.7660444431189779,-0.6427876096865395,DB02
202004290300,105,16.8,0,0,-0.9396926207859084,-0.34202014332566855,DB01
202004290400,105,16.6,0,0,-0.7660444431189779,-0.6427876096865395,DB01
202004290500,105,16.9,0,0,-0.7660444431189779,-0.6427876096865395,DB02
202004290600,105,15.8,0,0,-0.9396926207859084,-0.34202014332566855,DB02
202004290700,105,16.8,0,0,-0.7660444431189779,-0.6427876096865395,DB01
202004290800,105,18.4,0,0,-0.7660444431189779,-0.6427876096865395,DB01
202004290900,105,19.7,0,0,-0.7660444431189779,-0.6427876096865395,DB02
202004291000,105,21.2,0,0,-0.7660444431189779,-0.6427876096865395,DB01
202004291100,105,22.7,0,0,-0.7660444431189779,-0.6427876096865395,DB02
202004291200,105,24.0,0,0,-1.0,-1.8369701987210297e-16,DB01
202004291300,105,22.9,0,0,1.0,6.123233995736766e-17,DB03
202004291400,105,23.6,0,0,1.0,6.123233995736766e-17,DB03
202004291500,105,22.7,0,0,0.9396926207859084,-0.3420201433256687,DB02
202004291600,105,22.8,0,0,1.0,6.123233995736766e-17,DB02
202004291700,105,21.7,0,0,1.0,6.123233995736766e-17,DB01
202004291800,105,20.6,0,0,0.3420201433256687,0.9396926207859084,DB01
202004291900,105,19.4,0,0,0.9396926207859083,0.3420201433256688,DB01
202004292000,105,20.5,0,0,-0.9396926207859084,-0.34202014332566855,DB01
202004292100,105,20.4,0,0,-0.9396926207859084,-0.34202014332566855,DB01
202004292200,105,19.5,0,0,-0.9396926207859084,-0.34202014332566855,DB01
202004292300,105,18.7,0,0,-0.9396926207859084,-0.34202014332566855,DB02
202004300000,105,18.3,0,0,-0.9396926207859084,-0.34202014332566855,DB02
202004300100,105,18.2,0,0,-0.7660444431189779,-0.6427876096865395,DB03
202004300200,105,18.0,0,0,-0.7660444431189779,-0.6427876096865395,DB03
202004300300,105,17.5,0,0,-0.34202014332566866,-0.9396926207859084,DB04
202004300400,105,17.0,0,0,-0.34202014332566866,-0.9396926207859084,DB01
202004300500,105,16.2,0,0,-0.7660444431189779,-0.6427876096865395,DB01
202004300600,105,15.8,0,0,-0.34202014332566866,-0.9396926207859084,DB01
202004300700,105,16.7,0,0,-0.7660444431189779,-0.6427876096865395,DB01
202004300800,105,18.0,0,0,-0.7660444431189779,-0.6427876096865395,DB01
202004300900,105,19.6,0,0,-0.7660444431189779,-0.6427876096865395,DB01
202004301000,105,21.9,0,0,1.2246467991473532e-16,-1.0,DB01
202004301100,105,23.3,0,0,-0.7660444431189779,-0.6427876096865395,DB01
202004301200,105,24.6,0,0,-0.9396926207859084,-0.34202014332566855,DB03
202004301300,105,26.0,0,0,-0.7660444431189779,-0.6427876096865395,DB02
202004301400,105,26.6,0,0,-0.7660444431189779,-0.6427876096865395,DB03
202004301500,105,26.2,0,0,-0.7660444431189779,-0.6427876096865395,DB04
202004301600,105,26.2,0,0,-0.7660444431189779,-0.6427876096865395,DB04
202004301700,105,25.7,0,0,-0.7660444431189779,-0.6427876096865395,DB04
202004301800,105,25.2,0,0,-0.9396926207859084,-0.34202014332566855,DB04
202004301900,105,24.4,0,0,-0.9396926207859084,-0.34202014332566855,DB03
202004302000,105,23.4,0,0,-0.9396926207859084,-0.34202014332566855,DB03
202004302100,105,20.7,0,0,1.2246467991473532e-16,-1.0,DB02
202004302200,105,22.4,0,0,-0.34202014332566866,-0.9396926207859084,DB03
202004302300,105,22.3,0,0,-0.7660444431189779,-0.6427876096865395,DB03
202005010000,105,21.5,0,0,-0.34202014332566866,-0.9396926207859084,DB01
202005010100,105,21.1,0,0,-0.7660444431189779,-0.6427876096865395,DB01
202005010200,105,21.0,0,0,-0.7660444431189779,-0.6427876096865395,DB01
202005010300,105,20.9,0,0,-0.34202014332566866,-0.9396926207859084,DB01
202005010400,105,20.5,0,0,-0.7660444431189779,-0.6427876096865395,DB01
202005010500,105,20.4,0,0,-0.7660444431189779,-0.6427876096865395,DB01
202005010600,105,20.2,0,0,-0.7660444431189779,-0.6427876096865395,DB01
202005010700,105,20.8,0,0,-0.7660444431189779,-0.6427876096865395,DB01
202005010800,105,22.4,0,0,-0.7660444431189779,-0.6427876096865395,DB01
202005010900,105,24.3,0,0,-0.7660444431189779,-0.6427876096865395,DB03
202005011000,105,26.7,0,0,-0.7660444431189779,-0.6427876096865395,DB02
202005011100,105,28.5,0,0,-0.7660444431189779,-0.6427876096865395,DB02
202005011200,105,29.9,0,0,-0.34202014332566866,-0.9396926207859084,DB01
202005011300,105,31.0,0,0,-0.6427876096865396,0.7660444431189778,DB02
202005011400,105,31.5,0,0,0.3420201433256687,0.9396926207859084,DB01
202005011500,105,32.4,0,0,-0.7660444431189779,-0.6427876096865395,DB02
202005011600,105,31.6,0,0,-0.7660444431189779,-0.6427876096865395,DB01
202005011700,105,30.7,0,0,-0.34202014332566866,-0.9396926207859084,DB02
202005011800,105,29.7,0,0,-0.34202014332566866,-0.9396926207859084,DB01
202005011900,105,28.7,0,0,-0.34202014332566866,-0.9396926207859084,DB02
202005012000,105,28.0,0,0,-0.7660444431189779,-0.6427876096865395,DB01
202005012100,105,27.2,0,0,-0.7660444431189779,-0.6427876096865395,DB01
202005012200,105,26.4,0,0,-0.34202014332566866,-0.9396926207859084,DB02
202005012300,105,25.9,0,0,-0.7660444431189779,-0.6427876096865395,DB02
202005020000,105,25.4,0,0,-0.34202014332566866,-0.9396926207859084,DB01
202005020100,105,24.8,0,0,-0.34202014332566866,-0.9396926207859084,DB02
202005020200,105,24.2,0,0,-0.34202014332566866,-0.9396926207859084,DB01
202005020300,105,23.7,0,0,-0.34202014332566866,-0.9396926207859084,DB01
202005020400,105,23.1,0,0,-0.34202014332566866,-0.9396926207859084,DB01
202005020500,105,22.9,0,0,-0.7660444431189779,-0.6427876096865395,DB01
202005020600,105,22.9,0,0,-0.7660444431189779,-0.6427876096865395,DB01
202005020700,105,23.7,0,0,-0.7660444431189779,-0.6427876096865395,DB01
202005020800,105,24.4,0,0,-0.7660444431189779,-0.6427876096865395,DB01
202005020900,105,25.3,0,0,-0.34202014332566866,-0.9396926207859084,DB02
202005021000,105,26.2,0,0,-0.7660444431189779,-0.6427876096865395,DB03
202005021100,105,26.6,0,0,-0.7660444431189779,-0.6427876096865395,DB04
202005021200,105,27.3,0,0,-0.7660444431189779,-0.6427876096865395,DB03
202005021300,105,27.8,0,0,-0.7660444431189779,-0.6427876096865395,DB03
202005021400,105,27.2,0,0,-0.7660444431189779,-0.6427876096865395,DB03
202005021500,105,27.0,0,0,-0.7660444431189779,-0.6427876096865395,DB03
202005021600,105,26.5,0,0,-0.7660444431189779,-0.6427876096865395,DB03
202005021700,105,26.3,0,0,-0.7660444431189779,-0.6427876096865395,DB03
202005021800,105,25.7,0,0,-0.7660444431189779,-0.6427876096865395,DB04
202005021900,105,25.2,0,0,-0.7660444431189779,-0.6427876096865395,DB04
202005022000,105,24.6,0,0,-0.7660444431189779,-0.6427876096865395,DB04
202005022100,105,24.1,0,0,-0.7660444431189779,-0.6427876096865395,DB04
202005022200,105,23.6,0,0,-0.34202014332566866,-0.9396926207859084,DB04
202005022300,105,23.6,0,0,-0.7660444431189779,-0.6427876096865395,DB04
202005030000,105,23.3,0,0,-0.7660444431189779,-0.6427876096865395,DB04
202005030100,105,23.1,0,0,-0.7660444431189779,-0.6427876096865395,DB04
202005030200,105,22.9,0,0,-0.7660444431189779,-0.6427876096865395,DB04
202005030300,105,22.2,0,0,-0.9396926207859084,-0.34202014332566855,DB04
202005030400,105,21.8,0,0,-0.9396926207859084,-0.34202014332566855,DB04
202005030500,105,21.2,0,0,-0.9396926207859084,-0.34202014332566855,DB04
202005030600,105,21.1,0,0,0.9396926207859083,0.3420201433256688,DB04
202005030700,105,21.0,0,0,0.6427876096865395,-0.7660444431189779,DB03
202005030800,105,22.3,0,0,-0.7660444431189779,-0.6427876096865395,DB03
202005030900,105,25.0,0,0,0.3420201433256689,-0.9396926207859083,DB03
202005031000,105,25.7,0,0,0.6427876096865395,-0.7660444431189779,DB04
202005031100,105,25.6,0,0,-0.9396926207859084,-0.34202014332566855,DB04
202005031200,105,24.0,0,0,-0.34202014332566866,-0.9396926207859084,DB04
202005031300,105,25.8,0,0,0.9396926207859084,-0.3420201433256687,DB03
202005031400,105,25.6,0,0,0.3420201433256689,-0.9396926207859083,DB04
202005031500,105,26.2,0,0,0.9396926207859084,-0.3420201433256687,DB03
202005031600,105,26.6,0,0,0.9396926207859084,-0.3420201433256687,DB03
202005031700,105,25.4,0,0,1.0,6.123233995736766e-17,DB03
202005031800,105,24.9,0,0,1.0,6.123233995736766e-17,DB03
202005031900,105,23.7,0,0,0.3420201433256687,0.9396926207859084,DB03
202005032000,105,22.8,0,0,-0.9396926207859083,0.342020143325669,DB03
202005032100,105,22.4,0,0,-0.6427876096865396,0.7660444431189778,DB03
202005032200,105,21.0,0,0,0.0,1.0,DB03
202005032300,105,20.1,0,0,0.6427876096865395,-0.7660444431189779,DB02
202005040000,105,19.1,0,0,1.2246467991473532e-16,-1.0,DB01
202005040100,105,20.2,0,0,-0.7660444431189779,-0.6427876096865395,DB01
202005040200,105,18.1,0,0,-0.6427876096865396,0.7660444431189778,DB03
202005040300,105,16.0,0,0,1.2246467991473532e-16,-1.0,DB03
202005040400,105,16.0,0,0,0.3420201433256687,0.9396926207859084,DB01
202005040500,105,15.7,0,0,1.0,6.123233995736766e-17,DB01
202005040600,105,16.0,0,0,0.0,1.0,DB01
202005040700,105,21.2,0,0,-0.7660444431189779,-0.6427876096865395,DB01
202005040800,105,23.7,0,0,-0.7660444431189779,-0.6427876096865395,DB02
202005040900,105,25.1,0,0,-0.7660444431189779,-0.6427876096865395,DB02
202005041000,105,27.0,0,0,-0.34202014332566866,-0.9396926207859084,DB03
202005041100,105,26.2,0,0,0.9396926207859083,0.3420201433256688,DB02
202005041200,105,26.9,0,0,1.0,6.123233995736766e-17,DB02
202005041300,105,19.5,0,0,0.9396926207859083,0.3420201433256688,DB04
202005041400,105,16.6,0,0,0.766044443118978,0.6427876096865394,DB04
202005041500,105,15.7,0,0,0.0,1.0,DB04
202005041600,105,14.2,100,1,0.9396926207859083,0.3420201433256688,DB04
202005041700,105,13.3,0,0,0.9396926207859083,0.3420201433256688,DB04
202005041800,105,12.9,0,0,1.0,6.123233995736766e-17,DB04
202005041900,105,12.8,0,0,0.9396926207859084,-0.3420201433256687,DB04
202005042000,105,12.8,0,0,0.3420201433256689,-0.9396926207859083,DB03
202005042100,105,12.8,0,0,0.3420201433256689,-0.9396926207859083,DB04
202005042200,105,12.8,0,0,1.2246467991473532e-16,-1.0,DB03
202005042300,105,12.7,0,0,0.3420201433256689,-0.9396926207859083,DB03
202005050000,105,12.5,0,0,1.0,6.123233995736766e-17,DB03
202005050100,105,12.6,0,0,1.2246467991473532e-16,-1.0,DB03
202005050200,105,12.6,0,0,-0.34202014332566866,-0.9396926207859084,DB03
202005050300,105,12.6,0,0,-0.7660444431189779,-0.6427876096865395,DB04
202005050400,105,12.7,0,0,1.2246467991473532e-16,-1.0,DB04
202005050500,105,12.6,0,0,0.3420201433256689,-0.9396926207859083,DB04
202005050600,105,12.6,0,0,1.2246467991473532e-16,-1.0,DB03
202005050700,105,13.0,0,0,0.0,1.0,DB02
202005050800,105,14.4,0,0,0.3420201433256689,-0.9396926207859083,DB03
202005050900,105,15.5,0,0,-0.34202014332566866,-0.9396926207859084,DB04
202005051000,105,17.5,0,0,0.3420201433256689,-0.9396926207859083,DB03
202005051100,105,18.0,0,0,1.0,6.123233995736766e-17,DB04
202005051200,105,18.5,0,0,1.0,6.123233995736766e-17,DB04
202005051300,105,17.0,0,0,1.0,6.123233995736766e-17,DB04
202005051400,105,17.9,0,0,0.9396926207859084,-0.3420201433256687,DB04
202005051500,105,17.6,0,0,0.9396926207859083,0.3420201433256688,DB04
202005051600,105,16.6,0,0,-0.3420201433256686,0.9396926207859084,DB04
202005051700,105,16.3,0,0,0.9396926207859083,0.3420201433256688,DB04
202005051800,105,17.2,0,0,-0.3420201433256686,0.9396926207859084,DB03
202005051900,105,16.6,0,0,1.0,6.123233995736766e-17,DB01
202005052000,105,15.6,0,0,-0.34202014332566866,-0.9396926207859084,DB01
202005052100,105,14.7,0,0,1.2246467991473532e-16,-1.0,DB01
202005052200,105,14.3,0,0,0.9396926207859083,0.3420201433256688,DB01
202005052300,105,13.6,0,0,1.2246467991473532e-16,-1.0,DB01
202005060000,105,13.0,0,0,-0.34202014332566866,-0.9396926207859084,DB01
202005060100,105,14.9,0,0,-0.9396926207859084,-0.34202014332566855,DB01
202005060200,105,14.8,0,0,-0.6427876096865396,0.7660444431189778,DB03
202005060300,105,14.6,0,0,-0.9396926207859083,0.342020143325669,DB03
202005060400,105,14.2,0,0,-0.9396926207859083,0.342020143325669,DB03
202005060500,105,13.4,0,0,-0.6427876096865396,0.7660444431189778,DB03
202005060600,105,12.7,0,0,-0.7660444431189779,-0.6427876096865395,DB01
202005060700,105,13.4,0,0,-0.34202014332566866,-0.9396926207859084,DB02
202005060800,105,15.3,0,0,-0.6427876096865396,0.7660444431189778,DB03
202005060900,105,17.2,0,0,0.3420201433256689,-0.9396926207859083,DB01
202005061000,105,18.2,0,0,0.9396926207859083,0.3420201433256688,DB01
202005061100,105,18.2,0,0,0.0,1.0,DB01
202005061200,105,19.4,0,0,0.9396926207859083,0.3420201433256688,DB01
202005061300,105,20.0,0,0,0.766044443118978,0.6427876096865394,DB01
202005061400,105,20.1,0,0,0.9396926207859083,0.3420201433256688,DB01
202005061500,105,19.9,0,0,0.9396926207859083,0.3420201433256688,DB01
202005061600,105,18.6,0,0,0.9396926207859083,0.3420201433256688,DB01
202005061700,105,17.8,0,0,1.0,6.123233995736766e-17,DB01
202005061800,105,16.8,0,0,1.0,6.123233995736766e-17,DB01
202005061900,105,15.7,0,0,1.0,6.123233995736766e-17,DB01
202005062000,105,14.8,0,0,0.9396926207859084,-0.3420201433256687,DB01
202005062100,105,14.2,0,0,-0.7660444431189779,-0.6427876096865395,DB01
202005062200,105,13.4,0,0,-0.9396926207859084,-0.34202014332566855,DB01
202005062300,105,12.6,0,0,-0.7660444431189779,-0.6427876096865395,DB01
202005070000,105,11.6,0,0,-0.7660444431189779,-0.6427876096865395,DB01
202005070100,105,11.1,0,0,-0.7660444431189779,-0.6427876096865395,DB02
202005070200,105,10.8,0,0,-0.7660444431189779,-0.6427876096865395,DB01
202005070300,105,10.6,0,0,-0.34202014332566866,-0.9396926207859084,DB01
202005070400,105,10.1,0,0,-0.7660444431189779,-0.6427876096865395,DB01
202005070500,105,9.4,0,0,-0.7660444431189779,-0.6427876096865395,DB01
202005070600,105,9.5,0,0,-0.7660444431189779,-0.6427876096865395,DB02
202005070700,105,11.0,0,0,-0.7660444431189779,-0.6427876096865395,DB02
202005070800,105,13.9,0,0,0.6427876096865395,-0.7660444431189779,DB01
202005070900,105,15.9,0,0,1.0,6.123233995736766e-17,DB04
202005071000,105,17.4,0,0,0.9396926207859083,0.3420201433256688,DB03
202005071100,105,19.0,0,0,0.9396926207859083,0.3420201433256688,DB03
202005071200,105,19.3,0,0,0.9396926207859083,0.3420201433256688,DB03
202005071300,105,18.8,0,0,0.9396926207859083,0.3420201433256688,DB04
202005071400,105,19.9,0,0,1.0,6.123233995736766e-17,DB04
202005071500,105,20.3,0,0,1.0,6.123233995736766e-17,DB04
202005071600,105,18.3,0,0,1.0,6.123233995736766e-17,DB04
202005071700,105,18.3,0,0,1.0,6.123233995736766e-17,DB03
202005071800,105,17.4,0,0,1.0,6.123233995736766e-17,DB03
202005071900,105,16.6,0,0,1.0,6.123233995736766e-17,DB04
202005072000,105,16.0,0,0,1.2246467991473532e-16,-1.0,DB04
202005072100,105,15.2,0,0,0.6427876096865395,-0.7660444431189779,DB04
202005072200,105,14.8,0,0,-0.7660444431189779,-0.6427876096865395,DB04
202005072300,105,14.0,0,0,-0.7660444431189779,-0.6427876096865395,DB04
202005080000,105,13.8,0,0,-0.9396926207859084,-0.34202014332566855,DB03
202005080100,105,13.3,0,0,-0.9396926207859083,0.342020143325669,DB04
202005080200,105,12.5,0,0,-0.34202014332566866,-0.9396926207859084,DB03
202005080300,105,11.7,0,0,-0.34202014332566866,-0.9396926207859084,DB03
202005080400,105,10.8,0,0,-0.34202014332566866,-0.9396926207859084,DB03
202005080500,105,10.1,0,0,0.0,1.0,DB02
202005080600,105,9.9,0,0,0.0,1.0,DB03
202005080700,105,10.8,0,0,1.2246467991473532e-16,-1.0,DB02
202005080800,105,14.4,0,0,1.2246467991473532e-16,-1.0,DB04
202005080900,105,16.8,0,0,0.3420201433256689,-0.9396926207859083,DB03
202005081000,105,18.5,0,0,0.9396926207859083,0.3420201433256688,DB01
202005081100,105,19.1,0,0,-0.3420201433256686,0.9396926207859084,DB01
202005081200,105,20.8,0,0,1.0,6.123233995736766e-17,DB01
202005081300,105,21.0,0,0,1.0,6.123233995736766e-17,DB02
202005081400,105,21.5,0,0,0.3420201433256687,0.9396926207859084,DB02
202005081500,105,22.1,0,0,0.766044443118978,0.6427876096865394,DB03
202005081600,105,20.8,0,0,-0.6427876096865396,0.7660444431189778,DB03
202005081700,105,19.0,0,0,-0.3420201433256686,0.9396926207859084,DB04
202005081800,105,17.8,0,0,-0.6427876096865396,0.7660444431189778,DB04
202005081900,105,16.8,0,0,-0.6427876096865396,0.7660444431189778,DB04
202005082000,105,16.5,0,0,-0.6427876096865396,0.7660444431189778,DB04
202005082100,105,16.2,0,0,-0.9396926207859083,0.342020143325669,DB04
202005082200,105,16.2,0,0,-0.6427876096865396,0.7660444431189778,DB04
202005082300,105,15.8,0,0,-0.34202014332566866,-0.9396926207859084,DB04
202005090000,105,15.3,100,1,-0.9396926207859083,0.342020143325669,DB04
202005090100,105,14.4,100,1,1.2246467991473532e-16,-1.0,DB04
202005090200,105,13.8,100,1,-0.7660444431189779,-0.6427876096865395,DB04
202005090300,105,13.5,100,1,1.2246467991473532e-16,-1.0,DB04
202005090400,105,13.6,100,1,-0.6427876096865396,0.7660444431189778,DB04
202005090500,105,13.7,100,1,0.0,1.0,DB04
202005090600,105,13.5,100,1,-0.6427876096865396,0.7660444431189778,DB04
202005090700,105,13.6,100,1,-0.6427876096865396,0.7660444431189778,DB04
202005090800,105,13.8,100,1,-0.3420201433256686,0.9396926207859084,DB04
202005090900,105,14.0,100,1,0.9396926207859083,0.3420201433256688,DB04
202005091000,105,14.3,100,1,0.0,1.0,DB04
202005091100,105,14.5,100,1,0.766044443118978,0.6427876096865394,DB04
202005091200,105,14.7,100,1,0.766044443118978,0.6427876096865394,DB04
202005091300,105,15.3,100,1,-0.9396926207859083,0.342020143325669,DB04
202005091400,105,15.8,100,1,-0.34202014332566866,-0.9396926207859084,DB04
202005091500,105,16.3,0,0,0.6427876096865395,-0.7660444431189779,DB04
202005091600,105,17.3,0,0,-0.34202014332566866,-0.9396926207859084,DB04
202005091700,105,18.0,0,0,-1.0,-1.8369701987210297e-16,DB04
202005091800,105,18.0,0,0,0.0,1.0,DB04
202005091900,105,16.8,0,0,-0.6427876096865396,0.7660444431189778,DB03
202005092000,105,16.2,0,0,-0.6427876096865396,0.7660444431189778,DB03
202005092100,105,15.9,0,0,0.0,1.0,DB03
202005092200,105,15.8,0,0,-0.7660444431189779,-0.6427876096865395,DB04
202005092300,105,15.6,0,0,-0.6427876096865396,0.7660444431189778,DB04
202005100000,105,15.4,0,0,-0.6427876096865396,0.7660444431189778,DB04
202005100100,105,15.4,0,0,0.3420201433256689,-0.9396926207859083,DB04
202005100200,105,15.4,0,0,0.0,1.0,DB04
202005100300,105,15.4,0,0,0.3420201433256689,-0.9396926207859083,DB03
202005100400,105,16.7,0,0,-0.7660444431189779,-0.6427876096865395,DB03
202005100500,105,16.6,0,0,-0.7660444431189779,-0.6427876096865395,DB04
202005100600,105,16.6,0,0,-0.34202014332566866,-0.9396926207859084,DB03
202005100700,105,17.0,0,0,-0.34202014332566866,-0.9396926207859084,DB02
202005100800,105,17.4,0,0,-0.7660444431189779,-0.6427876096865395,DB04
202005100900,105,19.5,0,0,-0.7660444431189779,-0.6427876096865395,DB03
202005101000,105,20.5,0,0,-0.7660444431189779,-0.6427876096865395,DB02
202005101100,105,20.8,0,0,-0.7660444431189779,-0.6427876096865395,DB03
202005101200,105,22.4,0,0,-0.7660444431189779,-0.6427876096865395,DB02
202005101300,105,22.1,0,0,-0.7660444431189779,-0.6427876096865395,DB03
202005101400,105,21.0,0,0,-0.7660444431189779,-0.6427876096865395,DB03
202005101500,105,20.5,0,0,-0.7660444431189779,-0.6427876096865395,DB03
202005101600,105,20.6,0,0,-0.7660444431189779,-0.6427876096865395,DB03
202005101700,105,22.0,0,0,-0.7660444431189779,-0.6427876096865395,DB02
202005101800,105,21.3,0,0,-0.9396926207859084,-0.34202014332566855,DB01
202005101900,105,19.8,0,0,-0.7660444431189779,-0.6427876096865395,DB01
202005102000,105,19.4,0,0,-0.7660444431189779,-0.6427876096865395,DB01
202005102100,105,18.9,0,0,1.2246467991473532e-16,-1.0,DB01
202005102200,105,18.8,0,0,-0.7660444431189779,-0.6427876096865395,DB01
202005102300,105,19.0,0,0,-0.7660444431189779,-0.6427876096865395,DB01
202005110000,105,18.7,0,0,-0.7660444431189779,-0.6427876096865395,DB01
202005110100,105,18.7,0,0,-0.34202014332566866,-0.9396926207859084,DB01
202005110200,105,18.2,0,0,1.2246467991473532e-16,-1.0,DB01
202005110300,105,17.5,0,0,1.2246467991473532e-16,-1.0,DB01
202005110400,105,17.2,0,0,1.2246467991473532e-16,-1.0,DB01
202005110500,105,17.3,0,0,-0.9396926207859084,-0.34202014332566855,DB01
202005110600,105,17.3,0,0,-0.34202014332566866,-0.9396926207859084,DB01
202005110700,105,17.8,0,0,-0.34202014332566866,-0.9396926207859084,DB01
202005110800,105,18.8,0,0,-0.34202014332566866,-0.9396926207859084,DB01
202005110900,105,20.8,0,0,-0.9396926207859084,-0.34202014332566855,DB03
202005111000,105,21.6,0,0,-0.9396926207859084,-0.34202014332566855,DB03
202005111100,105,23.8,0,0,-0.9396926207859084,-0.34202014332566855,DB03
202005111200,105,24.3,0,0,-0.7660444431189779,-0.6427876096865395,DB02
202005111300,105,24.5,0,0,-0.7660444431189779,-0.6427876096865395,DB02
202005111400,105,24.6,0,0,-0.7660444431189779,-0.6427876096865395,DB01
202005111500,105,24.9,0,0,-0.7660444431189779,-0.6427876096865395,DB03
202005111600,105,25.8,0,0,-0.9396926207859084,-0.34202014332566855,DB03
202005111700,105,25.2,0,0,-0.7660444431189779,-0.6427876096865395,DB03
202005111800,105,23.6,0,0,-0.7660444431189779,-0.6427876096865395,DB04
202005111900,105,21.9,0,0,-0.9396926207859084,-0.34202014332566855,DB03
202005112000,105,21.1,0,0,-0.9396926207859084,-0.34202014332566855,DB03
202005112100,105,20.2,0,0,-0.34202014332566866,-0.9396926207859084,DB03
202005112200,105,19.6,0,0,-0.7660444431189779,-0.6427876096865395,DB03
202005112300,105,19.0,0,0,-1.0,-1.8369701987210297e-16,DB03
202005120000,105,18.5,0,0,-1.0,-1.8369701987210297e-16,DB02
202005120100,105,18.2,0,0,-1.0,-1.8369701987210297e-16,DB02
202005120200,105,16.9,0,0,-0.34202014332566866,-0.9396926207859084,DB04
202005120300,105,15.3,0,0,-0.9396926207859083,0.342020143325669,DB03
202005120400,105,15.4,0,0,-1.0,-1.8369701987210297e-16,DB02
202005120500,105,16.1,0,0,-0.7660444431189779,-0.6427876096865395,DB02
202005120600,105,16.1,0,0,-0.34202014332566866,-0.9396926207859084,DB01
202005120700,105,16.4,0,0,-0.7660444431189779,-0.6427876096865395,DB01
202005120800,105,16.9,0,0,-0.7660444431189779,-0.6427876096865395,DB01
202005120900,105,17.8,0,0,-0.9396926207859084,-0.34202014332566855,DB01
202005121000,105,18.3,0,0,-0.7660444431189779,-0.6427876096865395,DB01
202005121100,105,20.3,0,0,-0.9396926207859084,-0.34202014332566855,DB03
202005121200,105,21.5,0,0,-0.9396926207859084,-0.34202014332566855,DB02
202005121300,105,22.2,0,0,-0.9396926207859084,-0.34202014332566855,DB03
202005121400,105,22.4,0,0,-0.7660444431189779,-0.6427876096865395,DB03
202005121500,105,21.9,0,0,-0.7660444431189779,-0.6427876096865395,DB03
202005121600,105,21.7,0,0,-0.9396926207859084,-0.34202014332566855,DB02
202005121700,105,21.9,0,0,-0.7660444431189779,-0.6427876096865395,DB02
202005121800,105,20.9,0,0,-0.9396926207859084,-0.34202014332566855,DB02
202005121900,105,20.0,0,0,-0.9396926207859084,-0.34202014332566855,DB03
202005122000,105,18.4,0,0,-1.0,-1.8369701987210297e-16,DB02
202005122100,105,17.5,0,0,-0.9396926207859084,-0.34202014332566855,DB01
202005122200,105,16.5,0,0,-0.7660444431189779,-0.6427876096865395,DB02
202005122300,105,16.5,0,0,-0.7660444431189779,-0.6427876096865395,DB03
202005130000,105,16.2,0,0,-0.7660444431189779,-0.6427876096865395,DB03
202005130100,105,15.7,0,0,-0.9396926207859083,0.342020143325669,DB02
202005130200,105,15.3,0,0,-0.7660444431189779,-0.6427876096865395,DB01
202005130300,105,13.9,0,0,-0.34202014332566866,-0.9396926207859084,DB01
202005130400,105,13.7,0,0,-0.34202014332566866,-0.9396926207859084,DB01
202005130500,105,14.1,0,0,-0.7660444431189779,-0.6427876096865395,DB01
202005130600,105,14.4,0,0,-0.7660444431189779,-0.6427876096865395,DB01
202005130700,105,15.7,0,0,-0.7660444431189779,-0.6427876096865395,DB01
202005130800,105,17.8,0,0,-0.7660444431189779,-0.6427876096865395,DB01
202005130900,105,19.6,0,0,-0.7660444431189779,-0.6427876096865395,DB01
202005131000,105,21.2,0,0,-0.9396926207859084,-0.34202014332566855,DB02
202005131100,105,22.5,0,0,-1.0,-1.8369701987210297e-16,DB02
202005131200,105,23.0,0,0,-0.9396926207859084,-0.34202014332566855,DB01
202005131300,105,23.5,0,0,-0.9396926207859084,-0.34202014332566855,DB01
202005131400,105,24.1,0,0,-0.7660444431189779,-0.6427876096865395,DB01
202005131500,105,24.9,0,0,-0.7660444431189779,-0.6427876096865395,DB01
202005131600,105,25.5,0,0,-0.9396926207859084,-0.34202014332566855,DB01
202005131700,105,25.6,0,0,-1.0,-1.8369701987210297e-16,DB01
202005131800,105,24.4,0,0,-0.9396926207859084,-0.34202014332566855,DB03
202005131900,105,22.7,0,0,-0.7660444431189779,-0.6427876096865395,DB01
202005132000,105,21.2,0,0,-0.7660444431189779,-0.6427876096865395,DB01
202005132100,105,20.1,0,0,-0.34202014332566866,-0.9396926207859084,DB01
202005132200,105,19.9,0,0,-0.7660444431189779,-0.6427876096865395,DB01
202005132300,105,19.8,0,0,-0.7660444431189779,-0.6427876096865395,DB01
202005140000,105,19.6,0,0,-0.7660444431189779,-0.6427876096865395,DB01
202005140100,105,19.7,0,0,-0.9396926207859084,-0.34202014332566855,DB03
202005140200,105,20.0,0,0,-0.7660444431189779,-0.6427876096865395,DB02
202005140300,105,20.0,0,0,-0.7660444431189779,-0.6427876096865395,DB03
202005140400,105,20.3,0,0,-0.7660444431189779,-0.6427876096865395,DB03
202005140500,105,20.1,0,0,-0.7660444431189779,-0.6427876096865395,DB03
202005140600,105,20.3,0,0,-0.7660444431189779,-0.6427876096865395,DB03
202005140700,105,20.7,0,0,-0.9396926207859084,-0.34202014332566855,DB03
202005140800,105,22.5,0,0,-0.7660444431189779,-0.6427876096865395,DB02
202005140900,105,24.2,0,0,-0.7660444431189779,-0.6427876096865395,DB03
202005141000,105,25.5,0,0,-0.7660444431189779,-0.6427876096865395,DB02
202005141100,105,26.9,0,0,-0.7660444431189779,-0.6427876096865395,DB03
202005141200,105,27.6,0,0,-0.7660444431189779,-0.6427876096865395,DB03
202005141300,105,28.4,0,0,-0.7660444431189779,-0.6427876096865395,DB03
202005141400,105,28.2,0,0,1.2246467991473532e-16,-1.0,DB03
202005141500,105,28.8,0,0,0.3420201433256687,0.9396926207859084,DB04
202005141600,105,28.5,0,0,-0.3420201433256686,0.9396926207859084,DB03
202005141700,105,27.6,0,0,-0.9396926207859083,0.342020143325669,DB04
202005141800,105,26.7,0,0,-1.0,-1.8369701987210297e-16,DB04
202005141900,105,26.4,0,0,-1.0,-1.8369701987210297e-16,DB04
202005142000,105,25.3,0,0,-0.7660444431189779,-0.6427876096865395,DB04
202005142100,105,24.5,0,0,-0.7660444431189779,-0.6427876096865395,DB04
202005142200,105,22.6,0,0,-0.9396926207859084,-0.34202014332566855,DB04
202005142300,105,21.5,0,0,-0.7660444431189779,-0.6427876096865395,DB04
202005150000,105,22.4,0,0,-0.9396926207859084,-0.34202014332566855,DB04
202005150100,105,21.5,0,0,-0.34202014332566866,-0.9396926207859084,DB04
202005150200,105,21.5,0,0,-0.7660444431189779,-0.6427876096865395,DB04
202005150300,105,21.2,0,0,0.3420201433256687,0.9396926207859084,DB04
202005150400,105,20.8,0,0,0.9396926207859084,-0.3420201433256687,DB04
202005150500,105,20.2,0,0,-0.9396926207859084,-0.34202014332566855,DB04
202005150600,105,20.6,0,0,1.0,6.123233995736766e-17,DB04
202005150700,105,22.4,0,0,-0.34202014332566866,-0.9396926207859084,DB04
202005150800,105,21.4,0,0,-1.0,-1.8369701987210297e-16,DB04
202005150900,105,19.3,0,0,-1.0,-1.8369701987210297e-16,DB04
202005151000,105,17.5,100,1,-0.7660444431189779,-0.6427876096865395,DB04
202005151100,105,16.6,100,1,-0.34202014332566866,-0.9396926207859084,DB04
202005151200,105,16.2,100,1,-0.34202014332566866,-0.9396926207859084,DB04
202005151300,105,15.5,100,1,0.766044443118978,0.6427876096865394,DB04
202005151400,105,15.4,100,1,1.0,6.123233995736766e-17,DB04
202005151500,105,15.9,100,1,0.6427876096865395,-0.7660444431189779,DB04
202005151600,105,15.3,0,0,0.9396926207859084,-0.3420201433256687,DB04
202005151700,105,15.3,0,0,0.9396926207859084,-0.3420201433256687,DB04
202005151800,105,15.3,0,0,0.6427876096865395,-0.7660444431189779,DB04
202005151900,105,15.4,0,0,0.6427876096865395,-0.7660444431189779,DB03
202005152000,105,15.0,0,0,0.9396926207859084,-0.3420201433256687,DB04
202005152100,105,14.9,100,1,0.9396926207859084,-0.3420201433256687,DB04
202005152200,105,14.9,0,0,0.9396926207859084,-0.3420201433256687,DB03
202005152300,105,15.0,0,0,0.9396926207859084,-0.3420201433256687,DB04
202005160000,105,15.1,0,0,0.0,1.0,DB03
202005160100,105,14.9,0,0,-0.9396926207859083,0.342020143325669,DB03
202005160200,105,14.7,0,0,0.0,1.0,DB04
202005160300,105,14.6,0,0,-0.7660444431189779,-0.6427876096865395,DB03
202005160400,105,14.5,0,0,0.0,1.0,DB04
202005160500,105,14.3,0,0,-0.7660444431189779,-0.6427876096865395,DB04
202005160600,105,14.3,0,0,-0.34202014332566866,-0.9396926207859084,DB04
202005160700,105,14.7,0,0,-0.7660444431189779,-0.6427876096865395,DB03
202005160800,105,15.7,0,0,-0.6427876096865396,0.7660444431189778,DB04
202005160900,105,15.7,0,0,-0.6427876096865396,0.7660444431189778,DB04
202005161000,105,16.7,0,0,0.3420201433256687,0.9396926207859084,DB04
202005161100,105,16.7,0,0,-0.3420201433256686,0.9396926207859084,DB04
202005161200,105,16.8,0,0,-0.3420201433256686,0.9396926207859084,DB04
202005161300,105,17.1,0,0,-0.6427876096865396,0.7660444431189778,DB04
202005161400,105,17.8,0,0,0.766044443118978,0.6427876096865394,DB04
202005161500,105,17.5,0,0,0.0,1.0,DB04
202005161600,105,16.8,0,0,0.0,1.0,DB04
202005161700,105,16.7,0,0,-0.3420201433256686,0.9396926207859084,DB04
202005161800,105,16.5,0,0,0.3420201433256687,0.9396926207859084,DB04
202005161900,105,16.3,0,0,0.9396926207859084,-0.3420201433256687,DB03
202005162000,105,16.1,0,0,1.0,6.123233995736766e-17,DB04
202005162100,105,15.9,0,0,1.0,6.123233995736766e-17,DB03
202005162200,105,15.9,0,0,1.0,6.123233995736766e-17,DB03
202005162300,105,15.7,0,0,1.0,6.123233995736766e-17,DB03
202005170000,105,15.6,0,0,0.9396926207859083,0.3420201433256688,DB03
202005170100,105,15.6,0,0,-1.0,-1.8369701987210297e-16,DB03
202005170200,105,15.4,0,0,1.2246467991473532e-16,-1.0,DB03
202005170300,105,15.4,0,0,0.0,1.0,DB03
202005170400,105,15.6,0,0,-0.9396926207859083,0.342020143325669,DB04
202005170500,105,15.5,0,0,0.0,1.0,DB03
202005170600,105,15.7,0,0,-0.6427876096865396,0.7660444431189778,DB01
202005170700,105,16.0,0,0,-0.3420201433256686,0.9396926207859084,DB01
202005170800,105,16.8,0,0,0.3420201433256689,-0.9396926207859083,DB03
202005170900,105,18.3,0,0,1.0,6.123233995736766e-17,DB01
202005171000,105,19.8,0,0,0.3420201433256689,-0.9396926207859083,DB01
202005171100,105,22.0,0,0,0.0,1.0,DB01
202005171200,105,23.4,0,0,0.766044443118978,0.6427876096865394,DB01
202005171300,105,24.1,0,0,0.766044443118978,0.6427876096865394,DB01
202005171400,105,24.6,0,0,0.9396926207859083,0.3420201433256688,DB01
202005171500,105,24.7,0,0,0.9396926207859083,0.3420201433256688,DB03
202005171600,105,21.1,0,0,-0.6427876096865396,0.7660444431189778,DB03
202005171700,105,17.8,0,0,-0.6427876096865396,0.7660444431189778,DB03
202005171800,105,16.9,0,0,-0.6427876096865396,0.7660444431189778,DB01
202005171900,105,16.5,0,0,-0.9396926207859083,0.342020143325669,DB02
202005172000,105,16.6,0,0,-1.0,-1.8369701987210297e-16,DB03
202005172100,105,16.9,0,0,-0.9396926207859084,-0.34202014332566855,DB03
202005172200,105,16.8,0,0,0.3420201433256689,-0.9396926207859083,DB02
202005172300,105,16.7,0,0,0.9396926207859083,0.3420201433256688,DB03
202005180000,105,16.6,0,0,0.9396926207859084,-0.3420201433256687,DB03
202005180100,105,16.4,0,0,-0.6427876096865396,0.7660444431189778,DB04
202005180200,105,15.7,0,0,-0.6427876096865396,0.7660444431189778,DB03
202005180300,105,15.7,0,0,-0.6427876096865396,0.7660444431189778,DB03
202005180400,105,15.8,100,1,-0.34202014332566866,-0.9396926207859084,DB02
202005180500,105,15.7,100,1,0.3420201433256689,-0.9396926207859083,DB03
202005180600,105,15.7,100,1,1.0,6.123233995736766e-17,DB02
202005180700,105,16.0,0,0,0.9396926207859084,-0.3420201433256687,DB02
202005180800,105,16.0,0,0,0.9396926207859084,-0.3420201433256687,DB04
202005180900,105,16.0,0,0,0.9396926207859084,-0.3420201433256687,DB04
202005181000,105,16.4,0,0,1.0,6.123233995736766e-17,DB04
202005181100,105,18.0,0,0,0.9396926207859084,-0.3420201433256687,DB04
202005181200,105,17.4,0,0,1.0,6.123233995736766e-17,DB04
202005181300,105,16.6,0,0,0.9396926207859084,-0.3420201433256687,DB03
202005181400,105,16.0,0,0,1.0,6.123233995736766e-17,DB04
202005181500,105,15.6,100,1,0.9396926207859084,-0.3420201433256687,DB04
202005181600,105,15.3,100,1,0.9396926207859084,-0.3420201433256687,DB04
202005181700,105,15.4,100,1,1.0,6.123233995736766e-17,DB04
202005181800,105,15.5,100,1,1.0,6.123233995736766e-17,DB04
202005181900,105,15.4,100,1,1.0,6.123233995736766e-17,DB04
202005182000,105,15.2,100,1,0.0,1.0,DB04
202005182100,105,15.1,100,1,0.3420201433256687,0.9396926207859084,DB04
202005182200,105,14.8,100,1,1.0,6.123233995736766e-17,DB04
202005182300,105,14.9,100,1,1.0,6.123233995736766e-17,DB04
202005190000,105,14.7,100,1,1.0,6.123233995736766e-17,DB04
202005190100,105,14.5,100,1,1.0,6.123233995736766e-17,DB04
202005190200,105,14.4,100,1,0.9396926207859084,-0.3420201433256687,DB04
202005190300,105,14.5,100,1,0.9396926207859083,0.3420201433256688,DB04
202005190400,105,14.5,100,1,0.0,1.0,DB04
202005190500,105,14.5,100,1,-0.6427876096865396,0.7660444431189778,DB04
202005190600,105,13.4,100,1,-0.9396926207859083,0.342020143325669,DB03
202005190700,105,14.2,0,0,-0.9396926207859084,-0.34202014332566855,DB03
202005190800,105,14.9,0,0,-0.9396926207859083,0.342020143325669,DB04
202005190900,105,16.5,0,0,-0.9396926207859084,-0.34202014332566855,DB03
202005191000,105,16.2,0,0,-1.0,-1.8369701987210297e-16,DB04
202005191100,105,15.7,0,0,-0.6427876096865396,0.7660444431189778,DB04
202005191200,105,13.8,100,1,-0.9396926207859083,0.342020143325669,DB04
202005191300,105,13.3,100,1,-0.6427876096865396,0.7660444431189778,DB04
202005191400,105,12.5,0,0,-0.6427876096865396,0.7660444431189778,DB04
202005191500,105,10.9,100,1,-0.9396926207859083,0.342020143325669,DB04
202005191600,105,10.8,100,1,-0.9396926207859083,0.342020143325669,DB04
202005191700,105,10.1,100,1,-0.9396926207859083,0.342020143325669,DB04
202005191800,105,9.4,100,1,-0.9396926207859083,0.342020143325669,DB04
202005191900,105,9.3,0,0,-0.9396926207859083,0.342020143325669,DB03
202005192000,105,9.3,0,0,-0.9396926207859083,0.342020143325669,DB01
202005192100,105,9.3,0,0,-0.9396926207859083,0.342020143325669,DB04
202005192200,105,9.6,0,0,-0.9396926207859083,0.342020143325669,DB03
202005192300,105,9.9,0,0,-0.9396926207859083,0.342020143325669,DB02
202005200000,105,9.5,0,0,-0.6427876096865396,0.7660444431189778,DB04
202005200100,105,9.5,0,0,-0.9396926207859083,0.342020143325669,DB04
202005200200,105,9.7,0,0,-0.9396926207859083,0.342020143325669,DB04
202005200300,105,9.6,100,1,-0.9396926207859083,0.342020143325669,DB04
202005200400,105,9.5,100,1,-0.9396926207859083,0.342020143325669,DB04
202005200500,105,9.4,100,1,-0.9396926207859083,0.342020143325669,DB04
202005200600,105,9.4,100,1,-0.6427876096865396,0.7660444431189778,DB03
202005200700,105,9.6,100,1,-0.9396926207859083,0.342020143325669,DB04
202005200800,105,9.8,100,1,-0.6427876096865396,0.7660444431189778,DB04
202005200900,105,9.8,100,1,-0.9396926207859083,0.342020143325669,DB04
202005201000,105,10.0,100,1,-0.9396926207859083,0.342020143325669,DB04
202005201100,105,10.8,0,0,-0.6427876096865396,0.7660444431189778,DB04
202005201200,105,11.5,0,0,-0.9396926207859083,0.342020143325669,DB04
202005201300,105,10.9,100,1,-0.6427876096865396,0.7660444431189778,DB04
202005201400,105,12.8,0,0,-0.9396926207859083,0.342020143325669,DB04
202005201500,105,13.5,0,0,0.0,1.0,DB04
202005201600,105,14.1,0,0,-0.6427876096865396,0.7660444431189778,DB04
202005201700,105,13.5,0,0,-0.6427876096865396,0.7660444431189778,DB04
202005201800,105,13.4,0,0,0.0,1.0,DB04
202005201900,105,12.6,0,0,-0.3420201433256686,0.9396926207859084,DB03
202005202000,105,11.9,0,0,-1.0,-1.8369701987210297e-16,DB02
202005202100,105,10.5,0,0,-0.9396926207859084,-0.34202014332566855,DB02
202005202200,105,9.5,0,0,-0.9396926207859084,-0.34202014332566855,DB01
202005202300,105,8.9,0,0,-0.9396926207859084,-0.34202014332566855,DB02
202005210000,105,8.6,0,0,-0.9396926207859084,-0.34202014332566855,DB02
202005210100,105,8.3,0,0,-0.7660444431189779,-0.6427876096865395,DB03
202005210200,105,8.7,0,0,-0.9396926207859084,-0.34202014332566855,DB03
202005210300,105,9.1,0,0,-0.9396926207859084,-0.34202014332566855,DB03
202005210400,105,8.7,0,0,-0.7660444431189779,-0.6427876096865395,DB03
202005210500,105,8.4,0,0,-0.9396926207859084,-0.34202014332566855,DB03
202005210600,105,8.5,0,0,-0.7660444431189779,-0.6427876096865395,DB02
202005210700,105,9.5,0,0,-0.7660444431189779,-0.6427876096865395,DB02
202005210800,105,12.2,0,0,-0.9396926207859084,-0.34202014332566855,DB02
202005210900,105,14.2,0,0,0.6427876096865395,-0.7660444431189779,DB02
202005211000,105,15.5,0,0,0.9396926207859083,0.3420201433256688,DB02
202005211100,105,16.0,0,0,1.0,6.123233995736766e-17,DB02
202005211200,105,16.2,0,0,0.9396926207859083,0.3420201433256688,DB02
202005211300,105,16.1,0,0,0.9396926207859083,0.3420201433256688,DB03
202005211400,105,16.1,0,0,0.9396926207859083,0.3420201433256688,DB03
202005211500,105,15.7,0,0,0.9396926207859083,0.3420201433256688,DB03
202005211600,105,15.5,0,0,0.9396926207859083,0.3420201433256688,DB03
202005211700,105,15.1,0,0,0.9396926207859083,0.3420201433256688,DB04
202005211800,105,14.4,0,0,1.0,6.123233995736766e-17,DB03
202005211900,105,13.9,0,0,0.9396926207859084,-0.3420201433256687,DB03
202005212000,105,13.3,0,0,0.9396926207859084,-0.3420201433256687,DB04
202005212100,105,13.1,0,0,0.9396926207859084,-0.3420201433256687,DB03
202005212200,105,13.0,0,0,0.9396926207859084,-0.3420201433256687,DB03
202005212300,105,12.9,0,0,0.9396926207859084,-0.3420201433256687,DB03
202005220000,105,12.7,0,0,0.6427876096865395,-0.7660444431189779,DB03
202005220100,105,12.7,0,0,0.9396926207859084,-0.3420201433256687,DB03
202005220200,105,12.6,0,0,1.2246467991473532e-16,-1.0,DB04
202005220300,105,12.6,0,0,0.3420201433256689,-0.9396926207859083,DB03
202005220400,105,12.6,0,0,0.0,1.0,DB03
202005220500,105,12.5,0,0,-0.34202014332566866,-0.9396926207859084,DB04
202005220600,105,12.4,0,0,-0.9396926207859084,-0.34202014332566855,DB04
202005220700,105,12.8,0,0,1.2246467991473532e-16,-1.0,DB03
202005220800,105,13.6,0,0,0.9396926207859083,0.3420201433256688,DB03
202005220900,105,14.1,0,0,1.2246467991473532e-16,-1.0,DB04
202005221000,105,14.2,0,0,1.2246467991473532e-16,-1.0,DB04
202005221100,105,14.9,0,0,0.9396926207859084,-0.3420201433256687,DB04
202005221200,105,16.1,0,0,1.0,6.123233995736766e-17,DB03
202005221300,105,16.5,0,0,1.0,6.123233995736766e-17,DB04
202005221400,105,17.0,0,0,1.0,6.123233995736766e-17,DB04
202005221500,105,16.3,0,0,1.0,6.123233995736766e-17,DB04
202005221600,105,15.3,0,0,0.9396926207859084,-0.3420201433256687,DB04
202005221700,105,15.0,0,0,0.9396926207859084,-0.3420201433256687,DB04
202005221800,105,14.5,0,0,0.9396926207859084,-0.3420201433256687,DB04
202005221900,105,14.0,0,0,0.6427876096865395,-0.7660444431189779,DB04
202005222000,105,13.6,0,0,1.0,6.123233995736766e-17,DB04
202005222100,105,13.4,0,0,1.0,6.123233995736766e-17,DB04
202005222200,105,12.9,100,1,-0.34202014332566866,-0.9396926207859084,DB04
202005222300,105,12.9,0,0,0.9396926207859084,-0.3420201433256687,DB04
202005230000,105,13.1,0,0,0.6427876096865395,-0.7660444431189779,DB04
202005230100,105,13.2,0,0,0.6427876096865395,-0.7660444431189779,DB03
202005230200,105,13.2,0,0,0.9396926207859083,0.3420201433256688,DB04
202005230300,105,13.1,0,0,0.6427876096865395,-0.7660444431189779,DB04
202005230400,105,12.9,0,0,-0.7660444431189779,-0.6427876096865395,DB04
202005230500,105,12.9,0,0,-0.7660444431189779,-0.6427876096865395,DB04
202005230600,105,12.7,0,0,-0.34202014332566866,-0.9396926207859084,DB04
202005230700,105,13.3,0,0,0.0,1.0,DB03
202005230800,105,15.1,0,0,0.3420201433256689,-0.9396926207859083,DB03
202005230900,105,16.6,0,0,0.9396926207859083,0.3420201433256688,DB04
202005231000,105,17.8,0,0,-0.3420201433256686,0.9396926207859084,DB03
202005231100,105,19.5,0,0,0.0,1.0,DB03
202005231200,105,20.3,0,0,0.766044443118978,0.6427876096865394,DB02
202005231300,105,20.4,0,0,-0.6427876096865396,0.7660444431189778,DB02
202005231400,105,20.4,0,0,-0.3420201433256686,0.9396926207859084,DB02
202005231500,105,20.9,0,0,0.3420201433256687,0.9396926207859084,DB02
202005231600,105,20.4,0,0,-0.6427876096865396,0.7660444431189778,DB02
202005231700,105,19.5,0,0,-0.3420201433256686,0.9396926207859084,DB03
202005231800,105,17.8,0,0,-0.6427876096865396,0.7660444431189778,DB03
202005231900,105,17.0,0,0,-0.6427876096865396,0.7660444431189778,DB03
202005232000,105,16.4,0,0,-0.6427876096865396,0.7660444431189778,DB03
202005232100,105,15.7,0,0,-0.9396926207859083,0.342020143325669,DB03
202005232200,105,15.4,0,0,-1.0,-1.8369701987210297e-16,DB03
202005232300,105,15.0,0,0,-0.7660444431189779,-0.6427876096865395,DB03
202005240000,105,14.6,0,0,-0.7660444431189779,-0.6427876096865395,DB04
202005240100,105,14.7,0,0,1.2246467991473532e-16,-1.0,DB04
202005240200,105,14.6,0,0,1.2246467991473532e-16,-1.0,DB04
202005240300,105,14.7,0,0,0.9396926207859084,-0.3420201433256687,DB04
202005240400,105,14.7,0,0,-0.34202014332566866,-0.9396926207859084,DB04
202005240500,105,14.9,0,0,0.0,1.0,DB04
202005240600,105,15.0,0,0,-0.7660444431189779,-0.6427876096865395,DB03
202005240700,105,16.4,0,0,-0.3420201433256686,0.9396926207859084,DB03
202005240800,105,18.6,0,0,1.0,6.123233995736766e-17,DB04
202005240900,105,19.6,0,0,-0.9396926207859083,0.342020143325669,DB04
202005241000,105,20.4,100,1,0.9396926207859084,-0.3420201433256687,DB03
202005241100,105,22.1,0,0,-0.7660444431189779,-0.6427876096865395,DB03
202005241200,105,22.8,0,0,1.2246467991473532e-16,-1.0,DB02
202005241300,105,24.5,0,0,-0.7660444431189779,-0.6427876096865395,DB02
202005241400,105,20.2,0,0,0.766044443118978,0.6427876096865394,DB02
202005241500,105,21.6,0,0,0.3420201433256687,0.9396926207859084,DB02
202005241600,105,22.3,0,0,0.9396926207859083,0.3420201433256688,DB01
202005241700,105,21.9,0,0,0.9396926207859083,0.3420201433256688,DB01
202005241800,105,21.5,0,0,0.9396926207859083,0.3420201433256688,DB02
202005241900,105,20.7,0,0,0.6427876096865395,-0.7660444431189779,DB03
202005242000,105,20.3,0,0,-0.9396926207859084,-0.34202014332566855,DB01
202005242100,105,20.1,0,0,-0.7660444431189779,-0.6427876096865395,DB01
202005242200,105,20.3,0,0,-0.7660444431189779,-0.6427876096865395,DB01
202005242300,105,20.2,0,0,-0.7660444431189779,-0.6427876096865395,DB03
202005250000,105,20.1,0,0,-0.7660444431189779,-0.6427876096865395,DB01
202005250100,105,19.9,0,0,-0.7660444431189779,-0.6427876096865395,DB03
202005250200,105,19.6,0,0,-0.9396926207859084,-0.34202014332566855,DB03
202005250300,105,19.2,0,0,-0.7660444431189779,-0.6427876096865395,DB03
202005250400,105,18.9,0,0,-0.7660444431189779,-0.6427876096865395,DB02
202005250500,105,18.5,0,0,-0.7660444431189779,-0.6427876096865395,DB03
202005250600,105,18.4,0,0,-0.7660444431189779,-0.6427876096865395,DB03
202005250700,105,19.3,0,0,-0.7660444431189779,-0.6427876096865395,DB03
202005250800,105,21.3,0,0,-0.7660444431189779,-0.6427876096865395,DB03
202005250900,105,23.3,0,0,-1.0,-1.8369701987210297e-16,DB03
202005251000,105,25.0,0,0,0.766044443118978,0.6427876096865394,DB02
202005251100,105,24.6,0,0,1.0,6.123233995736766e-17,DB03
202005251200,105,23.7,0,0,1.0,6.123233995736766e-17,DB04
202005251300,105,23.8,0,0,1.0,6.123233995736766e-17,DB04
202005251400,105,24.4,0,0,1.0,6.123233995736766e-17,DB04
202005251500,105,24.4,0,0,1.0,6.123233995736766e-17,DB04
202005251600,105,23.6,0,0,0.9396926207859084,-0.3420201433256687,DB04
202005251700,105,23.4,0,0,1.0,6.123233995736766e-17,DB04
202005251800,105,23.3,0,0,0.9396926207859084,-0.3420201433256687,DB03
202005251900,105,22.9,0,0,-1.0,-1.8369701987210297e-16,DB03
202005252000,105,22.3,0,0,-0.9396926207859084,-0.34202014332566855,DB03
202005252100,105,21.7,0,0,-0.9396926207859084,-0.34202014332566855,DB02
202005252200,105,21.2,0,0,-0.9396926207859084,-0.34202014332566855,DB02
202005252300,105,20.4,0,0,-0.7660444431189779,-0.6427876096865395,DB01
202005260000,105,19.8,0,0,-0.7660444431189779,-0.6427876096865395,DB03
202005260100,105,19.5,0,0,-0.9396926207859084,-0.34202014332566855,DB03
202005260200,105,19.4,0,0,-0.9396926207859084,-0.34202014332566855,DB03
202005260300,105,19.1,0,0,-0.9396926207859084,-0.34202014332566855,DB04
202005260400,105,18.6,0,0,-0.9396926207859084,-0.34202014332566855,DB03
202005260500,105,18.2,0,0,-0.9396926207859084,-0.34202014332566855,DB03
202005260600,105,17.9,0,0,-0.9396926207859084,-0.34202014332566855,DB03
202005260700,105,18.4,0,0,-0.9396926207859084,-0.34202014332566855,DB04
202005260800,105,19.7,0,0,-0.9396926207859084,-0.34202014332566855,DB04
202005260900,105,21.0,0,0,-0.9396926207859084,-0.34202014332566855,DB03
202005261000,105,22.8,0,0,-0.7660444431189779,-0.6427876096865395,DB03
202005261100,105,24.9,0,0,-1.0,-1.8369701987210297e-16,DB03
202005261200,105,25.9,0,0,1.0,6.123233995736766e-17,DB03
202005261300,105,25.8,0,0,1.0,6.123233995736766e-17,DB02
202005261400,105,25.0,0,0,1.0,6.123233995736766e-17,DB03
202005261500,105,24.1,0,0,1.0,6.123233995736766e-17,DB04
202005261600,105,22.1,0,0,0.9396926207859083,0.3420201433256688,DB04
202005261700,105,21.0,0,0,-0.6427876096865396,0.7660444431189778,DB04
202005261800,105,20.2,0,0,-0.3420201433256686,0.9396926207859084,DB04
202005261900,105,17.0,0,0,-0.6427876096865396,0.7660444431189778,DB04
202005262000,105,15.7,0,0,0.6427876096865395,-0.7660444431189779,DB03
202005262100,105,15.5,0,0,0.3420201433256689,-0.9396926207859083,DB04
202005262200,105,15.2,0,0,-0.3420201433256686,0.9396926207859084,DB04
202005262300,105,15.2,0,0,-0.7660444431189779,-0.6427876096865395,DB02
202005270000,105,15.0,0,0,-0.7660444431189779,-0.6427876096865395,DB04
202005270100,105,15.7,0,0,-0.7660444431189779,-0.6427876096865395,DB03
202005270200,105,16.5,0,0,-0.9396926207859084,-0.34202014332566855,DB01
202005270300,105,16.3,0,0,-0.7660444431189779,-0.6427876096865395,DB01
202005270400,105,15.9,0,0,-0.7660444431189779,-0.6427876096865395,DB01
202005270500,105,15.8,0,0,-0.9396926207859084,-0.34202014332566855,DB01
202005270600,105,15.7,0,0,-0.9396926207859084,-0.34202014332566855,DB01
202005270700,105,17.0,0,0,-0.9396926207859084,-0.34202014332566855,DB01
202005270800,105,18.9,0,0,-0.9396926207859084,-0.34202014332566855,DB01
202005270900,105,20.7,0,0,-0.6427876096865396,0.7660444431189778,DB01
202005271000,105,21.6,0,0,0.3420201433256687,0.9396926207859084,DB01
202005271100,105,22.0,0,0,0.3420201433256687,0.9396926207859084,DB01
202005271200,105,22.8,0,0,1.0,6.123233995736766e-17,DB01
202005271300,105,23.1,0,0,0.9396926207859083,0.3420201433256688,DB01
202005271400,105,23.5,0,0,1.0,6.123233995736766e-17,DB01
202005271500,105,23.8,0,0,1.0,6.123233995736766e-17,DB01
202005271600,105,23.9,0,0,1.0,6.123233995736766e-17,DB02
202005271700,105,24.2,0,0,1.0,6.123233995736766e-17,DB01
202005271800,105,23.5,0,0,0.9396926207859084,-0.3420201433256687,DB01
202005271900,105,22.7,0,0,0.9396926207859084,-0.3420201433256687,DB02
202005272000,105,20.4,0,0,-0.7660444431189779,-0.6427876096865395,DB02
202005272100,105,18.7,0,0,-0.7660444431189779,-0.6427876096865395,DB01
202005272200,105,18.0,0,0,-0.7660444431189779,-0.6427876096865395,DB01
202005272300,105,18.2,0,0,-0.9396926207859084,-0.34202014332566855,DB02
202005280000,105,19.4,0,0,-0.7660444431189779,-0.6427876096865395,DB01
202005280100,105,19.2,0,0,-0.9396926207859084,-0.34202014332566855,DB01
202005280200,105,17.8,0,0,-0.7660444431189779,-0.6427876096865395,DB01
202005280300,105,17.0,0,0,-0.7660444431189779,-0.6427876096865395,DB02
202005280400,105,17.1,0,0,-0.9396926207859084,-0.34202014332566855,DB03
202005280500,105,17.5,0,0,-0.9396926207859084,-0.34202014332566855,DB03
202005280600,105,17.4,0,0,-0.7660444431189779,-0.6427876096865395,DB03
202005280700,105,18.0,0,0,-0.7660444431189779,-0.6427876096865395,DB03
202005280800,105,19.7,0,0,-0.9396926207859084,-0.34202014332566855,DB03
202005280900,105,22.2,0,0,-0.7660444431189779,-0.6427876096865395,DB03
202005281000,105,23.8,0,0,0.3420201433256689,-0.9396926207859083,DB02
202005281100,105,23.0,0,0,1.0,6.123233995736766e-17,DB03
202005281200,105,22.9,0,0,1.0,6.123233995736766e-17,DB03
202005281300,105,23.1,0,0,1.0,6.123233995736766e-17,DB03
202005281400,105,22.9,0,0,0.9396926207859083,0.3420201433256688,DB03
202005281500,105,23.1,0,0,0.3420201433256689,-0.9396926207859083,DB03
202005281600,105,23.4,0,0,1.0,6.123233995736766e-17,DB03
202005281700,105,22.4,0,0,1.0,6.123233995736766e-17,DB03
202005281800,105,21.3,0,0,1.0,6.123233995736766e-17,DB03
202005281900,105,20.2,0,0,-0.6427876096865396,0.7660444431189778,DB03
202005282000,105,19.3,0,0,-0.6427876096865396,0.7660444431189778,DB03
202005282100,105,18.5,0,0,-1.0,-1.8369701987210297e-16,DB02
202005282200,105,17.1,0,0,-0.7660444431189779,-0.6427876096865395,DB01
202005282300,105,16.1,0,0,-0.7660444431189779,-0.6427876096865395,DB01
202005290000,105,15.6,0,0,-0.34202014332566866,-0.9396926207859084,DB01
202005290100,105,15.2,0,0,-0.7660444431189779,-0.6427876096865395,DB01
202005290200,105,15.4,0,0,-0.9396926207859084,-0.34202014332566855,DB01
202005290300,105,15.4,0,0,-0.9396926207859084,-0.34202014332566855,DB01
202005290400,105,15.1,0,0,-0.7660444431189779,-0.6427876096865395,DB01
202005290500,105,14.4,0,0,-0.7660444431189779,-0.6427876096865395,DB01
202005290600,105,14.9,0,0,-0.7660444431189779,-0.6427876096865395,DB01
202005290700,105,16.5,0,0,-0.7660444431189779,-0.6427876096865395,DB01
202005290800,105,18.9,0,0,-0.7660444431189779,-0.6427876096865395,DB02
202005290900,105,20.7,0,0,0.9396926207859083,0.3420201433256688,DB01
202005291000,105,22.0,0,0,0.9396926207859083,0.3420201433256688,DB01
202005291100,105,23.2,0,0,0.9396926207859083,0.3420201433256688,DB01
202005291200,105,22.8,0,0,0.9396926207859083,0.3420201433256688,DB01
202005291300,105,23.3,0,0,0.9396926207859084,-0.3420201433256687,DB01
202005291400,105,23.5,0,0,1.0,6.123233995736766e-17,DB01
202005291500,105,24.1,0,0,0.766044443118978,0.6427876096865394,DB01
202005291600,105,24.3,0,0,1.0,6.123233995736766e-17,DB01
202005291700,105,24.4,0,0,1.0,6.123233995736766e-17,DB01
202005291800,105,23.9,0,0,0.766044443118978,0.6427876096865394,DB01
202005291900,105,22.9,0,0,1.0,6.123233995736766e-17,DB01
202005292000,105,20.9,0,0,-0.7660444431189779,-0.6427876096865395,DB01
202005292100,105,19.0,0,0,-0.7660444431189779,-0.6427876096865395,DB01
202005292200,105,17.7,0,0,-0.9396926207859084,-0.34202014332566855,DB01
202005292300,105,16.7,0,0,-0.7660444431189779,-0.6427876096865395,DB01
202005300000,105,16.0,0,0,-0.7660444431189779,-0.6427876096865395,DB01
202005300100,105,15.3,0,0,-0.34202014332566866,-0.9396926207859084,DB01
202005300200,105,14.4,0,0,-0.34202014332566866,-0.9396926207859084,DB01
202005300300,105,13.9,0,0,-0.7660444431189779,-0.6427876096865395,DB01
202005300400,105,13.6,0,0,1.2246467991473532e-16,-1.0,DB01
202005300500,105,13.2,0,0,1.2246467991473532e-16,-1.0,DB01
202005300600,105,13.3,0,0,-0.34202014332566866,-0.9396926207859084,DB01
202005300700,105,15.7,0,0,0.0,1.0,DB01
202005300800,105,19.0,0,0,0.3420201433256689,-0.9396926207859083,DB01
202005300900,105,22.3,0,0,1.0,6.123233995736766e-17,DB01
202005301000,105,24.3,0,0,0.766044443118978,0.6427876096865394,DB01
202005301100,105,25.7,0,0,0.9396926207859083,0.3420201433256688,DB01
202005301200,105,25.7,0,0,0.9396926207859083,0.3420201433256688,DB01
202005301300,105,26.5,0,0,1.0,6.123233995736766e-17,DB01
202005301400,105,27.0,0,0,1.0,6.123233995736766e-17,DB01
202005301500,105,27.4,0,0,0.9396926207859083,0.3420201433256688,DB01
202005301600,105,26.9,0,0,1.0,6.123233995736766e-17,DB01
202005301700,105,26.6,0,0,1.0,6.123233995736766e-17,DB01
202005301800,105,26.2,0,0,-0.6427876096865396,0.7660444431189778,DB01
202005301900,105,24.5,0,0,-0.6427876096865396,0.7660444431189778,DB01
202005302000,105,22.2,0,0,-1.0,-1.8369701987210297e-16,DB01
202005302100,105,20.5,0,0,-0.7660444431189779,-0.6427876096865395,DB01
202005302200,105,19.2,0,0,-0.7660444431189779,-0.6427876096865395,DB01
202005302300,105,18.2,0,0,-0.7660444431189779,-0.6427876096865395,DB01
202005310000,105,17.4,0,0,-0.34202014332566866,-0.9396926207859084,DB01
202005310100,105,16.6,0,0,0.0,1.0,DB01
202005310200,105,16.0,0,0,-0.7660444431189779,-0.6427876096865395,DB01
202005310300,105,15.6,0,0,1.2246467991473532e-16,-1.0,DB01
202005310400,105,15.9,0,0,0.766044443118978,0.6427876096865394,DB01
202005310500,105,15.6,0,0,-0.9396926207859084,-0.34202014332566855,DB01
202005310600,105,14.9,0,0,-0.7660444431189779,-0.6427876096865395,DB01
202005310700,105,17.0,0,0,-0.34202014332566866,-0.9396926207859084,DB01
202005310800,105,19.6,0,0,-0.6427876096865396,0.7660444431189778,DB03
202005310900,105,21.3,0,0,0.3420201433256687,0.9396926207859084,DB01
202005311000,105,22.0,0,0,0.766044443118978,0.6427876096865394,DB03
202005311100,105,21.7,0,0,0.766044443118978,0.6427876096865394,DB02
202005311200,105,22.0,0,0,0.9396926207859083,0.3420201433256688,DB01
202005311300,105,22.5,0,0,1.0,6.123233995736766e-17,DB02
202005311400,105,22.5,0,0,0.9396926207859083,0.3420201433256688,DB01
202005311500,105,22.7,0,0,0.9396926207859083,0.3420201433256688,DB01
202005311600,105,22.1,0,0,0.9396926207859083,0.3420201433256688,DB02
202005311700,105,21.1,0,0,1.0,6.123233995736766e-17,DB04
202005311800,105,21.3,0,0,0.3420201433256687,0.9396926207859084,DB03
202005311900,105,20.3,0,0,-0.3420201433256686,0.9396926207859084,DB04
202005312000,105,20.3,0,0,0.3420201433256687,0.9396926207859084,DB04
202005312100,105,20.0,0,0,0.9396926207859084,-0.3420201433256687,DB04
202005312200,105,19.6,0,0,0.0,1.0,DB04
202005312300,105,19.4,0,0,1.2246467991473532e-16,-1.0,DB04
202006010000,105,22.4,0,0,-1.0,-1.8369701987210297e-16,DB04
202006010100,105,23.1,0,0,-0.9396926207859084,-0.34202014332566855,DB04
202006010200,105,22.6,0,0,-0.9396926207859084,-0.34202014332566855,DB04
202006010300,105,21.7,0,0,-0.7660444431189779,-0.6427876096865395,DB04
202006010400,105,21.3,0,0,-0.7660444431189779,-0.6427876096865395,DB04
202006010500,105,21.5,0,0,-0.34202014332566866,-0.9396926207859084,DB04
202006010600,105,21.7,0,0,-0.34202014332566866,-0.9396926207859084,DB04
202006010700,105,21.8,0,0,-0.34202014332566866,-0.9396926207859084,DB03
202006010800,105,22.9,0,0,-0.34202014332566866,-0.9396926207859084,DB02
202006010900,105,23.5,0,0,-0.7660444431189779,-0.6427876096865395,DB03
202006011000,105,24.0,0,0,-0.7660444431189779,-0.6427876096865395,DB01
202006011100,105,24.7,0,0,-0.7660444431189779,-0.6427876096865395,DB01
202006011200,105,25.3,0,0,-0.7660444431189779,-0.6427876096865395,DB01
202006011300,105,26.4,0,0,-0.9396926207859084,-0.34202014332566855,DB01
202006011400,105,27.0,0,0,-0.9396926207859084,-0.34202014332566855,DB01
202006011500,105,27.4,0,0,-0.7660444431189779,-0.6427876096865395,DB01
202006011600,105,27.9,0,0,-0.7660444431189779,-0.6427876096865395,DB02
202006011700,105,27.7,0,0,-0.9396926207859084,-0.34202014332566855,DB03
202006011800,105,27.0,0,0,-0.9396926207859084,-0.34202014332566855,DB01
202006011900,105,25.3,0,0,-0.7660444431189779,-0.6427876096865395,DB01
202006012000,105,24.0,0,0,-0.9396926207859084,-0.34202014332566855,DB01
202006012100,105,22.8,0,0,-0.9396926207859084,-0.34202014332566855,DB01
202006012200,105,22.0,0,0,-0.9396926207859084,-0.34202014332566855,DB01
202006012300,105,21.7,0,0,-0.9396926207859084,-0.34202014332566855,DB03
202006020000,105,21.1,0,0,-0.9396926207859084,-0.34202014332566855,DB02
202006020100,105,20.9,0,0,-0.7660444431189779,-0.6427876096865395,DB03
202006020200,105,20.9,0,0,-0.9396926207859084,-0.34202014332566855,DB03
202006020300,105,20.5,0,0,-0.7660444431189779,-0.6427876096865395,DB04
202006020400,105,20.8,0,0,-0.9396926207859084,-0.34202014332566855,DB04
202006020500,105,20.1,0,0,-0.9396926207859084,-0.34202014332566855,DB03
202006020600,105,19.7,0,0,-0.7660444431189779,-0.6427876096865395,DB03
202006020700,105,20.8,0,0,-0.9396926207859084,-0.34202014332566855,DB03
202006020800,105,21.7,0,0,-0.9396926207859084,-0.34202014332566855,DB03
202006020900,105,24.3,0,0,-0.7660444431189779,-0.6427876096865395,DB03
202006021000,105,25.1,0,0,-0.7660444431189779,-0.6427876096865395,DB04
202006021100,105,25.0,0,0,-0.7660444431189779,-0.6427876096865395,DB04
202006021200,105,25.0,0,0,-0.7660444431189779,-0.6427876096865395,DB04
202006021300,105,24.8,0,0,-0.7660444431189779,-0.6427876096865395,DB04
202006021400,105,24.7,0,0,0.6427876096865395,-0.7660444431189779,DB04
202006021500,105,26.2,0,0,-0.9396926207859084,-0.34202014332566855,DB04
202006021600,105,26.5,0,0,-0.34202014332566866,-0.9396926207859084,DB04
202006021700,105,26.1,0,0,1.0,6.123233995736766e-17,DB04
202006021800,105,26.5,0,0,-1.0,-1.8369701987210297e-16,DB04
202006021900,105,19.7,0,0,-0.6427876096865396,0.7660444431189778,DB04
202006022000,105,18.1,0,0,-0.9396926207859083,0.342020143325669,DB03
202006022100,105,17.7,0,0,-0.7660444431189779,-0.6427876096865395,DB03
202006022200,105,16.9,0,0,-0.3420201433256686,0.9396926207859084,DB02
202006022300,105,16.5,0,0,0.0,1.0,DB03
202006030000,105,16.3,0,0,0.3420201433256689,-0.9396926207859083,DB02
202006030100,105,18.7,0,0,-0.9396926207859084,-0.34202014332566855,DB03
202006030200,105,21.1,0,0,-0.9396926207859084,-0.34202014332566855,DB02
202006030300,105,20.8,0,0,-0.7660444431189779,-0.6427876096865395,DB03
202006030400,105,20.7,0,0,-0.7660444431189779,-0.6427876096865395,DB01
202006030500,105,21.0,0,0,-0.7660444431189779,-0.6427876096865395,DB02
202006030600,105,21.2,0,0,-0.34202014332566866,-0.9396926207859084,DB02
202006030700,105,19.8,0,0,-0.3420201433256686,0.9396926207859084,DB03
202006030800,105,21.2,0,0,0.9396926207859083,0.3420201433256688,DB03
202006030900,105,23.3,0,0,0.3420201433256687,0.9396926207859084,DB03
202006031000,105,25.3,0,0,0.6427876096865395,-0.7660444431189779,DB03
202006031100,105,26.2,0,0,0.9396926207859083,0.3420201433256688,DB03
202006031200,105,26.3,0,0,1.0,6.123233995736766e-17,DB02
202006031300,105,27.2,0,0,1.0,6.123233995736766e-17,DB03
202006031400,105,28.0,0,0,0.9396926207859083,0.3420201433256688,DB02
202006031500,105,28.3,0,0,1.0,6.123233995736766e-17,DB01
202006031600,105,28.1,0,0,1.0,6.123233995736766e-17,DB01
202006031700,105,28.5,0,0,0.9396926207859083,0.3420201433256688,DB01
202006031800,105,28.2,0,0,1.0,6.123233995736766e-17,DB01
202006031900,105,27.8,0,0,0.0,1.0,DB01
202006032000,105,27.8,0,0,-0.34202014332566866,-0.9396926207859084,DB01
202006032100,105,27.0,0,0,-0.34202014332566866,-0.9396926207859084,DB01
202006032200,105,26.7,0,0,-1.0,-1.8369701987210297e-16,DB01
202006032300,105,26.1,0,0,-0.9396926207859084,-0.34202014332566855,DB01
202006040000,105,25.9,0,0,-0.9396926207859084,-0.34202014332566855,DB01
202006040100,105,25.3,0,0,-0.9396926207859084,-0.34202014332566855,DB01
202006040200,105,24.6,0,0,-0.7660444431189779,-0.6427876096865395,DB01
202006040300,105,23.8,0,0,-0.9396926207859084,-0.34202014332566855,DB01
202006040400,105,23.1,0,0,-1.0,-1.8369701987210297e-16,DB01
202006040500,105,23.0,0,0,-0.9396926207859084,-0.34202014332566855,DB01
202006040600,105,22.8,0,0,-0.9396926207859084,-0.34202014332566855,DB01
202006040700,105,23.8,0,0,-0.7660444431189779,-0.6427876096865395,DB01
202006040800,105,25.5,0,0,-0.7660444431189779,-0.6427876096865395,DB01
202006040900,105,26.8,0,0,-0.9396926207859084,-0.34202014332566855,DB01
202006041000,105,27.7,0,0,-0.9396926207859084,-0.34202014332566855,DB01
202006041100,105,29.3,0,0,-0.9396926207859084,-0.34202014332566855,DB01
202006041200,105,30.4,0,0,-0.9396926207859084,-0.34202014332566855,DB01
202006041300,105,31.5,0,0,-1.0,-1.8369701987210297e-16,DB01
202006041400,105,32.0,0,0,-0.7660444431189779,-0.6427876096865395,DB01
202006041500,105,32.3,0,0,-0.7660444431189779,-0.6427876096865395,DB01
202006041600,105,32.3,0,0,-0.9396926207859084,-0.34202014332566855,DB01
202006041700,105,31.8,0,0,-0.7660444431189779,-0.6427876096865395,DB01
202006041800,105,31.2,0,0,-0.7660444431189779,-0.6427876096865395,DB01
202006041900,105,29.8,0,0,-0.7660444431189779,-0.6427876096865395,DB01
202006042000,105,28.7,0,0,-0.7660444431189779,-0.6427876096865395,DB01
202006042100,105,28.0,0,0,-0.9396926207859084,-0.34202014332566855,DB01
202006042200,105,27.7,0,0,-1.0,-1.8369701987210297e-16,DB01
202006042300,105,27.4,0,0,-0.6427876096865396,0.7660444431189778,DB01
202006050000,105,25.7,0,0,-0.9396926207859084,-0.34202014332566855,DB01
202006050100,105,24.6,0,0,-1.0,-1.8369701987210297e-16,DB01
202006050200,105,23.4,0,0,-0.7660444431189779,-0.6427876096865395,DB01
202006050300,105,23.1,0,0,0.766044443118978,0.6427876096865394,DB01
202006050400,105,21.2,0,0,0.3420201433256687,0.9396926207859084,DB01
202006050500,105,18.8,0,0,-0.6427876096865396,0.7660444431189778,DB03
202006050600,105,17.9,0,0,-0.6427876096865396,0.7660444431189778,DB01
202006050700,105,18.4,0,0,-1.0,-1.8369701987210297e-16,DB01
202006050800,105,18.8,0,0,-0.6427876096865396,0.7660444431189778,DB02
202006050900,105,19.5,0,0,-0.6427876096865396,0.7660444431189778,DB02
202006051000,105,20.1,0,0,0.3420201433256687,0.9396926207859084,DB03
202006051100,105,21.0,0,0,-0.6427876096865396,0.7660444431189778,DB03
202006051200,105,20.9,0,0,0.0,1.0,DB03
202006051300,105,20.7,0,0,0.3420201433256687,0.9396926207859084,DB03
202006051400,105,20.7,0,0,0.9396926207859083,0.3420201433256688,DB03
202006051500,105,20.8,0,0,-0.6427876096865396,0.7660444431189778,DB02
202006051600,105,21.6,0,0,0.6427876096865395,-0.7660444431189779,DB02
202006051700,105,21.6,0,0,0.9396926207859084,-0.3420201433256687,DB02
202006051800,105,21.5,0,0,0.9396926207859083,0.3420201433256688,DB01
202006051900,105,20.7,0,0,0.9396926207859083,0.3420201433256688,DB02
202006052000,105,19.4,0,0,0.9396926207859084,-0.3420201433256687,DB02
202006052100,105,18.9,0,0,0.6427876096865395,-0.7660444431189779,DB02
202006052200,105,18.6,0,0,-0.6427876096865396,0.7660444431189778,DB02
202006052300,105,17.8,0,0,-0.7660444431189779,-0.6427876096865395,DB03
202006060000,105,17.1,0,0,-0.7660444431189779,-0.6427876096865395,DB01
202006060100,105,16.6,0,0,-0.7660444431189779,-0.6427876096865395,DB02
202006060200,105,16.3,0,0,-0.7660444431189779,-0.6427876096865395,DB02
202006060300,105,16.0,0,0,-0.7660444431189779,-0.6427876096865395,DB03
202006060400,105,15.7,0,0,-0.7660444431189779,-0.6427876096865395,DB02
202006060500,105,15.5,0,0,-0.9396926207859084,-0.34202014332566855,DB02
202006060600,105,15.3,0,0,-0.7660444431189779,-0.6427876096865395,DB01
202006060700,105,16.7,0,0,0.0,1.0,DB01
202006060800,105,19.1,0,0,-1.0,-1.8369701987210297e-16,DB01
202006060900,105,20.5,0,0,0.0,1.0,DB01
202006061000,105,21.6,0,0,1.0,6.123233995736766e-17,DB01
202006061100,105,22.7,0,0,0.9396926207859084,-0.3420201433256687,DB02
202006061200,105,23.1,0,0,0.9396926207859083,0.3420201433256688,DB01
202006061300,105,23.2,0,0,0.9396926207859083,0.3420201433256688,DB02
202006061400,105,23.1,0,0,0.9396926207859083,0.3420201433256688,DB01
202006061500,105,23.4,0,0,1.0,6.123233995736766e-17,DB03
202006061600,105,22.7,0,0,0.9396926207859083,0.3420201433256688,DB03
202006061700,105,22.8,0,0,0.9396926207859083,0.3420201433256688,DB01
202006061800,105,21.5,0,0,1.0,6.123233995736766e-17,DB02
202006061900,105,20.4,0,0,0.766044443118978,0.6427876096865394,DB03
202006062000,105,19.8,0,0,1.0,6.123233995736766e-17,DB03
202006062100,105,19.7,0,0,0.3420201433256689,-0.9396926207859083,DB03
202006062200,105,19.4,0,0,1.2246467991473532e-16,-1.0,DB03
202006062300,105,18.9,0,0,-0.7660444431189779,-0.6427876096865395,DB03
202006070000,105,18.7,0,0,-0.9396926207859083,0.342020143325669,DB02
202006070100,105,18.1,0,0,-0.34202014332566866,-0.9396926207859084,DB02
202006070200,105,18.1,0,0,0.0,1.0,DB02
202006070300,105,17.7,0,0,-0.7660444431189779,-0.6427876096865395,DB02
202006070400,105,17.4,0,0,-0.6427876096865396,0.7660444431189778,DB02
202006070500,105,16.9,0,0,-0.34202014332566866,-0.9396926207859084,DB02
202006070600,105,16.7,0,0,-0.7660444431189779,-0.6427876096865395,DB03
202006070700,105,17.7,0,0,-0.34202014332566866,-0.9396926207859084,DB01
202006070800,105,19.8,0,0,0.6427876096865395,-0.7660444431189779,DB01
202006070900,105,21.5,0,0,0.9396926207859084,-0.3420201433256687,DB01
202006071000,105,22.5,0,0,0.6427876096865395,-0.7660444431189779,DB01
202006071100,105,23.9,0,0,1.0,6.123233995736766e-17,DB01
202006071200,105,23.2,0,0,0.3420201433256687,0.9396926207859084,DB01
202006071300,105,24.3,0,0,0.766044443118978,0.6427876096865394,DB01
202006071400,105,26.0,0,0,-0.9396926207859083,0.342020143325669,DB01
202006071500,105,27.7,0,0,0.766044443118978,0.6427876096865394,DB02
202006071600,105,28.5,0,0,1.0,6.123233995736766e-17,DB02
202006071700,105,28.1,0,0,0.766044443118978,0.6427876096865394,DB01
202006071800,105,27.9,0,0,0.766044443118978,0.6427876096865394,DB01
202006071900,105,26.0,0,0,0.3420201433256687,0.9396926207859084,DB01
202006072000,105,23.3,0,0,-0.3420201433256686,0.9396926207859084,DB01
202006072100,105,22.7,0,0,0.0,1.0,DB01
202006072200,105,21.9,0,0,0.0,1.0,DB01
202006072300,105,21.4,0,0,0.6427876096865395,-0.7660444431189779,DB01
202006080000,105,20.8,0,0,0.0,1.0,DB01
202006080100,105,21.4,0,0,-0.7660444431189779,-0.6427876096865395,DB01
202006080200,105,22.2,0,0,0.0,1.0,DB01
202006080300,105,20.8,0,0,0.0,1.0,DB01
202006080400,105,23.4,0,0,-0.7660444431189779,-0.6427876096865395,DB02
202006080500,105,24.3,0,0,-0.7660444431189779,-0.6427876096865395,DB01
202006080600,105,24.4,0,0,-0.7660444431189779,-0.6427876096865395,DB01
202006080700,105,25.6,0,0,-0.7660444431189779,-0.6427876096865395,DB01
202006080800,105,27.0,0,0,-0.7660444431189779,-0.6427876096865395,DB01
202006080900,105,28.6,0,0,1.2246467991473532e-16,-1.0,DB01
202006081000,105,30.2,0,0,1.0,6.123233995736766e-17,DB02
202006081100,105,30.8,0,0,1.0,6.123233995736766e-17,DB02
202006081200,105,31.4,0,0,1.0,6.123233995736766e-17,DB01
202006081300,105,31.8,0,0,0.9396926207859083,0.3420201433256688,DB02
202006081400,105,32.0,0,0,1.0,6.123233995736766e-17,DB02
202006081500,105,31.7,0,0,0.9396926207859084,-0.3420201433256687,DB02
202006081600,105,32.9,0,0,0.9396926207859084,-0.3420201433256687,DB01
202006081700,105,32.9,0,0,1.0,6.123233995736766e-17,DB01
202006081800,105,32.4,0,0,0.766044443118978,0.6427876096865394,DB01
202006081900,105,31.4,0,0,-0.6427876096865396,0.7660444431189778,DB01
202006082000,105,30.3,0,0,-0.34202014332566866,-0.9396926207859084,DB02
202006082100,105,30.6,0,0,-0.7660444431189779,-0.6427876096865395,DB03
202006082200,105,29.7,0,0,-0.7660444431189779,-0.6427876096865395,DB03
202006082300,105,29.1,0,0,-0.7660444431189779,-0.6427876096865395,DB02
202006090000,105,28.4,0,0,-0.9396926207859084,-0.34202014332566855,DB01
202006090100,105,27.7,0,0,-0.7660444431189779,-0.6427876096865395,DB02
202006090200,105,27.7,0,0,-0.7660444431189779,-0.6427876096865395,DB02
202006090300,105,27.4,0,0,-0.7660444431189779,-0.6427876096865395,DB01
202006090400,105,26.8,0,0,-0.34202014332566866,-0.9396926207859084,DB01
202006090500,105,26.4,0,0,-0.9396926207859084,-0.34202014332566855,DB01
202006090600,105,25.7,0,0,-0.9396926207859084,-0.34202014332566855,DB01
202006090700,105,26.7,0,0,-0.9396926207859084,-0.34202014332566855,DB01
202006090800,105,28.8,0,0,-0.7660444431189779,-0.6427876096865395,DB01
202006090900,105,30.5,0,0,-0.7660444431189779,-0.6427876096865395,DB02
202006091000,105,32.5,0,0,-0.34202014332566866,-0.9396926207859084,DB01
202006091100,105,34.3,0,0,1.0,6.123233995736766e-17,DB01
202006091200,105,34.5,0,0,0.9396926207859084,-0.3420201433256687,DB01
202006091300,105,33.5,0,0,1.0,6.123233995736766e-17,DB02
202006091400,105,33.1,0,0,0.9396926207859083,0.3420201433256688,DB02
202006091500,105,32.0,0,0,0.3420201433256687,0.9396926207859084,DB02
202006091600,105,31.2,0,0,0.766044443118978,0.6427876096865394,DB01
202006091700,105,32.6,0,0,0.3420201433256687,0.9396926207859084,DB02
202006091800,105,30.6,0,0,0.3420201433256687,0.9396926207859084,DB03
202006091900,105,28.3,0,0,-0.3420201433256686,0.9396926207859084,DB03
202006092000,105,28.4,0,0,0.9396926207859083,0.3420201433256688,DB03
202006092100,105,28.1,0,0,-0.34202014332566866,-0.9396926207859084,DB02
202006092200,105,28.2,0,0,-0.7660444431189779,-0.6427876096865395,DB03
202006092300,105,28.0,0,0,-0.9396926207859084,-0.34202014332566855,DB03
202006100000,105,26.9,0,0,0.6427876096865395,-0.7660444431189779,DB03
202006100100,105,25.0,0,0,0.766044443118978,0.6427876096865394,DB03
202006100200,105,26.1,0,0,-0.7660444431189779,-0.6427876096865395,DB03
202006100300,105,26.3,0,0,-0.9396926207859084,-0.34202014332566855,DB03
202006100400,105,24.7,0,0,0.9396926207859083,0.3420201433256688,DB03
202006100500,105,22.8,0,0,-0.6427876096865396,0.7660444431189778,DB04
202006100600,105,22.9,0,0,-0.34202014332566866,-0.9396926207859084,DB03
202006100700,105,24.1,0,0,-0.34202014332566866,-0.9396926207859084,DB03
202006100800,105,25.6,0,0,1.2246467991473532e-16,-1.0,DB03
202006100900,105,28.3,0,0,0.9396926207859084,-0.3420201433256687,DB02
202006101000,105,29.6,0,0,0.9396926207859083,0.3420201433256688,DB03
202006101100,105,30.6,0,0,0.9396926207859083,0.3420201433256688,DB02
202006101200,105,31.5,0,0,0.9396926207859083,0.3420201433256688,DB03
202006101300,105,31.1,0,0,1.0,6.123233995736766e-17,DB03
202006101400,105,32.4,0,0,1.0,6.123233995736766e-17,DB03
202006101500,105,31.9,0,0,1.0,6.123233995736766e-17,DB03
202006101600,105,27.5,0,0,-0.6427876096865396,0.7660444431189778,DB04
202006101700,105,26.5,0,0,-0.6427876096865396,0.7660444431189778,DB04
202006101800,105,26.2,0,0,0.766044443118978,0.6427876096865394,DB04
202006101900,105,25.3,0,0,0.0,1.0,DB04
202006102000,105,25.4,0,0,0.0,1.0,DB04
202006102100,105,25.2,0,0,0.0,1.0,DB04
202006102200,105,24.5,100,1,-0.7660444431189779,-0.6427876096865395,DB04
202006102300,105,23.6,100,1,-0.7660444431189779,-0.6427876096865395,DB04
202006110000,105,23.2,100,1,1.2246467991473532e-16,-1.0,DB04
202006110100,105,22.8,100,1,0.3420201433256689,-0.9396926207859083,DB04
202006110200,105,22.9,0,0,-0.9396926207859084,-0.34202014332566855,DB04
202006110300,105,22.8,0,0,-1.0,-1.8369701987210297e-16,DB04
202006110400,105,22.6,0,0,-0.34202014332566866,-0.9396926207859084,DB03
202006110500,105,22.3,0,0,0.0,1.0,DB02
202006110600,105,22.3,0,0,1.2246467991473532e-16,-1.0,DB02
202006110700,105,23.0,0,0,-0.7660444431189779,-0.6427876096865395,DB04
202006110800,105,24.8,0,0,-0.9396926207859084,-0.34202014332566855,DB03
202006110900,105,26.6,0,0,-0.6427876096865396,0.7660444431189778,DB04
202006111000,105,27.6,0,0,0.3420201433256687,0.9396926207859084,DB02
202006111100,105,29.1,0,0,0.9396926207859084,-0.3420201433256687,DB01
202006111200,105,30.2,0,0,1.0,6.123233995736766e-17,DB02
202006111300,105,30.5,0,0,1.0,6.123233995736766e-17,DB02
202006111400,105,30.6,0,0,1.0,6.123233995736766e-17,DB01
202006111500,105,30.9,0,0,1.0,6.123233995736766e-17,DB01
202006111600,105,30.4,0,0,1.0,6.123233995736766e-17,DB01
202006111700,105,29.8,0,0,1.0,6.123233995736766e-17,DB01
202006111800,105,29.4,0,0,1.0,6.123233995736766e-17,DB01
202006111900,105,27.9,0,0,1.0,6.123233995736766e-17,DB01
202006112000,105,26.5,0,0,0.9396926207859084,-0.3420201433256687,DB02
202006112100,105,25.2,0,0,-0.7660444431189779,-0.6427876096865395,DB03
202006112200,105,24.1,0,0,-0.7660444431189779,-0.6427876096865395,DB02
202006112300,105,23.5,0,0,-0.9396926207859084,-0.34202014332566855,DB02
202006120000,105,23.3,0,0,-0.7660444431189779,-0.6427876096865395,DB04
202006120100,105,23.0,0,0,-0.9396926207859084,-0.34202014332566855,DB04
202006120200,105,22.8,0,0,0.0,1.0,DB03
202006120300,105,22.5,0,0,0.0,1.0,DB03
202006120400,105,22.0,0,0,0.0,1.0,DB03
202006120500,105,21.3,0,0,0.0,1.0,DB02
202006120600,105,21.4,0,0,-0.6427876096865396,0.7660444431189778,DB03
202006120700,105,22.5,0,0,-0.3420201433256686,0.9396926207859084,DB03
202006120800,105,24.0,0,0,0.9396926207859083,0.3420201433256688,DB03
202006120900,105,23.9,0,0,0.766044443118978,0.6427876096865394,DB03
202006121000,105,24.3,0,0,0.766044443118978,0.6427876096865394,DB03
202006121100,105,25.9,0,0,0.9396926207859083,0.3420201433256688,DB03
202006121200,105,25.3,0,0,0.3420201433256687,0.9396926207859084,DB04
202006121300,105,24.2,0,0,-0.3420201433256686,0.9396926207859084,DB04
202006121400,105,24.1,0,0,-0.3420201433256686,0.9396926207859084,DB04
202006121500,105,24.2,0,0,0.9396926207859083,0.3420201433256688,DB04
202006121600,105,24.9,0,0,0.9396926207859084,-0.3420201433256687,DB04
202006121700,105,24.3,0,0,0.9396926207859083,0.3420201433256688,DB04
202006121800,105,23.8,0,0,0.6427876096865395,-0.7660444431189779,DB04
202006121900,105,23.3,0,0,0.3420201433256689,-0.9396926207859083,DB04
202006122000,105,22.9,0,0,0.6427876096865395,-0.7660444431189779,DB04
202006122100,105,22.5,0,0,0.6427876096865395,-0.7660444431189779,DB04
202006122200,105,22.4,0,0,0.9396926207859084,-0.3420201433256687,DB04
202006122300,105,22.2,0,0,0.9396926207859084,-0.3420201433256687,DB04
202006130000,105,22.2,0,0,-0.7660444431189779,-0.6427876096865395,DB04
202006130100,105,22.9,0,0,-0.9396926207859084,-0.34202014332566855,DB04
202006130200,105,24.4,0,0,-0.7660444431189779,-0.6427876096865395,DB04
202006130300,105,24.7,0,0,-0.7660444431189779,-0.6427876096865395,DB04
202006130400,105,24.4,0,0,-0.9396926207859084,-0.34202014332566855,DB04
202006130500,105,24.1,0,0,-0.9396926207859084,-0.34202014332566855,DB04
202006130600,105,23.6,0,0,-0.9396926207859083,0.342020143325669,DB04
202006130700,105,23.4,0,0,-0.9396926207859084,-0.34202014332566855,DB04
202006130800,105,24.2,0,0,1.2246467991473532e-16,-1.0,DB03
202006130900,105,26.7,0,0,1.2246467991473532e-16,-1.0,DB03
202006131000,105,28.5,0,0,1.0,6.123233995736766e-17,DB02
202006131100,105,29.6,0,0,1.0,6.123233995736766e-17,DB03
202006131200,105,30.8,0,0,1.0,6.123233995736766e-17,DB01
202006131300,105,30.2,0,0,1.0,6.123233995736766e-17,DB01
202006131400,105,30.5,0,0,1.0,6.123233995736766e-17,DB01
202006131500,105,30.9,0,0,1.0,6.123233995736766e-17,DB01
202006131600,105,31.0,0,0,1.0,6.123233995736766e-17,DB01
202006131700,105,30.7,0,0,0.9396926207859084,-0.3420201433256687,DB01
202006131800,105,30.0,0,0,1.0,6.123233995736766e-17,DB02
202006131900,105,28.7,0,0,1.0,6.123233995736766e-17,DB03
202006132000,105,27.7,0,0,0.9396926207859083,0.3420201433256688,DB02
202006132100,105,26.8,0,0,-1.0,-1.8369701987210297e-16,DB03
202006132200,105,25.7,0,0,-0.7660444431189779,-0.6427876096865395,DB03
202006132300,105,25.4,0,0,-0.7660444431189779,-0.6427876096865395,DB03
202006140000,105,25.5,0,0,0.0,1.0,DB03
202006140100,105,27.4,0,0,-0.34202014332566866,-0.9396926207859084,DB03
202006140200,105,28.0,0,0,-0.34202014332566866,-0.9396926207859084,DB04
202006140300,105,27.5,0,0,-0.34202014332566866,-0.9396926207859084,DB04
202006140400,105,27.3,0,0,-0.34202014332566866,-0.9396926207859084,DB04
202006140500,105,27.1,0,0,-0.9396926207859084,-0.34202014332566855,DB04
202006140600,105,24.7,0,0,-0.6427876096865396,0.7660444431189778,DB04
202006140700,105,23.5,0,0,-0.6427876096865396,0.7660444431189778,DB03
202006140800,105,24.4,0,0,0.9396926207859084,-0.3420201433256687,DB03
202006140900,105,25.9,0,0,0.9396926207859084,-0.3420201433256687,DB04
202006141000,105,27.3,0,0,-0.3420201433256686,0.9396926207859084,DB04
202006141100,105,28.7,0,0,-0.34202014332566866,-0.9396926207859084,DB04
202006141200,105,28.6,0,0,-0.9396926207859084,-0.34202014332566855,DB04
202006141300,105,30.4,0,0,-0.7660444431189779,-0.6427876096865395,DB03
202006141400,105,31.7,0,0,-0.7660444431189779,-0.6427876096865395,DB02
202006141500,105,32.4,0,0,-0.7660444431189779,-0.6427876096865395,DB01
202006141600,105,32.3,0,0,-0.7660444431189779,-0.6427876096865395,DB01
202006141700,105,31.7,0,0,-0.9396926207859084,-0.34202014332566855,DB02
202006141800,105,30.8,0,0,-0.9396926207859084,-0.34202014332566855,DB01
202006141900,105,29.3,0,0,-0.9396926207859084,-0.34202014332566855,DB01
202006142000,105,27.9,0,0,-0.7660444431189779,-0.6427876096865395,DB01
202006142100,105,27.1,0,0,-0.9396926207859084,-0.34202014332566855,DB01
202006142200,105,26.7,0,0,-0.7660444431189779,-0.6427876096865395,DB01
202006142300,105,26.3,0,0,-0.9396926207859084,-0.34202014332566855,DB01
202006150000,105,26.0,0,0,-0.9396926207859084,-0.34202014332566855,DB01
202006150100,105,25.6,0,0,-1.0,-1.8369701987210297e-16,DB01
202006150200,105,25.0,0,0,-0.9396926207859084,-0.34202014332566855,DB01
202006150300,105,24.4,0,0,-0.9396926207859084,-0.34202014332566855,DB03
202006150400,105,23.9,0,0,-0.7660444431189779,-0.6427876096865395,DB03
202006150500,105,23.5,0,0,-0.7660444431189779,-0.6427876096865395,DB03
202006150600,105,23.6,0,0,-0.7660444431189779,-0.6427876096865395,DB02
202006150700,105,24.3,0,0,-0.7660444431189779,-0.6427876096865395,DB02
202006150800,105,25.3,0,0,-0.7660444431189779,-0.6427876096865395,DB03
202006150900,105,26.4,0,0,-0.7660444431189779,-0.6427876096865395,DB03
202006151000,105,28.3,0,0,-0.9396926207859084,-0.34202014332566855,DB03
202006151100,105,29.9,0,0,-0.7660444431189779,-0.6427876096865395,DB03
202006151200,105,31.8,0,0,-0.9396926207859084,-0.34202014332566855,DB02
202006151300,105,31.4,0,0,-0.7660444431189779,-0.6427876096865395,DB03
202006151400,105,32.1,0,0,-0.7660444431189779,-0.6427876096865395,DB03
202006151500,105,31.9,0,0,-0.9396926207859084,-0.34202014332566855,DB01
202006151600,105,31.2,0,0,-0.9396926207859084,-0.34202014332566855,DB02
202006151700,105,30.3,0,0,-0.7660444431189779,-0.6427876096865395,DB03
202006151800,105,29.8,0,0,-0.7660444431189779,-0.6427876096865395,DB03
202006151900,105,28.6,0,0,-0.7660444431189779,-0.6427876096865395,DB03
202006152000,105,27.4,0,0,-0.7660444431189779,-0.6427876096865395,DB02
202006152100,105,26.6,0,0,-0.7660444431189779,-0.6427876096865395,DB02
202006152200,105,25.7,0,0,-0.9396926207859084,-0.34202014332566855,DB02
202006152300,105,25.0,0,0,-0.7660444431189779,-0.6427876096865395,DB03
202006160000,105,24.3,0,0,-0.7660444431189779,-0.6427876096865395,DB02
202006160100,105,24.0,0,0,-0.7660444431189779,-0.6427876096865395,DB02
202006160200,105,23.8,0,0,-0.7660444431189779,-0.6427876096865395,DB03
202006160300,105,23.9,0,0,-0.9396926207859084,-0.34202014332566855,DB02
202006160400,105,23.4,0,0,-0.9396926207859084,-0.34202014332566855,DB01
202006160500,105,22.5,0,0,-1.0,-1.8369701987210297e-16,DB02
202006160600,105,22.2,0,0,-0.3420201433256686,0.9396926207859084,DB01
202006160700,105,22.7,0,0,-0.7660444431189779,-0.6427876096865395,DB02
202006160800,105,24.1,0,0,0.6427876096865395,-0.7660444431189779,DB01
202006160900,105,25.2,0,0,1.2246467991473532e-16,-1.0,DB01
202006161000,105,26.8,0,0,1.0,6.123233995736766e-17,DB01
202006161100,105,27.8,0,0,1.0,6.123233995736766e-17,DB01
202006161200,105,28.5,0,0,0.0,1.0,DB01
202006161300,105,28.3,0,0,1.0,6.123233995736766e-17,DB01
202006161400,105,28.9,0,0,1.0,6.123233995736766e-17,DB01
202006161500,105,27.8,0,0,0.9396926207859084,-0.3420201433256687,DB01
202006161600,105,27.0,0,0,0.9396926207859084,-0.3420201433256687,DB01
202006161700,105,27.0,0,0,0.9396926207859084,-0.3420201433256687,DB01
202006161800,105,26.4,0,0,1.0,6.123233995736766e-17,DB03
202006161900,105,25.0,0,0,0.9396926207859084,-0.3420201433256687,DB03
202006162000,105,24.0,0,0,0.9396926207859084,-0.3420201433256687,DB03
202006162100,105,23.6,0,0,-1.0,-1.8369701987210297e-16,DB03
202006162200,105,22.4,0,0,-0.7660444431189779,-0.6427876096865395,DB03
202006162300,105,21.8,0,0,-0.7660444431189779,-0.6427876096865395,DB01
202006170000,105,21.1,0,0,1.2246467991473532e-16,-1.0,DB01
202006170100,105,20.6,0,0,-0.34202014332566866,-0.9396926207859084,DB01
202006170200,105,21.9,0,0,-0.7660444431189779,-0.6427876096865395,DB03
202006170300,105,22.0,0,0,-0.7660444431189779,-0.6427876096865395,DB03
202006170400,105,22.2,0,0,-0.7660444431189779,-0.6427876096865395,DB03
202006170500,105,22.1,0,0,-0.7660444431189779,-0.6427876096865395,DB01
202006170600,105,22.7,0,0,-0.9396926207859084,-0.34202014332566855,DB01
202006170700,105,24.2,0,0,-0.9396926207859084,-0.34202014332566855,DB01
202006170800,105,26.3,0,0,-0.9396926207859084,-0.34202014332566855,DB02
202006170900,105,28.1,0,0,1.0,6.123233995736766e-17,DB01
202006171000,105,27.4,0,0,0.9396926207859083,0.3420201433256688,DB02
202006171100,105,27.7,0,0,0.9396926207859083,0.3420201433256688,DB03
202006171200,105,28.7,0,0,1.0,6.123233995736766e-17,DB02
202006171300,105,30.4,0,0,0.9396926207859083,0.3420201433256688,DB02
202006171400,105,30.7,0,0,0.9396926207859083,0.3420201433256688,DB03
202006171500,105,31.1,0,0,1.0,6.123233995736766e-17,DB01
202006171600,105,30.8,0,0,1.0,6.123233995736766e-17,DB02
202006171700,105,30.1,0,0,0.9396926207859084,-0.3420201433256687,DB02
202006171800,105,30.2,0,0,0.0,1.0,DB03
202006171900,105,28.7,0,0,-0.9396926207859083,0.342020143325669,DB03
202006172000,105,27.7,0,0,-0.7660444431189779,-0.6427876096865395,DB03
202006172100,105,27.4,0,0,-0.7660444431189779,-0.6427876096865395,DB03
202006172200,105,27.2,0,0,-0.7660444431189779,-0.6427876096865395,DB04
202006172300,105,26.9,0,0,-0.7660444431189779,-0.6427876096865395,DB04
202006180000,105,26.4,0,0,-0.7660444431189779,-0.6427876096865395,DB03
202006180100,105,25.9,0,0,-0.7660444431189779,-0.6427876096865395,DB03
202006180200,105,25.4,0,0,-0.7660444431189779,-0.6427876096865395,DB04
202006180300,105,25.2,0,0,-0.7660444431189779,-0.6427876096865395,DB04
202006180400,105,24.7,0,0,-0.7660444431189779,-0.6427876096865395,DB04
202006180500,105,24.3,0,0,-0.7660444431189779,-0.6427876096865395,DB04
202006180600,105,24.0,0,0,-0.7660444431189779,-0.6427876096865395,DB04
202006180700,105,24.2,0,0,-0.9396926207859084,-0.34202014332566855,DB04
202006180800,105,25.5,0,0,-0.9396926207859084,-0.34202014332566855,DB04
202006180900,105,26.6,0,0,-0.6427876096865396,0.7660444431189778,DB04
202006181000,105,27.1,0,0,-0.3420201433256686,0.9396926207859084,DB04
202006181100,105,25.7,0,0,-0.9396926207859083,0.342020143325669,DB04
202006181200,105,25.4,0,0,-0.6427876096865396,0.7660444431189778,DB04
202006181300,105,24.7,0,0,-0.3420201433256686,0.9396926207859084,DB04
202006181400,105,22.6,0,0,-0.9396926207859083,0.342020143325669,DB04
202006181500,105,22.4,0,0,0.3420201433256687,0.9396926207859084,DB04
202006181600,105,21.7,0,0,0.9396926207859083,0.3420201433256688,DB04
202006181700,105,21.1,0,0,0.766044443118978,0.6427876096865394,DB04
202006181800,105,20.5,0,0,-0.6427876096865396,0.7660444431189778,DB04
202006181900,105,20.2,0,0,-0.6427876096865396,0.7660444431189778,DB04
202006182000,105,20.1,0,0,-0.6427876096865396,0.7660444431189778,DB04
202006182100,105,20.0,0,0,-0.6427876096865396,0.7660444431189778,DB04
202006182200,105,19.6,0,0,-0.6427876096865396,0.7660444431189778,DB04
202006182300,105,19.5,0,0,-0.6427876096865396,0.7660444431189778,DB03
202006190000,105,19.4,0,0,-0.6427876096865396,0.7660444431189778,DB03
202006190100,105,19.4,0,0,-0.6427876096865396,0.7660444431189778,DB03
202006190200,105,19.4,0,0,-0.6427876096865396,0.7660444431189778,DB03
202006190300,105,18.7,0,0,-0.6427876096865396,0.7660444431189778,DB03
202006190400,105,18.6,0,0,-0.6427876096865396,0.7660444431189778,DB04
202006190500,105,18.7,0,0,-0.9396926207859083,0.342020143325669,DB04
202006190600,105,19.1,0,0,-0.3420201433256686,0.9396926207859084,DB04
202006190700,105,19.0,0,0,-0.6427876096865396,0.7660444431189778,DB04
202006190800,105,18.7,0,0,-0.6427876096865396,0.7660444431189778,DB04
202006190900,105,19.0,100,1,-0.6427876096865396,0.7660444431189778,DB04
202006191000,105,18.6,0,0,-0.6427876096865396,0.7660444431189778,DB04
202006191100,105,18.7,100,1,-0.6427876096865396,0.7660444431189778,DB04
202006191200,105,18.7,100,1,-0.6427876096865396,0.7660444431189778,DB04
202006191300,105,18.9,0,0,-0.6427876096865396,0.7660444431189778,DB04
202006191400,105,19.2,0,0,-0.6427876096865396,0.7660444431189778,DB04
202006191500,105,19.3,0,0,-0.6427876096865396,0.7660444431189778,DB04
202006191600,105,19.8,0,0,-0.9396926207859083,0.342020143325669,DB04
202006191700,105,20.3,0,0,-0.3420201433256686,0.9396926207859084,DB03
202006191800,105,20.0,0,0,0.0,1.0,DB03
202006191900,105,19.8,0,0,-0.6427876096865396,0.7660444431189778,DB03
202006192000,105,19.2,0,0,-0.3420201433256686,0.9396926207859084,DB03
202006192100,105,18.9,0,0,0.3420201433256687,0.9396926207859084,DB03
202006192200,105,18.8,0,0,0.0,1.0,DB03
202006192300,105,18.9,0,0,-0.34202014332566866,-0.9396926207859084,DB03
202006200000,105,18.9,0,0,0.0,1.0,DB03
202006200100,105,19.0,0,0,-0.7660444431189779,-0.6427876096865395,DB03
202006200200,105,18.7,0,0,-0.9396926207859084,-0.34202014332566855,DB02
202006200300,105,18.3,0,0,0.6427876096865395,-0.7660444431189779,DB03
202006200400,105,17.7,0,0,-0.7660444431189779,-0.6427876096865395,DB02
202006200500,105,17.2,0,0,-0.7660444431189779,-0.6427876096865395,DB02
202006200600,105,17.0,0,0,-0.7660444431189779,-0.6427876096865395,DB03
202006200700,105,18.8,0,0,0.0,1.0,DB02
202006200800,105,20.4,0,0,0.9396926207859083,0.3420201433256688,DB02
202006200900,105,22.6,0,0,1.0,6.123233995736766e-17,DB02
202006201000,105,23.7,0,0,0.3420201433256687,0.9396926207859084,DB02
202006201100,105,25.0,0,0,0.9396926207859083,0.3420201433256688,DB02
202006201200,105,26.0,0,0,0.9396926207859083,0.3420201433256688,DB02
202006201300,105,26.0,0,0,1.0,6.123233995736766e-17,DB02
202006201400,105,26.3,0,0,1.0,6.123233995736766e-17,DB01
202006201500,105,26.1,0,0,1.0,6.123233995736766e-17,DB01
202006201600,105,26.6,0,0,1.0,6.123233995736766e-17,DB01
202006201700,105,24.0,0,0,1.0,6.123233995736766e-17,DB03
202006201800,105,22.8,0,0,0.9396926207859084,-0.3420201433256687,DB04
202006201900,105,23.2,0,0,0.9396926207859083,0.3420201433256688,DB04
202006202000,105,22.2,0,0,0.0,1.0,DB04
202006202100,105,22.1,0,0,0.0,1.0,DB03
202006202200,105,21.3,0,0,0.9396926207859084,-0.3420201433256687,DB03
202006202300,105,20.9,0,0,0.6427876096865395,-0.7660444431189779,DB03
202006210000,105,20.6,0,0,0.0,1.0,DB03
202006210100,105,19.7,0,0,-0.6427876096865396,0.7660444431189778,DB02
202006210200,105,19.6,0,0,-0.9396926207859083,0.342020143325669,DB02
202006210300,105,19.7,0,0,1.2246467991473532e-16,-1.0,DB03
202006210400,105,19.9,0,0,1.2246467991473532e-16,-1.0,DB03
202006210500,105,20.2,0,0,-0.34202014332566866,-0.9396926207859084,DB03
202006210600,105,20.3,0,0,-0.9396926207859084,-0.34202014332566855,DB01
202006210700,105,20.7,0,0,0.6427876096865395,-0.7660444431189779,DB01
202006210800,105,21.2,0,0,1.0,6.123233995736766e-17,DB01
202006210900,105,21.5,0,0,1.0,6.123233995736766e-17,DB01
202006211000,105,22.0,0,0,1.0,6.123233995736766e-17,DB03
202006211100,105,24.0,0,0,0.6427876096865395,-0.7660444431189779,DB03
202006211200,105,25.6,0,0,0.766044443118978,0.6427876096865394,DB02
202006211300,105,27.0,0,0,1.0,6.123233995736766e-17,DB02
202006211400,105,27.5,0,0,0.9396926207859083,0.3420201433256688,DB01
202006211500,105,28.2,0,0,1.0,6.123233995736766e-17,DB03
202006211600,105,27.5,0,0,0.9396926207859083,0.3420201433256688,DB02
202006211700,105,26.4,0,0,0.9396926207859083,0.3420201433256688,DB02
202006211800,105,25.9,0,0,1.0,6.123233995736766e-17,DB03
202006211900,105,24.9,0,0,1.0,6.123233995736766e-17,DB01
202006212000,105,23.7,0,0,0.0,1.0,DB02
202006212100,105,23.3,0,0,0.9396926207859083,0.3420201433256688,DB01
202006212200,105,22.5,0,0,0.0,1.0,DB01
202006212300,105,22.1,0,0,0.0,1.0,DB01
202006220000,105,21.7,0,0,0.0,1.0,DB01
202006220100,105,21.1,0,0,0.3420201433256689,-0.9396926207859083,DB01
202006220200,105,20.7,0,0,0.9396926207859084,-0.3420201433256687,DB01
202006220300,105,20.6,0,0,0.0,1.0,DB01
202006220400,105,20.3,0,0,1.2246467991473532e-16,-1.0,DB01
202006220500,105,20.5,0,0,-0.6427876096865396,0.7660444431189778,DB01
202006220600,105,20.3,0,0,-0.34202014332566866,-0.9396926207859084,DB01
202006220700,105,23.5,0,0,-0.9396926207859084,-0.34202014332566855,DB02
202006220800,105,26.3,0,0,-0.34202014332566866,-0.9396926207859084,DB01
202006220900,105,28.3,0,0,0.9396926207859083,0.3420201433256688,DB01
202006221000,105,29.3,0,0,0.766044443118978,0.6427876096865394,DB01
202006221100,105,30.1,0,0,1.0,6.123233995736766e-17,DB01
202006221200,105,30.9,0,0,0.9396926207859083,0.3420201433256688,DB01
202006221300,105,31.2,0,0,0.766044443118978,0.6427876096865394,DB01
202006221400,105,32.5,0,0,1.0,6.123233995736766e-17,DB01
202006221500,105,32.9,0,0,0.9396926207859083,0.3420201433256688,DB01
202006221600,105,32.8,0,0,1.0,6.123233995736766e-17,DB01
202006221700,105,32.8,0,0,1.0,6.123233995736766e-17,DB02
202006221800,105,30.9,0,0,0.9396926207859083,0.3420201433256688,DB01
202006221900,105,29.8,0,0,-0.9396926207859083,0.342020143325669,DB01
202006222000,105,27.2,0,0,-0.6427876096865396,0.7660444431189778,DB02
202006222100,105,25.6,0,0,-0.6427876096865396,0.7660444431189778,DB03
202006222200,105,24.9,0,0,1.2246467991473532e-16,-1.0,DB02
202006222300,105,24.3,0,0,-0.9396926207859084,-0.34202014332566855,DB01
202006230000,105,23.1,0,0,-0.6427876096865396,0.7660444431189778,DB02
202006230100,105,21.7,0,0,-0.6427876096865396,0.7660444431189778,DB02
202006230200,105,21.3,0,0,-0.6427876096865396,0.7660444431189778,DB03
202006230300,105,20.7,0,0,-0.9396926207859083,0.342020143325669,DB04
202006230400,105,19.8,0,0,-0.3420201433256686,0.9396926207859084,DB03
202006230500,105,19.9,0,0,-1.0,-1.8369701987210297e-16,DB04
202006230600,105,20.1,0,0,-0.9396926207859084,-0.34202014332566855,DB03
202006230700,105,21.1,0,0,-0.6427876096865396,0.7660444431189778,DB03
202006230800,105,21.9,0,0,-0.9396926207859083,0.342020143325669,DB03
202006230900,105,23.1,0,0,0.3420201433256687,0.9396926207859084,DB03
202006231000,105,24.1,0,0,0.9396926207859083,0.3420201433256688,DB03
202006231100,105,25.4,0,0,0.9396926207859083,0.3420201433256688,DB02
202006231200,105,26.0,0,0,0.766044443118978,0.6427876096865394,DB02
202006231300,105,24.7,0,0,0.9396926207859083,0.3420201433256688,DB03
202006231400,105,25.3,0,0,-0.3420201433256686,0.9396926207859084,DB03
202006231500,105,25.0,0,0,0.766044443118978,0.6427876096865394,DB03
202006231600,105,24.5,0,0,0.766044443118978,0.6427876096865394,DB04
202006231700,105,24.1,0,0,0.766044443118978,0.6427876096865394,DB03
202006231800,105,23.5,0,0,0.766044443118978,0.6427876096865394,DB04
202006231900,105,22.8,0,0,-0.3420201433256686,0.9396926207859084,DB04
202006232000,105,22.5,0,0,-0.3420201433256686,0.9396926207859084,DB04
202006232100,105,22.5,0,0,0.9396926207859083,0.3420201433256688,DB04
202006232200,105,22.2,0,0,1.0,6.123233995736766e-17,DB04
202006232300,105,22.3,0,0,0.0,1.0,DB04
202006240000,105,22.0,0,0,0.0,1.0,DB04
202006240100,105,21.5,0,0,0.766044443118978,0.6427876096865394,DB04
202006240200,105,21.5,0,0,-0.6427876096865396,0.7660444431189778,DB04
202006240300,105,21.4,0,0,-0.9396926207859083,0.342020143325669,DB04
202006240400,105,21.2,0,0,-0.9396926207859083,0.342020143325669,DB04
202006240500,105,20.9,0,0,-0.6427876096865396,0.7660444431189778,DB04
202006240600,105,20.9,0,0,-0.6427876096865396,0.7660444431189778,DB04
202006240700,105,21.1,0,0,-0.6427876096865396,0.7660444431189778,DB04
202006240800,105,21.8,0,0,-0.6427876096865396,0.7660444431189778,DB04
202006240900,105,22.5,0,0,-0.6427876096865396,0.7660444431189778,DB04
202006241000,105,22.3,0,0,-0.3420201433256686,0.9396926207859084,DB04
202006241100,105,22.1,0,0,-0.6427876096865396,0.7660444431189778,DB04
202006241200,105,22.5,0,0,0.3420201433256687,0.9396926207859084,DB04
202006241300,105,21.9,100,1,0.9396926207859083,0.3420201433256688,DB04
202006241400,105,22.2,100,1,0.9396926207859084,-0.3420201433256687,DB04
202006241500,105,21.7,100,1,1.0,6.123233995736766e-17,DB04
202006241600,105,21.7,0,0,0.9396926207859083,0.3420201433256688,DB04
202006241700,105,21.2,100,1,0.9396926207859083,0.3420201433256688,DB04
202006241800,105,20.8,100,1,0.9396926207859084,-0.3420201433256687,DB04
202006241900,105,20.6,100,1,1.0,6.123233995736766e-17,DB03
202006242000,105,20.1,100,1,1.0,6.123233995736766e-17,DB04
202006242100,105,19.9,100,1,0.9396926207859084,-0.3420201433256687,DB04
202006242200,105,20.1,0,0,0.9396926207859084,-0.3420201433256687,DB04
202006242300,105,19.9,0,0,0.9396926207859084,-0.3420201433256687,DB04
202006250000,105,19.9,0,0,-0.7660444431189779,-0.6427876096865395,DB04
202006250100,105,20.0,0,0,-0.6427876096865396,0.7660444431189778,DB04
202006250200,105,20.0,0,0,0.0,1.0,DB04
202006250300,105,19.9,0,0,-0.3420201433256686,0.9396926207859084,DB03
202006250400,105,19.6,0,0,-0.3420201433256686,0.9396926207859084,DB03
202006250500,105,19.7,0,0,1.2246467991473532e-16,-1.0,DB03
202006250600,105,19.9,0,0,-0.34202014332566866,-0.9396926207859084,DB03
202006250700,105,20.1,0,0,-0.7660444431189779,-0.6427876096865395,DB03
202006250800,105,20.7,0,0,-0.7660444431189779,-0.6427876096865395,DB03
202006250900,105,21.6,0,0,1.0,6.123233995736766e-17,DB04
202006251000,105,21.4,0,0,-0.3420201433256686,0.9396926207859084,DB04
202006251100,105,21.2,0,0,-0.6427876096865396,0.7660444431189778,DB04
202006251200,105,21.6,0,0,-0.3420201433256686,0.9396926207859084,DB04
202006251300,105,22.1,0,0,0.3420201433256687,0.9396926207859084,DB04
202006251400,105,22.3,0,0,0.766044443118978,0.6427876096865394,DB04
202006251500,105,21.3,0,0,-0.6427876096865396,0.7660444431189778,DB04
202006251600,105,20.7,0,0,-0.6427876096865396,0.7660444431189778,DB04
202006251700,105,20.5,0,0,0.3420201433256687,0.9396926207859084,DB04
202006251800,105,20.3,0,0,-0.6427876096865396,0.7660444431189778,DB04
202006251900,105,20.0,0,0,-0.6427876096865396,0.7660444431189778,DB04
202006252000,105,19.8,0,0,0.0,1.0,DB04
202006252100,105,19.8,0,0,0.0,1.0,DB04
202006252200,105,19.8,0,0,-0.3420201433256686,0.9396926207859084,DB04
202006252300,105,19.7,0,0,0.0,1.0,DB04
202006260000,105,19.7,0,0,0.0,1.0,DB04
202006260100,105,19.7,0,0,0.766044443118978,0.6427876096865394,DB04
202006260200,105,19.6,0,0,1.2246467991473532e-16,-1.0,DB04
202006260300,105,19.4,0,0,0.3420201433256689,-0.9396926207859083,DB04
202006260400,105,19.5,0,0,0.3420201433256689,-0.9396926207859083,DB04
202006260500,105,19.5,0,0,0.6427876096865395,-0.7660444431189779,DB03
202006260600,105,19.5,0,0,0.3420201433256689,-0.9396926207859083,DB02
202006260700,105,20.7,0,0,-0.6427876096865396,0.7660444431189778,DB01
202006260800,105,22.0,0,0,0.3420201433256687,0.9396926207859084,DB02
202006260900,105,25.5,0,0,-0.7660444431189779,-0.6427876096865395,DB01
202006261000,105,26.4,0,0,-0.34202014332566866,-0.9396926207859084,DB01
202006261100,105,27.4,0,0,-0.7660444431189779,-0.6427876096865395,DB02
202006261200,105,27.5,0,0,-0.9396926207859084,-0.34202014332566855,DB02
202006261300,105,27.6,0,0,-0.7660444431189779,-0.6427876096865395,DB04
202006261400,105,27.4,0,0,-0.7660444431189779,-0.6427876096865395,DB03
202006261500,105,27.1,0,0,-0.9396926207859084,-0.34202014332566855,DB04
202006261600,105,26.9,0,0,-0.9396926207859084,-0.34202014332566855,DB04
202006261700,105,27.0,0,0,-0.9396926207859084,-0.34202014332566855,DB04
202006261800,105,26.7,0,0,-0.9396926207859084,-0.34202014332566855,DB04
202006261900,105,26.3,0,0,-0.7660444431189779,-0.6427876096865395,DB04
202006262000,105,25.9,0,0,-0.7660444431189779,-0.6427876096865395,DB04
202006262100,105,25.7,0,0,-0.9396926207859084,-0.34202014332566855,DB04
202006262200,105,25.6,0,0,-0.9396926207859084,-0.34202014332566855,DB04
202006262300,105,25.3,0,0,-0.7660444431189779,-0.6427876096865395,DB04
202006270000,105,24.9,0,0,-0.7660444431189779,-0.6427876096865395,DB04
202006270100,105,24.8,0,0,-0.7660444431189779,-0.6427876096865395,DB04
202006270200,105,24.9,0,0,-0.7660444431189779,-0.6427876096865395,DB04
202006270300,105,24.7,0,0,-0.9396926207859084,-0.34202014332566855,DB04
202006270400,105,24.9,0,0,-0.9396926207859084,-0.34202014332566855,DB04
202006270500,105,24.8,0,0,-0.9396926207859084,-0.34202014332566855,DB04
202006270600,105,24.0,0,0,0.0,1.0,DB04
202006270700,105,23.4,0,0,-1.0,-1.8369701987210297e-16,DB04
202006270800,105,23.1,0,0,-1.0,-1.8369701987210297e-16,DB04
202006270900,105,23.1,0,0,-1.0,-1.8369701987210297e-16,DB04
202006271000,105,23.7,0,0,-0.7660444431189779,-0.6427876096865395,DB04
202006271100,105,25.0,0,0,0.6427876096865395,-0.7660444431189779,DB04
202006271200,105,27.7,0,0,0.9396926207859084,-0.3420201433256687,DB04
202006271300,105,29.1,0,0,-0.7660444431189779,-0.6427876096865395,DB03
202006271400,105,29.9,0,0,-0.6427876096865396,0.7660444431189778,DB03
202006271500,105,30.0,0,0,1.0,6.123233995736766e-17,DB03
202006271600,105,30.2,0,0,1.0,6.123233995736766e-17,DB02
202006271700,105,29.3,0,0,1.0,6.123233995736766e-17,DB03
202006271800,105,28.9,0,0,0.9396926207859084,-0.3420201433256687,DB02
202006271900,105,28.4,0,0,0.766044443118978,0.6427876096865394,DB02
202006272000,105,27.4,0,0,-0.9396926207859083,0.342020143325669,DB01
202006272100,105,26.1,0,0,-0.7660444431189779,-0.6427876096865395,DB01
202006272200,105,25.0,0,0,-0.6427876096865396,0.7660444431189778,DB03
202006272300,105,23.0,100,1,-0.9396926207859083,0.342020143325669,DB04
202006280000,105,23.4,0,0,-0.7660444431189779,-0.6427876096865395,DB01
202006280100,105,22.8,0,0,0.3420201433256687,0.9396926207859084,DB01
202006280200,105,21.8,0,0,-0.9396926207859083,0.342020143325669,DB01
202006280300,105,21.1,0,0,0.0,1.0,DB01
202006280400,105,20.7,0,0,0.0,1.0,DB01
202006280500,105,20.5,0,0,1.2246467991473532e-16,-1.0,DB01
202006280600,105,20.9,0,0,1.2246467991473532e-16,-1.0,DB03
202006280700,105,22.1,0,0,-0.6427876096865396,0.7660444431189778,DB01
202006280800,105,23.3,0,0,-0.6427876096865396,0.7660444431189778,DB03
202006280900,105,24.7,0,0,0.6427876096865395,-0.7660444431189779,DB02
202006281000,105,25.6,0,0,0.3420201433256687,0.9396926207859084,DB01
202006281100,105,25.1,0,0,0.3420201433256687,0.9396926207859084,DB02
202006281200,105,25.2,0,0,0.3420201433256687,0.9396926207859084,DB02
202006281300,105,23.9,0,0,-0.3420201433256686,0.9396926207859084,DB03
202006281400,105,24.4,0,0,0.766044443118978,0.6427876096865394,DB03
202006281500,105,25.2,0,0,0.9396926207859083,0.3420201433256688,DB03
202006281600,105,25.3,0,0,0.766044443118978,0.6427876096865394,DB03
202006281700,105,24.7,0,0,0.766044443118978,0.6427876096865394,DB02
202006281800,105,23.4,0,0,0.766044443118978,0.6427876096865394,DB02
202006281900,105,22.7,0,0,0.766044443118978,0.6427876096865394,DB02
202006282000,105,22.2,0,0,0.766044443118978,0.6427876096865394,DB03
202006282100,105,21.6,0,0,0.6427876096865395,-0.7660444431189779,DB01
202006282200,105,21.4,0,0,0.3420201433256689,-0.9396926207859083,DB01
202006282300,105,21.0,0,0,-0.34202014332566866,-0.9396926207859084,DB03
202006290200,105,20.3,0,0,-0.7660444431189779,-0.6427876096865395,DB02
202006290300,105,20.4,0,0,-0.7660444431189779,-0.6427876096865395,DB03
202006290400,105,19.8,0,0,-0.9396926207859084,-0.34202014332566855,DB03
202006290500,105,19.6,0,0,-0.34202014332566866,-0.9396926207859084,DB03
202006290600,105,19.8,0,0,-0.7660444431189779,-0.6427876096865395,DB02
202006290700,105,20.0,0,0,-0.34202014332566866,-0.9396926207859084,DB02
202006290800,105,20.6,0,0,0.6427876096865395,-0.7660444431189779,DB02
202006290900,105,21.6,0,0,1.2246467991473532e-16,-1.0,DB03
202006291000,105,23.2,0,0,-0.6427876096865396,0.7660444431189778,DB04
202006291100,105,23.9,0,0,1.2246467991473532e-16,-1.0,DB04
202006291200,105,24.7,0,0,1.0,6.123233995736766e-17,DB04
202006291300,105,24.5,0,0,0.9396926207859083,0.3420201433256688,DB04
202006291400,105,24.5,0,0,-0.6427876096865396,0.7660444431189778,DB04
202006291500,105,24.1,0,0,-0.6427876096865396,0.7660444431189778,DB04
202006291600,105,23.8,0,0,-0.3420201433256686,0.9396926207859084,DB04
202006291700,105,23.0,0,0,-0.9396926207859083,0.342020143325669,DB04
202006291800,105,22.8,0,0,1.0,6.123233995736766e-17,DB04
202006291900,105,22.7,0,0,0.9396926207859084,-0.3420201433256687,DB04
202006292000,105,22.5,0,0,1.0,6.123233995736766e-17,DB04
202006292100,105,22.6,0,0,0.9396926207859084,-0.3420201433256687,DB04
202006292200,105,22.6,0,0,1.0,6.123233995736766e-17,DB04
202006292300,105,21.9,100,1,1.0,6.123233995736766e-17,DB04
202006300000,105,21.2,100,1,0.9396926207859083,0.3420201433256688,DB04
202006300100,105,20.8,100,1,0.9396926207859083,0.3420201433256688,DB04
202006300200,105,19.8,100,1,0.9396926207859084,-0.3420201433256687,DB04
202006300300,105,19.3,100,1,0.3420201433256687,0.9396926207859084,DB04
202006300400,105,20.4,100,1,0.9396926207859083,0.3420201433256688,DB04
202006300500,105,20.3,100,1,0.9396926207859083,0.3420201433256688,DB03
202006300600,105,19.7,100,1,1.0,6.123233995736766e-17,DB04
202006300700,105,19.1,100,1,1.0,6.123233995736766e-17,DB04
202006300800,105,19.5,100,1,-0.6427876096865396,0.7660444431189778,DB04
202006300900,105,19.8,100,1,1.0,6.123233995736766e-17,DB04
202006301000,105,20.4,100,1,1.0,6.123233995736766e-17,DB04
202006301100,105,20.2,100,1,1.0,6.123233995736766e-17,DB04
202006301200,105,19.9,0,0,1.0,6.123233995736766e-17,DB04
202006301300,105,19.6,100,1,-0.6427876096865396,0.7660444431189778,DB04
202006301400,105,19.3,100,1,-0.6427876096865396,0.7660444431189778,DB04
202006301500,105,18.9,100,1,-0.6427876096865396,0.7660444431189778,DB04
202006301600,105,18.8,100,1,-0.6427876096865396,0.7660444431189778,DB04
202006301700,105,18.2,100,1,-0.6427876096865396,0.7660444431189778,DB04
202006301800,105,17.8,100,1,-0.6427876096865396,0.7660444431189778,DB04
202006301900,105,17.8,100,1,-0.9396926207859083,0.342020143325669,DB04
202006302000,105,17.6,100,1,-0.6427876096865396,0.7660444431189778,DB04
202006302100,105,17.5,100,1,-0.6427876096865396,0.7660444431189778,DB04
202006302200,105,17.3,100,1,-0.6427876096865396,0.7660444431189778,DB04
202006302300,105,17.0,100,1,-0.6427876096865396,0.7660444431189778,DB04
202007010000,105,16.8,100,1,-0.9396926207859083,0.342020143325669,DB04
202007010100,105,16.9,100,1,-0.9396926207859083,0.342020143325669,DB04
202007010200,105,17.0,100,1,-0.9396926207859083,0.342020143325669,DB04
202007010300,105,16.9,100,1,-0.9396926207859083,0.342020143325669,DB04
202007010400,105,17.1,100,1,-0.6427876096865396,0.7660444431189778,DB04
202007010500,105,17.1,100,1,-0.6427876096865396,0.7660444431189778,DB04
202007010600,105,16.8,100,1,-0.6427876096865396,0.7660444431189778,DB04
202007010700,105,16.8,100,1,-0.6427876096865396,0.7660444431189778,DB04
202007010800,105,16.9,100,1,-0.7660444431189779,-0.6427876096865395,DB04
202007010900,105,17.7,100,1,-1.0,-1.8369701987210297e-16,DB04
202007011000,105,18.3,100,1,-0.9396926207859084,-0.34202014332566855,DB04
202007011100,105,19.4,0,0,-0.7660444431189779,-0.6427876096865395,DB04
202007011200,105,20.0,0,0,-0.34202014332566866,-0.9396926207859084,DB04
202007011300,105,22.5,0,0,-1.0,-1.8369701987210297e-16,DB04
202007011400,105,22.2,0,0,-0.3420201433256686,0.9396926207859084,DB04
202007011500,105,23.0,0,0,-0.3420201433256686,0.9396926207859084,DB03
202007011600,105,24.2,0,0,0.766044443118978,0.6427876096865394,DB03
202007011700,105,23.0,0,0,0.766044443118978,0.6427876096865394,DB03
202007011800,105,23.1,0,0,0.0,1.0,DB04
202007011900,105,23.4,0,0,-1.0,-1.8369701987210297e-16,DB02
202007012000,105,21.2,0,0,-0.7660444431189779,-0.6427876096865395,DB01
202007012100,105,19.6,0,0,-0.7660444431189779,-0.6427876096865395,DB02
202007012200,105,19.2,0,0,-0.7660444431189779,-0.6427876096865395,DB01
202007012300,105,18.8,0,0,-0.7660444431189779,-0.6427876096865395,DB01
202007020000,105,18.5,0,0,-0.7660444431189779,-0.6427876096865395,DB01
202007020100,105,18.5,0,0,-0.7660444431189779,-0.6427876096865395,DB01
202007020200,105,18.4,0,0,-0.7660444431189779,-0.6427876096865395,DB01
202007020300,105,18.4,0,0,-0.9396926207859084,-0.34202014332566855,DB01
202007020400,105,18.5,0,0,-0.9396926207859084,-0.34202014332566855,DB01
202007020500,105,18.5,0,0,-0.9396926207859084,-0.34202014332566855,DB01
202007020600,105,18.7,0,0,-0.9396926207859084,-0.34202014332566855,DB01
202007020700,105,20.1,0,0,-0.9396926207859084,-0.34202014332566855,DB01
202007020800,105,22.2,0,0,-0.9396926207859084,-0.34202014332566855,DB01
202007020900,105,24.9,0,0,-0.9396926207859084,-0.34202014332566855,DB01
202007021000,105,27.4,0,0,1.2246467991473532e-16,-1.0,DB02
202007021100,105,28.7,0,0,0.9396926207859083,0.3420201433256688,DB02
202007021200,105,29.4,0,0,0.9396926207859084,-0.3420201433256687,DB02
202007021300,105,29.7,0,0,1.0,6.123233995736766e-17,DB01
202007021400,105,29.5,0,0,0.9396926207859084,-0.3420201433256687,DB01
202007021500,105,29.3,0,0,0.9396926207859084,-0.3420201433256687,DB01
202007021600,105,29.5,0,0,1.0,6.123233995736766e-17,DB02
202007021700,105,29.0,0,0,0.9396926207859084,-0.3420201433256687,DB01
202007021800,105,28.5,0,0,0.9396926207859084,-0.3420201433256687,DB01
202007021900,105,27.6,0,0,0.9396926207859084,-0.3420201433256687,DB02
202007022000,105,26.1,0,0,1.2246467991473532e-16,-1.0,DB01
202007022100,105,23.8,0,0,-0.7660444431189779,-0.6427876096865395,DB02
202007022200,105,22.8,0,0,-0.7660444431189779,-0.6427876096865395,DB03
202007022300,105,21.9,0,0,-0.7660444431189779,-0.6427876096865395,DB02
202007030000,105,21.3,0,0,-0.34202014332566866,-0.9396926207859084,DB03
202007030100,105,20.8,0,0,-0.7660444431189779,-0.6427876096865395,DB02
202007030200,105,20.8,0,0,0.0,1.0,DB03
202007030300,105,20.0,0,0,-0.7660444431189779,-0.6427876096865395,DB02
202007030400,105,19.9,0,0,1.2246467991473532e-16,-1.0,DB02
202007030500,105,19.8,0,0,0.0,1.0,DB03
202007030600,105,19.7,0,0,0.0,1.0,DB03
202007030700,105,21.0,0,0,-0.9396926207859083,0.342020143325669,DB03
202007030800,105,22.2,0,0,0.766044443118978,0.6427876096865394,DB02
202007030900,105,22.9,0,0,-0.3420201433256686,0.9396926207859084,DB03
202007031000,105,24.1,0,0,0.9396926207859083,0.3420201433256688,DB03
202007031100,105,25.6,0,0,1.0,6.123233995736766e-17,DB03
202007031200,105,24.9,0,0,0.9396926207859084,-0.3420201433256687,DB03
202007031300,105,24.8,0,0,0.9396926207859084,-0.3420201433256687,DB03
202007031400,105,24.8,0,0,1.0,6.123233995736766e-17,DB04
202007031500,105,26.1,0,0,1.0,6.123233995736766e-17,DB03
202007031600,105,25.0,0,0,1.0,6.123233995736766e-17,DB04
202007031700,105,23.9,0,0,0.9396926207859083,0.3420201433256688,DB04
202007031800,105,22.7,0,0,0.9396926207859084,-0.3420201433256687,DB04
202007031900,105,21.7,0,0,1.0,6.123233995736766e-17,DB04
202007032000,105,21.1,0,0,1.0,6.123233995736766e-17,DB04
202007032100,105,20.6,0,0,0.9396926207859084,-0.3420201433256687,DB04
202007032200,105,20.3,0,0,0.766044443118978,0.6427876096865394,DB03
202007032300,105,20.2,0,0,0.9396926207859083,0.3420201433256688,DB04
202007040000,105,20.0,0,0,0.9396926207859083,0.3420201433256688,DB04
202007040100,105,19.9,0,0,-0.6427876096865396,0.7660444431189778,DB04
202007040200,105,19.5,0,0,-0.7660444431189779,-0.6427876096865395,DB04
202007040300,105,18.5,0,0,-0.9396926207859084,-0.34202014332566855,DB04
202007040400,105,18.6,0,0,-0.9396926207859084,-0.34202014332566855,DB04
202007040500,105,18.4,0,0,-0.7660444431189779,-0.6427876096865395,DB04
202007040600,105,18.2,100,1,-0.9396926207859084,-0.34202014332566855,DB04
202007040700,105,18.2,100,1,-0.7660444431189779,-0.6427876096865395,DB04
202007040800,105,19.6,0,0,-0.7660444431189779,-0.6427876096865395,DB04
202007040900,105,21.0,0,0,-0.34202014332566866,-0.9396926207859084,DB03
202007041000,105,23.3,0,0,-0.9396926207859084,-0.34202014332566855,DB01
202007041100,105,24.2,0,0,1.2246467991473532e-16,-1.0,DB01
202007041200,105,25.5,0,0,0.766044443118978,0.6427876096865394,DB01
202007041300,105,25.6,0,0,0.9396926207859083,0.3420201433256688,DB02
202007041400,105,25.4,0,0,1.0,6.123233995736766e-17,DB01
202007041500,105,26.1,0,0,1.0,6.123233995736766e-17,DB01
202007041600,105,26.5,0,0,0.9396926207859083,0.3420201433256688,DB03
202007041700,105,23.8,0,0,1.0,6.123233995736766e-17,DB03
202007041800,105,23.5,0,0,1.0,6.123233995736766e-17,DB03
202007041900,105,23.5,0,0,0.3420201433256687,0.9396926207859084,DB03
202007042000,105,22.6,0,0,-0.3420201433256686,0.9396926207859084,DB02
202007042100,105,21.8,0,0,-0.6427876096865396,0.7660444431189778,DB02
202007042200,105,20.9,0,0,-0.7660444431189779,-0.6427876096865395,DB02
202007042300,105,19.9,0,0,-0.7660444431189779,-0.6427876096865395,DB03
202007050000,105,19.6,0,0,1.2246467991473532e-16,-1.0,DB03
202007050100,105,19.5,0,0,0.0,1.0,DB03
202007050200,105,19.7,0,0,0.6427876096865395,-0.7660444431189779,DB03
202007050300,105,23.0,0,0,-0.7660444431189779,-0.6427876096865395,DB02
202007050400,105,23.0,0,0,-0.7660444431189779,-0.6427876096865395,DB02
202007050500,105,22.8,0,0,-0.7660444431189779,-0.6427876096865395,DB02
202007050600,105,22.4,0,0,-0.7660444431189779,-0.6427876096865395,DB02
202007050700,105,23.4,0,0,-0.7660444431189779,-0.6427876096865395,DB01
202007050800,105,25.3,0,0,-0.34202014332566866,-0.9396926207859084,DB03
202007050900,105,26.8,0,0,-0.34202014332566866,-0.9396926207859084,DB03
202007051000,105,27.3,0,0,0.6427876096865395,-0.7660444431189779,DB03
202007051100,105,29.1,0,0,0.9396926207859083,0.3420201433256688,DB02
202007051200,105,29.4,0,0,1.0,6.123233995736766e-17,DB03
202007051300,105,28.8,0,0,0.9396926207859084,-0.3420201433256687,DB03
202007051400,105,29.5,0,0,0.9396926207859084,-0.3420201433256687,DB03
202007051500,105,28.8,0,0,1.0,6.123233995736766e-17,DB03
202007051600,105,29.0,0,0,1.0,6.123233995736766e-17,DB01
202007051700,105,29.2,0,0,1.0,6.123233995736766e-17,DB02
202007051800,105,28.9,0,0,1.0,6.123233995736766e-17,DB02
202007051900,105,28.7,0,0,1.0,6.123233995736766e-17,DB01
202007052000,105,26.4,0,0,-1.0,-1.8369701987210297e-16,DB01
202007052100,105,24.7,0,0,-0.7660444431189779,-0.6427876096865395,DB01
202007052200,105,24.1,0,0,-0.7660444431189779,-0.6427876096865395,DB01
202007052300,105,23.7,0,0,-0.9396926207859084,-0.34202014332566855,DB01
202007060000,105,23.6,0,0,-0.9396926207859084,-0.34202014332566855,DB01
202007060100,105,23.7,0,0,-0.9396926207859084,-0.34202014332566855,DB04
202007060200,105,23.5,0,0,-0.7660444431189779,-0.6427876096865395,DB04
202007060300,105,22.9,0,0,-0.7660444431189779,-0.6427876096865395,DB02
202007060400,105,22.3,0,0,0.0,1.0,DB01
202007060500,105,21.7,0,0,-0.34202014332566866,-0.9396926207859084,DB01
202007060600,105,22.0,0,0,-0.7660444431189779,-0.6427876096865395,DB01
202007060700,105,23.2,0,0,-0.7660444431189779,-0.6427876096865395,DB02
202007060800,105,24.4,0,0,-0.34202014332566866,-0.9396926207859084,DB03
202007060900,105,26.2,0,0,0.766044443118978,0.6427876096865394,DB03
202007061000,105,25.9,0,0,0.3420201433256687,0.9396926207859084,DB04
202007061100,105,26.1,0,0,0.766044443118978,0.6427876096865394,DB03
202007061200,105,27.6,0,0,0.3420201433256687,0.9396926207859084,DB03
202007061300,105,27.8,0,0,0.766044443118978,0.6427876096865394,DB02
202007061400,105,27.2,0,0,1.0,6.123233995736766e-17,DB03
202007061500,105,27.0,0,0,1.0,6.123233995736766e-17,DB02
202007061600,105,26.7,0,0,0.766044443118978,0.6427876096865394,DB03
202007061700,105,25.8,0,0,0.0,1.0,DB04
202007061800,105,25.1,0,0,0.766044443118978,0.6427876096865394,DB04
202007061900,105,25.0,0,0,0.766044443118978,0.6427876096865394,DB02
202007062000,105,23.2,0,0,0.0,1.0,DB03
202007062100,105,23.1,0,0,-0.9396926207859083,0.342020143325669,DB02
202007062200,105,22.7,0,0,-0.3420201433256686,0.9396926207859084,DB04
202007062300,105,22.3,0,0,-0.3420201433256686,0.9396926207859084,DB04
202007070000,105,21.9,0,0,-0.34202014332566866,-0.9396926207859084,DB04
202007070100,105,21.3,0,0,-0.3420201433256686,0.9396926207859084,DB02
202007070200,105,20.6,0,0,-0.6427876096865396,0.7660444431189778,DB02
202007070300,105,20.8,0,0,0.0,1.0,DB03
202007070400,105,21.0,0,0,-0.34202014332566866,-0.9396926207859084,DB02
202007070500,105,21.2,0,0,-0.9396926207859084,-0.34202014332566855,DB03
202007070600,105,21.4,0,0,-0.7660444431189779,-0.6427876096865395,DB03
202007070700,105,22.2,0,0,-1.0,-1.8369701987210297e-16,DB02
202007070800,105,23.6,0,0,-0.6427876096865396,0.7660444431189778,DB01
202007070900,105,25.2,0,0,0.6427876096865395,-0.7660444431189779,DB01
202007071000,105,26.5,0,0,1.0,6.123233995736766e-17,DB03
202007071100,105,27.1,0,0,0.9396926207859083,0.3420201433256688,DB03
202007071200,105,26.7,0,0,0.766044443118978,0.6427876096865394,DB03
202007071300,105,28.4,0,0,0.9396926207859083,0.3420201433256688,DB02
202007071400,105,26.9,0,0,0.766044443118978,0.6427876096865394,DB03
202007071500,105,27.4,0,0,0.9396926207859083,0.3420201433256688,DB04
202007071600,105,27.2,0,0,-0.6427876096865396,0.7660444431189778,DB03
202007071700,105,27.6,0,0,0.3420201433256687,0.9396926207859084,DB04
202007071800,105,28.3,0,0,-0.6427876096865396,0.7660444431189778,DB04
202007071900,105,27.0,0,0,-0.6427876096865396,0.7660444431189778,DB01
202007072000,105,25.1,0,0,-0.3420201433256686,0.9396926207859084,DB01
202007072100,105,24.7,0,0,-0.7660444431189779,-0.6427876096865395,DB01
202007072200,105,24.0,0,0,-0.7660444431189779,-0.6427876096865395,DB03
202007072300,105,23.3,0,0,-0.7660444431189779,-0.6427876096865395,DB03
202007080000,105,23.0,0,0,-0.7660444431189779,-0.6427876096865395,DB01
202007080100,105,23.0,0,0,-0.7660444431189779,-0.6427876096865395,DB01
202007080200,105,22.7,0,0,-0.7660444431189779,-0.6427876096865395,DB02
202007080300,105,22.5,0,0,-0.9396926207859084,-0.34202014332566855,DB01
202007080400,105,22.2,0,0,-0.9396926207859084,-0.34202014332566855,DB01
202007080500,105,22.1,0,0,-0.7660444431189779,-0.6427876096865395,DB02
202007080600,105,22.4,0,0,-0.9396926207859084,-0.34202014332566855,DB02
202007080700,105,23.0,0,0,-0.7660444431189779,-0.6427876096865395,DB02
202007080800,105,25.3,0,0,-0.3420201433256686,0.9396926207859084,DB02
202007080900,105,26.0,0,0,-0.3420201433256686,0.9396926207859084,DB02
202007081000,105,25.6,0,0,0.9396926207859083,0.3420201433256688,DB03
202007081100,105,25.3,0,0,0.9396926207859083,0.3420201433256688,DB03
202007081200,105,25.5,0,0,0.766044443118978,0.6427876096865394,DB03
202007081300,105,26.6,0,0,1.0,6.123233995736766e-17,DB04
202007081400,105,27.0,0,0,1.0,6.123233995736766e-17,DB02
202007081500,105,26.8,0,0,0.9396926207859083,0.3420201433256688,DB02
202007081600,105,26.6,0,0,1.0,6.123233995736766e-17,DB03
202007081700,105,26.0,0,0,0.9396926207859083,0.3420201433256688,DB03
202007081800,105,24.1,0,0,0.9396926207859083,0.3420201433256688,DB03
202007081900,105,23.4,0,0,0.3420201433256687,0.9396926207859084,DB03
202007082000,105,22.7,0,0,-0.9396926207859083,0.342020143325669,DB03
202007082100,105,22.4,0,0,-1.0,-1.8369701987210297e-16,DB03
202007082200,105,22.5,0,0,-0.9396926207859083,0.342020143325669,DB04
202007082300,105,22.4,100,1,0.0,1.0,DB03
202007090000,105,22.3,0,0,0.9396926207859084,-0.3420201433256687,DB03
202007090100,105,22.2,0,0,1.2246467991473532e-16,-1.0,DB03
202007090200,105,22.1,0,0,0.9396926207859084,-0.3420201433256687,DB03
202007090300,105,22.0,0,0,0.9396926207859084,-0.3420201433256687,DB03
202007090400,105,21.9,0,0,-0.9396926207859083,0.342020143325669,DB03
202007090500,105,21.8,0,0,-0.6427876096865396,0.7660444431189778,DB03
202007090600,105,21.8,0,0,-0.9396926207859083,0.342020143325669,DB03
202007090700,105,21.8,0,0,-0.9396926207859083,0.342020143325669,DB02
202007090800,105,22.4,0,0,-0.6427876096865396,0.7660444431189778,DB02
202007090900,105,22.7,0,0,0.766044443118978,0.6427876096865394,DB01
202007091000,105,22.8,0,0,1.0,6.123233995736766e-17,DB03
202007091100,105,22.5,0,0,1.0,6.123233995736766e-17,DB03
202007091200,105,23.0,0,0,0.9396926207859084,-0.3420201433256687,DB03
202007091300,105,23.8,0,0,1.0,6.123233995736766e-17,DB03
202007091400,105,24.7,0,0,0.3420201433256689,-0.9396926207859083,DB03
202007091500,105,25.3,0,0,0.9396926207859083,0.3420201433256688,DB02
202007091600,105,25.3,0,0,0.9396926207859083,0.3420201433256688,DB02
202007091700,105,24.1,0,0,1.0,6.123233995736766e-17,DB03
202007091800,105,23.2,0,0,0.9396926207859083,0.3420201433256688,DB03
202007091900,105,22.9,0,0,0.9396926207859083,0.3420201433256688,DB04
202007092000,105,23.0,0,0,0.6427876096865395,-0.7660444431189779,DB03
202007092100,105,22.7,0,0,0.6427876096865395,-0.7660444431189779,DB03
202007092200,105,22.4,0,0,0.9396926207859084,-0.3420201433256687,DB03
202007092300,105,21.8,0,0,-0.7660444431189779,-0.6427876096865395,DB03
202007100000,105,21.8,0,0,0.0,1.0,DB03
202007100100,105,21.9,0,0,0.9396926207859083,0.3420201433256688,DB03
202007100200,105,21.9,0,0,0.9396926207859084,-0.3420201433256687,DB03
202007100300,105,21.9,0,0,-0.6427876096865396,0.7660444431189778,DB04
202007100400,105,21.7,0,0,-0.3420201433256686,0.9396926207859084,DB04
202007100500,105,21.6,0,0,-0.6427876096865396,0.7660444431189778,DB02
202007100600,105,21.4,0,0,-0.6427876096865396,0.7660444431189778,DB04
202007100700,105,21.2,100,1,-0.3420201433256686,0.9396926207859084,DB04
202007100800,105,21.2,100,1,-0.6427876096865396,0.7660444431189778,DB04
202007100900,105,21.1,100,1,-0.3420201433256686,0.9396926207859084,DB04
202007101000,105,21.1,100,1,-0.6427876096865396,0.7660444431189778,DB04
202007101100,105,21.1,100,1,-1.0,-1.8369701987210297e-16,DB04
202007101200,105,21.5,100,1,-0.9396926207859083,0.342020143325669,DB04
202007101300,105,22.4,100,1,-0.9396926207859083,0.342020143325669,DB04
202007101400,105,23.3,0,0,-0.6427876096865396,0.7660444431189778,DB04
202007101500,105,24.0,0,0,0.766044443118978,0.6427876096865394,DB04
202007101600,105,23.6,0,0,0.3420201433256687,0.9396926207859084,DB04
202007101700,105,23.3,0,0,0.766044443118978,0.6427876096865394,DB04
202007101800,105,22.6,100,1,0.766044443118978,0.6427876096865394,DB04
202007101900,105,22.3,100,1,0.3420201433256687,0.9396926207859084,DB04
202007102000,105,22.0,100,1,-0.6427876096865396,0.7660444431189778,DB04
202007102100,105,22.0,100,1,-0.6427876096865396,0.7660444431189778,DB04
202007102200,105,21.9,100,1,-0.6427876096865396,0.7660444431189778,DB04
202007102300,105,21.8,100,1,-0.6427876096865396,0.7660444431189778,DB04
202007110000,105,21.6,100,1,-0.6427876096865396,0.7660444431189778,DB04
202007110100,105,21.4,100,1,-0.6427876096865396,0.7660444431189778,DB04
202007110200,105,21.3,100,1,-0.6427876096865396,0.7660444431189778,DB04
202007110300,105,20.9,100,1,-0.6427876096865396,0.7660444431189778,DB04
202007110400,105,20.8,100,1,-0.6427876096865396,0.7660444431189778,DB04
202007110500,105,20.3,100,1,-0.6427876096865396,0.7660444431189778,DB04
202007110600,105,19.9,100,1,-0.6427876096865396,0.7660444431189778,DB04
202007110700,105,19.9,100,1,-0.6427876096865396,0.7660444431189778,DB04
202007110800,105,19.3,100,1,-0.6427876096865396,0.7660444431189778,DB04
202007110900,105,18.8,100,1,-0.6427876096865396,0.7660444431189778,DB04
202007111000,105,18.7,100,1,-0.9396926207859083,0.342020143325669,DB04
202007111100,105,19.3,0,0,-0.6427876096865396,0.7660444431189778,DB04
202007111200,105,20.3,0,0,-0.6427876096865396,0.7660444431189778,DB04
202007111300,105,20.9,0,0,-0.6427876096865396,0.7660444431189778,DB04
202007111400,105,21.0,0,0,-0.9396926207859083,0.342020143325669,DB04
202007111500,105,20.7,0,0,-0.9396926207859083,0.342020143325669,DB04
202007111600,105,20.8,0,0,-0.6427876096865396,0.7660444431189778,DB04
202007111700,105,20.1,0,0,-0.6427876096865396,0.7660444431189778,DB04
202007111800,105,19.7,0,0,-0.3420201433256686,0.9396926207859084,DB04
202007111900,105,20.0,0,0,-0.3420201433256686,0.9396926207859084,DB04
202007112000,105,19.9,0,0,-0.6427876096865396,0.7660444431189778,DB04
202007112100,105,19.9,0,0,-0.6427876096865396,0.7660444431189778,DB04
202007112200,105,19.8,0,0,-0.3420201433256686,0.9396926207859084,DB04
202007112300,105,19.5,0,0,-0.6427876096865396,0.7660444431189778,DB04
202007120000,105,19.4,0,0,-0.9396926207859083,0.342020143325669,DB04
202007120100,105,18.7,0,0,-0.9396926207859084,-0.34202014332566855,DB04
202007120200,105,18.4,0,0,-0.7660444431189779,-0.6427876096865395,DB04
202007120300,105,18.0,0,0,-0.9396926207859084,-0.34202014332566855,DB04
202007120400,105,17.6,0,0,0.0,1.0,DB04
202007120500,105,17.1,0,0,-0.7660444431189779,-0.6427876096865395,DB04
202007120600,105,17.1,0,0,-0.34202014332566866,-0.9396926207859084,DB04
202007120700,105,18.0,0,0,-0.7660444431189779,-0.6427876096865395,DB04
202007120800,105,20.0,0,0,0.3420201433256689,-0.9396926207859083,DB04
202007120900,105,21.6,0,0,0.766044443118978,0.6427876096865394,DB04
202007121000,105,21.8,0,0,1.0,6.123233995736766e-17,DB04
202007121100,105,22.1,0,0,0.9396926207859084,-0.3420201433256687,DB04
202007121200,105,22.4,0,0,0.9396926207859083,0.3420201433256688,DB04
202007121300,105,22.8,0,0,0.9396926207859083,0.3420201433256688,DB04
202007121400,105,21.8,0,0,1.0,6.123233995736766e-17,DB04
202007121500,105,21.8,0,0,1.0,6.123233995736766e-17,DB04
202007121600,105,21.5,0,0,0.9396926207859084,-0.3420201433256687,DB04
202007121700,105,21.2,0,0,0.9396926207859084,-0.3420201433256687,DB04
202007121800,105,20.7,0,0,1.0,6.123233995736766e-17,DB04
202007121900,105,20.2,0,0,1.0,6.123233995736766e-17,DB04
202007122000,105,19.9,0,0,0.9396926207859084,-0.3420201433256687,DB04
202007122100,105,19.6,0,0,0.9396926207859083,0.3420201433256688,DB04
202007122200,105,19.5,0,0,0.0,1.0,DB04
202007122300,105,19.2,100,1,0.0,1.0,DB04
202007130000,105,18.9,100,1,0.9396926207859083,0.3420201433256688,DB04
202007130100,105,18.7,0,0,0.0,1.0,DB04
202007130200,105,18.6,0,0,-0.6427876096865396,0.7660444431189778,DB04
202007130300,105,18.5,0,0,1.2246467991473532e-16,-1.0,DB04
202007130400,105,18.5,100,1,-0.6427876096865396,0.7660444431189778,DB04
202007130500,105,18.3,100,1,0.0,1.0,DB04
202007130600,105,18.0,100,1,0.9396926207859084,-0.3420201433256687,DB04
202007130700,105,18.0,100,1,0.9396926207859083,0.3420201433256688,DB04
202007130800,105,18.2,100,1,1.0,6.123233995736766e-17,DB04
202007130900,105,18.4,100,1,1.0,6.123233995736766e-17,DB04
202007131000,105,18.5,100,1,0.9396926207859083,0.3420201433256688,DB04
202007131100,105,19.2,100,1,0.766044443118978,0.6427876096865394,DB04
202007131200,105,19.1,100,1,1.0,6.123233995736766e-17,DB04
202007131300,105,19.5,100,1,1.0,6.123233995736766e-17,DB04
202007131400,105,18.9,100,1,1.0,6.123233995736766e-17,DB04
202007131500,105,18.2,100,1,1.0,6.123233995736766e-17,DB04
202007131600,105,18.4,100,1,1.0,6.123233995736766e-17,DB04
202007131700,105,18.2,100,1,0.9396926207859083,0.3420201433256688,DB04
202007131800,105,18.7,100,1,1.0,6.123233995736766e-17,DB04
202007131900,105,18.5,100,1,0.766044443118978,0.6427876096865394,DB04
202007132000,105,18.3,100,1,0.766044443118978,0.6427876096865394,DB04
202007132100,105,18.8,100,1,1.0,6.123233995736766e-17,DB04
202007132200,105,18.8,100,1,0.9396926207859083,0.3420201433256688,DB04
202007132300,105,18.9,100,1,0.9396926207859083,0.3420201433256688,DB04
202007140000,105,18.6,100,1,0.766044443118978,0.6427876096865394,DB01
202007140100,105,18.4,100,1,0.766044443118978,0.6427876096865394,DB03
202007140200,105,18.1,100,1,0.0,1.0,DB04
202007140300,105,17.8,100,1,-0.3420201433256686,0.9396926207859084,DB04
202007140400,105,17.9,100,1,-0.6427876096865396,0.7660444431189778,DB04
202007140500,105,17.8,100,1,0.0,1.0,DB04
202007140600,105,17.7,100,1,-0.3420201433256686,0.9396926207859084,DB04
202007140700,105,17.3,100,1,-0.6427876096865396,0.7660444431189778,DB04
202007140800,105,17.3,100,1,-0.6427876096865396,0.7660444431189778,DB04
202007140900,105,17.5,100,1,-0.6427876096865396,0.7660444431189778,DB04
202007141000,105,17.4,100,1,-0.6427876096865396,0.7660444431189778,DB04
202007141100,105,17.3,100,1,-0.6427876096865396,0.7660444431189778,DB04
202007141200,105,17.9,100,1,-0.6427876096865396,0.7660444431189778,DB04
202007141300,105,18.6,100,1,-0.6427876096865396,0.7660444431189778,DB04
202007141400,105,19.1,100,1,-0.3420201433256686,0.9396926207859084,DB04
202007141500,105,19.5,100,1,-0.6427876096865396,0.7660444431189778,DB04
202007141600,105,19.5,100,1,0.0,1.0,DB04
202007141700,105,19.4,0,0,-0.3420201433256686,0.9396926207859084,DB04
202007141800,105,19.4,0,0,-0.6427876096865396,0.7660444431189778,DB04
202007141900,105,19.3,0,0,-0.3420201433256686,0.9396926207859084,DB04
202007142000,105,18.9,0,0,-0.6427876096865396,0.7660444431189778,DB01
202007142100,105,18.7,0,0,-0.6427876096865396,0.7660444431189778,DB03
202007142200,105,18.4,0,0,-0.9396926207859083,0.342020143325669,DB02
202007142300,105,18.2,0,0,-0.9396926207859084,-0.34202014332566855,DB04
202007150000,105,18.2,0,0,-0.9396926207859083,0.342020143325669,DB04
202007150100,105,18.2,0,0,-0.6427876096865396,0.7660444431189778,DB03
202007150200,105,17.8,0,0,-0.7660444431189779,-0.6427876096865395,DB04
202007150300,105,17.9,0,0,-0.9396926207859083,0.342020143325669,DB04
202007150400,105,18.0,0,0,-1.0,-1.8369701987210297e-16,DB04
202007150500,105,17.7,0,0,-0.9396926207859084,-0.34202014332566855,DB01
202007150600,105,17.6,0,0,-0.7660444431189779,-0.6427876096865395,DB04
202007150700,105,17.8,0,0,-0.9396926207859083,0.342020143325669,DB04
202007150800,105,18.0,0,0,-1.0,-1.8369701987210297e-16,DB04
202007150900,105,18.6,0,0,-1.0,-1.8369701987210297e-16,DB04
202007151000,105,19.3,0,0,-0.9396926207859083,0.342020143325669,DB04
202007151100,105,19.6,0,0,-0.3420201433256686,0.9396926207859084,DB04
202007151200,105,19.7,0,0,-0.3420201433256686,0.9396926207859084,DB04
202007151300,105,20.6,0,0,0.3420201433256687,0.9396926207859084,DB04
202007151400,105,21.5,0,0,0.9396926207859083,0.3420201433256688,DB04
202007151500,105,22.3,0,0,1.0,6.123233995736766e-17,DB03
202007151600,105,22.0,0,0,1.0,6.123233995736766e-17,DB02
202007151700,105,22.0,0,0,0.9396926207859083,0.3420201433256688,DB01
202007151800,105,21.8,0,0,1.0,6.123233995736766e-17,DB01
202007151900,105,20.9,0,0,1.0,6.123233995736766e-17,DB01
202007152000,105,19.8,0,0,0.0,1.0,DB01
202007152100,105,18.4,0,0,-0.7660444431189779,-0.6427876096865395,DB01
202007152200,105,17.6,0,0,1.2246467991473532e-16,-1.0,DB01
202007152300,105,17.0,0,0,-0.7660444431189779,-0.6427876096865395,DB02
202007160000,105,16.5,0,0,-0.34202014332566866,-0.9396926207859084,DB01
202007160100,105,16.0,0,0,-0.34202014332566866,-0.9396926207859084,DB01
202007160200,105,15.8,0,0,0.0,1.0,DB01
202007160300,105,15.6,0,0,-0.7660444431189779,-0.6427876096865395,DB01
202007160400,105,15.4,0,0,1.2246467991473532e-16,-1.0,DB02
202007160500,105,14.9,0,0,-0.7660444431189779,-0.6427876096865395,DB01
202007160600,105,14.9,0,0,0.0,1.0,DB02
202007160700,105,17.0,0,0,0.0,1.0,DB01
202007160800,105,19.4,0,0,0.6427876096865395,-0.7660444431189779,DB01
202007160900,105,21.8,0,0,0.3420201433256689,-0.9396926207859083,DB01
202007161000,105,23.9,0,0,0.3420201433256687,0.9396926207859084,DB01
202007161100,105,25.4,0,0,0.9396926207859084,-0.3420201433256687,DB01
202007161200,105,25.9,0,0,0.9396926207859083,0.3420201433256688,DB01
202007161300,105,26.4,0,0,1.0,6.123233995736766e-17,DB01
202007161400,105,26.6,0,0,0.9396926207859083,0.3420201433256688,DB01
202007161500,105,26.2,0,0,1.0,6.123233995736766e-17,DB01
202007161600,105,26.4,0,0,0.9396926207859083,0.3420201433256688,DB01
202007161700,105,25.2,0,0,1.0,6.123233995736766e-17,DB01
202007161800,105,25.2,0,0,0.766044443118978,0.6427876096865394,DB03
202007161900,105,24.1,0,0,0.3420201433256687,0.9396926207859084,DB01
202007162000,105,22.7,0,0,0.9396926207859083,0.3420201433256688,DB02
202007162100,105,21.4,0,0,-0.6427876096865396,0.7660444431189778,DB02
202007162200,105,20.6,0,0,1.2246467991473532e-16,-1.0,DB01
202007162300,105,19.9,0,0,-0.9396926207859084,-0.34202014332566855,DB01
202007170000,105,18.9,0,0,-0.7660444431189779,-0.6427876096865395,DB01
202007170100,105,18.5,0,0,-0.7660444431189779,-0.6427876096865395,DB01
202007170200,105,18.1,0,0,-0.7660444431189779,-0.6427876096865395,DB01
202007170300,105,17.6,0,0,1.2246467991473532e-16,-1.0,DB01
202007170400,105,17.3,0,0,-0.7660444431189779,-0.6427876096865395,DB01
202007170500,105,17.0,0,0,-0.34202014332566866,-0.9396926207859084,DB01
202007170600,105,16.9,0,0,-0.7660444431189779,-0.6427876096865395,DB01
202007170700,105,18.5,0,0,1.2246467991473532e-16,-1.0,DB02
202007170800,105,20.9,0,0,1.2246467991473532e-16,-1.0,DB02
202007170900,105,23.1,0,0,0.3420201433256689,-0.9396926207859083,DB01
202007171000,105,24.4,0,0,0.766044443118978,0.6427876096865394,DB01
202007171100,105,24.9,0,0,0.766044443118978,0.6427876096865394,DB01
202007171200,105,26.1,0,0,0.9396926207859083,0.3420201433256688,DB02
202007171300,105,26.4,0,0,1.0,6.123233995736766e-17,DB01
202007171400,105,26.6,0,0,1.0,6.123233995736766e-17,DB01
202007171500,105,27.1,0,0,1.0,6.123233995736766e-17,DB01
202007171600,105,27.4,0,0,1.0,6.123233995736766e-17,DB01
202007171700,105,26.5,0,0,0.9396926207859083,0.3420201433256688,DB01
202007171800,105,25.5,0,0,0.9396926207859083,0.3420201433256688,DB01
202007171900,105,24.2,0,0,1.0,6.123233995736766e-17,DB01
202007172000,105,23.1,0,0,0.9396926207859083,0.3420201433256688,DB01
202007172100,105,22.0,0,0,-0.3420201433256686,0.9396926207859084,DB01
202007172200,105,21.4,0,0,0.0,1.0,DB01
202007172300,105,20.4,0,0,-0.7660444431189779,-0.6427876096865395,DB01
202007180000,105,20.0,0,0,-0.9396926207859083,0.342020143325669,DB01
202007180100,105,19.1,0,0,-0.7660444431189779,-0.6427876096865395,DB01
202007180200,105,18.8,0,0,-1.0,-1.8369701987210297e-16,DB01
202007180300,105,18.2,0,0,-0.7660444431189779,-0.6427876096865395,DB02
202007180400,105,18.3,0,0,-0.7660444431189779,-0.6427876096865395,DB03
202007180500,105,18.5,0,0,-0.7660444431189779,-0.6427876096865395,DB03
202007180600,105,18.5,0,0,-0.7660444431189779,-0.6427876096865395,DB04
202007180700,105,19.0,0,0,-0.9396926207859084,-0.34202014332566855,DB02
202007180800,105,20.2,0,0,-1.0,-1.8369701987210297e-16,DB01
202007180900,105,21.9,0,0,1.2246467991473532e-16,-1.0,DB01
202007181000,105,23.5,0,0,0.766044443118978,0.6427876096865394,DB01
202007181100,105,24.5,0,0,0.9396926207859083,0.3420201433256688,DB03
202007181200,105,25.0,0,0,1.0,6.123233995736766e-17,DB03
202007181300,105,24.7,0,0,1.0,6.123233995736766e-17,DB03
202007181400,105,25.0,0,0,1.0,6.123233995736766e-17,DB03
202007181500,105,24.7,0,0,1.0,6.123233995736766e-17,DB03
202007181600,105,24.4,0,0,1.0,6.123233995736766e-17,DB04
202007181700,105,23.8,0,0,0.3420201433256687,0.9396926207859084,DB04
202007181800,105,24.0,0,0,-0.3420201433256686,0.9396926207859084,DB03
202007181900,105,23.1,0,0,0.9396926207859084,-0.3420201433256687,DB02
202007182000,105,21.7,0,0,0.9396926207859084,-0.3420201433256687,DB02
202007182100,105,21.3,0,0,-0.34202014332566866,-0.9396926207859084,DB01
202007182200,105,20.6,0,0,-1.0,-1.8369701987210297e-16,DB02
202007182300,105,20.2,0,0,-0.9396926207859083,0.342020143325669,DB02
202007190000,105,19.4,0,0,-0.7660444431189779,-0.6427876096865395,DB02
202007190100,105,19.7,0,0,-0.7660444431189779,-0.6427876096865395,DB03
202007190200,105,19.7,0,0,-0.9396926207859084,-0.34202014332566855,DB03
202007190300,105,19.5,0,0,-0.9396926207859083,0.342020143325669,DB02
202007190400,105,19.3,0,0,-0.34202014332566866,-0.9396926207859084,DB04
202007190500,105,19.3,0,0,-0.7660444431189779,-0.6427876096865395,DB02
202007190600,105,19.3,0,0,-0.7660444431189779,-0.6427876096865395,DB02
202007190700,105,20.1,0,0,-0.34202014332566866,-0.9396926207859084,DB03
202007190800,105,21.3,0,0,0.3420201433256689,-0.9396926207859083,DB03
202007190900,105,22.2,0,0,-0.3420201433256686,0.9396926207859084,DB04
202007191000,105,22.3,0,0,0.9396926207859083,0.3420201433256688,DB04
202007191100,105,22.1,0,0,0.9396926207859083,0.3420201433256688,DB04
202007191200,105,22.5,0,0,0.3420201433256689,-0.9396926207859083,DB04
202007191300,105,23.5,0,0,-0.9396926207859083,0.342020143325669,DB04
202007191400,105,24.8,0,0,-0.6427876096865396,0.7660444431189778,DB04
202007191500,105,25.1,0,0,1.0,6.123233995736766e-17,DB04
202007191600,105,25.2,0,0,-0.6427876096865396,0.7660444431189778,DB03
202007191700,105,24.7,0,0,0.0,1.0,DB04
202007191800,105,24.4,0,0,-0.6427876096865396,0.7660444431189778,DB04
202007191900,105,23.8,0,0,-0.6427876096865396,0.7660444431189778,DB04
202007192000,105,23.5,0,0,0.0,1.0,DB04
202007192100,105,23.2,0,0,-0.9396926207859083,0.342020143325669,DB04
202007192200,105,23.0,0,0,1.2246467991473532e-16,-1.0,DB04
202007192300,105,22.8,0,0,0.3420201433256687,0.9396926207859084,DB04
202007200000,105,22.7,0,0,-0.7660444431189779,-0.6427876096865395,DB04
202007200100,105,24.0,0,0,-0.9396926207859083,0.342020143325669,DB04
202007200200,105,24.9,0,0,0.3420201433256687,0.9396926207859084,DB04
202007200300,105,26.0,0,0,-0.34202014332566866,-0.9396926207859084,DB04
202007200400,105,29.8,0,0,1.2246467991473532e-16,-1.0,DB04
202007200500,105,30.2,0,0,1.2246467991473532e-16,-1.0,DB04
202007200600,105,30.1,0,0,1.2246467991473532e-16,-1.0,DB04
202007200700,105,30.2,0,0,1.2246467991473532e-16,-1.0,DB04
202007200800,105,29.1,0,0,0.3420201433256689,-0.9396926207859083,DB04
202007200900,105,28.8,0,0,0.9396926207859083,0.3420201433256688,DB04
202007201000,105,27.9,0,0,0.0,1.0,DB04
202007201100,105,27.8,0,0,-0.6427876096865396,0.7660444431189778,DB04
202007201200,105,28.6,0,0,-0.9396926207859084,-0.34202014332566855,DB04
202007201300,105,29.8,0,0,-0.7660444431189779,-0.6427876096865395,DB04
202007201400,105,30.0,0,0,-0.34202014332566866,-0.9396926207859084,DB04
202007201500,105,29.7,0,0,-0.9396926207859084,-0.34202014332566855,DB04
202007201600,105,29.2,0,0,-1.0,-1.8369701987210297e-16,DB04
202007201700,105,28.8,0,0,-1.0,-1.8369701987210297e-16,DB03
202007201800,105,28.0,0,0,-0.9396926207859084,-0.34202014332566855,DB03
202007201900,105,27.4,0,0,-1.0,-1.8369701987210297e-16,DB04
202007202000,105,27.0,0,0,-0.34202014332566866,-0.9396926207859084,DB04
202007202100,105,26.9,0,0,-1.0,-1.8369701987210297e-16,DB04
202007202200,105,26.3,0,0,-0.34202014332566866,-0.9396926207859084,DB03
202007202300,105,26.1,0,0,-0.7660444431189779,-0.6427876096865395,DB03
202007210000,105,26.0,0,0,-0.7660444431189779,-0.6427876096865395,DB02
202007210100,105,25.9,0,0,-0.7660444431189779,-0.6427876096865395,DB03
202007210200,105,25.9,0,0,-0.7660444431189779,-0.6427876096865395,DB03
202007210300,105,25.9,0,0,-0.7660444431189779,-0.6427876096865395,DB03
202007210400,105,25.9,0,0,-0.7660444431189779,-0.6427876096865395,DB03
202007210500,105,25.6,0,0,-0.7660444431189779,-0.6427876096865395,DB03
202007210600,105,25.0,0,0,-0.9396926207859084,-0.34202014332566855,DB02
202007210700,105,25.7,0,0,-0.7660444431189779,-0.6427876096865395,DB02
202007210800,105,27.4,0,0,-0.7660444431189779,-0.6427876096865395,DB02
202007210900,105,28.7,0,0,-0.9396926207859084,-0.34202014332566855,DB03
202007211000,105,28.7,0,0,0.9396926207859083,0.3420201433256688,DB03
202007211100,105,29.3,0,0,0.9396926207859083,0.3420201433256688,DB02
202007211200,105,29.7,0,0,1.0,6.123233995736766e-17,DB02
202007211300,105,30.0,0,0,1.0,6.123233995736766e-17,DB04
202007211400,105,30.2,0,0,0.9396926207859084,-0.3420201433256687,DB02
202007211500,105,30.1,0,0,0.9396926207859084,-0.3420201433256687,DB01
202007211600,105,29.9,0,0,1.0,6.123233995736766e-17,DB02
202007211700,105,28.4,0,0,0.9396926207859084,-0.3420201433256687,DB03
202007211800,105,28.0,0,0,0.9396926207859084,-0.3420201433256687,DB04
202007211900,105,26.9,0,0,1.0,6.123233995736766e-17,DB03
202007212000,105,26.5,0,0,-0.9396926207859084,-0.34202014332566855,DB04
202007212100,105,25.8,0,0,-0.7660444431189779,-0.6427876096865395,DB04
202007212200,105,24.7,0,0,-0.7660444431189779,-0.6427876096865395,DB04
202007212300,105,24.2,0,0,-0.34202014332566866,-0.9396926207859084,DB04
202007220000,105,23.8,0,0,-0.34202014332566866,-0.9396926207859084,DB03
202007220100,105,23.2,0,0,-0.34202014332566866,-0.9396926207859084,DB03
202007220200,105,23.1,0,0,-0.7660444431189779,-0.6427876096865395,DB03
202007220300,105,23.5,0,0,0.9396926207859083,0.3420201433256688,DB02
202007220400,105,22.8,0,0,0.0,1.0,DB04
202007220500,105,22.0,0,0,-0.34202014332566866,-0.9396926207859084,DB04
202007220600,105,22.3,0,0,-0.34202014332566866,-0.9396926207859084,DB04
202007220700,105,22.4,0,0,1.2246467991473532e-16,-1.0,DB04
202007220800,105,23.3,0,0,1.2246467991473532e-16,-1.0,DB04
202007220900,105,24.6,0,0,1.0,6.123233995736766e-17,DB04
202007221000,105,25.3,0,0,0.766044443118978,0.6427876096865394,DB04
202007221100,105,25.8,0,0,1.0,6.123233995736766e-17,DB04
202007221200,105,27.2,0,0,0.9396926207859083,0.3420201433256688,DB04
202007221300,105,27.4,0,0,0.0,1.0,DB04
202007221400,105,26.7,0,0,0.766044443118978,0.6427876096865394,DB04
202007221500,105,26.7,0,0,-0.9396926207859083,0.342020143325669,DB04
202007221600,105,26.7,0,0,-0.6427876096865396,0.7660444431189778,DB04
202007221700,105,26.1,0,0,0.3420201433256687,0.9396926207859084,DB04
202007221800,105,25.8,0,0,-0.6427876096865396,0.7660444431189778,DB04
202007221900,105,25.4,0,0,-0.9396926207859083,0.342020143325669,DB04
202007222000,105,24.8,0,0,-0.3420201433256686,0.9396926207859084,DB04
202007222100,105,24.0,0,0,0.766044443118978,0.6427876096865394,DB04
202007222200,105,23.6,0,0,0.0,1.0,DB04
202007222300,105,23.2,0,0,0.0,1.0,DB04
202007230000,105,22.8,0,0,-0.3420201433256686,0.9396926207859084,DB04
202007230100,105,22.3,0,0,0.0,1.0,DB03
202007230200,105,22.0,0,0,-0.9396926207859084,-0.34202014332566855,DB03
202007230300,105,21.7,0,0,0.0,1.0,DB04
202007230400,105,21.4,0,0,1.2246467991473532e-16,-1.0,DB04
202007230500,105,21.3,0,0,0.0,1.0,DB04
202007230600,105,21.3,0,0,-0.9396926207859083,0.342020143325669,DB04
202007230700,105,21.4,0,0,-0.6427876096865396,0.7660444431189778,DB04
202007230800,105,22.0,0,0,-0.6427876096865396,0.7660444431189778,DB04
202007230900,105,22.8,0,0,0.0,1.0,DB04
202007231000,105,23.3,0,0,1.0,6.123233995736766e-17,DB04
202007231100,105,23.5,0,0,0.9396926207859084,-0.3420201433256687,DB04
202007231200,105,23.9,0,0,0.9396926207859084,-0.3420201433256687,DB04
202007231300,105,23.9,0,0,0.9396926207859084,-0.3420201433256687,DB04
202007231400,105,22.6,100,1,1.0,6.123233995736766e-17,DB04
202007231500,105,21.9,100,1,1.0,6.123233995736766e-17,DB04
202007231600,105,21.7,100,1,1.0,6.123233995736766e-17,DB04
202007231700,105,21.5,100,1,1.0,6.123233995736766e-17,DB04
202007231800,105,21.3,100,1,0.9396926207859084,-0.3420201433256687,DB04
202007231900,105,20.7,100,1,0.9396926207859084,-0.3420201433256687,DB04
202007232000,105,20.2,100,1,1.0,6.123233995736766e-17,DB04
202007232100,105,20.0,100,1,1.0,6.123233995736766e-17,DB04
202007232200,105,19.9,100,1,0.0,1.0,DB04
202007232300,105,20.0,100,1,-0.6427876096865396,0.7660444431189778,DB04
202007240000,105,19.8,100,1,0.9396926207859083,0.3420201433256688,DB04
202007240100,105,20.1,100,1,0.9396926207859083,0.3420201433256688,DB04
202007240200,105,19.8,100,1,1.0,6.123233995736766e-17,DB04
202007240300,105,19.4,100,1,1.0,6.123233995736766e-17,DB04
202007240400,105,18.9,100,1,0.9396926207859083,0.3420201433256688,DB01
202007240500,105,19.0,100,1,0.9396926207859083,0.3420201433256688,DB01
202007240600,105,18.5,100,1,0.9396926207859083,0.3420201433256688,DB03
202007240700,105,18.7,100,1,-0.6427876096865396,0.7660444431189778,DB01
202007240800,105,19.0,100,1,-0.6427876096865396,0.7660444431189778,DB04
202007240900,105,19.8,100,1,0.0,1.0,DB01
202007241000,105,20.5,100,1,1.0,6.123233995736766e-17,DB04
202007241100,105,20.7,100,1,0.9396926207859083,0.3420201433256688,DB04
202007241200,105,21.5,100,1,0.9396926207859083,0.3420201433256688,DB04
202007241300,105,21.7,100,1,1.0,6.123233995736766e-17,DB04
202007241400,105,21.9,100,1,1.0,6.123233995736766e-17,DB04
202007241500,105,21.5,0,0,0.9396926207859083,0.3420201433256688,DB04
202007241600,105,21.8,100,1,0.9396926207859083,0.3420201433256688,DB04
202007241700,105,21.5,100,1,0.9396926207859083,0.3420201433256688,DB03
202007241800,105,21.4,100,1,0.9396926207859083,0.3420201433256688,DB04
202007241900,105,21.1,100,1,1.0,6.123233995736766e-17,DB04
202007242000,105,20.7,0,0,0.9396926207859083,0.3420201433256688,DB04
202007242100,105,20.7,100,1,0.9396926207859084,-0.3420201433256687,DB04
202007242200,105,20.7,100,1,-0.9396926207859083,0.342020143325669,DB04
202007242300,105,20.6,100,1,-0.6427876096865396,0.7660444431189778,DB04
202007250000,105,20.8,100,1,0.9396926207859083,0.3420201433256688,DB04
202007250100,105,20.9,0,0,1.0,6.123233995736766e-17,DB04
202007250200,105,20.8,0,0,0.3420201433256687,0.9396926207859084,DB04
202007250300,105,20.8,100,1,-0.6427876096865396,0.7660444431189778,DB04
202007250400,105,20.8,100,1,0.3420201433256687,0.9396926207859084,DB04
202007250500,105,20.7,100,1,0.766044443118978,0.6427876096865394,DB04
202007250600,105,21.0,100,1,1.0,6.123233995736766e-17,DB04
202007250700,105,21.1,100,1,0.766044443118978,0.6427876096865394,DB01
202007250800,105,21.2,100,1,0.9396926207859083,0.3420201433256688,DB04
202007250900,105,21.1,100,1,0.3420201433256687,0.9396926207859084,DB04
202007251000,105,21.1,100,1,0.0,1.0,DB04
202007251100,105,20.8,100,1,0.9396926207859083,0.3420201433256688,DB04
202007251200,105,21.0,100,1,0.9396926207859083,0.3420201433256688,DB04
202007251300,105,21.3,100,1,0.3420201433256687,0.9396926207859084,DB04
202007251400,105,21.3,100,1,0.9396926207859083,0.3420201433256688,DB04
202007251500,105,21.3,100,1,-0.3420201433256686,0.9396926207859084,DB04
202007251600,105,21.3,100,1,-0.6427876096865396,0.7660444431189778,DB04
202007251700,105,20.9,100,1,0.766044443118978,0.6427876096865394,DB04
202007251800,105,21.0,100,1,0.3420201433256687,0.9396926207859084,DB04
202007251900,105,20.9,100,1,-0.3420201433256686,0.9396926207859084,DB04
202007252000,105,20.6,100,1,0.0,1.0,DB02
202007252100,105,20.5,100,1,-0.6427876096865396,0.7660444431189778,DB02
202007252200,105,20.5,100,1,-0.6427876096865396,0.7660444431189778,DB04
202007252300,105,20.3,100,1,-0.6427876096865396,0.7660444431189778,DB04
202007260000,105,20.2,100,1,-0.6427876096865396,0.7660444431189778,DB04
202007260100,105,20.1,100,1,-0.9396926207859083,0.342020143325669,DB03
202007260200,105,20.0,100,1,-0.9396926207859083,0.342020143325669,DB04
202007260300,105,19.9,100,1,-0.6427876096865396,0.7660444431189778,DB03
202007260400,105,19.7,0,0,-0.6427876096865396,0.7660444431189778,DB02
202007260500,105,19.6,100,1,0.0,1.0,DB03
202007260600,105,19.6,0,0,-0.34202014332566866,-0.9396926207859084,DB03
202007260700,105,19.9,0,0,-0.7660444431189779,-0.6427876096865395,DB01
202007260800,105,20.4,0,0,-0.9396926207859084,-0.34202014332566855,DB03
202007260900,105,21.9,0,0,0.9396926207859083,0.3420201433256688,DB04
202007261000,105,23.3,0,0,0.0,1.0,DB04
202007261100,105,24.3,0,0,0.3420201433256687,0.9396926207859084,DB03
202007261200,105,24.0,0,0,0.9396926207859083,0.3420201433256688,DB03
202007261300,105,23.5,0,0,0.3420201433256687,0.9396926207859084,DB03
202007261400,105,22.8,0,0,0.0,1.0,DB03
202007261500,105,22.2,0,0,-0.9396926207859083,0.342020143325669,DB03
202007261600,105,21.7,0,0,-0.6427876096865396,0.7660444431189778,DB03
202007261700,105,21.3,0,0,-0.9396926207859083,0.342020143325669,DB04
202007261800,105,20.9,0,0,-0.6427876096865396,0.7660444431189778,DB03
202007261900,105,20.8,0,0,-0.6427876096865396,0.7660444431189778,DB04
202007262000,105,20.8,0,0,0.0,1.0,DB04
202007262100,105,20.7,0,0,-0.6427876096865396,0.7660444431189778,DB04
202007262200,105,20.6,0,0,-0.6427876096865396,0.7660444431189778,DB04
202007262300,105,20.6,0,0,-0.9396926207859083,0.342020143325669,DB04
202007270000,105,20.6,0,0,-0.3420201433256686,0.9396926207859084,DB03
202007270100,105,20.6,0,0,-0.6427876096865396,0.7660444431189778,DB04
202007270200,105,20.5,0,0,-0.7660444431189779,-0.6427876096865395,DB04
202007270300,105,20.5,0,0,0.0,1.0,DB04
202007270400,105,20.4,0,0,-0.6427876096865396,0.7660444431189778,DB04
202007270500,105,20.4,100,1,0.0,1.0,DB04
202007270600,105,20.4,100,1,-0.3420201433256686,0.9396926207859084,DB04
202007270700,105,20.5,0,0,0.0,1.0,DB04
202007270800,105,20.6,0,0,-0.6427876096865396,0.7660444431189778,DB04
202007270900,105,20.7,0,0,0.0,1.0,DB04
202007271000,105,20.6,0,0,-0.3420201433256686,0.9396926207859084,DB04
202007271100,105,20.9,0,0,-0.6427876096865396,0.7660444431189778,DB04
202007271200,105,20.9,0,0,-0.3420201433256686,0.9396926207859084,DB04
202007271300,105,21.0,100,1,-0.6427876096865396,0.7660444431189778,DB04
202007271400,105,21.2,100,1,0.3420201433256687,0.9396926207859084,DB04
202007271500,105,21.5,100,1,-0.6427876096865396,0.7660444431189778,DB04
202007271600,105,21.9,0,0,0.766044443118978,0.6427876096865394,DB04
202007271700,105,21.7,0,0,0.3420201433256687,0.9396926207859084,DB04
202007271800,105,21.4,0,0,0.0,1.0,DB04
202007271900,105,20.9,0,0,0.766044443118978,0.6427876096865394,DB04
202007272000,105,20.7,0,0,0.0,1.0,DB04
202007272100,105,20.4,0,0,0.0,1.0,DB04
202007272200,105,20.3,0,0,-0.6427876096865396,0.7660444431189778,DB04
202007272300,105,20.3,0,0,-0.9396926207859083,0.342020143325669,DB04
202007280000,105,20.3,100,1,0.0,1.0,DB04
202007280100,105,20.3,100,1,0.0,1.0,DB04
202007280200,105,20.4,100,1,0.0,1.0,DB04
202007280300,105,20.4,100,1,0.0,1.0,DB04
202007280400,105,20.4,100,1,0.0,1.0,DB04
202007280500,105,20.3,100,1,-0.3420201433256686,0.9396926207859084,DB04
202007280600,105,20.4,100,1,-0.3420201433256686,0.9396926207859084,DB04
202007280700,105,20.4,100,1,-0.3420201433256686,0.9396926207859084,DB04
202007280800,105,20.7,100,1,0.766044443118978,0.6427876096865394,DB04
202007280900,105,21.5,0,0,0.0,1.0,DB04
202007281000,105,21.5,0,0,0.766044443118978,0.6427876096865394,DB04
202007281100,105,22.0,0,0,0.9396926207859083,0.3420201433256688,DB04
202007281200,105,22.0,100,1,-0.3420201433256686,0.9396926207859084,DB04
202007281300,105,21.8,100,1,0.766044443118978,0.6427876096865394,DB04
202007281400,105,21.8,0,0,-0.3420201433256686,0.9396926207859084,DB04
202007281500,105,22.0,0,0,-0.6427876096865396,0.7660444431189778,DB04
202007281600,105,22.2,0,0,0.3420201433256689,-0.9396926207859083,DB04
202007281700,105,22.1,0,0,1.2246467991473532e-16,-1.0,DB04
202007281800,105,22.0,0,0,-0.7660444431189779,-0.6427876096865395,DB04
202007281900,105,22.0,0,0,0.0,1.0,DB04
202007282000,105,21.8,100,1,0.0,1.0,DB04
202007282100,105,21.3,100,1,0.9396926207859084,-0.3420201433256687,DB04
202007282200,105,21.1,100,1,0.9396926207859084,-0.3420201433256687,DB04
202007282300,105,21.0,0,0,0.0,1.0,DB04
202007290000,105,20.9,0,0,0.0,1.0,DB04
202007290100,105,20.9,0,0,0.0,1.0,DB04
202007290200,105,20.9,100,1,0.0,1.0,DB04
202007290300,105,20.8,100,1,0.0,1.0,DB04
202007290400,105,20.8,100,1,0.0,1.0,DB04
202007290500,105,20.7,0,0,0.0,1.0,DB04
202007290600,105,20.7,100,1,0.9396926207859084,-0.3420201433256687,DB04
202007290700,105,20.7,100,1,-0.9396926207859084,-0.34202014332566855,DB04
202007290800,105,20.8,100,1,0.0,1.0,DB04
202007290900,105,21.0,100,1,-0.9396926207859084,-0.34202014332566855,DB04
202007291000,105,21.0,100,1,-0.3420201433256686,0.9396926207859084,DB04
202007291100,105,21.8,0,0,0.0,1.0,DB04
202007291200,105,22.6,0,0,-0.3420201433256686,0.9396926207859084,DB04
202007291300,105,23.4,0,0,0.766044443118978,0.6427876096865394,DB04
202007291400,105,22.8,0,0,0.766044443118978,0.6427876096865394,DB04
202007291500,105,22.7,0,0,0.9396926207859083,0.3420201433256688,DB04
202007291600,105,22.9,0,0,0.6427876096865395,-0.7660444431189779,DB04
202007291700,105,22.6,0,0,-0.34202014332566866,-0.9396926207859084,DB03
202007291800,105,22.9,0,0,0.9396926207859083,0.3420201433256688,DB03
202007291900,105,22.4,0,0,0.9396926207859083,0.3420201433256688,DB04
202007292000,105,22.1,0,0,1.0,6.123233995736766e-17,DB04
202007292100,105,22.0,0,0,0.0,1.0,DB04
202007292200,105,21.9,0,0,-0.3420201433256686,0.9396926207859084,DB04
202007292300,105,21.8,0,0,0.3420201433256689,-0.9396926207859083,DB04
202007300000,105,21.8,0,0,-0.6427876096865396,0.7660444431189778,DB03
202007300100,105,21.7,0,0,0.3420201433256687,0.9396926207859084,DB04
202007300200,105,21.5,100,1,-0.6427876096865396,0.7660444431189778,DB04
202007300300,105,21.4,100,1,-0.34202014332566866,-0.9396926207859084,DB04
202007300400,105,21.4,100,1,-0.9396926207859083,0.342020143325669,DB04
202007300500,105,21.3,0,0,-0.9396926207859083,0.342020143325669,DB04
202007300600,105,21.3,0,0,0.0,1.0,DB04
202007300700,105,21.3,0,0,-0.34202014332566866,-0.9396926207859084,DB04
202007300800,105,21.4,0,0,-0.9396926207859083,0.342020143325669,DB04
202007300900,105,21.5,0,0,-0.3420201433256686,0.9396926207859084,DB04
202007301000,105,21.9,0,0,0.0,1.0,DB04
202007301100,105,22.0,0,0,0.9396926207859083,0.3420201433256688,DB04
202007301200,105,22.3,0,0,-0.6427876096865396,0.7660444431189778,DB04
202007301300,105,22.7,0,0,0.0,1.0,DB04
202007301400,105,23.9,0,0,0.3420201433256689,-0.9396926207859083,DB04
202007301500,105,25.6,0,0,0.766044443118978,0.6427876096865394,DB04
202007301600,105,25.6,0,0,0.9396926207859083,0.3420201433256688,DB03
202007301700,105,25.1,0,0,0.766044443118978,0.6427876096865394,DB03
202007301800,105,24.1,0,0,1.0,6.123233995736766e-17,DB03
202007301900,105,23.6,0,0,0.9396926207859084,-0.3420201433256687,DB03
202007302000,105,23.2,0,0,-0.9396926207859084,-0.34202014332566855,DB03
202007302100,105,22.5,0,0,0.0,1.0,DB03
202007302200,105,22.3,0,0,-0.3420201433256686,0.9396926207859084,DB02
202007302300,105,22.2,0,0,0.3420201433256687,0.9396926207859084,DB01
202007310000,105,24.5,0,0,-0.34202014332566866,-0.9396926207859084,DB01
202007310100,105,25.4,0,0,-0.7660444431189779,-0.6427876096865395,DB01
202007310200,105,25.8,0,0,-0.7660444431189779,-0.6427876096865395,DB01
202007310300,105,25.7,0,0,-0.7660444431189779,-0.6427876096865395,DB01
202007310400,105,25.4,0,0,-0.9396926207859084,-0.34202014332566855,DB01
202007310500,105,24.9,0,0,-0.7660444431189779,-0.6427876096865395,DB01
202007310600,105,25.1,0,0,-0.7660444431189779,-0.6427876096865395,DB01
202007310700,105,25.8,0,0,-0.7660444431189779,-0.6427876096865395,DB01
202007310800,105,27.3,0,0,-0.7660444431189779,-0.6427876096865395,DB01
202007310900,105,29.0,0,0,-0.34202014332566866,-0.9396926207859084,DB01
202007311000,105,30.5,0,0,-0.7660444431189779,-0.6427876096865395,DB01
202007311100,105,32.0,0,0,-0.7660444431189779,-0.6427876096865395,DB01
202007311200,105,33.1,0,0,0.3420201433256687,0.9396926207859084,DB01
202007311300,105,32.8,0,0,0.9396926207859083,0.3420201433256688,DB01
202007311400,105,32.9,0,0,0.9396926207859084,-0.3420201433256687,DB02
202007311500,105,32.6,0,0,1.0,6.123233995736766e-17,DB03
202007311600,105,32.8,0,0,1.0,6.123233995736766e-17,DB03
202007311700,105,31.9,0,0,0.9396926207859084,-0.3420201433256687,DB03
202007311800,105,31.3,0,0,-0.7660444431189779,-0.6427876096865395,DB03
202007311900,105,30.8,0,0,-0.7660444431189779,-0.6427876096865395,DB04
202007312000,105,29.4,0,0,-0.7660444431189779,-0.6427876096865395,DB03
202007312100,105,29.1,0,0,-0.9396926207859084,-0.34202014332566855,DB04
202007312200,105,28.9,0,0,-0.7660444431189779,-0.6427876096865395,DB03
202007312300,105,28.8,0,0,-0.9396926207859084,-0.34202014332566855,DB04
202008010000,105,29.0,0,0,-0.7660444431189779,-0.6427876096865395,DB03
202008010100,105,28.8,0,0,-0.7660444431189779,-0.6427876096865395,DB04
202008010200,105,28.6,0,0,-0.9396926207859084,-0.34202014332566855,DB04
202008010300,105,28.6,0,0,-0.7660444431189779,-0.6427876096865395,DB03
202008010400,105,28.6,0,0,-0.7660444431189779,-0.6427876096865395,DB04
202008010500,105,27.3,0,0,-0.7660444431189779,-0.6427876096865395,DB04
202008010600,105,26.0,100,1,-0.9396926207859084,-0.34202014332566855,DB04
202008010700,105,27.8,0,0,-0.7660444431189779,-0.6427876096865395,DB03
202008010800,105,29.1,0,0,-0.7660444431189779,-0.6427876096865395,DB03
202008010900,105,29.8,0,0,-0.7660444431189779,-0.6427876096865395,DB03
202008011000,105,29.3,0,0,-0.7660444431189779,-0.6427876096865395,DB04
202008011100,105,29.0,0,0,-0.7660444431189779,-0.6427876096865395,DB04
202008011200,105,29.8,0,0,-0.7660444431189779,-0.6427876096865395,DB04
202008011300,105,30.3,0,0,0.6427876096865395,-0.7660444431189779,DB04
202008011400,105,30.4,0,0,1.0,6.123233995736766e-17,DB04
202008011500,105,30.0,0,0,0.9396926207859084,-0.3420201433256687,DB04
202008011600,105,29.6,0,0,0.3420201433256689,-0.9396926207859083,DB04
202008011700,105,28.9,0,0,-0.6427876096865396,0.7660444431189778,DB04
202008011800,105,27.7,100,1,-0.6427876096865396,0.7660444431189778,DB04
202008011900,105,26.4,100,1,-0.3420201433256686,0.9396926207859084,DB04
202008012000,105,25.9,0,0,-0.7660444431189779,-0.6427876096865395,DB04
202008012100,105,25.3,0,0,-0.7660444431189779,-0.6427876096865395,DB04
202008012200,105,24.9,100,1,-0.9396926207859084,-0.34202014332566855,DB04
202008012300,105,24.5,0,0,1.2246467991473532e-16,-1.0,DB04
202008020000,105,24.4,0,0,-0.7660444431189779,-0.6427876096865395,DB03
202008020100,105,24.2,0,0,0.0,1.0,DB03
202008020200,105,24.6,0,0,-0.7660444431189779,-0.6427876096865395,DB02
202008020300,105,24.0,100,1,0.3420201433256689,-0.9396926207859083,DB04
202008020400,105,24.0,100,1,-0.7660444431189779,-0.6427876096865395,DB02
202008020500,105,23.7,100,1,-0.7660444431189779,-0.6427876096865395,DB02
202008020600,105,23.7,0,0,1.2246467991473532e-16,-1.0,DB04
202008020700,105,24.3,0,0,0.3420201433256689,-0.9396926207859083,DB02
202008020800,105,26.5,0,0,0.0,1.0,DB02
202008020900,105,29.3,0,0,-0.7660444431189779,-0.6427876096865395,DB02
202008021000,105,31.1,0,0,-0.34202014332566866,-0.9396926207859084,DB02
202008021100,105,32.1,0,0,-0.9396926207859084,-0.34202014332566855,DB03
202008021200,105,32.9,0,0,-0.9396926207859084,-0.34202014332566855,DB02
202008021300,105,32.8,0,0,-0.7660444431189779,-0.6427876096865395,DB03
202008021400,105,29.7,0,0,-0.6427876096865396,0.7660444431189778,DB03
202008021500,105,29.1,0,0,0.3420201433256687,0.9396926207859084,DB04
202008021600,105,29.0,0,0,0.9396926207859084,-0.3420201433256687,DB04
202008021700,105,28.4,0,0,0.9396926207859084,-0.3420201433256687,DB04
202008021800,105,27.9,0,0,-0.6427876096865396,0.7660444431189778,DB04
202008021900,105,26.9,0,0,0.9396926207859084,-0.3420201433256687,DB04
202008022000,105,28.6,0,0,-0.7660444431189779,-0.6427876096865395,DB04
202008022100,105,28.0,0,0,1.2246467991473532e-16,-1.0,DB04
202008022200,105,27.1,0,0,-0.9396926207859083,0.342020143325669,DB04
202008022300,105,26.7,0,0,-0.34202014332566866,-0.9396926207859084,DB04
202008030000,105,26.6,0,0,-0.7660444431189779,-0.6427876096865395,DB04
202008030100,105,26.6,0,0,-1.0,-1.8369701987210297e-16,DB04
202008030200,105,26.9,0,0,0.9396926207859084,-0.3420201433256687,DB04
202008030300,105,27.9,0,0,0.3420201433256689,-0.9396926207859083,DB04
202008030400,105,27.9,0,0,0.3420201433256687,0.9396926207859084,DB04
202008030500,105,28.2,0,0,0.3420201433256689,-0.9396926207859083,DB04
202008030600,105,28.8,0,0,-0.9396926207859084,-0.34202014332566855,DB04
202008030700,105,27.9,100,1,1.2246467991473532e-16,-1.0,DB04
202008030800,105,26.7,100,1,0.0,1.0,DB04
202008030900,105,25.9,100,1,0.3420201433256689,-0.9396926207859083,DB04
202008031000,105,26.8,100,1,1.2246467991473532e-16,-1.0,DB04
202008031100,105,28.6,0,0,-0.7660444431189779,-0.6427876096865395,DB04
202008031200,105,26.0,100,1,-0.7660444431189779,-0.6427876096865395,DB04
202008031300,105,25.2,100,1,-0.7660444431189779,-0.6427876096865395,DB04
202008031400,105,25.0,100,1,-0.7660444431189779,-0.6427876096865395,DB04
202008031500,105,25.3,100,1,-0.7660444431189779,-0.6427876096865395,DB04
202008031600,105,25.9,100,1,-0.7660444431189779,-0.6427876096865395,DB04
202008031700,105,26.8,100,1,-0.7660444431189779,-0.6427876096865395,DB04
202008031800,105,27.0,0,0,-0.7660444431189779,-0.6427876096865395,DB04
202008031900,105,27.8,0,0,-0.7660444431189779,-0.6427876096865395,DB04
202008032000,105,28.7,0,0,-0.9396926207859084,-0.34202014332566855,DB04
202008032100,105,28.4,0,0,-0.9396926207859084,-0.34202014332566855,DB04
202008032200,105,28.4,0,0,-0.9396926207859084,-0.34202014332566855,DB04
202008032300,105,27.4,100,1,-0.34202014332566866,-0.9396926207859084,DB04
202008040000,105,28.4,0,0,-0.7660444431189779,-0.6427876096865395,DB04
202008040100,105,28.5,0,0,-0.9396926207859084,-0.34202014332566855,DB04
202008040200,105,28.6,0,0,-0.9396926207859084,-0.34202014332566855,DB04
202008040300,105,27.4,0,0,1.2246467991473532e-16,-1.0,DB04
202008040400,105,26.6,0,0,-0.9396926207859084,-0.34202014332566855,DB04
202008040500,105,26.7,0,0,-0.9396926207859084,-0.34202014332566855,DB04
202008040600,105,27.3,0,0,-1.0,-1.8369701987210297e-16,DB04
202008040700,105,26.8,0,0,0.6427876096865395,-0.7660444431189779,DB04
202008040800,105,26.6,0,0,1.2246467991473532e-16,-1.0,DB04
202008040900,105,26.8,0,0,-0.9396926207859084,-0.34202014332566855,DB04
202008041000,105,27.2,0,0,1.2246467991473532e-16,-1.0,DB04
202008041100,105,28.0,0,0,1.2246467991473532e-16,-1.0,DB04
202008041200,105,25.7,0,0,0.3420201433256687,0.9396926207859084,DB04
202008041300,105,24.7,100,1,0.3420201433256687,0.9396926207859084,DB04
202008041400,105,25.1,0,0,0.766044443118978,0.6427876096865394,DB04
202008041500,105,25.1,100,1,0.766044443118978,0.6427876096865394,DB04
202008041600,105,24.8,100,1,0.766044443118978,0.6427876096865394,DB04
202008041700,105,24.6,100,1,0.766044443118978,0.6427876096865394,DB04
202008041800,105,24.6,0,0,0.766044443118978,0.6427876096865394,DB04
202008041900,105,24.3,0,0,-0.3420201433256686,0.9396926207859084,DB04
202008042000,105,24.0,100,1,0.0,1.0,DB04
202008042100,105,23.9,100,1,1.2246467991473532e-16,-1.0,DB04
202008042200,105,23.9,0,0,-0.34202014332566866,-0.9396926207859084,DB04
202008042300,105,24.2,100,1,0.0,1.0,DB04
202008050000,105,24.2,0,0,0.0,1.0,DB04
202008050100,105,24.5,0,0,-1.0,-1.8369701987210297e-16,DB04
202008050200,105,24.1,100,1,0.6427876096865395,-0.7660444431189779,DB04
202008050300,105,23.8,100,1,0.3420201433256689,-0.9396926207859083,DB04
202008050400,105,23.7,0,0,0.3420201433256689,-0.9396926207859083,DB04
202008050500,105,23.7,0,0,0.0,1.0,DB04
202008050600,105,23.7,0,0,0.0,1.0,DB04
202008050700,105,23.9,0,0,0.0,1.0,DB04
202008050800,105,23.4,0,0,-0.6427876096865396,0.7660444431189778,DB04
202008050900,105,22.3,0,0,-0.6427876096865396,0.7660444431189778,DB04
202008051000,105,22.3,100,1,0.0,1.0,DB04
202008051100,105,21.9,100,1,-0.6427876096865396,0.7660444431189778,DB04
202008051200,105,22.2,100,1,-0.6427876096865396,0.7660444431189778,DB04
202008051300,105,22.4,100,1,-0.6427876096865396,0.7660444431189778,DB04
202008051400,105,22.4,100,1,-0.3420201433256686,0.9396926207859084,DB04
202008051500,105,22.7,100,1,0.0,1.0,DB04
202008051600,105,22.8,100,1,0.6427876096865395,-0.7660444431189779,DB04
202008051700,105,22.8,100,1,1.0,6.123233995736766e-17,DB04
202008051800,105,22.3,100,1,0.9396926207859084,-0.3420201433256687,DB04
202008051900,105,22.5,0,0,0.0,1.0,DB04
202008052000,105,22.6,0,0,0.0,1.0,DB04
202008052100,105,22.6,0,0,-0.34202014332566866,-0.9396926207859084,DB04
202008052200,105,22.5,0,0,-0.9396926207859084,-0.34202014332566855,DB04
202008052300,105,22.5,0,0,0.0,1.0,DB04
202008060000,105,22.2,0,0,0.0,1.0,DB04
202008060100,105,22.1,0,0,0.3420201433256689,-0.9396926207859083,DB04
202008060200,105,22.1,0,0,0.3420201433256687,0.9396926207859084,DB04
202008060300,105,22.1,0,0,-0.6427876096865396,0.7660444431189778,DB04
202008060400,105,22.3,0,0,-1.0,-1.8369701987210297e-16,DB04
202008060500,105,22.7,100,1,0.0,1.0,DB04
202008060600,105,24.1,100,1,0.6427876096865395,-0.7660444431189779,DB04
202008060700,105,25.3,100,1,0.6427876096865395,-0.7660444431189779,DB04
202008060800,105,25.9,100,1,0.6427876096865395,-0.7660444431189779,DB04
202008060900,105,24.8,100,1,0.9396926207859083,0.3420201433256688,DB04
202008061000,105,25.7,100,1,-0.6427876096865396,0.7660444431189778,DB04
202008061100,105,27.0,100,1,-0.7660444431189779,-0.6427876096865395,DB04
202008061200,105,28.3,100,1,-0.6427876096865396,0.7660444431189778,DB04
202008061300,105,24.0,0,0,-0.9396926207859084,-0.34202014332566855,DB04
202008061400,105,23.4,0,0,-0.9396926207859083,0.342020143325669,DB04
202008061500,105,23.6,0,0,-0.9396926207859083,0.342020143325669,DB04
202008061600,105,23.4,0,0,-0.34202014332566866,-0.9396926207859084,DB04
202008061700,105,24.1,0,0,-1.0,-1.8369701987210297e-16,DB04
202008061800,105,24.3,0,0,1.2246467991473532e-16,-1.0,DB02
202008061900,105,24.0,0,0,0.3420201433256689,-0.9396926207859083,DB03
202008062000,105,23.3,0,0,-0.34202014332566866,-0.9396926207859084,DB04
202008062100,105,22.9,0,0,0.0,1.0,DB04
202008062200,105,22.6,0,0,-0.34202014332566866,-0.9396926207859084,DB04
202008062300,105,22.3,0,0,0.0,1.0,DB04
202008070000,105,22.3,0,0,-0.34202014332566866,-0.9396926207859084,DB04
202008070100,105,24.6,0,0,-0.9396926207859084,-0.34202014332566855,DB04
202008070200,105,25.7,0,0,-0.7660444431189779,-0.6427876096865395,DB04
202008070300,105,26.1,0,0,-0.7660444431189779,-0.6427876096865395,DB04
202008070400,105,26.2,0,0,-0.7660444431189779,-0.6427876096865395,DB04
202008070500,105,25.9,0,0,-0.7660444431189779,-0.6427876096865395,DB03
202008070600,105,25.4,0,0,-0.7660444431189779,-0.6427876096865395,DB04
202008070700,105,25.5,0,0,-0.9396926207859084,-0.34202014332566855,DB04
202008070800,105,26.0,0,0,-0.9396926207859084,-0.34202014332566855,DB04
202008070900,105,25.7,0,0,-0.9396926207859084,-0.34202014332566855,DB04
202008071000,105,26.4,0,0,-0.34202014332566866,-0.9396926207859084,DB04
202008071100,105,27.3,0,0,-0.34202014332566866,-0.9396926207859084,DB04
202008071200,105,28.2,0,0,-0.7660444431189779,-0.6427876096865395,DB04
202008071300,105,28.7,0,0,0.6427876096865395,-0.7660444431189779,DB04
202008071400,105,28.0,0,0,0.9396926207859084,-0.3420201433256687,DB04
202008071500,105,28.4,0,0,1.2246467991473532e-16,-1.0,DB04
202008071600,105,27.3,0,0,0.6427876096865395,-0.7660444431189779,DB04
202008071700,105,26.9,0,0,1.2246467991473532e-16,-1.0,DB04
202008071800,105,26.1,100,1,0.0,1.0,DB04
202008071900,105,24.2,0,0,-0.34202014332566866,-0.9396926207859084,DB04
202008072000,105,23.8,0,0,-0.7660444431189779,-0.6427876096865395,DB04
202008072100,105,23.4,0,0,-0.7660444431189779,-0.6427876096865395,DB04
202008072200,105,23.0,0,0,0.0,1.0,DB04
202008072300,105,22.8,0,0,0.0,1.0,DB03
202008080000,105,22.2,0,0,-0.7660444431189779,-0.6427876096865395,DB01
202008080100,105,21.9,0,0,0.0,1.0,DB03
202008080200,105,21.8,0,0,0.0,1.0,DB02
202008080300,105,21.4,0,0,-0.7660444431189779,-0.6427876096865395,DB02
202008080400,105,21.6,0,0,1.2246467991473532e-16,-1.0,DB03
202008080500,105,21.6,0,0,0.0,1.0,DB04
202008080600,105,21.7,0,0,0.0,1.0,DB03
202008080700,105,21.8,0,0,0.0,1.0,DB03
202008080800,105,21.8,100,1,0.0,1.0,DB02
202008080900,105,21.7,0,0,-0.6427876096865396,0.7660444431189778,DB03
202008081000,105,21.7,100,1,0.3420201433256687,0.9396926207859084,DB04
202008081100,105,21.8,100,1,0.766044443118978,0.6427876096865394,DB04
202008081200,105,22.3,100,1,-0.3420201433256686,0.9396926207859084,DB04
202008081300,105,22.4,0,0,0.3420201433256687,0.9396926207859084,DB04
202008081400,105,22.5,100,1,0.0,1.0,DB04
202008081500,105,22.3,100,1,-0.3420201433256686,0.9396926207859084,DB04
202008081600,105,22.2,100,1,0.0,1.0,DB04
202008081700,105,22.2,100,1,-0.6427876096865396,0.7660444431189778,DB04
202008081800,105,22.3,0,0,0.0,1.0,DB04
202008081900,105,22.1,0,0,-0.34202014332566866,-0.9396926207859084,DB04
202008082000,105,22.0,0,0,-0.3420201433256686,0.9396926207859084,DB04
202008082100,105,21.9,0,0,0.3420201433256689,-0.9396926207859083,DB04
202008082200,105,21.8,100,1,0.0,1.0,DB04
202008082300,105,21.7,100,1,0.0,1.0,DB04
202008090000,105,21.5,100,1,0.0,1.0,DB04
202008090100,105,21.4,100,1,0.3420201433256687,0.9396926207859084,DB04
202008090200,105,21.3,0,0,0.0,1.0,DB04
202008090300,105,21.3,100,1,0.6427876096865395,-0.7660444431189779,DB04
202008090400,105,21.3,100,1,0.0,1.0,DB04
202008090500,105,21.2,0,0,0.0,1.0,DB04
202008090600,105,21.2,0,0,0.0,1.0,DB04
202008090700,105,21.3,0,0,0.0,1.0,DB04
202008090800,105,21.1,100,1,0.0,1.0,DB04
202008090900,105,21.3,100,1,0.0,1.0,DB04
202008091000,105,21.4,0,0,-0.9396926207859083,0.342020143325669,DB04
202008091100,105,22.0,0,0,-0.3420201433256686,0.9396926207859084,DB04
202008091200,105,23.3,0,0,0.9396926207859083,0.3420201433256688,DB04
202008091300,105,24.5,0,0,0.3420201433256687,0.9396926207859084,DB04
202008091400,105,25.4,0,0,0.0,1.0,DB04
202008091500,105,26.0,0,0,1.0,6.123233995736766e-17,DB04
202008091600,105,26.2,0,0,0.9396926207859083,0.3420201433256688,DB04
202008091700,105,25.9,0,0,0.3420201433256687,0.9396926207859084,DB04
202008091800,105,25.5,0,0,-0.7660444431189779,-0.6427876096865395,DB04
202008091900,105,25.2,0,0,0.0,1.0,DB04
202008092000,105,24.6,0,0,-0.9396926207859084,-0.34202014332566855,DB04
202008092100,105,24.3,0,0,-0.9396926207859084,-0.34202014332566855,DB04
202008092200,105,24.2,0,0,-0.7660444431189779,-0.6427876096865395,DB04
202008092300,105,24.1,0,0,-0.7660444431189779,-0.6427876096865395,DB03
202008100000,105,24.0,0,0,-0.7660444431189779,-0.6427876096865395,DB02
202008100100,105,23.5,0,0,0.0,1.0,DB03
202008100200,105,23.1,0,0,0.0,1.0,DB03
202008100300,105,22.8,0,0,0.0,1.0,DB02
202008100400,105,22.8,0,0,-0.6427876096865396,0.7660444431189778,DB02
202008100500,105,22.9,0,0,-0.7660444431189779,-0.6427876096865395,DB02
202008100600,105,22.8,0,0,-0.7660444431189779,-0.6427876096865395,DB03
202008100700,105,23.6,0,0,0.0,1.0,DB04
202008100800,105,25.2,0,0,-1.0,-1.8369701987210297e-16,DB04
202008100900,105,26.9,0,0,1.2246467991473532e-16,-1.0,DB04
202008101000,105,28.6,0,0,0.6427876096865395,-0.7660444431189779,DB04
202008101100,105,28.7,0,0,-0.7660444431189779,-0.6427876096865395,DB04
202008101200,105,26.6,100,1,1.0,6.123233995736766e-17,DB04
202008101300,105,27.2,100,1,0.6427876096865395,-0.7660444431189779,DB04
202008101400,105,28.9,0,0,0.6427876096865395,-0.7660444431189779,DB04
202008101500,105,29.2,0,0,0.9396926207859084,-0.3420201433256687,DB04
202008101600,105,27.8,100,1,1.0,6.123233995736766e-17,DB04
202008101700,105,26.6,100,1,-0.3420201433256686,0.9396926207859084,DB04
202008101800,105,24.3,100,1,-0.6427876096865396,0.7660444431189778,DB04
202008101900,105,24.1,100,1,-0.3420201433256686,0.9396926207859084,DB04
202008102000,105,23.6,100,1,-0.3420201433256686,0.9396926207859084,DB04
202008102100,105,23.5,0,0,-0.6427876096865396,0.7660444431189778,DB04
202008102200,105,23.7,100,1,0.0,1.0,DB04
202008102300,105,23.6,0,0,-0.34202014332566866,-0.9396926207859084,DB04
202008110000,105,24.0,0,0,1.2246467991473532e-16,-1.0,DB04
202008110100,105,24.3,0,0,0.9396926207859084,-0.3420201433256687,DB04
202008110200,105,24.2,100,1,-0.9396926207859083,0.342020143325669,DB04
202008110300,105,24.0,100,1,0.0,1.0,DB04
202008110400,105,23.9,100,1,0.0,1.0,DB04
202008110500,105,23.6,100,1,0.3420201433256687,0.9396926207859084,DB04
202008110600,105,23.1,0,0,0.766044443118978,0.6427876096865394,DB03
202008110700,105,23.3,0,0,0.0,1.0,DB04
202008110800,105,22.4,100,1,-0.6427876096865396,0.7660444431189778,DB04
202008110900,105,22.4,100,1,1.2246467991473532e-16,-1.0,DB04
202008111000,105,22.6,0,0,0.3420201433256689,-0.9396926207859083,DB04
202008111100,105,22.6,100,1,0.9396926207859084,-0.3420201433256687,DB04
202008111200,105,22.6,100,1,1.2246467991473532e-16,-1.0,DB04
202008111300,105,23.4,100,1,0.766044443118978,0.6427876096865394,DB04
202008111400,105,26.0,100,1,-0.34202014332566866,-0.9396926207859084,DB04
202008111500,105,28.2,0,0,-0.7660444431189779,-0.6427876096865395,DB04
202008111600,105,29.6,0,0,-0.7660444431189779,-0.6427876096865395,DB04
202008111700,105,30.6,0,0,-0.9396926207859084,-0.34202014332566855,DB03
202008111800,105,29.8,0,0,-0.9396926207859084,-0.34202014332566855,DB02
202008111900,105,29.0,0,0,-0.9396926207859084,-0.34202014332566855,DB02
202008112000,105,28.6,0,0,-0.7660444431189779,-0.6427876096865395,DB01
202008112100,105,28.3,0,0,-0.7660444431189779,-0.6427876096865395,DB01
202008112200,105,28.2,0,0,-0.7660444431189779,-0.6427876096865395,DB01
202008112300,105,27.7,0,0,-0.7660444431189779,-0.6427876096865395,DB02
202008120000,105,26.2,0,0,-0.9396926207859084,-0.34202014332566855,DB01
202008120100,105,25.7,0,0,-0.34202014332566866,-0.9396926207859084,DB01
202008120200,105,26.2,0,0,-1.0,-1.8369701987210297e-16,DB03
202008120300,105,26.0,0,0,-0.9396926207859083,0.342020143325669,DB03
202008120400,105,26.2,0,0,-0.7660444431189779,-0.6427876096865395,DB03
202008120500,105,27.6,0,0,-0.7660444431189779,-0.6427876096865395,DB03
202008120600,105,27.4,0,0,-0.9396926207859084,-0.34202014332566855,DB03
202008120700,105,28.3,0,0,-0.7660444431189779,-0.6427876096865395,DB03
202008120800,105,29.0,0,0,-1.0,-1.8369701987210297e-16,DB03
202008120900,105,30.6,0,0,-0.7660444431189779,-0.6427876096865395,DB03
202008121000,105,31.9,0,0,-0.7660444431189779,-0.6427876096865395,DB03
202008121100,105,31.3,0,0,0.9396926207859083,0.3420201433256688,DB03
202008121200,105,32.4,0,0,0.0,1.0,DB03
202008121300,105,31.8,0,0,0.9396926207859083,0.3420201433256688,DB04
202008121400,105,32.3,0,0,1.0,6.123233995736766e-17,DB04
202008121500,105,33.5,0,0,-0.34202014332566866,-0.9396926207859084,DB03
202008121600,105,33.7,0,0,-0.7660444431189779,-0.6427876096865395,DB03
202008121700,105,33.6,0,0,-0.9396926207859083,0.342020143325669,DB03
202008121800,105,33.1,0,0,-0.6427876096865396,0.7660444431189778,DB03
202008121900,105,31.4,0,0,-0.9396926207859084,-0.34202014332566855,DB03
202008122000,105,30.7,0,0,-0.9396926207859084,-0.34202014332566855,DB03
202008122100,105,30.3,0,0,-1.0,-1.8369701987210297e-16,DB04
202008122200,105,30.1,0,0,-0.7660444431189779,-0.6427876096865395,DB03
202008122300,105,30.1,0,0,-0.7660444431189779,-0.6427876096865395,DB03
202008130000,105,29.8,0,0,-0.9396926207859084,-0.34202014332566855,DB01
202008130100,105,29.7,0,0,-0.7660444431189779,-0.6427876096865395,DB01
202008130200,105,28.9,0,0,-0.9396926207859084,-0.34202014332566855,DB03
202008130300,105,29.0,0,0,-0.7660444431189779,-0.6427876096865395,DB01
202008130400,105,28.9,0,0,-0.7660444431189779,-0.6427876096865395,DB02
202008130500,105,29.0,0,0,-0.7660444431189779,-0.6427876096865395,DB03
202008130600,105,29.1,0,0,-0.7660444431189779,-0.6427876096865395,DB04
202008130700,105,29.4,0,0,1.2246467991473532e-16,-1.0,DB04
202008130800,105,29.7,0,0,-0.34202014332566866,-0.9396926207859084,DB03
202008130900,105,30.5,0,0,-0.34202014332566866,-0.9396926207859084,DB04
202008131000,105,32.2,0,0,-0.9396926207859084,-0.34202014332566855,DB03
202008131100,105,33.4,0,0,-0.9396926207859084,-0.34202014332566855,DB03
202008131200,105,34.0,0,0,-0.9396926207859084,-0.34202014332566855,DB02
202008131300,105,34.3,0,0,-1.0,-1.8369701987210297e-16,DB02
202008131400,105,34.2,0,0,0.9396926207859083,0.3420201433256688,DB03
202008131500,105,34.2,0,0,0.766044443118978,0.6427876096865394,DB04
202008131600,105,33.8,0,0,-0.34202014332566866,-0.9396926207859084,DB03
202008131700,105,32.1,0,0,1.2246467991473532e-16,-1.0,DB04
202008131800,105,31.7,0,0,1.2246467991473532e-16,-1.0,DB04
202008131900,105,30.9,0,0,-0.7660444431189779,-0.6427876096865395,DB03
202008132000,105,30.5,0,0,-0.9396926207859084,-0.34202014332566855,DB03
202008132100,105,29.9,0,0,-0.7660444431189779,-0.6427876096865395,DB04
202008132200,105,29.3,0,0,1.2246467991473532e-16,-1.0,DB03
202008132300,105,29.0,0,0,-0.7660444431189779,-0.6427876096865395,DB03
202008140000,105,29.8,0,0,1.2246467991473532e-16,-1.0,DB03
202008140100,105,30.7,0,0,-0.7660444431189779,-0.6427876096865395,DB04
202008140200,105,30.6,0,0,-0.6427876096865396,0.7660444431189778,DB03
202008140300,105,30.7,0,0,-1.0,-1.8369701987210297e-16,DB04
202008140400,105,31.3,0,0,-0.9396926207859084,-0.34202014332566855,DB04
202008140500,105,31.4,0,0,-0.9396926207859084,-0.34202014332566855,DB04
202008140600,105,31.1,0,0,-1.0,-1.8369701987210297e-16,DB04
202008140700,105,31.0,0,0,-1.0,-1.8369701987210297e-16,DB04
202008140800,105,31.2,0,0,-0.9396926207859084,-0.34202014332566855,DB04
202008140900,105,31.2,0,0,-0.9396926207859084,-0.34202014332566855,DB04
202008141000,105,31.9,0,0,-0.7660444431189779,-0.6427876096865395,DB04
202008141100,105,32.6,0,0,-1.0,-1.8369701987210297e-16,DB03
202008141200,105,32.2,0,0,-0.9396926207859084,-0.34202014332566855,DB03
202008141300,105,33.2,0,0,-0.9396926207859084,-0.34202014332566855,DB03
202008141400,105,33.7,0,0,-0.9396926207859084,-0.34202014332566855,DB03
202008141500,105,33.1,0,0,-0.7660444431189779,-0.6427876096865395,DB04
202008141600,105,29.9,100,1,-1.0,-1.8369701987210297e-16,DB04
202008141700,105,31.5,0,0,-0.9396926207859084,-0.34202014332566855,DB03
202008141800,105,31.5,0,0,-0.7660444431189779,-0.6427876096865395,DB03
202008141900,105,31.4,0,0,-0.7660444431189779,-0.6427876096865395,DB03
202008142000,105,30.8,0,0,-0.7660444431189779,-0.6427876096865395,DB04
202008142100,105,30.9,0,0,-0.9396926207859084,-0.34202014332566855,DB04
202008142200,105,30.8,0,0,-0.9396926207859084,-0.34202014332566855,DB02
202008142300,105,30.8,0,0,-1.0,-1.8369701987210297e-16,DB03
202008150000,105,30.1,0,0,-0.9396926207859084,-0.34202014332566855,DB02
202008150100,105,30.6,0,0,-0.9396926207859084,-0.34202014332566855,DB03
202008150200,105,30.0,0,0,-1.0,-1.8369701987210297e-16,DB04
202008150300,105,29.7,0,0,-0.7660444431189779,-0.6427876096865395,DB04
202008150400,105,29.1,0,0,-1.0,-1.8369701987210297e-16,DB04
202008150500,105,28.0,0,0,-0.7660444431189779,-0.6427876096865395,DB04
202008150600,105,26.8,100,1,0.0,1.0,DB04
202008150700,105,26.1,100,1,-0.7660444431189779,-0.6427876096865395,DB04
202008150800,105,25.9,100,1,-0.34202014332566866,-0.9396926207859084,DB04
202008150900,105,25.9,100,1,1.2246467991473532e-16,-1.0,DB04
202008151000,105,25.7,100,1,-0.34202014332566866,-0.9396926207859084,DB04
202008151100,105,26.0,100,1,0.3420201433256689,-0.9396926207859083,DB04
202008151200,105,25.4,100,1,-0.34202014332566866,-0.9396926207859084,DB04
202008151300,105,25.5,100,1,1.2246467991473532e-16,-1.0,DB04
202008151400,105,26.8,100,1,1.2246467991473532e-16,-1.0,DB04
202008151500,105,28.1,0,0,-0.34202014332566866,-0.9396926207859084,DB04
202008151600,105,27.5,0,0,-0.34202014332566866,-0.9396926207859084,DB04
202008151700,105,28.5,0,0,-0.34202014332566866,-0.9396926207859084,DB04
202008151800,105,28.6,0,0,-0.34202014332566866,-0.9396926207859084,DB04
202008151900,105,28.6,0,0,-0.34202014332566866,-0.9396926207859084,DB04
202008152000,105,29.0,0,0,-0.7660444431189779,-0.6427876096865395,DB04
202008152100,105,28.6,0,0,1.2246467991473532e-16,-1.0,DB03
202008152200,105,29.3,0,0,-0.9396926207859084,-0.34202014332566855,DB03
202008152300,105,29.5,0,0,-0.9396926207859084,-0.34202014332566855,DB03
202008160000,105,29.8,0,0,-1.0,-1.8369701987210297e-16,DB03
202008160100,105,30.1,0,0,-0.9396926207859084,-0.34202014332566855,DB03
202008160200,105,30.2,0,0,-0.9396926207859084,-0.34202014332566855,DB03
202008160300,105,29.5,0,0,-0.7660444431189779,-0.6427876096865395,DB04
202008160400,105,28.7,0,0,-0.34202014332566866,-0.9396926207859084,DB04
202008160500,105,28.1,0,0,-0.9396926207859084,-0.34202014332566855,DB04
202008160600,105,27.3,0,0,-0.7660444431189779,-0.6427876096865395,DB04
202008160700,105,28.2,0,0,-0.9396926207859084,-0.34202014332566855,DB04
202008160800,105,28.1,0,0,1.2246467991473532e-16,-1.0,DB04
202008160900,105,28.2,0,0,-0.34202014332566866,-0.9396926207859084,DB04
202008161000,105,29.2,0,0,-0.7660444431189779,-0.6427876096865395,DB04
202008161100,105,29.9,0,0,-0.7660444431189779,-0.6427876096865395,DB04
202008161200,105,30.8,0,0,-0.9396926207859084,-0.34202014332566855,DB03
202008161300,105,32.0,0,0,-0.7660444431189779,-0.6427876096865395,DB04
202008161400,105,32.7,0,0,-0.9396926207859084,-0.34202014332566855,DB03
202008161500,105,32.8,0,0,-0.9396926207859084,-0.34202014332566855,DB03
202008161600,105,32.2,0,0,1.2246467991473532e-16,-1.0,DB03
202008161700,105,31.9,0,0,-0.6427876096865396,0.7660444431189778,DB04
202008161800,105,31.1,0,0,-0.7660444431189779,-0.6427876096865395,DB03
202008161900,105,30.7,0,0,-0.7660444431189779,-0.6427876096865395,DB03
202008162000,105,30.5,0,0,1.2246467991473532e-16,-1.0,DB03
202008162100,105,30.5,0,0,-0.34202014332566866,-0.9396926207859084,DB04
202008162200,105,30.1,0,0,-0.7660444431189779,-0.6427876096865395,DB04
202008162300,105,30.1,0,0,-0.7660444431189779,-0.6427876096865395,DB03
202008170000,105,30.0,0,0,-0.7660444431189779,-0.6427876096865395,DB02
202008170100,105,29.6,0,0,-0.7660444431189779,-0.6427876096865395,DB04
202008170200,105,29.3,0,0,-0.34202014332566866,-0.9396926207859084,DB02
202008170300,105,29.1,0,0,-0.7660444431189779,-0.6427876096865395,DB02
202008170400,105,28.9,0,0,-0.7660444431189779,-0.6427876096865395,DB02
202008170500,105,28.8,0,0,-0.7660444431189779,-0.6427876096865395,DB03
202008170600,105,28.4,0,0,-0.9396926207859084,-0.34202014332566855,DB02
202008170700,105,28.8,0,0,-0.7660444431189779,-0.6427876096865395,DB03
202008170800,105,30.3,0,0,-1.0,-1.8369701987210297e-16,DB02
202008170900,105,30.8,0,0,-0.7660444431189779,-0.6427876096865395,DB03
202008171000,105,31.4,0,0,-0.7660444431189779,-0.6427876096865395,DB03
202008171100,105,32.1,0,0,-0.7660444431189779,-0.6427876096865395,DB03
202008171200,105,33.4,0,0,-0.7660444431189779,-0.6427876096865395,DB03
202008171300,105,34.3,0,0,0.9396926207859083,0.3420201433256688,DB03
202008171400,105,33.6,0,0,1.0,6.123233995736766e-17,DB02
202008171500,105,33.2,0,0,0.9396926207859083,0.3420201433256688,DB03
202008171600,105,33.2,0,0,0.9396926207859084,-0.3420201433256687,DB03
202008171700,105,33.5,0,0,0.9396926207859083,0.3420201433256688,DB03
202008171800,105,32.4,0,0,0.9396926207859083,0.3420201433256688,DB02
202008171900,105,31.1,0,0,-0.9396926207859083,0.342020143325669,DB02
202008172000,105,30.1,0,0,-0.9396926207859084,-0.34202014332566855,DB02
202008172100,105,28.8,0,0,-0.34202014332566866,-0.9396926207859084,DB02
202008172200,105,28.5,0,0,-0.9396926207859084,-0.34202014332566855,DB03
202008172300,105,27.8,0,0,-0.7660444431189779,-0.6427876096865395,DB02
202008180000,105,27.7,0,0,-0.7660444431189779,-0.6427876096865395,DB02
202008180100,105,27.4,0,0,-0.7660444431189779,-0.6427876096865395,DB02
202008180200,105,27.8,0,0,-0.9396926207859084,-0.34202014332566855,DB03
202008180300,105,27.4,0,0,-0.7660444431189779,-0.6427876096865395,DB03
202008180400,105,27.7,0,0,-0.7660444431189779,-0.6427876096865395,DB03
202008180500,105,27.0,0,0,-0.7660444431189779,-0.6427876096865395,DB03
202008180600,105,26.9,0,0,-0.9396926207859084,-0.34202014332566855,DB02
202008180700,105,26.9,0,0,-0.7660444431189779,-0.6427876096865395,DB01
202008180800,105,29.2,0,0,-0.34202014332566866,-0.9396926207859084,DB01
202008180900,105,31.1,0,0,-0.34202014332566866,-0.9396926207859084,DB01
202008181000,105,32.7,0,0,1.2246467991473532e-16,-1.0,DB01
202008181100,105,33.9,0,0,-0.34202014332566866,-0.9396926207859084,DB01
202008181200,105,34.3,0,0,0.9396926207859084,-0.3420201433256687,DB03
202008181300,105,34.7,0,0,1.0,6.123233995736766e-17,DB02
202008181400,105,35.0,0,0,1.0,6.123233995736766e-17,DB01
202008181500,105,35.1,0,0,0.9396926207859083,0.3420201433256688,DB01
202008181600,105,35.2,0,0,1.0,6.123233995736766e-17,DB01
202008181700,105,35.6,0,0,0.9396926207859084,-0.3420201433256687,DB01
202008181800,105,34.8,0,0,-0.9396926207859083,0.342020143325669,DB01
202008181900,105,33.0,0,0,-1.0,-1.8369701987210297e-16,DB01
202008182000,105,31.7,0,0,-0.9396926207859084,-0.34202014332566855,DB01
202008182100,105,30.6,0,0,1.2246467991473532e-16,-1.0,DB01
202008182200,105,30.5,0,0,-0.7660444431189779,-0.6427876096865395,DB01
202008182300,105,29.9,0,0,-0.7660444431189779,-0.6427876096865395,DB01
202008190000,105,29.4,0,0,-0.7660444431189779,-0.6427876096865395,DB01
202008190100,105,28.7,0,0,-0.7660444431189779,-0.6427876096865395,DB01
202008190200,105,28.2,0,0,-0.7660444431189779,-0.6427876096865395,DB01
202008190300,105,27.7,0,0,-0.9396926207859084,-0.34202014332566855,DB01
202008190400,105,27.8,0,0,-0.7660444431189779,-0.6427876096865395,DB01
202008190500,105,27.8,0,0,-0.9396926207859084,-0.34202014332566855,DB01
202008190600,105,28.0,0,0,-0.7660444431189779,-0.6427876096865395,DB01
202008190700,105,28.5,0,0,-0.7660444431189779,-0.6427876096865395,DB01
202008190800,105,30.1,0,0,-0.7660444431189779,-0.6427876096865395,DB01
202008190900,105,31.6,0,0,-0.34202014332566866,-0.9396926207859084,DB01
202008191000,105,32.9,0,0,-0.7660444431189779,-0.6427876096865395,DB01
202008191100,105,34.3,0,0,-0.7660444431189779,-0.6427876096865395,DB01
202008191200,105,35.4,0,0,-0.7660444431189779,-0.6427876096865395,DB01
202008191300,105,35.5,0,0,-0.9396926207859083,0.342020143325669,DB01
202008191400,105,34.6,0,0,0.766044443118978,0.6427876096865394,DB01
202008191500,105,35.0,0,0,0.3420201433256687,0.9396926207859084,DB01
202008191600,105,34.8,0,0,-0.3420201433256686,0.9396926207859084,DB01
202008191700,105,35.0,0,0,0.3420201433256689,-0.9396926207859083,DB01
202008191800,105,34.4,0,0,-0.7660444431189779,-0.6427876096865395,DB01
202008191900,105,32.5,0,0,-0.7660444431189779,-0.6427876096865395,DB01
202008192000,105,31.4,0,0,-0.7660444431189779,-0.6427876096865395,DB01
202008192100,105,30.9,0,0,-0.7660444431189779,-0.6427876096865395,DB01
202008192200,105,30.3,0,0,-0.7660444431189779,-0.6427876096865395,DB01
202008192300,105,30.0,0,0,-0.7660444431189779,-0.6427876096865395,DB01
202008200000,105,29.7,0,0,-0.7660444431189779,-0.6427876096865395,DB01
202008200100,105,29.5,0,0,-0.7660444431189779,-0.6427876096865395,DB01
202008200200,105,29.0,0,0,-0.9396926207859084,-0.34202014332566855,DB02
202008200300,105,28.5,0,0,-0.7660444431189779,-0.6427876096865395,DB01
202008200400,105,27.8,0,0,-0.9396926207859084,-0.34202014332566855,DB01
202008200500,105,26.7,0,0,-0.9396926207859084,-0.34202014332566855,DB02
202008200600,105,26.7,0,0,-0.9396926207859084,-0.34202014332566855,DB01
202008200700,105,27.1,0,0,-0.9396926207859083,0.342020143325669,DB01
202008200800,105,28.4,0,0,-0.9396926207859083,0.342020143325669,DB02
202008200900,105,29.6,0,0,0.0,1.0,DB01
202008201000,105,30.2,0,0,0.766044443118978,0.6427876096865394,DB01
202008201100,105,30.0,0,0,0.9396926207859083,0.3420201433256688,DB01
202008201200,105,30.4,0,0,0.9396926207859083,0.3420201433256688,DB02
202008201300,105,30.0,0,0,0.9396926207859083,0.3420201433256688,DB02
202008201400,105,29.3,0,0,0.766044443118978,0.6427876096865394,DB02
202008201500,105,27.8,0,0,0.0,1.0,DB03
202008201600,105,26.9,0,0,0.766044443118978,0.6427876096865394,DB02
202008201700,105,25.6,0,0,-0.6427876096865396,0.7660444431189778,DB02
202008201800,105,24.8,100,1,0.9396926207859083,0.3420201433256688,DB02
202008201900,105,24.1,100,1,0.0,1.0,DB02
202008202000,105,23.8,100,1,-0.6427876096865396,0.7660444431189778,DB03
202008202100,105,23.4,100,1,-0.6427876096865396,0.7660444431189778,DB03
202008202200,105,23.2,100,1,-0.6427876096865396,0.7660444431189778,DB03
202008202300,105,23.0,100,1,-0.6427876096865396,0.7660444431189778,DB04
202008210000,105,22.8,100,1,-0.6427876096865396,0.7660444431189778,DB04
202008210100,105,22.8,100,1,-0.6427876096865396,0.7660444431189778,DB04
202008210200,105,22.9,0,0,-0.34202014332566866,-0.9396926207859084,DB02
202008210300,105,23.0,0,0,1.2246467991473532e-16,-1.0,DB03
202008210400,105,23.2,0,0,0.0,1.0,DB03
202008210500,105,23.2,0,0,0.0,1.0,DB03
202008210600,105,23.1,0,0,0.0,1.0,DB04
202008210700,105,23.3,0,0,-0.34202014332566866,-0.9396926207859084,DB02
202008210800,105,23.7,0,0,1.2246467991473532e-16,-1.0,DB03
202008210900,105,24.4,0,0,0.3420201433256689,-0.9396926207859083,DB03
202008211000,105,24.9,0,0,0.3420201433256687,0.9396926207859084,DB04
202008211100,105,23.5,0,0,-0.6427876096865396,0.7660444431189778,DB04
202008211200,105,22.8,0,0,-0.6427876096865396,0.7660444431189778,DB04
202008211300,105,21.6,0,0,-0.6427876096865396,0.7660444431189778,DB04
202008211400,105,21.5,0,0,-0.6427876096865396,0.7660444431189778,DB04
202008211500,105,22.2,0,0,-0.6427876096865396,0.7660444431189778,DB04
202008211600,105,23.4,0,0,-1.0,-1.8369701987210297e-16,DB03
202008211700,105,23.7,0,0,0.3420201433256687,0.9396926207859084,DB03
202008211800,105,22.7,0,0,0.0,1.0,DB02
202008211900,105,22.3,0,0,-0.3420201433256686,0.9396926207859084,DB03
202008212000,105,21.7,0,0,-0.6427876096865396,0.7660444431189778,DB04
202008212100,105,21.4,100,1,-0.9396926207859083,0.342020143325669,DB04
202008212200,105,21.4,100,1,-0.34202014332566866,-0.9396926207859084,DB03
202008212300,105,21.4,0,0,-0.7660444431189779,-0.6427876096865395,DB04
202008220000,105,21.6,0,0,-0.9396926207859084,-0.34202014332566855,DB04
202008220100,105,21.7,0,0,-0.34202014332566866,-0.9396926207859084,DB04
202008220200,105,21.7,0,0,-0.7660444431189779,-0.6427876096865395,DB04
202008220300,105,21.8,0,0,0.0,1.0,DB04
202008220400,105,21.8,0,0,0.0,1.0,DB04
202008220500,105,21.8,0,0,0.0,1.0,DB04
202008220600,105,21.7,0,0,1.2246467991473532e-16,-1.0,DB04
202008220700,105,22.0,0,0,1.2246467991473532e-16,-1.0,DB04
202008220800,105,22.4,0,0,0.0,1.0,DB04
202008220900,105,23.2,0,0,0.6427876096865395,-0.7660444431189779,DB04
202008221000,105,23.8,0,0,0.0,1.0,DB04
202008221100,105,24.0,0,0,0.9396926207859083,0.3420201433256688,DB03
202008221200,105,23.9,0,0,0.3420201433256687,0.9396926207859084,DB03
202008221300,105,24.1,0,0,0.766044443118978,0.6427876096865394,DB04
202008221400,105,24.3,0,0,0.9396926207859083,0.3420201433256688,DB04
202008221500,105,24.3,0,0,0.9396926207859084,-0.3420201433256687,DB04
202008221600,105,23.9,0,0,-0.6427876096865396,0.7660444431189778,DB04
202008221700,105,23.8,100,1,0.9396926207859084,-0.3420201433256687,DB04
202008221800,105,23.9,100,1,0.3420201433256687,0.9396926207859084,DB04
202008221900,105,23.6,0,0,-0.6427876096865396,0.7660444431189778,DB04
202008222000,105,23.5,100,1,-1.0,-1.8369701987210297e-16,DB04
202008222100,105,23.2,100,1,-1.0,-1.8369701987210297e-16,DB04
202008222200,105,23.1,100,1,0.0,1.0,DB04
202008222300,105,22.8,100,1,-0.34202014332566866,-0.9396926207859084,DB04
202008230000,105,22.4,100,1,0.6427876096865395,-0.7660444431189779,DB04
202008230100,105,22.2,100,1,1.2246467991473532e-16,-1.0,DB04
202008230200,105,22.1,0,0,1.2246467991473532e-16,-1.0,DB03
202008230300,105,21.4,0,0,-0.6427876096865396,0.7660444431189778,DB03
202008230400,105,21.1,0,0,0.0,1.0,DB03
202008230500,105,20.5,0,0,-0.9396926207859084,-0.34202014332566855,DB02
202008230600,105,20.3,0,0,-0.34202014332566866,-0.9396926207859084,DB02
202008230700,105,20.5,0,0,-0.34202014332566866,-0.9396926207859084,DB03
202008230800,105,22.4,0,0,0.3420201433256689,-0.9396926207859083,DB01
202008230900,105,24.6,0,0,0.3420201433256689,-0.9396926207859083,DB01
202008231000,105,26.4,0,0,1.0,6.123233995736766e-17,DB02
202008231100,105,26.8,0,0,0.766044443118978,0.6427876096865394,DB02
202008231200,105,26.5,0,0,-0.6427876096865396,0.7660444431189778,DB03
202008231300,105,27.7,0,0,0.766044443118978,0.6427876096865394,DB03
202008231400,105,27.8,0,0,0.0,1.0,DB04
202008231500,105,29.0,0,0,0.9396926207859083,0.3420201433256688,DB03
202008231600,105,29.6,0,0,1.0,6.123233995736766e-17,DB02
202008231700,105,28.2,0,0,0.9396926207859084,-0.3420201433256687,DB02
202008231800,105,28.1,0,0,0.9396926207859083,0.3420201433256688,DB03
202008231900,105,27.1,0,0,-0.34202014332566866,-0.9396926207859084,DB03
202008232000,105,25.8,0,0,-0.7660444431189779,-0.6427876096865395,DB02
202008232100,105,24.3,0,0,-0.34202014332566866,-0.9396926207859084,DB02
202008232200,105,23.7,0,0,-0.7660444431189779,-0.6427876096865395,DB02
202008232300,105,23.0,0,0,-0.9396926207859084,-0.34202014332566855,DB02
202008240000,105,22.4,0,0,-0.34202014332566866,-0.9396926207859084,DB02
202008240100,105,22.4,0,0,-0.7660444431189779,-0.6427876096865395,DB02
202008240200,105,22.0,0,0,-0.34202014332566866,-0.9396926207859084,DB02
202008240300,105,21.7,0,0,1.2246467991473532e-16,-1.0,DB02
202008240400,105,22.8,0,0,-0.7660444431189779,-0.6427876096865395,DB02
202008240500,105,23.4,0,0,-0.9396926207859084,-0.34202014332566855,DB02
202008240600,105,22.6,0,0,-0.7660444431189779,-0.6427876096865395,DB02
202008240700,105,23.1,0,0,1.2246467991473532e-16,-1.0,DB02
202008240800,105,25.2,0,0,0.0,1.0,DB02
202008240900,105,27.2,0,0,1.0,6.123233995736766e-17,DB02
202008241000,105,28.9,0,0,0.9396926207859083,0.3420201433256688,DB01
202008241100,105,30.0,0,0,0.766044443118978,0.6427876096865394,DB01
202008241200,105,31.2,0,0,1.0,6.123233995736766e-17,DB02
202008241300,105,31.1,0,0,0.9396926207859083,0.3420201433256688,DB03
202008241400,105,31.7,0,0,-0.6427876096865396,0.7660444431189778,DB03
202008241500,105,31.0,0,0,-0.6427876096865396,0.7660444431189778,DB03
202008241600,105,31.6,0,0,-0.6427876096865396,0.7660444431189778,DB02
202008241700,105,31.2,0,0,-0.6427876096865396,0.7660444431189778,DB03
202008241800,105,30.1,0,0,-0.6427876096865396,0.7660444431189778,DB03
202008241900,105,29.3,0,0,-0.7660444431189779,-0.6427876096865395,DB03
202008242000,105,28.0,0,0,-0.9396926207859084,-0.34202014332566855,DB03
202008242100,105,27.0,0,0,-0.7660444431189779,-0.6427876096865395,DB03
202008242200,105,26.4,0,0,-0.9396926207859083,0.342020143325669,DB04
202008242300,105,26.2,0,0,-0.34202014332566866,-0.9396926207859084,DB03
202008250000,105,25.9,0,0,-0.7660444431189779,-0.6427876096865395,DB03
202008250100,105,25.6,0,0,-0.34202014332566866,-0.9396926207859084,DB03
202008250200,105,25.2,0,0,1.2246467991473532e-16,-1.0,DB03
202008250300,105,24.7,0,0,-0.7660444431189779,-0.6427876096865395,DB02
202008250400,105,24.8,0,0,-0.7660444431189779,-0.6427876096865395,DB04
202008250500,105,24.5,0,0,-0.9396926207859084,-0.34202014332566855,DB03
202008250600,105,24.5,0,0,-0.34202014332566866,-0.9396926207859084,DB03
202008250700,105,25.6,0,0,-0.7660444431189779,-0.6427876096865395,DB02
202008250800,105,28.3,0,0,0.3420201433256689,-0.9396926207859083,DB03
202008250900,105,30.7,0,0,0.6427876096865395,-0.7660444431189779,DB03
202008251000,105,32.5,0,0,0.6427876096865395,-0.7660444431189779,DB02
202008251100,105,33.6,0,0,-0.7660444431189779,-0.6427876096865395,DB03
202008251200,105,34.9,0,0,0.3420201433256689,-0.9396926207859083,DB02
202008251300,105,35.8,0,0,-1.0,-1.8369701987210297e-16,DB02
202008251400,105,36.2,0,0,1.2246467991473532e-16,-1.0,DB01
202008251500,105,36.3,0,0,1.2246467991473532e-16,-1.0,DB01
202008251600,105,35.5,0,0,0.6427876096865395,-0.7660444431189779,DB01
202008251700,105,35.0,0,0,0.6427876096865395,-0.7660444431189779,DB01
202008251800,105,34.1,0,0,0.3420201433256689,-0.9396926207859083,DB02
202008251900,105,31.7,0,0,-0.9396926207859084,-0.34202014332566855,DB01
202008252000,105,30.1,0,0,-0.7660444431189779,-0.6427876096865395,DB02
202008252100,105,29.3,0,0,-0.7660444431189779,-0.6427876096865395,DB01
202008252200,105,28.8,0,0,-0.9396926207859084,-0.34202014332566855,DB02
202008252300,105,27.7,0,0,-0.6427876096865396,0.7660444431189778,DB03
202008260000,105,27.1,0,0,0.0,1.0,DB02
202008260100,105,26.6,0,0,0.6427876096865395,-0.7660444431189779,DB01
202008260200,105,25.7,0,0,-0.6427876096865396,0.7660444431189778,DB02
202008260300,105,25.4,0,0,-0.9396926207859083,0.342020143325669,DB02
202008260400,105,25.2,0,0,-0.34202014332566866,-0.9396926207859084,DB02
202008260500,105,24.9,0,0,-0.34202014332566866,-0.9396926207859084,DB01
202008260600,105,24.6,0,0,-0.7660444431189779,-0.6427876096865395,DB02
202008260700,105,25.0,0,0,-0.7660444431189779,-0.6427876096865395,DB02
202008260800,105,25.3,0,0,-0.7660444431189779,-0.6427876096865395,DB02
202008260900,105,25.6,0,0,-0.6427876096865396,0.7660444431189778,DB02
202008261000,105,26.4,0,0,0.0,1.0,DB03
202008261100,105,26.6,0,0,0.0,1.0,DB04
202008261200,105,27.3,0,0,0.766044443118978,0.6427876096865394,DB04
202008261300,105,27.5,0,0,0.766044443118978,0.6427876096865394,DB03
202008261400,105,28.0,0,0,0.9396926207859083,0.3420201433256688,DB03
202008261500,105,27.5,0,0,0.766044443118978,0.6427876096865394,DB03
202008261600,105,27.1,0,0,0.9396926207859083,0.3420201433256688,DB03
202008261700,105,27.1,0,0,0.9396926207859083,0.3420201433256688,DB04
202008261800,105,26.9,0,0,0.9396926207859084,-0.3420201433256687,DB03
202008261900,105,26.6,0,0,0.9396926207859083,0.3420201433256688,DB04
202008262000,105,26.5,0,0,1.0,6.123233995736766e-17,DB04
202008262100,105,26.5,0,0,0.9396926207859084,-0.3420201433256687,DB04
202008262200,105,26.4,0,0,0.9396926207859083,0.3420201433256688,DB04
202008262300,105,26.2,0,0,0.9396926207859083,0.3420201433256688,DB04
202008270000,105,27.1,100,1,0.9396926207859084,-0.3420201433256687,DB04
202008270100,105,27.6,0,0,0.9396926207859084,-0.3420201433256687,DB04
202008270200,105,27.4,0,0,0.0,1.0,DB04
202008270300,105,27.1,0,0,0.9396926207859084,-0.3420201433256687,DB04
202008270400,105,26.9,0,0,0.9396926207859084,-0.3420201433256687,DB04
202008270500,105,26.3,0,0,0.3420201433256689,-0.9396926207859083,DB04
202008270600,105,26.2,0,0,0.9396926207859084,-0.3420201433256687,DB04
202008270700,105,26.5,0,0,1.0,6.123233995736766e-17,DB04
202008270800,105,27.3,0,0,0.9396926207859084,-0.3420201433256687,DB03
202008270900,105,29.0,0,0,0.6427876096865395,-0.7660444431189779,DB03
202008271000,105,30.9,0,0,0.6427876096865395,-0.7660444431189779,DB03
202008271100,105,33.3,0,0,0.3420201433256689,-0.9396926207859083,DB03
202008271200,105,33.6,0,0,-0.34202014332566866,-0.9396926207859084,DB03
202008271300,105,34.2,0,0,0.3420201433256689,-0.9396926207859083,DB03
202008271400,105,34.8,0,0,-0.34202014332566866,-0.9396926207859084,DB03
202008271500,105,35.5,0,0,0.6427876096865395,-0.7660444431189779,DB03
202008271600,105,34.8,0,0,1.2246467991473532e-16,-1.0,DB03
202008271700,105,33.7,0,0,0.3420201433256689,-0.9396926207859083,DB03
202008271800,105,32.7,0,0,0.3420201433256689,-0.9396926207859083,DB03
202008271900,105,31.8,0,0,-1.0,-1.8369701987210297e-16,DB03
202008272000,105,30.0,0,0,-0.34202014332566866,-0.9396926207859084,DB02
202008272100,105,29.0,0,0,-0.7660444431189779,-0.6427876096865395,DB02
202008272200,105,28.5,0,0,-0.9396926207859084,-0.34202014332566855,DB02
202008272300,105,28.1,0,0,-0.7660444431189779,-0.6427876096865395,DB02
202008280000,105,27.8,0,0,-0.9396926207859084,-0.34202014332566855,DB02
202008280100,105,27.7,0,0,-0.7660444431189779,-0.6427876096865395,DB04
202008280200,105,27.7,0,0,-1.0,-1.8369701987210297e-16,DB04
202008280300,105,27.6,0,0,-0.34202014332566866,-0.9396926207859084,DB04
202008280400,105,27.2,0,0,1.2246467991473532e-16,-1.0,DB03
202008280500,105,27.1,0,0,1.2246467991473532e-16,-1.0,DB03
202008280600,105,27.2,0,0,-0.9396926207859084,-0.34202014332566855,DB03
202008280700,105,27.7,0,0,-0.7660444431189779,-0.6427876096865395,DB03
202008280800,105,28.9,0,0,-0.7660444431189779,-0.6427876096865395,DB04
202008280900,105,30.5,0,0,0.3420201433256689,-0.9396926207859083,DB04
202008281000,105,31.9,0,0,0.9396926207859084,-0.3420201433256687,DB04
202008281100,105,32.6,0,0,0.3420201433256687,0.9396926207859084,DB04
202008281200,105,33.4,0,0,0.9396926207859083,0.3420201433256688,DB03
202008281300,105,34.2,0,0,0.9396926207859083,0.3420201433256688,DB02
202008281400,105,34.6,0,0,0.9396926207859084,-0.3420201433256687,DB03
202008281500,105,34.3,0,0,0.9396926207859084,-0.3420201433256687,DB03
202008281600,105,34.2,0,0,-0.3420201433256686,0.9396926207859084,DB03
202008281700,105,32.9,0,0,1.0,6.123233995736766e-17,DB04
202008281800,105,29.0,100,1,-0.34202014332566866,-0.9396926207859084,DB04
202008281900,105,27.9,100,1,-0.7660444431189779,-0.6427876096865395,DB04
202008282000,105,27.8,0,0,-0.34202014332566866,-0.9396926207859084,DB03
202008282100,105,26.9,0,0,0.0,1.0,DB03
202008282200,105,26.6,0,0,1.2246467991473532e-16,-1.0,DB03
202008282300,105,26.3,0,0,1.2246467991473532e-16,-1.0,DB04
202008290000,105,26.4,0,0,0.0,1.0,DB04
202008290100,105,26.1,0,0,1.2246467991473532e-16,-1.0,DB04
202008290200,105,26.0,0,0,-0.34202014332566866,-0.9396926207859084,DB04
202008290300,105,26.5,0,0,-0.7660444431189779,-0.6427876096865395,DB04
202008290400,105,27.0,0,0,-0.9396926207859084,-0.34202014332566855,DB03
202008290500,105,26.4,0,0,0.0,1.0,DB04
202008290600,105,26.2,0,0,0.6427876096865395,-0.7660444431189779,DB04
202008290700,105,26.7,0,0,1.2246467991473532e-16,-1.0,DB03
202008290800,105,28.2,0,0,1.2246467991473532e-16,-1.0,DB02
202008290900,105,30.8,0,0,-0.7660444431189779,-0.6427876096865395,DB02
202008291000,105,32.0,0,0,-0.7660444431189779,-0.6427876096865395,DB02
202008291100,105,33.2,0,0,0.9396926207859084,-0.3420201433256687,DB02
202008291200,105,33.0,0,0,0.9396926207859083,0.3420201433256688,DB03
202008291300,105,33.3,0,0,0.9396926207859083,0.3420201433256688,DB03
202008291400,105,33.1,0,0,0.9396926207859083,0.3420201433256688,DB03
202008291500,105,32.6,0,0,1.0,6.123233995736766e-17,DB03
202008291600,105,32.7,0,0,0.9396926207859084,-0.3420201433256687,DB03
202008291700,105,31.8,0,0,0.9396926207859084,-0.3420201433256687,DB02
202008291800,105,30.8,0,0,-0.9396926207859083,0.342020143325669,DB03
202008291900,105,29.9,0,0,-0.9396926207859083,0.342020143325669,DB04
202008292000,105,29.0,0,0,-0.7660444431189779,-0.6427876096865395,DB04
202008292100,105,27.4,100,1,-0.6427876096865396,0.7660444431189778,DB04
202008292200,105,26.9,0,0,-0.6427876096865396,0.7660444431189778,DB04
202008292300,105,26.5,0,0,-0.6427876096865396,0.7660444431189778,DB04
202008300000,105,26.5,0,0,-0.3420201433256686,0.9396926207859084,DB01
202008300100,105,26.5,0,0,0.0,1.0,DB04
202008300200,105,26.4,0,0,-0.34202014332566866,-0.9396926207859084,DB04
202008300300,105,26.3,0,0,-1.0,-1.8369701987210297e-16,DB03
202008300400,105,25.8,0,0,-0.6427876096865396,0.7660444431189778,DB04
202008300500,105,25.7,100,1,-0.6427876096865396,0.7660444431189778,DB04
202008300600,105,25.5,100,1,0.0,1.0,DB03
202008300700,105,24.7,100,1,-0.6427876096865396,0.7660444431189778,DB04
202008300800,105,24.1,100,1,-0.6427876096865396,0.7660444431189778,DB02
202008300900,105,24.0,100,1,-0.6427876096865396,0.7660444431189778,DB03
202008301000,105,24.1,100,1,-0.6427876096865396,0.7660444431189778,DB04
202008301100,105,24.2,100,1,0.3420201433256687,0.9396926207859084,DB04
202008301200,105,24.1,100,1,0.3420201433256687,0.9396926207859084,DB04
202008301300,105,24.3,100,1,0.766044443118978,0.6427876096865394,DB04
202008301400,105,24.1,100,1,-0.6427876096865396,0.7660444431189778,DB04
202008301500,105,24.3,0,0,-0.6427876096865396,0.7660444431189778,DB04
202008301600,105,24.3,0,0,-0.6427876096865396,0.7660444431189778,DB02
202008301700,105,24.1,0,0,-0.6427876096865396,0.7660444431189778,DB02
202008301800,105,24.0,0,0,-0.6427876096865396,0.7660444431189778,DB03
202008301900,105,23.7,0,0,-0.6427876096865396,0.7660444431189778,DB02
202008302000,105,23.6,0,0,-0.6427876096865396,0.7660444431189778,DB04
202008302100,105,23.1,100,1,-0.9396926207859083,0.342020143325669,DB04
202008302200,105,22.9,100,1,-0.9396926207859083,0.342020143325669,DB04
202008302300,105,23.1,0,0,0.0,1.0,DB03
202008310000,105,23.3,0,0,0.9396926207859083,0.3420201433256688,DB01
202008310100,105,23.4,0,0,0.9396926207859083,0.3420201433256688,DB04
202008310200,105,23.4,0,0,0.766044443118978,0.6427876096865394,DB03
202008310300,105,23.3,0,0,0.9396926207859083,0.3420201433256688,DB04
202008310400,105,23.1,0,0,1.0,6.123233995736766e-17,DB04
202008310500,105,22.9,0,0,1.0,6.123233995736766e-17,DB04
202008310600,105,22.9,0,0,0.9396926207859083,0.3420201433256688,DB04
202008310700,105,23.0,0,0,1.0,6.123233995736766e-17,DB02
202008310800,105,23.0,0,0,0.766044443118978,0.6427876096865394,DB02
202008310900,105,23.2,0,0,0.9396926207859083,0.3420201433256688,DB02
202008311000,105,23.4,0,0,1.0,6.123233995736766e-17,DB04
202008311100,105,23.7,0,0,0.9396926207859083,0.3420201433256688,DB04
202008311200,105,24.0,0,0,1.0,6.123233995736766e-17,DB04
202008311300,105,24.3,0,0,0.9396926207859083,0.3420201433256688,DB04
202008311400,105,24.1,0,0,0.9396926207859083,0.3420201433256688,DB04
202008311500,105,24.1,0,0,0.9396926207859083,0.3420201433256688,DB03
202008311600,105,24.0,0,0,0.9396926207859083,0.3420201433256688,DB03
202008311700,105,23.8,0,0,1.0,6.123233995736766e-17,DB03
202008311800,105,23.5,0,0,0.9396926207859084,-0.3420201433256687,DB02
202008311900,105,22.9,100,1,0.9396926207859084,-0.3420201433256687,DB01
202008312000,105,22.7,100,1,-0.7660444431189779,-0.6427876096865395,DB01
202008312100,105,22.5,0,0,-0.34202014332566866,-0.9396926207859084,DB02
202008312200,105,22.2,0,0,-0.7660444431189779,-0.6427876096865395,DB03
202008312300,105,21.8,0,0,-0.7660444431189779,-0.6427876096865395,DB03
202009010000,105,21.8,0,0,-0.9396926207859084,-0.34202014332566855,DB01
202009010100,105,21.7,0,0,-0.7660444431189779,-0.6427876096865395,DB03
202009010200,105,21.6,0,0,-0.7660444431189779,-0.6427876096865395,DB03
202009010300,105,21.3,0,0,-0.7660444431189779,-0.6427876096865395,DB03
202009010400,105,21.0,0,0,0.0,1.0,DB03
202009010500,105,20.7,0,0,-0.9396926207859084,-0.34202014332566855,DB03
202009010600,105,20.3,0,0,-0.7660444431189779,-0.6427876096865395,DB03
202009010700,105,20.5,0,0,-0.7660444431189779,-0.6427876096865395,DB03
202009010800,105,22.3,0,0,-0.7660444431189779,-0.6427876096865395,DB02
202009010900,105,24.6,0,0,0.6427876096865395,-0.7660444431189779,DB02
202009011000,105,26.8,0,0,0.6427876096865395,-0.7660444431189779,DB02
202009011100,105,28.5,0,0,0.9396926207859084,-0.3420201433256687,DB02
202009011200,105,28.9,0,0,0.9396926207859084,-0.3420201433256687,DB02
202009011300,105,28.8,0,0,1.0,6.123233995736766e-17,DB02
202009011400,105,29.6,0,0,1.0,6.123233995736766e-17,DB02
202009011500,105,29.1,0,0,1.0,6.123233995736766e-17,DB02
202009011600,105,27.4,0,0,0.9396926207859084,-0.3420201433256687,DB02
202009011700,105,27.8,0,0,1.0,6.123233995736766e-17,DB02
202009011800,105,26.5,0,0,1.0,6.123233995736766e-17,DB02
202009011900,105,25.7,0,0,1.0,6.123233995736766e-17,DB03
202009012000,105,25.3,0,0,0.9396926207859084,-0.3420201433256687,DB03
202009012100,105,25.3,0,0,0.9396926207859084,-0.3420201433256687,DB04
202009012200,105,25.0,100,1,0.9396926207859084,-0.3420201433256687,DB04
202009012300,105,24.8,100,1,0.0,1.0,DB04
202009020000,105,24.5,0,0,0.0,1.0,DB01
202009020100,105,24.2,0,0,-0.7660444431189779,-0.6427876096865395,DB04
202009020200,105,24.0,0,0,0.0,1.0,DB04
202009020300,105,24.0,0,0,-1.0,-1.8369701987210297e-16,DB04
202009020400,105,23.9,0,0,-0.6427876096865396,0.7660444431189778,DB04
202009020500,105,23.6,0,0,-0.6427876096865396,0.7660444431189778,DB04
202009020600,105,23.5,0,0,-0.9396926207859083,0.342020143325669,DB04
202009020700,105,23.7,0,0,-1.0,-1.8369701987210297e-16,DB04
202009020800,105,23.9,100,1,0.3420201433256687,0.9396926207859084,DB04
202009020900,105,24.2,100,1,0.0,1.0,DB04
202009021000,105,24.5,100,1,-0.6427876096865396,0.7660444431189778,DB04
202009021100,105,24.4,100,1,-0.6427876096865396,0.7660444431189778,DB04
202009021200,105,24.1,100,1,0.766044443118978,0.6427876096865394,DB04
202009021300,105,24.1,100,1,-0.9396926207859083,0.342020143325669,DB04
202009021400,105,24.3,100,1,1.0,6.123233995736766e-17,DB04
202009021500,105,24.0,100,1,0.9396926207859083,0.3420201433256688,DB04
202009021600,105,23.9,100,1,0.766044443118978,0.6427876096865394,DB04
202009021700,105,23.6,100,1,0.9396926207859083,0.3420201433256688,DB04
202009021800,105,23.2,100,1,-0.9396926207859083,0.342020143325669,DB04
202009021900,105,23.2,100,1,1.2246467991473532e-16,-1.0,DB04
202009022000,105,23.0,100,1,-0.9396926207859083,0.342020143325669,DB04
202009022100,105,23.1,100,1,-0.9396926207859084,-0.34202014332566855,DB04
202009022200,105,23.9,100,1,0.9396926207859083,0.3420201433256688,DB04
202009022300,105,24.7,100,1,1.0,6.123233995736766e-17,DB04
202009030000,105,24.9,0,0,0.9396926207859083,0.3420201433256688,DB04
202009030100,105,25.0,100,1,0.9396926207859083,0.3420201433256688,DB04
202009030200,105,25.4,100,1,1.0,6.123233995736766e-17,DB04
202009030300,105,25.3,100,1,1.0,6.123233995736766e-17,DB04
202009030400,105,24.8,100,1,1.0,6.123233995736766e-17,DB04
202009030500,105,24.3,100,1,1.0,6.123233995736766e-17,DB04
202009030600,105,24.1,100,1,1.0,6.123233995736766e-17,DB04
202009030700,105,24.1,100,1,-0.9396926207859084,-0.34202014332566855,DB04
202009030800,105,25.1,100,1,-0.9396926207859084,-0.34202014332566855,DB04
202009030900,105,26.1,0,0,-0.7660444431189779,-0.6427876096865395,DB04
202009031000,105,25.5,0,0,-0.9396926207859084,-0.34202014332566855,DB04
202009031100,105,25.8,0,0,-0.7660444431189779,-0.6427876096865395,DB03
202009031200,105,26.1,0,0,-0.7660444431189779,-0.6427876096865395,DB03
202009031300,105,26.3,0,0,-0.9396926207859084,-0.34202014332566855,DB03
202009031400,105,26.3,0,0,-0.9396926207859084,-0.34202014332566855,DB03
202009031500,105,28.3,0,0,-0.7660444431189779,-0.6427876096865395,DB02
202009031600,105,27.9,0,0,-0.7660444431189779,-0.6427876096865395,DB02
202009031700,105,27.6,0,0,-0.34202014332566866,-0.9396926207859084,DB02
202009031800,105,27.4,0,0,-1.0,-1.8369701987210297e-16,DB02
202009031900,105,26.5,0,0,-0.34202014332566866,-0.9396926207859084,DB02
202009032000,105,26.3,0,0,-1.0,-1.8369701987210297e-16,DB02
202009032100,105,25.8,0,0,-0.9396926207859084,-0.34202014332566855,DB03
202009032200,105,25.3,0,0,-1.0,-1.8369701987210297e-16,DB01
202009032300,105,24.7,0,0,-1.0,-1.8369701987210297e-16,DB01
202009040000,105,23.8,0,0,-0.34202014332566866,-0.9396926207859084,DB02
202009040100,105,22.7,0,0,0.9396926207859083,0.3420201433256688,DB02
202009040200,105,22.2,0,0,-0.6427876096865396,0.7660444431189778,DB01
202009040300,105,21.9,0,0,0.0,1.0,DB01
202009040400,105,22.0,0,0,-0.3420201433256686,0.9396926207859084,DB01
202009040500,105,22.1,0,0,-0.9396926207859083,0.342020143325669,DB02
202009040600,105,22.3,0,0,-0.9396926207859084,-0.34202014332566855,DB01
202009040700,105,23.3,0,0,-0.9396926207859084,-0.34202014332566855,DB01
202009040800,105,24.5,0,0,-1.0,-1.8369701987210297e-16,DB01
202009040900,105,25.3,0,0,-0.9396926207859084,-0.34202014332566855,DB01
202009041000,105,26.3,0,0,-0.9396926207859084,-0.34202014332566855,DB01
202009041100,105,27.3,0,0,-0.34202014332566866,-0.9396926207859084,DB01
202009041200,105,28.3,0,0,-0.7660444431189779,-0.6427876096865395,DB02
202009041300,105,28.7,0,0,-0.7660444431189779,-0.6427876096865395,DB01
202009041400,105,29.2,0,0,-0.7660444431189779,-0.6427876096865395,DB01
202009041500,105,29.4,0,0,-0.9396926207859084,-0.34202014332566855,DB02
202009041600,105,29.4,0,0,-1.0,-1.8369701987210297e-16,DB01
202009041700,105,29.0,0,0,-1.0,-1.8369701987210297e-16,DB01
202009041800,105,28.0,0,0,-0.9396926207859083,0.342020143325669,DB02
202009041900,105,25.3,0,0,-0.7660444431189779,-0.6427876096865395,DB02
202009042000,105,23.1,0,0,-0.7660444431189779,-0.6427876096865395,DB02
202009042100,105,21.9,0,0,-0.7660444431189779,-0.6427876096865395,DB01
202009042200,105,21.3,0,0,-0.9396926207859084,-0.34202014332566855,DB02
202009042300,105,20.9,0,0,-0.9396926207859084,-0.34202014332566855,DB01
202009050000,105,20.6,0,0,-0.9396926207859084,-0.34202014332566855,DB01
202009050100,105,20.5,0,0,-0.9396926207859084,-0.34202014332566855,DB03
202009050200,105,20.6,0,0,-0.9396926207859084,-0.34202014332566855,DB02
202009050300,105,20.5,0,0,-0.9396926207859084,-0.34202014332566855,DB03
202009050400,105,20.1,0,0,-0.7660444431189779,-0.6427876096865395,DB03
202009050500,105,20.1,0,0,-0.9396926207859084,-0.34202014332566855,DB03
202009050600,105,19.8,0,0,-0.7660444431189779,-0.6427876096865395,DB02
202009050700,105,20.3,0,0,-0.7660444431189779,-0.6427876096865395,DB03
202009050800,105,21.3,0,0,-0.7660444431189779,-0.6427876096865395,DB04
202009050900,105,21.8,0,0,0.0,1.0,DB04
202009051000,105,22.4,0,0,-0.7660444431189779,-0.6427876096865395,DB04
202009051100,105,23.2,0,0,-0.9396926207859083,0.342020143325669,DB04
202009051200,105,23.9,0,0,0.0,1.0,DB04
202009051300,105,23.8,0,0,0.9396926207859084,-0.3420201433256687,DB04
202009051400,105,23.7,0,0,0.9396926207859083,0.3420201433256688,DB04
202009051500,105,23.4,0,0,1.0,6.123233995736766e-17,DB04
202009051600,105,23.3,0,0,-0.6427876096865396,0.7660444431189778,DB04
202009051700,105,22.7,0,0,0.3420201433256689,-0.9396926207859083,DB04
202009051800,105,22.6,0,0,1.2246467991473532e-16,-1.0,DB04
202009051900,105,22.1,0,0,-1.0,-1.8369701987210297e-16,DB04
202009052000,105,21.5,0,0,-0.9396926207859084,-0.34202014332566855,DB04
202009052100,105,20.8,0,0,-0.9396926207859084,-0.34202014332566855,DB04
202009052200,105,20.3,0,0,-1.0,-1.8369701987210297e-16,DB04
202009052300,105,20.0,0,0,-0.9396926207859084,-0.34202014332566855,DB04
202009060000,105,19.6,0,0,-0.9396926207859084,-0.34202014332566855,DB04
202009060100,105,19.0,0,0,-0.9396926207859084,-0.34202014332566855,DB04
202009060200,105,18.5,0,0,-0.34202014332566866,-0.9396926207859084,DB04
202009060300,105,18.1,0,0,-0.7660444431189779,-0.6427876096865395,DB04
202009060400,105,17.8,0,0,-0.7660444431189779,-0.6427876096865395,DB04
202009060500,105,18.1,0,0,-0.7660444431189779,-0.6427876096865395,DB04
202009060600,105,17.8,0,0,-0.7660444431189779,-0.6427876096865395,DB04
202009060700,105,18.3,0,0,-0.7660444431189779,-0.6427876096865395,DB04
202009060800,105,18.8,0,0,-0.9396926207859084,-0.34202014332566855,DB04
202009060900,105,19.8,0,0,-0.9396926207859084,-0.34202014332566855,DB04
202009061000,105,20.7,0,0,-0.34202014332566866,-0.9396926207859084,DB04
202009061100,105,21.3,0,0,-0.6427876096865396,0.7660444431189778,DB04
202009061200,105,20.8,0,0,0.9396926207859083,0.3420201433256688,DB04
202009061300,105,20.2,100,1,0.6427876096865395,-0.7660444431189779,DB04
202009061400,105,18.9,100,1,-0.7660444431189779,-0.6427876096865395,DB04
202009061500,105,18.9,100,1,0.3420201433256687,0.9396926207859084,DB04
202009061600,105,18.8,100,1,-0.6427876096865396,0.7660444431189778,DB04
202009061700,105,18.5,100,1,-0.9396926207859083,0.342020143325669,DB04
202009061800,105,18.4,100,1,-0.6427876096865396,0.7660444431189778,DB04
202009061900,105,18.0,100,1,-0.6427876096865396,0.7660444431189778,DB04
202009062000,105,17.7,100,1,-0.6427876096865396,0.7660444431189778,DB04
202009062100,105,17.1,100,1,-0.6427876096865396,0.7660444431189778,DB04
202009062200,105,17.0,100,1,-0.9396926207859083,0.342020143325669,DB04
202009062300,105,16.9,100,1,-0.9396926207859083,0.342020143325669,DB04
202009070000,105,16.7,100,1,-0.6427876096865396,0.7660444431189778,DB04
202009070100,105,16.4,100,1,-0.9396926207859083,0.342020143325669,DB04
202009070200,105,16.4,100,1,-0.9396926207859083,0.342020143325669,DB04
202009070300,105,16.2,100,1,-0.9396926207859083,0.342020143325669,DB04
202009070400,105,16.1,100,1,-0.6427876096865396,0.7660444431189778,DB04
202009070500,105,16.1,100,1,-0.9396926207859083,0.342020143325669,DB04
202009070600,105,16.8,100,1,-0.9396926207859083,0.342020143325669,DB04
202009070700,105,17.6,100,1,-0.6427876096865396,0.7660444431189778,DB04
202009070800,105,18.1,100,1,-0.6427876096865396,0.7660444431189778,DB04
202009070900,105,19.3,100,1,-0.6427876096865396,0.7660444431189778,DB04
202009071000,105,22.1,100,1,1.0,6.123233995736766e-17,DB04
202009071100,105,22.7,100,1,1.0,6.123233995736766e-17,DB04
202009071200,105,22.9,100,1,1.0,6.123233995736766e-17,DB04
202009071300,105,21.9,100,1,1.0,6.123233995736766e-17,DB04
202009071400,105,23.2,100,1,-0.7660444431189779,-0.6427876096865395,DB04
202009071500,105,26.7,0,0,-0.9396926207859084,-0.34202014332566855,DB04
202009071600,105,26.7,0,0,-0.7660444431189779,-0.6427876096865395,DB03
202009071700,105,25.5,0,0,-0.34202014332566866,-0.9396926207859084,DB04
202009071800,105,25.3,0,0,-0.7660444431189779,-0.6427876096865395,DB03
202009071900,105,24.9,0,0,-0.9396926207859084,-0.34202014332566855,DB04
202009072000,105,25.3,0,0,-0.9396926207859084,-0.34202014332566855,DB04
202009072100,105,25.0,0,0,-0.9396926207859083,0.342020143325669,DB02
202009072200,105,25.3,0,0,-0.9396926207859084,-0.34202014332566855,DB02
202009072300,105,25.7,0,0,-1.0,-1.8369701987210297e-16,DB03
202009080000,105,25.3,0,0,-0.9396926207859084,-0.34202014332566855,DB03
202009080100,105,24.8,0,0,-0.7660444431189779,-0.6427876096865395,DB04
202009080200,105,25.1,0,0,-0.7660444431189779,-0.6427876096865395,DB04
202009080300,105,25.0,0,0,-0.34202014332566866,-0.9396926207859084,DB02
202009080400,105,25.3,0,0,-0.34202014332566866,-0.9396926207859084,DB02
202009080500,105,25.4,0,0,-0.34202014332566866,-0.9396926207859084,DB02
202009080600,105,25.4,0,0,-0.34202014332566866,-0.9396926207859084,DB02
202009080700,105,24.6,0,0,-0.9396926207859084,-0.34202014332566855,DB02
202009080800,105,25.5,0,0,-0.9396926207859084,-0.34202014332566855,DB02
202009080900,105,26.7,0,0,-0.7660444431189779,-0.6427876096865395,DB02
202009081000,105,26.9,0,0,-0.7660444431189779,-0.6427876096865395,DB03
202009081100,105,27.2,0,0,-0.9396926207859084,-0.34202014332566855,DB03
202009081200,105,26.8,0,0,-0.7660444431189779,-0.6427876096865395,DB03
202009081300,105,27.0,0,0,-0.7660444431189779,-0.6427876096865395,DB03
202009081400,105,27.3,0,0,-0.7660444431189779,-0.6427876096865395,DB03
202009081500,105,27.7,0,0,-0.7660444431189779,-0.6427876096865395,DB03
202009081600,105,27.6,0,0,-0.9396926207859084,-0.34202014332566855,DB02
202009081700,105,27.4,0,0,-0.7660444431189779,-0.6427876096865395,DB01
202009081800,105,26.5,0,0,-0.7660444431189779,-0.6427876096865395,DB02
202009081900,105,25.4,0,0,-0.7660444431189779,-0.6427876096865395,DB01
202009082000,105,23.9,0,0,-0.9396926207859083,0.342020143325669,DB02
202009082100,105,22.9,0,0,-0.9396926207859084,-0.34202014332566855,DB03
202009082200,105,23.0,0,0,-0.34202014332566866,-0.9396926207859084,DB02
202009082300,105,22.8,0,0,-0.9396926207859083,0.342020143325669,DB03
202009090000,105,22.5,0,0,-0.7660444431189779,-0.6427876096865395,DB03
202009090100,105,24.0,0,0,-0.7660444431189779,-0.6427876096865395,DB03
202009090200,105,23.8,0,0,-0.9396926207859084,-0.34202014332566855,DB03
202009090300,105,23.5,0,0,-1.0,-1.8369701987210297e-16,DB03
202009090400,105,23.2,0,0,-1.0,-1.8369701987210297e-16,DB03
202009090500,105,22.3,0,0,1.0,6.123233995736766e-17,DB04
202009090600,105,22.3,0,0,-0.7660444431189779,-0.6427876096865395,DB04
202009090700,105,21.3,0,0,0.0,1.0,DB04
202009090800,105,22.2,0,0,-0.7660444431189779,-0.6427876096865395,DB04
202009090900,105,23.1,0,0,-0.34202014332566866,-0.9396926207859084,DB04
202009091000,105,25.2,0,0,-0.9396926207859084,-0.34202014332566855,DB03
202009091100,105,25.7,0,0,-0.9396926207859084,-0.34202014332566855,DB04
202009091200,105,26.4,0,0,-0.7660444431189779,-0.6427876096865395,DB04
202009091300,105,27.4,0,0,1.2246467991473532e-16,-1.0,DB04
202009091400,105,26.8,0,0,0.9396926207859083,0.3420201433256688,DB04
202009091500,105,27.4,0,0,0.9396926207859083,0.3420201433256688,DB03
202009091600,105,27.6,0,0,0.766044443118978,0.6427876096865394,DB03
202009091700,105,26.5,0,0,-0.6427876096865396,0.7660444431189778,DB03
202009091800,105,24.8,0,0,-0.6427876096865396,0.7660444431189778,DB04
202009091900,105,21.3,100,1,0.6427876096865395,-0.7660444431189779,DB04
202009092000,105,20.6,0,0,1.2246467991473532e-16,-1.0,DB04
202009092100,105,20.1,0,0,0.3420201433256689,-0.9396926207859083,DB04
202009092200,105,19.6,0,0,0.9396926207859084,-0.3420201433256687,DB03
202009092300,105,19.1,0,0,0.6427876096865395,-0.7660444431189779,DB02
202009100000,105,18.9,0,0,0.6427876096865395,-0.7660444431189779,DB03
202009100100,105,18.8,0,0,-0.34202014332566866,-0.9396926207859084,DB03
202009100200,105,20.9,0,0,-0.7660444431189779,-0.6427876096865395,DB03
202009100300,105,20.7,0,0,1.2246467991473532e-16,-1.0,DB03
202009100400,105,19.3,0,0,1.0,6.123233995736766e-17,DB03
202009100500,105,19.7,0,0,0.3420201433256689,-0.9396926207859083,DB02
202009100600,105,19.1,0,0,-0.7660444431189779,-0.6427876096865395,DB01
202009100700,105,19.8,0,0,-0.9396926207859084,-0.34202014332566855,DB02
202009100800,105,22.3,0,0,-1.0,-1.8369701987210297e-16,DB03
202009100900,105,24.3,0,0,-0.9396926207859084,-0.34202014332566855,DB03
202009101000,105,25.2,0,0,-0.9396926207859084,-0.34202014332566855,DB03
202009101100,105,27.0,0,0,-0.7660444431189779,-0.6427876096865395,DB03
202009101200,105,28.0,0,0,-0.34202014332566866,-0.9396926207859084,DB01
202009101300,105,27.7,0,0,0.9396926207859083,0.3420201433256688,DB03
202009101400,105,26.2,0,0,1.0,6.123233995736766e-17,DB03
202009101500,105,26.6,0,0,1.0,6.123233995736766e-17,DB04
202009101600,105,26.2,0,0,0.9396926207859084,-0.3420201433256687,DB03
202009101700,105,26.0,0,0,1.0,6.123233995736766e-17,DB02
202009101800,105,25.4,0,0,0.6427876096865395,-0.7660444431189779,DB02
202009101900,105,24.0,0,0,-0.34202014332566866,-0.9396926207859084,DB01
202009102000,105,22.4,0,0,-0.7660444431189779,-0.6427876096865395,DB02
202009102100,105,21.4,0,0,-0.9396926207859084,-0.34202014332566855,DB01
202009102200,105,20.9,0,0,-0.7660444431189779,-0.6427876096865395,DB03
202009102300,105,20.8,0,0,1.2246467991473532e-16,-1.0,DB04
202009110000,105,20.6,0,0,-0.7660444431189779,-0.6427876096865395,DB03
202009110100,105,20.2,0,0,-0.7660444431189779,-0.6427876096865395,DB04
202009110200,105,20.5,0,0,-0.9396926207859084,-0.34202014332566855,DB04
202009110300,105,20.2,0,0,-0.34202014332566866,-0.9396926207859084,DB04
202009110400,105,19.8,0,0,-0.9396926207859084,-0.34202014332566855,DB03
202009110500,105,19.9,0,0,-0.7660444431189779,-0.6427876096865395,DB04
202009110600,105,19.1,0,0,-0.7660444431189779,-0.6427876096865395,DB03
202009110700,105,19.2,0,0,-0.7660444431189779,-0.6427876096865395,DB03
202009110800,105,20.1,0,0,1.2246467991473532e-16,-1.0,DB03
202009110900,105,21.0,0,0,-0.7660444431189779,-0.6427876096865395,DB04
202009111000,105,21.9,0,0,-0.7660444431189779,-0.6427876096865395,DB04
202009111100,105,22.7,0,0,-0.3420201433256686,0.9396926207859084,DB04
202009111200,105,23.0,0,0,0.3420201433256687,0.9396926207859084,DB04
202009111300,105,23.0,0,0,0.0,1.0,DB04
202009111400,105,23.5,0,0,0.9396926207859083,0.3420201433256688,DB04
202009111500,105,22.8,0,0,0.9396926207859083,0.3420201433256688,DB04
202009111600,105,22.0,0,0,0.766044443118978,0.6427876096865394,DB04
202009111700,105,21.4,0,0,-0.6427876096865396,0.7660444431189778,DB04
202009111800,105,21.1,0,0,-0.3420201433256686,0.9396926207859084,DB04
202009111900,105,20.3,0,0,-0.3420201433256686,0.9396926207859084,DB04
202009112000,105,20.0,0,0,-0.6427876096865396,0.7660444431189778,DB04
202009112100,105,19.7,0,0,-0.6427876096865396,0.7660444431189778,DB04
202009112200,105,19.3,0,0,-0.3420201433256686,0.9396926207859084,DB04
202009112300,105,19.1,0,0,-0.6427876096865396,0.7660444431189778,DB04
202009120000,105,19.0,100,1,-0.6427876096865396,0.7660444431189778,DB04
202009120100,105,18.8,100,1,-0.6427876096865396,0.7660444431189778,DB04
202009120200,105,18.9,100,1,-0.6427876096865396,0.7660444431189778,DB04
202009120300,105,19.0,100,1,-0.6427876096865396,0.7660444431189778,DB04
202009120400,105,18.7,100,1,-0.6427876096865396,0.7660444431189778,DB04
202009120500,105,18.8,100,1,-0.6427876096865396,0.7660444431189778,DB04
202009120600,105,19.1,100,1,-0.6427876096865396,0.7660444431189778,DB04
202009120700,105,19.5,100,1,-0.6427876096865396,0.7660444431189778,DB04
202009120800,105,19.2,100,1,-0.6427876096865396,0.7660444431189778,DB04
202009120900,105,19.7,100,1,-0.6427876096865396,0.7660444431189778,DB04
202009121000,105,19.5,100,1,1.0,6.123233995736766e-17,DB04
202009121100,105,19.6,100,1,0.9396926207859083,0.3420201433256688,DB04
202009121200,105,19.8,100,1,0.0,1.0,DB04
202009121300,105,19.8,100,1,0.9396926207859083,0.3420201433256688,DB04
202009121400,105,20.2,100,1,0.766044443118978,0.6427876096865394,DB04
202009121500,105,19.9,100,1,-0.3420201433256686,0.9396926207859084,DB02
202009121600,105,18.9,100,1,-0.6427876096865396,0.7660444431189778,DB02
202009121700,105,18.5,100,1,1.0,6.123233995736766e-17,DB02
202009121800,105,18.3,100,1,0.9396926207859083,0.3420201433256688,DB02
202009121900,105,18.3,100,1,0.9396926207859084,-0.3420201433256687,DB02
202009122000,105,18.2,0,0,0.9396926207859083,0.3420201433256688,DB04
202009122100,105,18.0,0,0,-0.6427876096865396,0.7660444431189778,DB04
202009122200,105,17.4,100,1,-0.9396926207859083,0.342020143325669,DB04
202009122300,105,16.9,100,1,-0.6427876096865396,0.7660444431189778,DB04
202009130000,105,16.4,100,1,-0.6427876096865396,0.7660444431189778,DB04
202009130100,105,15.9,100,1,-0.6427876096865396,0.7660444431189778,DB04
202009130200,105,15.9,100,1,-0.6427876096865396,0.7660444431189778,DB02
202009130300,105,15.8,100,1,-0.6427876096865396,0.7660444431189778,DB01
202009130400,105,15.7,100,1,-0.9396926207859083,0.342020143325669,DB02
202009130500,105,15.8,100,1,-0.9396926207859083,0.342020143325669,DB02
202009130600,105,16.1,100,1,-0.6427876096865396,0.7660444431189778,DB01
202009130700,105,16.0,100,1,-0.6427876096865396,0.7660444431189778,DB03
202009130800,105,16.3,100,1,-0.6427876096865396,0.7660444431189778,DB03
202009130900,105,16.6,100,1,-0.9396926207859083,0.342020143325669,DB02
202009131000,105,17.4,0,0,-0.9396926207859083,0.342020143325669,DB04
202009131100,105,18.0,0,0,-0.6427876096865396,0.7660444431189778,DB04
202009131200,105,19.2,0,0,0.3420201433256687,0.9396926207859084,DB04
202009131300,105,19.7,0,0,-0.3420201433256686,0.9396926207859084,DB04
202009131400,105,20.1,0,0,0.9396926207859083,0.3420201433256688,DB03
202009131500,105,20.2,0,0,-0.3420201433256686,0.9396926207859084,DB03
202009131600,105,19.3,0,0,0.9396926207859083,0.3420201433256688,DB02
202009131700,105,18.6,0,0,-0.3420201433256686,0.9396926207859084,DB02
202009131800,105,18.3,0,0,-0.3420201433256686,0.9396926207859084,DB02
202009131900,105,18.1,0,0,-0.3420201433256686,0.9396926207859084,DB03
202009132000,105,17.9,0,0,-0.7660444431189779,-0.6427876096865395,DB02
202009132100,105,17.5,0,0,-0.7660444431189779,-0.6427876096865395,DB03
202009132200,105,17.5,0,0,-0.7660444431189779,-0.6427876096865395,DB03
202009132300,105,17.5,0,0,-0.9396926207859084,-0.34202014332566855,DB03
202009140000,105,17.3,0,0,-0.7660444431189779,-0.6427876096865395,DB03
202009140100,105,16.9,0,0,1.2246467991473532e-16,-1.0,DB03
202009140200,105,16.6,0,0,-0.34202014332566866,-0.9396926207859084,DB02
202009140300,105,16.1,0,0,1.2246467991473532e-16,-1.0,DB02
202009140400,105,15.8,0,0,0.0,1.0,DB02
202009140500,105,15.3,0,0,0.0,1.0,DB02
202009140600,105,15.1,0,0,0.0,1.0,DB01
202009140700,105,15.3,0,0,1.2246467991473532e-16,-1.0,DB01
202009140800,105,17.4,0,0,1.2246467991473532e-16,-1.0,DB02
202009140900,105,20.5,0,0,0.9396926207859084,-0.3420201433256687,DB02
202009141000,105,23.9,0,0,0.9396926207859084,-0.3420201433256687,DB01
202009141100,105,25.7,0,0,-0.3420201433256686,0.9396926207859084,DB01
202009141200,105,25.4,0,0,0.9396926207859083,0.3420201433256688,DB02
202009141300,105,26.1,0,0,0.9396926207859083,0.3420201433256688,DB02
202009141400,105,25.7,0,0,0.0,1.0,DB02
202009141500,105,26.1,0,0,0.6427876096865395,-0.7660444431189779,DB02
202009141600,105,27.0,0,0,0.3420201433256689,-0.9396926207859083,DB03
202009141700,105,26.0,0,0,-0.34202014332566866,-0.9396926207859084,DB03
202009141800,105,25.2,0,0,-1.0,-1.8369701987210297e-16,DB03
202009141900,105,23.4,0,0,-0.9396926207859084,-0.34202014332566855,DB03
202009142000,105,21.4,0,0,-0.7660444431189779,-0.6427876096865395,DB01
202009142100,105,20.6,0,0,-0.7660444431189779,-0.6427876096865395,DB02
202009142200,105,20.2,0,0,-0.7660444431189779,-0.6427876096865395,DB01
202009142300,105,19.1,0,0,-0.7660444431189779,-0.6427876096865395,DB02
202009150000,105,19.2,0,0,-0.9396926207859084,-0.34202014332566855,DB02
202009150100,105,19.3,0,0,-0.9396926207859084,-0.34202014332566855,DB03
202009150200,105,19.0,0,0,-0.9396926207859084,-0.34202014332566855,DB02
202009150300,105,18.9,0,0,-0.7660444431189779,-0.6427876096865395,DB03
202009150400,105,18.4,0,0,-0.7660444431189779,-0.6427876096865395,DB04
202009150500,105,18.7,0,0,-0.9396926207859084,-0.34202014332566855,DB03
202009150600,105,18.7,0,0,-0.9396926207859083,0.342020143325669,DB03
202009150700,105,18.3,0,0,-0.34202014332566866,-0.9396926207859084,DB03
202009150800,105,19.1,0,0,-0.7660444431189779,-0.6427876096865395,DB02
202009150900,105,21.9,0,0,0.3420201433256689,-0.9396926207859083,DB01
202009151000,105,23.9,0,0,0.9396926207859084,-0.3420201433256687,DB01
202009151100,105,24.9,0,0,0.9396926207859083,0.3420201433256688,DB02
202009151200,105,24.3,0,0,0.9396926207859083,0.3420201433256688,DB02
202009151300,105,24.6,0,0,0.9396926207859083,0.3420201433256688,DB03
202009151400,105,25.0,0,0,0.9396926207859083,0.3420201433256688,DB02
202009151500,105,25.6,0,0,0.9396926207859083,0.3420201433256688,DB02
202009151600,105,25.1,0,0,1.0,6.123233995736766e-17,DB03
202009151700,105,24.1,0,0,1.0,6.123233995736766e-17,DB02
202009151800,105,23.2,0,0,1.0,6.123233995736766e-17,DB03
202009151900,105,22.5,0,0,0.6427876096865395,-0.7660444431189779,DB03
202009152000,105,21.7,0,0,-0.7660444431189779,-0.6427876096865395,DB04
202009152100,105,21.4,0,0,-0.7660444431189779,-0.6427876096865395,DB04
202009152200,105,20.6,0,0,-0.9396926207859084,-0.34202014332566855,DB02
202009152300,105,20.0,0,0,-0.7660444431189779,-0.6427876096865395,DB03
202009160000,105,19.8,0,0,-0.34202014332566866,-0.9396926207859084,DB03
202009160100,105,19.5,0,0,-0.9396926207859084,-0.34202014332566855,DB03
202009160200,105,19.3,0,0,-0.34202014332566866,-0.9396926207859084,DB03
202009160300,105,19.2,0,0,1.2246467991473532e-16,-1.0,DB04
202009160400,105,19.5,0,0,0.3420201433256689,-0.9396926207859083,DB04
202009160500,105,19.7,0,0,-0.34202014332566866,-0.9396926207859084,DB04
202009160600,105,19.7,0,0,-0.7660444431189779,-0.6427876096865395,DB04
202009160700,105,19.8,0,0,-0.7660444431189779,-0.6427876096865395,DB03
202009160800,105,20.9,0,0,-1.0,-1.8369701987210297e-16,DB03
202009160900,105,22.8,0,0,0.0,1.0,DB03
202009161000,105,25.4,0,0,0.9396926207859083,0.3420201433256688,DB03
202009161100,105,27.2,0,0,0.9396926207859084,-0.3420201433256687,DB03
202009161200,105,27.3,0,0,0.9396926207859084,-0.3420201433256687,DB03
202009161300,105,27.5,0,0,1.0,6.123233995736766e-17,DB03
202009161400,105,27.4,0,0,1.0,6.123233995736766e-17,DB04
202009161500,105,25.5,0,0,-0.9396926207859083,0.342020143325669,DB04
202009161600,105,24.4,0,0,-0.9396926207859084,-0.34202014332566855,DB04
202009161700,105,22.7,100,1,1.2246467991473532e-16,-1.0,DB03
202009161800,105,22.7,0,0,0.3420201433256689,-0.9396926207859083,DB04
202009161900,105,22.2,0,0,0.0,1.0,DB03
202009162000,105,21.7,0,0,0.0,1.0,DB02
202009162100,105,21.3,0,0,0.0,1.0,DB03
202009162200,105,20.6,0,0,-0.7660444431189779,-0.6427876096865395,DB02
202009162300,105,22.3,0,0,-0.7660444431189779,-0.6427876096865395,DB02
202009170000,105,22.7,0,0,-0.34202014332566866,-0.9396926207859084,DB03
202009170100,105,21.5,0,0,-0.34202014332566866,-0.9396926207859084,DB03
202009170200,105,21.3,0,0,-0.9396926207859084,-0.34202014332566855,DB04
202009170300,105,21.4,0,0,-0.9396926207859084,-0.34202014332566855,DB04
202009170400,105,22.3,0,0,-0.7660444431189779,-0.6427876096865395,DB04
202009170500,105,22.8,0,0,-0.7660444431189779,-0.6427876096865395,DB04
202009170600,105,22.4,0,0,0.3420201433256689,-0.9396926207859083,DB04
202009170700,105,21.7,0,0,1.2246467991473532e-16,-1.0,DB04
202009170800,105,21.1,0,0,-0.34202014332566866,-0.9396926207859084,DB04
202009170900,105,22.0,0,0,-0.34202014332566866,-0.9396926207859084,DB04
202009171000,105,21.8,0,0,0.3420201433256689,-0.9396926207859083,DB04
202009171100,105,22.1,0,0,-0.34202014332566866,-0.9396926207859084,DB04
202009171200,105,21.4,0,0,-0.34202014332566866,-0.9396926207859084,DB04
202009171300,105,22.1,0,0,0.9396926207859083,0.3420201433256688,DB04
202009171400,105,22.3,0,0,-1.0,-1.8369701987210297e-16,DB04
202009171500,105,21.9,0,0,-0.34202014332566866,-0.9396926207859084,DB04
202009171600,105,22.4,0,0,0.3420201433256689,-0.9396926207859083,DB04
202009171700,105,22.5,0,0,-0.7660444431189779,-0.6427876096865395,DB04
202009171800,105,23.2,0,0,-0.7660444431189779,-0.6427876096865395,DB04
202009171900,105,23.1,0,0,-0.9396926207859084,-0.34202014332566855,DB04
202009172000,105,22.6,0,0,1.2246467991473532e-16,-1.0,DB04
202009172100,105,21.8,0,0,-0.7660444431189779,-0.6427876096865395,DB04
202009172200,105,21.0,0,0,-0.34202014332566866,-0.9396926207859084,DB04
202009172300,105,20.9,0,0,-0.9396926207859084,-0.34202014332566855,DB04
202009180000,105,20.0,0,0,-0.7660444431189779,-0.6427876096865395,DB04
202009180100,105,19.8,0,0,-0.7660444431189779,-0.6427876096865395,DB04
202009180200,105,19.6,0,0,-0.7660444431189779,-0.6427876096865395,DB04
202009180300,105,19.8,0,0,-0.34202014332566866,-0.9396926207859084,DB04
202009180400,105,19.9,0,0,-0.34202014332566866,-0.9396926207859084,DB04
202009180500,105,19.6,0,0,-0.9396926207859084,-0.34202014332566855,DB04
202009180600,105,19.4,0,0,-0.9396926207859084,-0.34202014332566855,DB04
202009180700,105,18.7,0,0,-0.34202014332566866,-0.9396926207859084,DB04
202009180800,105,19.2,0,0,-0.7660444431189779,-0.6427876096865395,DB04
202009180900,105,20.3,0,0,-0.9396926207859084,-0.34202014332566855,DB03
202009181000,105,22.9,0,0,-0.7660444431189779,-0.6427876096865395,DB03
202009181100,105,23.5,0,0,0.9396926207859083,0.3420201433256688,DB03
202009181200,105,24.5,0,0,-1.0,-1.8369701987210297e-16,DB03
202009181300,105,25.5,0,0,-1.0,-1.8369701987210297e-16,DB03
202009181400,105,26.2,0,0,-0.7660444431189779,-0.6427876096865395,DB03
202009181500,105,26.0,0,0,-0.7660444431189779,-0.6427876096865395,DB03
202009181600,105,26.6,0,0,-0.7660444431189779,-0.6427876096865395,DB03
202009181700,105,25.3,0,0,-0.9396926207859084,-0.34202014332566855,DB03
202009181800,105,24.5,0,0,-0.9396926207859084,-0.34202014332566855,DB03
202009181900,105,22.9,0,0,-0.9396926207859084,-0.34202014332566855,DB02
202009182000,105,22.1,0,0,-0.9396926207859084,-0.34202014332566855,DB03
202009182100,105,20.0,0,0,-0.7660444431189779,-0.6427876096865395,DB01
202009182200,105,19.4,0,0,-0.7660444431189779,-0.6427876096865395,DB01
202009182300,105,19.8,0,0,-0.7660444431189779,-0.6427876096865395,DB01
202009190000,105,19.2,0,0,-0.7660444431189779,-0.6427876096865395,DB01
202009190100,105,19.1,0,0,-0.7660444431189779,-0.6427876096865395,DB01
202009190200,105,18.5,0,0,-0.9396926207859084,-0.34202014332566855,DB01
202009190300,105,17.7,0,0,-0.7660444431189779,-0.6427876096865395,DB01
202009190400,105,17.3,0,0,-0.7660444431189779,-0.6427876096865395,DB01
202009190500,105,16.5,0,0,-0.7660444431189779,-0.6427876096865395,DB01
202009190600,105,16.1,0,0,-0.9396926207859084,-0.34202014332566855,DB01
202009190700,105,16.9,0,0,-0.9396926207859084,-0.34202014332566855,DB03
202009190800,105,17.8,0,0,-0.9396926207859084,-0.34202014332566855,DB04
202009190900,105,21.0,0,0,-0.34202014332566866,-0.9396926207859084,DB01
202009191000,105,23.3,0,0,0.6427876096865395,-0.7660444431189779,DB01
202009191100,105,24.1,0,0,0.3420201433256689,-0.9396926207859083,DB01
202009191200,105,25.4,0,0,-0.7660444431189779,-0.6427876096865395,DB01
202009191300,105,25.8,0,0,0.3420201433256687,0.9396926207859084,DB01
202009191400,105,25.8,0,0,-0.6427876096865396,0.7660444431189778,DB01
202009191500,105,25.7,0,0,1.0,6.123233995736766e-17,DB01
202009191600,105,25.6,0,0,1.0,6.123233995736766e-17,DB01
202009191700,105,25.0,0,0,1.0,6.123233995736766e-17,DB01
202009191800,105,23.7,0,0,1.0,6.123233995736766e-17,DB01
202009191900,105,21.0,0,0,-0.9396926207859084,-0.34202014332566855,DB01
202009192000,105,19.8,0,0,-0.7660444431189779,-0.6427876096865395,DB01
202009192100,105,19.1,0,0,-0.7660444431189779,-0.6427876096865395,DB01
202009192200,105,18.2,0,0,-0.7660444431189779,-0.6427876096865395,DB01
202009192300,105,17.8,0,0,-0.7660444431189779,-0.6427876096865395,DB02
202009200000,105,17.7,0,0,-0.9396926207859084,-0.34202014332566855,DB01
202009200100,105,17.7,0,0,-0.9396926207859084,-0.34202014332566855,DB01
202009200200,105,17.6,0,0,-0.9396926207859084,-0.34202014332566855,DB01
202009200300,105,17.8,0,0,-0.7660444431189779,-0.6427876096865395,DB01
202009200400,105,17.4,0,0,-0.9396926207859084,-0.34202014332566855,DB01
202009200500,105,17.5,0,0,-0.9396926207859084,-0.34202014332566855,DB01
202009200600,105,17.6,0,0,-1.0,-1.8369701987210297e-16,DB01
202009200700,105,17.8,0,0,-0.9396926207859084,-0.34202014332566855,DB01
202009200800,105,19.4,0,0,-1.0,-1.8369701987210297e-16,DB01
202009200900,105,21.3,0,0,-0.9396926207859084,-0.34202014332566855,DB01
202009201000,105,22.7,0,0,-0.6427876096865396,0.7660444431189778,DB01
202009201100,105,23.5,0,0,-0.3420201433256686,0.9396926207859084,DB01
202009201200,105,23.0,0,0,0.9396926207859083,0.3420201433256688,DB01
202009201300,105,22.0,0,0,0.9396926207859083,0.3420201433256688,DB01
202009201400,105,22.0,0,0,-0.3420201433256686,0.9396926207859084,DB01
202009201500,105,21.7,0,0,0.766044443118978,0.6427876096865394,DB01
202009201600,105,20.3,0,0,0.3420201433256687,0.9396926207859084,DB01
202009201700,105,20.4,0,0,-0.3420201433256686,0.9396926207859084,DB01
202009201800,105,19.8,0,0,0.9396926207859083,0.3420201433256688,DB01
202009201900,105,19.1,0,0,0.9396926207859084,-0.3420201433256687,DB01
202009202000,105,18.0,0,0,-0.7660444431189779,-0.6427876096865395,DB01
202009202100,105,16.7,0,0,-0.7660444431189779,-0.6427876096865395,DB01
202009202200,105,16.0,0,0,-0.7660444431189779,-0.6427876096865395,DB01
202009202300,105,15.2,0,0,-0.7660444431189779,-0.6427876096865395,DB01
202009210000,105,14.6,0,0,-0.7660444431189779,-0.6427876096865395,DB01
202009210100,105,14.8,0,0,-0.7660444431189779,-0.6427876096865395,DB01
202009210200,105,15.2,0,0,-0.9396926207859084,-0.34202014332566855,DB01
202009210300,105,15.1,0,0,-0.7660444431189779,-0.6427876096865395,DB01
202009210400,105,14.7,0,0,-0.9396926207859084,-0.34202014332566855,DB01
202009210500,105,14.3,0,0,-0.9396926207859084,-0.34202014332566855,DB01
202009210600,105,13.9,0,0,-0.7660444431189779,-0.6427876096865395,DB01
202009210700,105,13.9,0,0,-0.7660444431189779,-0.6427876096865395,DB01
202009210800,105,15.9,0,0,-0.7660444431189779,-0.6427876096865395,DB02
202009210900,105,18.8,0,0,-0.7660444431189779,-0.6427876096865395,DB02
202009211000,105,20.5,0,0,-0.6427876096865396,0.7660444431189778,DB03
202009211100,105,21.3,0,0,-0.3420201433256686,0.9396926207859084,DB03
202009211200,105,21.8,0,0,0.0,1.0,DB03
202009211300,105,21.7,0,0,0.766044443118978,0.6427876096865394,DB03
202009211400,105,22.0,0,0,0.3420201433256687,0.9396926207859084,DB03
202009211500,105,21.4,0,0,0.3420201433256687,0.9396926207859084,DB03
202009211600,105,21.5,0,0,-0.3420201433256686,0.9396926207859084,DB02
202009211700,105,20.8,0,0,0.766044443118978,0.6427876096865394,DB02
202009211800,105,19.7,0,0,-0.3420201433256686,0.9396926207859084,DB03
202009211900,105,18.9,0,0,-0.6427876096865396,0.7660444431189778,DB03
202009212000,105,17.6,0,0,-0.7660444431189779,-0.6427876096865395,DB02
202009212100,105,16.7,0,0,-0.9396926207859084,-0.34202014332566855,DB03
202009212200,105,15.8,0,0,-0.7660444431189779,-0.6427876096865395,DB02
202009212300,105,15.4,0,0,-0.7660444431189779,-0.6427876096865395,DB02
202009220000,105,15.0,0,0,-0.7660444431189779,-0.6427876096865395,DB02
202009220100,105,14.9,0,0,-0.7660444431189779,-0.6427876096865395,DB01
202009220200,105,14.3,0,0,-0.7660444431189779,-0.6427876096865395,DB01
202009220300,105,13.9,0,0,-0.7660444431189779,-0.6427876096865395,DB01
202009220400,105,13.9,0,0,-0.9396926207859084,-0.34202014332566855,DB02
202009220500,105,13.9,0,0,-0.7660444431189779,-0.6427876096865395,DB03
202009220600,105,13.9,0,0,-0.9396926207859084,-0.34202014332566855,DB03
202009220700,105,14.1,0,0,-0.7660444431189779,-0.6427876096865395,DB03
202009220800,105,15.1,0,0,-0.7660444431189779,-0.6427876096865395,DB03
202009220900,105,18.0,0,0,-0.7660444431189779,-0.6427876096865395,DB02
202009221000,105,17.8,0,0,-0.6427876096865396,0.7660444431189778,DB04
202009221100,105,18.4,0,0,-0.6427876096865396,0.7660444431189778,DB04
202009221200,105,19.4,0,0,0.3420201433256687,0.9396926207859084,DB03
202009221300,105,21.2,0,0,0.9396926207859083,0.3420201433256688,DB02
202009221400,105,21.1,0,0,1.0,6.123233995736766e-17,DB02
202009221500,105,20.7,0,0,0.9396926207859083,0.3420201433256688,DB01
202009221600,105,20.2,0,0,0.3420201433256687,0.9396926207859084,DB01
202009221700,105,19.7,0,0,0.3420201433256687,0.9396926207859084,DB01
202009221800,105,18.8,0,0,0.3420201433256687,0.9396926207859084,DB01
202009221900,105,18.0,0,0,-0.6427876096865396,0.7660444431189778,DB02
202009222000,105,16.2,0,0,-0.7660444431189779,-0.6427876096865395,DB01
202009222100,105,15.3,0,0,-0.7660444431189779,-0.6427876096865395,DB01
202009222200,105,14.6,0,0,-0.9396926207859084,-0.34202014332566855,DB01
202009222300,105,14.4,0,0,-0.7660444431189779,-0.6427876096865395,DB01
202009230000,105,13.8,0,0,-0.7660444431189779,-0.6427876096865395,DB01
202009230100,105,14.0,0,0,-0.9396926207859084,-0.34202014332566855,DB02
202009230200,105,13.9,0,0,-0.9396926207859084,-0.34202014332566855,DB03
202009230300,105,13.6,0,0,-0.7660444431189779,-0.6427876096865395,DB03
202009230400,105,13.7,0,0,-0.9396926207859084,-0.34202014332566855,DB03
202009230500,105,13.9,0,0,-0.9396926207859084,-0.34202014332566855,DB03
202009230600,105,14.2,0,0,-0.7660444431189779,-0.6427876096865395,DB04
202009230700,105,14.8,0,0,0.0,1.0,DB04
202009230800,105,15.1,100,1,0.0,1.0,DB04
202009230900,105,15.7,100,1,-0.6427876096865396,0.7660444431189778,DB04
202009231000,105,17.2,0,0,-0.6427876096865396,0.7660444431189778,DB04
202009231100,105,17.5,0,0,-0.7660444431189779,-0.6427876096865395,DB04
202009231200,105,18.9,0,0,1.0,6.123233995736766e-17,DB03
202009231300,105,20.2,0,0,1.0,6.123233995736766e-17,DB03
202009231400,105,19.8,0,0,0.9396926207859083,0.3420201433256688,DB03
202009231500,105,19.9,0,0,0.766044443118978,0.6427876096865394,DB03
202009231600,105,19.6,0,0,0.9396926207859083,0.3420201433256688,DB03
202009231700,105,18.2,0,0,-0.6427876096865396,0.7660444431189778,DB04
202009231800,105,18.7,0,0,0.766044443118978,0.6427876096865394,DB04
202009231900,105,18.6,0,0,0.766044443118978,0.6427876096865394,DB03
202009232000,105,18.5,0,0,0.9396926207859083,0.3420201433256688,DB04
202009232100,105,18.5,0,0,0.766044443118978,0.6427876096865394,DB03
202009232200,105,18.4,0,0,0.3420201433256687,0.9396926207859084,DB04
202009232300,105,18.3,0,0,0.766044443118978,0.6427876096865394,DB03
202009240000,105,18.2,0,0,0.766044443118978,0.6427876096865394,DB03
202009240100,105,17.5,100,1,-0.3420201433256686,0.9396926207859084,DB04
202009240200,105,17.5,0,0,-0.6427876096865396,0.7660444431189778,DB04
202009240300,105,17.0,0,0,-0.9396926207859083,0.342020143325669,DB04
202009240400,105,16.9,0,0,-0.6427876096865396,0.7660444431189778,DB04
202009240500,105,16.7,100,1,-0.6427876096865396,0.7660444431189778,DB04
202009240600,105,16.6,100,1,-1.0,-1.8369701987210297e-16,DB03
202009240700,105,16.5,100,1,-0.9396926207859084,-0.34202014332566855,DB03
202009240800,105,17.7,100,1,0.9396926207859083,0.3420201433256688,DB03
202009240900,105,18.5,0,0,1.0,6.123233995736766e-17,DB03
202009241000,105,19.1,0,0,1.0,6.123233995736766e-17,DB04
202009241100,105,20.0,0,0,0.9396926207859083,0.3420201433256688,DB04
202009241200,105,21.0,0,0,1.0,6.123233995736766e-17,DB04
202009241300,105,20.2,0,0,0.9396926207859083,0.3420201433256688,DB03
202009241400,105,19.9,0,0,0.9396926207859083,0.3420201433256688,DB03
202009241500,105,19.6,0,0,0.9396926207859083,0.3420201433256688,DB02
202009241600,105,19.2,0,0,1.0,6.123233995736766e-17,DB02
202009241700,105,18.9,0,0,0.9396926207859083,0.3420201433256688,DB02
202009241800,105,18.7,0,0,0.9396926207859083,0.3420201433256688,DB02
202009241900,105,18.4,0,0,0.766044443118978,0.6427876096865394,DB03
202009242000,105,18.5,0,0,-0.6427876096865396,0.7660444431189778,DB03
202009242100,105,18.6,0,0,-0.3420201433256686,0.9396926207859084,DB04
202009242200,105,18.5,100,1,0.3420201433256687,0.9396926207859084,DB03
202009242300,105,18.4,100,1,0.3420201433256687,0.9396926207859084,DB01
202009250000,105,18.3,100,1,0.766044443118978,0.6427876096865394,DB04
202009250100,105,18.2,100,1,0.766044443118978,0.6427876096865394,DB03
202009250200,105,18.2,100,1,0.766044443118978,0.6427876096865394,DB04
202009250300,105,18.6,100,1,0.9396926207859083,0.3420201433256688,DB03
202009250400,105,18.6,100,1,1.0,6.123233995736766e-17,DB02
202009250500,105,18.6,0,0,0.9396926207859083,0.3420201433256688,DB04
202009250600,105,18.7,0,0,0.9396926207859083,0.3420201433256688,DB04
202009250700,105,18.7,0,0,1.0,6.123233995736766e-17,DB04
202009250800,105,18.8,0,0,0.9396926207859083,0.3420201433256688,DB04
202009250900,105,19.0,0,0,-0.3420201433256686,0.9396926207859084,DB04
202009251000,105,19.4,0,0,-0.6427876096865396,0.7660444431189778,DB04
202009251100,105,19.7,0,0,0.766044443118978,0.6427876096865394,DB04
202009251200,105,19.1,0,0,-0.6427876096865396,0.7660444431189778,DB04
202009251300,105,20.3,0,0,0.766044443118978,0.6427876096865394,DB03
202009251400,105,20.3,0,0,0.3420201433256687,0.9396926207859084,DB03
202009251500,105,19.4,0,0,-0.9396926207859083,0.342020143325669,DB03
202009251600,105,19.1,0,0,-0.6427876096865396,0.7660444431189778,DB03
202009251700,105,18.7,0,0,-0.9396926207859083,0.342020143325669,DB03
202009251800,105,18.5,0,0,-0.6427876096865396,0.7660444431189778,DB03
202009251900,105,18.5,0,0,-0.6427876096865396,0.7660444431189778,DB03
202009252000,105,18.1,0,0,-0.6427876096865396,0.7660444431189778,DB02
202009252100,105,18.2,100,1,-0.6427876096865396,0.7660444431189778,DB02
202009252200,105,17.7,100,1,-0.6427876096865396,0.7660444431189778,DB04
202009252300,105,17.7,0,0,-0.6427876096865396,0.7660444431189778,DB02
202009260000,105,17.2,100,1,-0.9396926207859083,0.342020143325669,DB03
202009260100,105,17.1,0,0,-0.6427876096865396,0.7660444431189778,DB04
202009260200,105,17.1,0,0,-0.6427876096865396,0.7660444431189778,DB04
202009260300,105,17.5,0,0,-0.6427876096865396,0.7660444431189778,DB03
202009260400,105,17.4,0,0,-0.9396926207859083,0.342020143325669,DB04
202009260500,105,17.1,0,0,-0.6427876096865396,0.7660444431189778,DB04
202009260600,105,17.9,0,0,0.0,1.0,DB03
202009260700,105,17.9,0,0,-0.6427876096865396,0.7660444431189778,DB03
202009260800,105,17.8,0,0,-0.6427876096865396,0.7660444431189778,DB04
202009260900,105,18.7,0,0,-0.6427876096865396,0.7660444431189778,DB04
202009261000,105,19.1,0,0,-0.6427876096865396,0.7660444431189778,DB04
202009261100,105,19.7,0,0,0.0,1.0,DB03
202009261200,105,19.4,0,0,-0.6427876096865396,0.7660444431189778,DB03
202009261300,105,19.4,0,0,0.0,1.0,DB03
202009261400,105,19.4,0,0,-0.3420201433256686,0.9396926207859084,DB04
202009261500,105,17.6,100,1,-0.9396926207859083,0.342020143325669,DB04
202009261600,105,17.0,100,1,-0.3420201433256686,0.9396926207859084,DB02
202009261700,105,17.4,100,1,0.0,1.0,DB02
202009261800,105,17.0,0,0,-0.6427876096865396,0.7660444431189778,DB02
202009261900,105,16.7,100,1,-0.6427876096865396,0.7660444431189778,DB02
202009262000,105,16.6,0,0,-0.6427876096865396,0.7660444431189778,DB02
202009262100,105,16.8,0,0,-0.6427876096865396,0.7660444431189778,DB03
202009262200,105,16.8,0,0,-0.7660444431189779,-0.6427876096865395,DB04
202009262300,105,16.9,0,0,-0.6427876096865396,0.7660444431189778,DB03
202009270000,105,17.1,0,0,-0.9396926207859083,0.342020143325669,DB03
202009270100,105,16.9,0,0,-0.9396926207859083,0.342020143325669,DB03
202009270200,105,16.6,100,1,-0.3420201433256686,0.9396926207859084,DB04
202009270300,105,16.4,100,1,-0.9396926207859083,0.342020143325669,DB02
202009270400,105,16.2,100,1,-0.6427876096865396,0.7660444431189778,DB02
202009270500,105,16.3,0,0,-0.9396926207859083,0.342020143325669,DB02
202009270600,105,16.0,0,0,-0.9396926207859083,0.342020143325669,DB02
202009270700,105,16.1,0,0,-0.7660444431189779,-0.6427876096865395,DB02
202009270800,105,16.4,100,1,0.0,1.0,DB02
202009270900,105,17.7,0,0,-0.6427876096865396,0.7660444431189778,DB02
202009271000,105,19.1,0,0,0.3420201433256687,0.9396926207859084,DB02
202009271100,105,20.5,0,0,0.766044443118978,0.6427876096865394,DB02
202009271200,105,20.7,0,0,0.766044443118978,0.6427876096865394,DB02
202009271300,105,20.9,0,0,0.3420201433256687,0.9396926207859084,DB02
202009271400,105,21.3,0,0,0.9396926207859083,0.3420201433256688,DB01
202009271500,105,21.3,0,0,1.0,6.123233995736766e-17,DB01
202009271600,105,21.1,0,0,1.0,6.123233995736766e-17,DB01
202009271700,105,20.2,0,0,0.9396926207859083,0.3420201433256688,DB01
202009271800,105,19.1,0,0,1.0,6.123233995736766e-17,DB01
202009271900,105,17.4,0,0,-0.7660444431189779,-0.6427876096865395,DB01
202009272000,105,16.1,0,0,-0.7660444431189779,-0.6427876096865395,DB01
202009272100,105,15.0,0,0,-0.7660444431189779,-0.6427876096865395,DB01
202009272200,105,14.3,0,0,-0.7660444431189779,-0.6427876096865395,DB01
202009272300,105,14.0,0,0,-0.9396926207859084,-0.34202014332566855,DB01
202009280000,105,13.7,0,0,1.2246467991473532e-16,-1.0,DB01
202009280100,105,13.0,0,0,-0.34202014332566866,-0.9396926207859084,DB01
202009280200,105,12.9,0,0,-0.34202014332566866,-0.9396926207859084,DB01
202009280300,105,12.4,0,0,-0.34202014332566866,-0.9396926207859084,DB01
202009280400,105,12.3,0,0,-0.7660444431189779,-0.6427876096865395,DB01
202009280500,105,11.9,0,0,1.2246467991473532e-16,-1.0,DB01
202009280600,105,12.0,0,0,-0.7660444431189779,-0.6427876096865395,DB01
202009280700,105,12.0,0,0,-0.7660444431189779,-0.6427876096865395,DB01
202009280800,105,14.7,0,0,-0.7660444431189779,-0.6427876096865395,DB01
202009280900,105,17.3,0,0,0.6427876096865395,-0.7660444431189779,DB01
202009281000,105,20.2,0,0,0.9396926207859084,-0.3420201433256687,DB01
202009281100,105,21.2,0,0,0.766044443118978,0.6427876096865394,DB01
202009281200,105,23.1,0,0,0.9396926207859083,0.3420201433256688,DB01
202009281300,105,23.7,0,0,0.9396926207859083,0.3420201433256688,DB01
202009281400,105,24.5,0,0,0.9396926207859083,0.3420201433256688,DB01
202009281500,105,24.6,0,0,1.0,6.123233995736766e-17,DB01
202009281600,105,23.8,0,0,0.9396926207859083,0.3420201433256688,DB02
202009281700,105,22.7,0,0,0.9396926207859084,-0.3420201433256687,DB02
202009281800,105,21.4,0,0,0.9396926207859084,-0.3420201433256687,DB02
202009281900,105,20.0,0,0,-1.0,-1.8369701987210297e-16,DB01
202009282000,105,18.3,0,0,-0.7660444431189779,-0.6427876096865395,DB01
202009282100,105,17.2,0,0,-0.7660444431189779,-0.6427876096865395,DB02
202009282200,105,16.4,0,0,-0.7660444431189779,-0.6427876096865395,DB01
202009282300,105,15.9,0,0,1.2246467991473532e-16,-1.0,DB01
202009290000,105,15.1,0,0,1.2246467991473532e-16,-1.0,DB01
202009290100,105,15.1,0,0,-0.7660444431189779,-0.6427876096865395,DB01
202009290200,105,14.7,0,0,1.2246467991473532e-16,-1.0,DB01
202009290300,105,14.4,0,0,-0.34202014332566866,-0.9396926207859084,DB01
202009290400,105,15.0,0,0,-0.7660444431189779,-0.6427876096865395,DB01
202009290500,105,15.4,0,0,-0.9396926207859084,-0.34202014332566855,DB01
202009290600,105,15.1,0,0,-0.7660444431189779,-0.6427876096865395,DB01
202009290700,105,15.6,0,0,-0.9396926207859084,-0.34202014332566855,DB01
202009290800,105,17.5,0,0,-0.7660444431189779,-0.6427876096865395,DB03
202009290900,105,20.3,0,0,-0.7660444431189779,-0.6427876096865395,DB02
202009291000,105,23.2,0,0,0.3420201433256689,-0.9396926207859083,DB02
202009291100,105,23.8,0,0,-0.6427876096865396,0.7660444431189778,DB03
202009291200,105,24.3,0,0,1.0,6.123233995736766e-17,DB03
202009291300,105,24.7,0,0,0.9396926207859083,0.3420201433256688,DB03
202009291400,105,24.6,0,0,0.9396926207859083,0.3420201433256688,DB03
202009291500,105,23.8,0,0,0.9396926207859083,0.3420201433256688,DB03
202009291600,105,22.6,0,0,1.0,6.123233995736766e-17,DB03
202009291700,105,22.1,0,0,1.0,6.123233995736766e-17,DB04
202009291800,105,21.0,0,0,1.2246467991473532e-16,-1.0,DB03
202009291900,105,19.4,0,0,-0.7660444431189779,-0.6427876096865395,DB03
202009292000,105,18.1,0,0,-0.7660444431189779,-0.6427876096865395,DB04
202009292100,105,17.4,0,0,-0.7660444431189779,-0.6427876096865395,DB04
202009292200,105,16.9,0,0,-0.7660444431189779,-0.6427876096865395,DB03
202009292300,105,16.4,0,0,-0.34202014332566866,-0.9396926207859084,DB03
202009300000,105,16.3,0,0,-0.7660444431189779,-0.6427876096865395,DB03
202009300100,105,16.0,0,0,-0.7660444431189779,-0.6427876096865395,DB03
202009300200,105,15.6,0,0,-0.7660444431189779,-0.6427876096865395,DB03
202009300300,105,15.7,0,0,-0.9396926207859084,-0.34202014332566855,DB03
202009300400,105,15.3,0,0,-0.9396926207859084,-0.34202014332566855,DB04
202009300500,105,15.4,0,0,-0.7660444431189779,-0.6427876096865395,DB03
202009300600,105,15.3,0,0,-0.7660444431189779,-0.6427876096865395,DB03
202009300700,105,15.7,0,0,-0.7660444431189779,-0.6427876096865395,DB04
202009300800,105,16.6,0,0,-0.7660444431189779,-0.6427876096865395,DB02
202009300900,105,19.3,0,0,-0.9396926207859084,-0.34202014332566855,DB03
202009301000,105,20.9,0,0,0.3420201433256687,0.9396926207859084,DB03
202009301100,105,21.3,0,0,-0.9396926207859083,0.342020143325669,DB03
202009301200,105,21.2,0,0,0.766044443118978,0.6427876096865394,DB03
202009301300,105,21.2,0,0,-0.3420201433256686,0.9396926207859084,DB03
202009301400,105,21.5,0,0,-0.3420201433256686,0.9396926207859084,DB03
202009301500,105,20.6,0,0,0.0,1.0,DB03
202009301600,105,19.9,0,0,0.3420201433256687,0.9396926207859084,DB03
202009301700,105,19.3,0,0,0.766044443118978,0.6427876096865394,DB03
202009301800,105,18.8,0,0,0.766044443118978,0.6427876096865394,DB03
202009301900,105,18.4,0,0,0.0,1.0,DB03
202009302000,105,18.0,100,1,0.3420201433256689,-0.9396926207859083,DB03
202009302100,105,17.7,0,0,0.0,1.0,DB03
202009302200,105,17.6,0,0,-0.6427876096865396,0.7660444431189778,DB02
202009302300,105,16.3,0,0,-0.6427876096865396,0.7660444431189778,DB04
202010010000,105,15.9,100,1,-0.9396926207859083,0.342020143325669,DB04
202010010100,105,16.0,100,1,-0.9396926207859083,0.342020143325669,DB04
202010010200,105,15.9,0,0,-0.6427876096865396,0.7660444431189778,DB04
202010010300,105,15.9,0,0,-0.9396926207859083,0.342020143325669,DB04
202010010400,105,15.9,0,0,-1.0,-1.8369701987210297e-16,DB04
202010010500,105,15.7,0,0,-0.7660444431189779,-0.6427876096865395,DB04
202010010600,105,15.4,0,0,1.2246467991473532e-16,-1.0,DB04
202010010700,105,15.2,100,1,-0.34202014332566866,-0.9396926207859084,DB04
202010010800,105,15.1,100,1,-0.7660444431189779,-0.6427876096865395,DB04
202010010900,105,15.3,0,0,-0.7660444431189779,-0.6427876096865395,DB04
202010011000,105,16.7,0,0,-0.34202014332566866,-0.9396926207859084,DB04
202010011100,105,18.0,0,0,-0.34202014332566866,-0.9396926207859084,DB03
202010011200,105,18.7,0,0,0.3420201433256689,-0.9396926207859083,DB04
202010011300,105,19.2,0,0,1.0,6.123233995736766e-17,DB04
202010011400,105,19.7,0,0,1.0,6.123233995736766e-17,DB03
202010011500,105,18.9,0,0,0.9396926207859083,0.3420201433256688,DB03
202010011600,105,18.4,0,0,0.9396926207859083,0.3420201433256688,DB02
202010011700,105,18.2,0,0,0.9396926207859084,-0.3420201433256687,DB02
202010011800,105,17.9,0,0,0.9396926207859084,-0.3420201433256687,DB03
202010011900,105,17.6,0,0,0.3420201433256689,-0.9396926207859083,DB04
202010012000,105,17.3,0,0,-0.7660444431189779,-0.6427876096865395,DB04
202010012100,105,17.1,0,0,-0.7660444431189779,-0.6427876096865395,DB04
202010012200,105,16.7,0,0,-0.7660444431189779,-0.6427876096865395,DB04
202010012300,105,16.3,0,0,-0.34202014332566866,-0.9396926207859084,DB04
202010020000,105,16.0,0,0,-0.7660444431189779,-0.6427876096865395,DB04
202010020100,105,15.9,0,0,-1.0,-1.8369701987210297e-16,DB04
202010020200,105,15.8,0,0,-0.34202014332566866,-0.9396926207859084,DB04
202010020300,105,15.7,0,0,1.2246467991473532e-16,-1.0,DB04
202010020400,105,15.8,0,0,-1.0,-1.8369701987210297e-16,DB03
202010020500,105,15.9,0,0,-0.7660444431189779,-0.6427876096865395,DB02
202010020600,105,15.5,0,0,-0.34202014332566866,-0.9396926207859084,DB03
202010020700,105,18.1,0,0,1.2246467991473532e-16,-1.0,DB03
202010020800,105,20.8,0,0,-0.7660444431189779,-0.6427876096865395,DB03
202010020900,105,21.4,0,0,-0.9396926207859084,-0.34202014332566855,DB03
202010021000,105,23.6,0,0,-0.34202014332566866,-0.9396926207859084,DB03
202010021100,105,24.2,0,0,-0.9396926207859084,-0.34202014332566855,DB03
202010021200,105,24.6,0,0,0.6427876096865395,-0.7660444431189779,DB02
202010021300,105,25.9,0,0,-0.34202014332566866,-0.9396926207859084,DB02
202010021400,105,26.5,0,0,1.2246467991473532e-16,-1.0,DB03
202010021500,105,25.3,0,0,-0.9396926207859084,-0.34202014332566855,DB04
202010021600,105,22.7,0,0,-0.6427876096865396,0.7660444431189778,DB04
202010021700,105,23.2,0,0,-1.0,-1.8369701987210297e-16,DB04
202010021800,105,22.4,0,0,-0.9396926207859084,-0.34202014332566855,DB04
202010021900,105,21.9,0,0,-0.9396926207859084,-0.34202014332566855,DB04
202010022000,105,21.2,0,0,-0.9396926207859084,-0.34202014332566855,DB04
202010022100,105,20.7,0,0,-0.9396926207859084,-0.34202014332566855,DB04
202010022200,105,20.1,0,0,-0.34202014332566866,-0.9396926207859084,DB04
202010022300,105,19.5,0,0,-0.9396926207859083,0.342020143325669,DB04
202010030000,105,19.0,0,0,-0.9396926207859084,-0.34202014332566855,DB04
202010030100,105,18.8,0,0,-0.34202014332566866,-0.9396926207859084,DB04
202010030200,105,18.9,0,0,-0.7660444431189779,-0.6427876096865395,DB04
202010030300,105,18.7,0,0,-0.7660444431189779,-0.6427876096865395,DB04
202010030400,105,19.1,0,0,-0.34202014332566866,-0.9396926207859084,DB04
202010030500,105,19.2,0,0,-0.34202014332566866,-0.9396926207859084,DB04
202010030600,105,19.2,0,0,1.2246467991473532e-16,-1.0,DB04
202010030700,105,19.0,0,0,-0.7660444431189779,-0.6427876096865395,DB04
202010030800,105,18.8,100,1,-0.7660444431189779,-0.6427876096865395,DB04
202010030900,105,18.8,0,0,0.0,1.0,DB04
202010031000,105,19.2,0,0,-0.6427876096865396,0.7660444431189778,DB04
202010031100,105,19.9,0,0,-0.6427876096865396,0.7660444431189778,DB04
202010031200,105,22.4,0,0,0.6427876096865395,-0.7660444431189779,DB03
202010031300,105,22.5,0,0,1.0,6.123233995736766e-17,DB02
202010031400,105,22.4,0,0,0.3420201433256687,0.9396926207859084,DB02
202010031500,105,22.0,0,0,-0.6427876096865396,0.7660444431189778,DB03
202010031600,105,20.9,0,0,-0.6427876096865396,0.7660444431189778,DB03
202010031700,105,20.2,0,0,-0.6427876096865396,0.7660444431189778,DB04
202010031800,105,19.1,0,0,-0.3420201433256686,0.9396926207859084,DB04
202010031900,105,18.7,0,0,0.0,1.0,DB03
202010032000,105,18.3,0,0,0.0,1.0,DB04
202010032100,105,17.8,0,0,-0.9396926207859084,-0.34202014332566855,DB04
202010032200,105,17.5,0,0,-0.34202014332566866,-0.9396926207859084,DB04
202010032300,105,17.4,0,0,-0.34202014332566866,-0.9396926207859084,DB04
202010040000,105,17.5,0,0,-0.9396926207859083,0.342020143325669,DB04
202010040100,105,17.4,0,0,-0.34202014332566866,-0.9396926207859084,DB04
202010040200,105,17.5,0,0,1.2246467991473532e-16,-1.0,DB04
202010040300,105,19.9,0,0,-0.34202014332566866,-0.9396926207859084,DB04
202010040400,105,18.5,0,0,-0.6427876096865396,0.7660444431189778,DB04
202010040500,105,18.1,0,0,-0.7660444431189779,-0.6427876096865395,DB04
202010040600,105,19.5,0,0,-1.0,-1.8369701987210297e-16,DB04
202010040700,105,19.5,0,0,-1.0,-1.8369701987210297e-16,DB04
202010040800,105,19.8,0,0,-0.9396926207859084,-0.34202014332566855,DB04
202010040900,105,19.8,0,0,-0.9396926207859084,-0.34202014332566855,DB04
202010041000,105,20.3,0,0,0.0,1.0,DB03
202010041100,105,21.3,0,0,-0.9396926207859083,0.342020143325669,DB04
202010041200,105,22.0,0,0,-0.9396926207859084,-0.34202014332566855,DB04
202010041300,105,22.6,0,0,-0.9396926207859084,-0.34202014332566855,DB03
202010041400,105,23.8,0,0,-1.0,-1.8369701987210297e-16,DB04
202010041500,105,23.7,0,0,-1.0,-1.8369701987210297e-16,DB03
202010041600,105,23.0,0,0,-0.9396926207859084,-0.34202014332566855,DB03
202010041700,105,21.9,0,0,-0.9396926207859084,-0.34202014332566855,DB03
202010041800,105,21.1,0,0,-0.9396926207859084,-0.34202014332566855,DB03
202010041900,105,20.2,0,0,-0.9396926207859084,-0.34202014332566855,DB04
202010042000,105,19.7,0,0,-0.7660444431189779,-0.6427876096865395,DB04
202010042100,105,19.0,0,0,-0.6427876096865396,0.7660444431189778,DB03
202010042200,105,17.4,0,0,-0.6427876096865396,0.7660444431189778,DB03
202010042300,105,15.5,0,0,-0.9396926207859083,0.342020143325669,DB03
202010050000,105,14.2,0,0,-0.9396926207859084,-0.34202014332566855,DB02
202010050700,105,11.2,0,0,-0.7660444431189779,-0.6427876096865395,DB01
202010050800,105,12.9,0,0,-0.34202014332566866,-0.9396926207859084,DB01
202010050900,105,15.4,0,0,-0.7660444431189779,-0.6427876096865395,DB01
202010051000,105,17.4,0,0,-0.34202014332566866,-0.9396926207859084,DB01
202010051100,105,18.5,0,0,-0.7660444431189779,-0.6427876096865395,DB01
202010051200,105,19.5,0,0,-0.7660444431189779,-0.6427876096865395,DB01
202010051300,105,19.9,0,0,-0.7660444431189779,-0.6427876096865395,DB01
202010051400,105,20.4,0,0,-0.34202014332566866,-0.9396926207859084,DB01
202010051500,105,20.2,0,0,-0.7660444431189779,-0.6427876096865395,DB01
202010051600,105,20.3,0,0,-0.7660444431189779,-0.6427876096865395,DB01
202010051700,105,19.2,0,0,-0.7660444431189779,-0.6427876096865395,DB02
202010051800,105,17.7,0,0,-0.7660444431189779,-0.6427876096865395,DB02
202010051900,105,16.8,0,0,-0.9396926207859084,-0.34202014332566855,DB02
202010052000,105,16.1,0,0,-0.9396926207859084,-0.34202014332566855,DB03
202010052100,105,15.4,0,0,-0.34202014332566866,-0.9396926207859084,DB03
202010052200,105,15.2,0,0,-0.9396926207859084,-0.34202014332566855,DB03
202010052300,105,14.7,0,0,-0.9396926207859084,-0.34202014332566855,DB03
202010060000,105,14.0,0,0,-0.9396926207859084,-0.34202014332566855,DB03
202010060100,105,13.1,0,0,-0.9396926207859084,-0.34202014332566855,DB01
202010060200,105,12.0,0,0,-0.9396926207859084,-0.34202014332566855,DB01
202010060300,105,11.4,0,0,-0.9396926207859084,-0.34202014332566855,DB01
202010060400,105,10.8,0,0,-0.9396926207859084,-0.34202014332566855,DB01
202010060500,105,10.4,0,0,-0.7660444431189779,-0.6427876096865395,DB01
202010060600,105,10.0,0,0,-0.9396926207859084,-0.34202014332566855,DB01
202010060700,105,9.9,0,0,-0.9396926207859084,-0.34202014332566855,DB01
202010060800,105,11.5,0,0,-0.9396926207859084,-0.34202014332566855,DB01
202010060900,105,14.2,0,0,-0.7660444431189779,-0.6427876096865395,DB01
202010061000,105,16.3,0,0,0.0,1.0,DB01
202010061100,105,17.6,0,0,-0.6427876096865396,0.7660444431189778,DB01
202010061200,105,17.8,0,0,0.3420201433256687,0.9396926207859084,DB01
202010061300,105,18.0,0,0,0.3420201433256687,0.9396926207859084,DB01
202010061400,105,18.0,0,0,0.9396926207859083,0.3420201433256688,DB01
202010061500,105,17.7,0,0,0.3420201433256687,0.9396926207859084,DB01
202010061600,105,17.5,0,0,0.0,1.0,DB01
202010061700,105,17.0,0,0,0.0,1.0,DB02
202010061800,105,15.6,0,0,-0.3420201433256686,0.9396926207859084,DB01
202010061900,105,13.2,0,0,-0.7660444431189779,-0.6427876096865395,DB02
202010062000,105,12.0,0,0,-0.7660444431189779,-0.6427876096865395,DB02
202010062100,105,11.5,0,0,-0.9396926207859084,-0.34202014332566855,DB03
202010062200,105,11.3,0,0,-0.7660444431189779,-0.6427876096865395,DB03
202010062300,105,11.0,0,0,-0.9396926207859084,-0.34202014332566855,DB03
202010070000,105,11.1,0,0,-0.7660444431189779,-0.6427876096865395,DB03
202010070100,105,11.1,0,0,-0.9396926207859084,-0.34202014332566855,DB03
202010070200,105,11.0,0,0,-0.7660444431189779,-0.6427876096865395,DB03
202010070300,105,10.8,0,0,-0.7660444431189779,-0.6427876096865395,DB03
202010070400,105,10.9,0,0,-0.9396926207859084,-0.34202014332566855,DB03
202010070500,105,10.7,0,0,-0.7660444431189779,-0.6427876096865395,DB04
202010070600,105,10.7,0,0,-0.7660444431189779,-0.6427876096865395,DB03
202010070700,105,10.7,0,0,-0.9396926207859084,-0.34202014332566855,DB03
202010070800,105,11.6,0,0,-0.7660444431189779,-0.6427876096865395,DB03
202010070900,105,13.8,0,0,-0.7660444431189779,-0.6427876096865395,DB03
202010071000,105,16.6,0,0,-0.9396926207859083,0.342020143325669,DB03
202010071100,105,17.2,0,0,0.0,1.0,DB04
202010071200,105,17.9,0,0,0.3420201433256687,0.9396926207859084,DB03
202010071300,105,17.3,0,0,0.766044443118978,0.6427876096865394,DB04
202010071400,105,16.9,0,0,-0.6427876096865396,0.7660444431189778,DB03
202010071500,105,16.8,0,0,-0.6427876096865396,0.7660444431189778,DB04
202010071600,105,16.8,0,0,-1.0,-1.8369701987210297e-16,DB04
202010071700,105,16.5,0,0,-0.7660444431189779,-0.6427876096865395,DB03
202010071800,105,16.1,0,0,-0.7660444431189779,-0.6427876096865395,DB03
202010071900,105,15.4,0,0,-0.7660444431189779,-0.6427876096865395,DB03
202010072000,105,14.7,0,0,-0.7660444431189779,-0.6427876096865395,DB03
202010072100,105,13.9,0,0,-0.7660444431189779,-0.6427876096865395,DB02
202010072200,105,13.7,0,0,-0.7660444431189779,-0.6427876096865395,DB04
202010072300,105,13.4,0,0,-0.7660444431189779,-0.6427876096865395,DB02
202010080000,105,13.1,0,0,-0.7660444431189779,-0.6427876096865395,DB02
202010080100,105,12.8,0,0,-0.7660444431189779,-0.6427876096865395,DB02
202010080200,105,12.9,0,0,-0.7660444431189779,-0.6427876096865395,DB03
202010080300,105,12.7,0,0,-0.7660444431189779,-0.6427876096865395,DB02
202010080400,105,12.6,0,0,-0.7660444431189779,-0.6427876096865395,DB02
202010080500,105,12.0,0,0,-0.7660444431189779,-0.6427876096865395,DB01
202010080600,105,11.7,0,0,-0.34202014332566866,-0.9396926207859084,DB01
202010080700,105,11.9,0,0,-0.7660444431189779,-0.6427876096865395,DB02
202010080800,105,13.7,0,0,-0.34202014332566866,-0.9396926207859084,DB02
202010080900,105,16.9,0,0,-0.7660444431189779,-0.6427876096865395,DB01
202010081000,105,18.6,0,0,0.766044443118978,0.6427876096865394,DB02
202010081100,105,19.4,0,0,0.766044443118978,0.6427876096865394,DB02
202010081200,105,20.4,0,0,1.0,6.123233995736766e-17,DB01
202010081300,105,20.2,0,0,1.0,6.123233995736766e-17,DB01
202010081400,105,20.4,0,0,0.9396926207859083,0.3420201433256688,DB02
202010081500,105,20.5,0,0,1.0,6.123233995736766e-17,DB01
202010081600,105,19.8,0,0,0.9396926207859083,0.3420201433256688,DB01
202010081700,105,18.5,0,0,0.766044443118978,0.6427876096865394,DB01
202010081800,105,17.4,0,0,0.766044443118978,0.6427876096865394,DB01
202010081900,105,15.0,0,0,-0.9396926207859084,-0.34202014332566855,DB01
202010082000,105,13.5,0,0,-0.7660444431189779,-0.6427876096865395,DB01
202010082100,105,12.6,0,0,-0.7660444431189779,-0.6427876096865395,DB01
202010082200,105,12.1,0,0,-0.7660444431189779,-0.6427876096865395,DB01
202010082300,105,11.8,0,0,-0.9396926207859084,-0.34202014332566855,DB01
202010090000,105,11.1,0,0,-0.7660444431189779,-0.6427876096865395,DB01
202010090100,105,10.8,0,0,-0.7660444431189779,-0.6427876096865395,DB02
202010090200,105,11.7,0,0,-0.9396926207859084,-0.34202014332566855,DB03
202010090300,105,11.7,0,0,-0.7660444431189779,-0.6427876096865395,DB03
202010090400,105,12.1,0,0,-0.34202014332566866,-0.9396926207859084,DB04
202010090500,105,12.4,0,0,-0.7660444431189779,-0.6427876096865395,DB03
202010090600,105,12.7,0,0,-0.7660444431189779,-0.6427876096865395,DB03
202010090700,105,12.9,0,0,0.0,1.0,DB02
202010090800,105,15.4,0,0,0.766044443118978,0.6427876096865394,DB02
202010090900,105,17.4,0,0,0.9396926207859083,0.3420201433256688,DB03
202010091000,105,19.5,0,0,0.9396926207859083,0.3420201433256688,DB02
202010091100,105,20.1,0,0,1.0,6.123233995736766e-17,DB03
202010091200,105,20.2,0,0,0.9396926207859083,0.3420201433256688,DB02
202010091300,105,20.5,0,0,0.9396926207859083,0.3420201433256688,DB02
202010091400,105,19.6,0,0,1.0,6.123233995736766e-17,DB02
202010091500,105,18.9,0,0,0.9396926207859083,0.3420201433256688,DB02
202010091600,105,18.3,0,0,0.9396926207859083,0.3420201433256688,DB02
202010091700,105,17.9,0,0,0.766044443118978,0.6427876096865394,DB02
202010091800,105,17.5,0,0,0.766044443118978,0.6427876096865394,DB02
202010091900,105,17.4,0,0,0.9396926207859083,0.3420201433256688,DB03
202010092000,105,17.3,0,0,0.9396926207859083,0.3420201433256688,DB04
202010092100,105,17.1,0,0,0.9396926207859083,0.3420201433256688,DB04
202010092200,105,16.9,0,0,0.9396926207859083,0.3420201433256688,DB04
202010092300,105,16.6,0,0,0.3420201433256687,0.9396926207859084,DB03
202010100000,105,16.1,0,0,-0.9396926207859083,0.342020143325669,DB04
202010100100,105,15.8,0,0,-0.6427876096865396,0.7660444431189778,DB03
202010100200,105,15.5,0,0,-0.9396926207859083,0.342020143325669,DB04
202010100300,105,15.4,0,0,-0.9396926207859083,0.342020143325669,DB04
202010100400,105,15.2,0,0,-0.6427876096865396,0.7660444431189778,DB04
202010100500,105,15.0,0,0,-0.6427876096865396,0.7660444431189778,DB04
202010100600,105,15.0,0,0,-0.6427876096865396,0.7660444431189778,DB04
202010100700,105,15.1,0,0,-0.6427876096865396,0.7660444431189778,DB04
202010100800,105,15.0,0,0,-0.6427876096865396,0.7660444431189778,DB04
202010100900,105,15.4,0,0,-0.6427876096865396,0.7660444431189778,DB04
202010101000,105,15.7,0,0,-0.6427876096865396,0.7660444431189778,DB04
202010101100,105,16.7,0,0,-0.6427876096865396,0.7660444431189778,DB04
202010101200,105,18.0,0,0,-0.6427876096865396,0.7660444431189778,DB03
202010101300,105,17.3,0,0,-0.6427876096865396,0.7660444431189778,DB03
202010101400,105,17.7,0,0,-0.6427876096865396,0.7660444431189778,DB03
202010101500,105,18.1,0,0,-0.6427876096865396,0.7660444431189778,DB02
202010101600,105,17.5,0,0,-0.6427876096865396,0.7660444431189778,DB03
202010101700,105,17.1,0,0,0.0,1.0,DB03
202010101800,105,16.4,0,0,-0.3420201433256686,0.9396926207859084,DB03
202010101900,105,16.0,0,0,-1.0,-1.8369701987210297e-16,DB03
202010102000,105,14.9,0,0,-0.7660444431189779,-0.6427876096865395,DB03
202010102100,105,14.5,0,0,-0.7660444431189779,-0.6427876096865395,DB04
202010102200,105,14.0,0,0,-0.7660444431189779,-0.6427876096865395,DB04
202010102300,105,13.5,0,0,-0.7660444431189779,-0.6427876096865395,DB03
202010110000,105,13.5,0,0,-0.9396926207859084,-0.34202014332566855,DB04
202010110100,105,13.5,0,0,-0.7660444431189779,-0.6427876096865395,DB04
202010110200,105,13.3,0,0,-0.7660444431189779,-0.6427876096865395,DB03
202010110300,105,13.2,0,0,-1.0,-1.8369701987210297e-16,DB03
202010110400,105,12.7,0,0,-1.0,-1.8369701987210297e-16,DB02
202010110500,105,12.0,0,0,-0.7660444431189779,-0.6427876096865395,DB02
202010110600,105,11.7,0,0,-0.7660444431189779,-0.6427876096865395,DB02
202010110700,105,11.8,0,0,-0.7660444431189779,-0.6427876096865395,DB02
202010110800,105,13.0,0,0,-0.7660444431189779,-0.6427876096865395,DB02
202010110900,105,15.6,0,0,-0.7660444431189779,-0.6427876096865395,DB02
202010111000,105,16.9,0,0,0.6427876096865395,-0.7660444431189779,DB03
202010111100,105,18.6,0,0,1.0,6.123233995736766e-17,DB02
202010111200,105,19.2,0,0,0.9396926207859083,0.3420201433256688,DB02
202010111300,105,19.1,0,0,1.0,6.123233995736766e-17,DB02
202010111400,105,18.3,0,0,1.0,6.123233995736766e-17,DB04
202010111500,105,17.5,0,0,0.6427876096865395,-0.7660444431189779,DB04
202010111600,105,16.9,0,0,0.766044443118978,0.6427876096865394,DB04
202010111700,105,16.7,0,0,0.6427876096865395,-0.7660444431189779,DB04
202010111800,105,16.2,0,0,0.0,1.0,DB04
202010111900,105,15.6,0,0,-0.7660444431189779,-0.6427876096865395,DB04
202010112000,105,14.5,0,0,-0.7660444431189779,-0.6427876096865395,DB03
202010112100,105,13.9,0,0,-0.9396926207859084,-0.34202014332566855,DB03
202010112200,105,13.7,0,0,-0.9396926207859084,-0.34202014332566855,DB03
202010112300,105,13.4,0,0,-0.34202014332566866,-0.9396926207859084,DB04
202010120000,105,13.5,0,0,-0.7660444431189779,-0.6427876096865395,DB04
202010120100,105,13.8,0,0,0.0,1.0,DB04
202010120200,105,14.1,0,0,0.3420201433256687,0.9396926207859084,DB04
202010120300,105,13.7,0,0,-0.34202014332566866,-0.9396926207859084,DB04
202010120400,105,14.1,0,0,-0.9396926207859084,-0.34202014332566855,DB03
202010120500,105,14.9,0,0,-0.9396926207859084,-0.34202014332566855,DB03
202010120600,105,14.5,0,0,-0.9396926207859084,-0.34202014332566855,DB02
202010120700,105,14.4,0,0,-0.7660444431189779,-0.6427876096865395,DB03
202010120800,105,15.3,0,0,-0.9396926207859084,-0.34202014332566855,DB04
202010120900,105,16.3,0,0,-0.9396926207859084,-0.34202014332566855,DB04
202010121000,105,17.5,0,0,-0.9396926207859084,-0.34202014332566855,DB04
202010121100,105,20.1,0,0,-0.34202014332566866,-0.9396926207859084,DB02
202010121200,105,22.4,0,0,0.9396926207859083,0.3420201433256688,DB01
202010121300,105,21.9,0,0,1.0,6.123233995736766e-17,DB02
202010121400,105,21.4,0,0,0.9396926207859083,0.3420201433256688,DB02
202010121500,105,20.5,0,0,-0.3420201433256686,0.9396926207859084,DB02
202010121600,105,19.4,0,0,0.0,1.0,DB02
202010121700,105,19.1,0,0,0.3420201433256687,0.9396926207859084,DB02
202010121800,105,18.2,0,0,-0.6427876096865396,0.7660444431189778,DB02
202010121900,105,16.3,0,0,-0.34202014332566866,-0.9396926207859084,DB02
202010122000,105,15.3,0,0,-0.34202014332566866,-0.9396926207859084,DB02
202010122100,105,14.7,0,0,-0.7660444431189779,-0.6427876096865395,DB02
202010122200,105,14.1,0,0,-0.7660444431189779,-0.6427876096865395,DB02
202010122300,105,13.7,0,0,-0.7660444431189779,-0.6427876096865395,DB02
202010130000,105,13.3,0,0,-0.7660444431189779,-0.6427876096865395,DB01
202010130100,105,13.4,0,0,-0.9396926207859084,-0.34202014332566855,DB01
202010130200,105,13.2,0,0,-0.7660444431189779,-0.6427876096865395,DB01
202010130300,105,13.1,0,0,-0.7660444431189779,-0.6427876096865395,DB01
202010130400,105,13.4,0,0,-1.0,-1.8369701987210297e-16,DB01
202010130500,105,12.9,0,0,-0.7660444431189779,-0.6427876096865395,DB01
202010130600,105,12.6,0,0,-0.9396926207859084,-0.34202014332566855,DB01
202010130700,105,12.7,0,0,-0.9396926207859084,-0.34202014332566855,DB01
202010130800,105,13.6,0,0,-0.9396926207859084,-0.34202014332566855,DB01
202010130900,105,16.0,0,0,-0.9396926207859084,-0.34202014332566855,DB03
202010131000,105,17.2,0,0,-0.6427876096865396,0.7660444431189778,DB03
202010131100,105,17.3,0,0,0.0,1.0,DB03
202010131200,105,17.9,0,0,0.0,1.0,DB02
202010131300,105,17.8,0,0,-0.3420201433256686,0.9396926207859084,DB03
202010131400,105,17.2,0,0,0.9396926207859083,0.3420201433256688,DB03
202010131500,105,16.8,0,0,0.3420201433256687,0.9396926207859084,DB03
202010131600,105,15.5,0,0,0.0,1.0,DB03
202010131700,105,15.1,0,0,-0.3420201433256686,0.9396926207859084,DB03
202010131800,105,14.6,0,0,-0.7660444431189779,-0.6427876096865395,DB03
202010131900,105,13.8,0,0,-0.9396926207859084,-0.34202014332566855,DB02
202010132000,105,12.8,0,0,1.2246467991473532e-16,-1.0,DB01
202010132100,105,12.9,0,0,-0.7660444431189779,-0.6427876096865395,DB01
202010132200,105,12.7,0,0,-0.9396926207859084,-0.34202014332566855,DB01
202010132300,105,13.0,0,0,-0.7660444431189779,-0.6427876096865395,DB02
202010140000,105,14.0,0,0,-0.7660444431189779,-0.6427876096865395,DB01
202010140100,105,14.5,0,0,-0.9396926207859084,-0.34202014332566855,DB01
202010140200,105,13.0,0,0,-0.6427876096865396,0.7660444431189778,DB01
202010140300,105,11.9,0,0,-0.7660444431189779,-0.6427876096865395,DB01
202010140400,105,13.4,0,0,-0.7660444431189779,-0.6427876096865395,DB03
202010140500,105,13.5,0,0,-0.7660444431189779,-0.6427876096865395,DB04
202010140600,105,13.2,0,0,0.0,1.0,DB04
202010140700,105,13.4,0,0,-0.9396926207859084,-0.34202014332566855,DB04
202010140800,105,13.8,0,0,-0.7660444431189779,-0.6427876096865395,DB04
202010140900,105,14.3,0,0,-0.7660444431189779,-0.6427876096865395,DB04
202010141000,105,16.0,0,0,-0.9396926207859084,-0.34202014332566855,DB04
202010141100,105,17.8,0,0,-0.9396926207859084,-0.34202014332566855,DB03
202010141200,105,18.7,0,0,0.3420201433256687,0.9396926207859084,DB03
202010141300,105,18.6,0,0,0.766044443118978,0.6427876096865394,DB04
202010141400,105,18.4,0,0,0.3420201433256687,0.9396926207859084,DB01
202010141500,105,17.9,0,0,-0.6427876096865396,0.7660444431189778,DB03
202010141600,105,17.0,0,0,-0.6427876096865396,0.7660444431189778,DB03
202010141700,105,16.2,0,0,0.0,1.0,DB01
202010141800,105,15.0,0,0,-0.9396926207859083,0.342020143325669,DB02
202010141900,105,13.6,0,0,-0.7660444431189779,-0.6427876096865395,DB03
202010142000,105,12.5,0,0,-0.7660444431189779,-0.6427876096865395,DB02
202010142100,105,11.8,0,0,-0.9396926207859084,-0.34202014332566855,DB02
202010142200,105,11.5,0,0,-0.7660444431189779,-0.6427876096865395,DB03
202010142300,105,11.0,0,0,-0.9396926207859084,-0.34202014332566855,DB03
202010150000,105,10.7,0,0,-0.9396926207859084,-0.34202014332566855,DB03
202010150100,105,10.5,0,0,-0.7660444431189779,-0.6427876096865395,DB03
202010150200,105,10.2,0,0,-0.7660444431189779,-0.6427876096865395,DB03
202010150300,105,9.8,0,0,-0.7660444431189779,-0.6427876096865395,DB03
202010150400,105,10.0,0,0,-0.9396926207859084,-0.34202014332566855,DB03
202010150500,105,9.7,0,0,-0.9396926207859084,-0.34202014332566855,DB03
202010150600,105,9.2,0,0,-0.7660444431189779,-0.6427876096865395,DB04
202010150700,105,9.2,0,0,-0.7660444431189779,-0.6427876096865395,DB04
202010150800,105,9.9,0,0,-0.9396926207859084,-0.34202014332566855,DB03
202010150900,105,12.9,0,0,-0.7660444431189779,-0.6427876096865395,DB02
202010151000,105,14.2,0,0,-0.3420201433256686,0.9396926207859084,DB03
202010151100,105,14.9,0,0,0.766044443118978,0.6427876096865394,DB03
202010151200,105,15.7,0,0,1.2246467991473532e-16,-1.0,DB02
202010151300,105,17.0,0,0,1.0,6.123233995736766e-17,DB02
202010151400,105,17.8,0,0,0.9396926207859084,-0.3420201433256687,DB01
202010151500,105,17.1,0,0,1.0,6.123233995736766e-17,DB02
202010151600,105,16.4,0,0,1.0,6.123233995736766e-17,DB03
202010151700,105,15.4,0,0,0.6427876096865395,-0.7660444431189779,DB02
202010151800,105,13.6,0,0,1.2246467991473532e-16,-1.0,DB03
202010151900,105,12.6,0,0,-0.9396926207859084,-0.34202014332566855,DB02
202010152000,105,11.2,0,0,-0.34202014332566866,-0.9396926207859084,DB03
202010152100,105,10.6,0,0,-0.7660444431189779,-0.6427876096865395,DB03
202010152200,105,9.9,0,0,-0.9396926207859084,-0.34202014332566855,DB03
202010152300,105,9.9,0,0,-0.9396926207859084,-0.34202014332566855,DB03
202010160000,105,9.5,0,0,-0.7660444431189779,-0.6427876096865395,DB01
202010160100,105,9.9,0,0,-0.7660444431189779,-0.6427876096865395,DB01
202010160200,105,10.0,0,0,-0.9396926207859084,-0.34202014332566855,DB01
202010160300,105,9.9,0,0,-0.7660444431189779,-0.6427876096865395,DB01
202010160400,105,10.1,0,0,-0.7660444431189779,-0.6427876096865395,DB02
202010160500,105,10.1,0,0,-0.9396926207859084,-0.34202014332566855,DB02
202010160600,105,10.2,0,0,-0.9396926207859084,-0.34202014332566855,DB03
202010160700,105,10.5,0,0,-0.7660444431189779,-0.6427876096865395,DB03
202010160800,105,11.1,0,0,-0.7660444431189779,-0.6427876096865395,DB04
202010160900,105,12.4,0,0,-0.9396926207859084,-0.34202014332566855,DB04
202010161000,105,13.2,0,0,-0.7660444431189779,-0.6427876096865395,DB04
202010161100,105,16.3,0,0,-0.9396926207859084,-0.34202014332566855,DB04
202010161200,105,18.5,0,0,0.766044443118978,0.6427876096865394,DB03
202010161300,105,18.2,0,0,0.9396926207859083,0.3420201433256688,DB04
202010161400,105,17.8,0,0,0.9396926207859083,0.3420201433256688,DB03
202010161500,105,17.9,0,0,0.3420201433256689,-0.9396926207859083,DB03
202010161600,105,17.0,0,0,0.9396926207859084,-0.3420201433256687,DB04
202010161700,105,16.2,0,0,0.9396926207859084,-0.3420201433256687,DB04
202010161800,105,15.3,0,0,-0.7660444431189779,-0.6427876096865395,DB04
202010161900,105,14.0,0,0,1.2246467991473532e-16,-1.0,DB04
202010162000,105,14.0,0,0,0.0,1.0,DB04
202010162100,105,13.5,0,0,-0.6427876096865396,0.7660444431189778,DB03
202010162200,105,12.9,0,0,-0.7660444431189779,-0.6427876096865395,DB03
202010162300,105,12.8,0,0,-0.9396926207859084,-0.34202014332566855,DB03
202010170000,105,12.7,0,0,-0.9396926207859084,-0.34202014332566855,DB01
202010170100,105,12.6,0,0,-0.7660444431189779,-0.6427876096865395,DB02
202010170200,105,12.2,0,0,-0.9396926207859084,-0.34202014332566855,DB03
202010170300,105,11.9,0,0,-0.7660444431189779,-0.6427876096865395,DB03
202010170400,105,11.2,0,0,-0.7660444431189779,-0.6427876096865395,DB02
202010170500,105,11.0,0,0,-0.9396926207859084,-0.34202014332566855,DB02
202010170600,105,10.9,0,0,-0.9396926207859084,-0.34202014332566855,DB01
202010170700,105,10.4,0,0,-0.7660444431189779,-0.6427876096865395,DB01
202010170800,105,11.4,0,0,-0.9396926207859084,-0.34202014332566855,DB01
202010170900,105,14.2,0,0,-0.7660444431189779,-0.6427876096865395,DB01
202010171000,105,16.3,0,0,-0.6427876096865396,0.7660444431189778,DB01
202010171100,105,16.7,0,0,0.766044443118978,0.6427876096865394,DB01
202010171200,105,16.7,0,0,-0.3420201433256686,0.9396926207859084,DB01
202010171300,105,17.1,0,0,0.0,1.0,DB01
202010171400,105,17.1,0,0,0.3420201433256687,0.9396926207859084,DB01
202010171500,105,17.1,0,0,-0.3420201433256686,0.9396926207859084,DB01
202010171600,105,16.9,0,0,0.0,1.0,DB01
202010171700,105,16.0,0,0,0.0,1.0,DB01
202010171800,105,14.4,0,0,1.2246467991473532e-16,-1.0,DB01
202010171900,105,12.5,0,0,-0.7660444431189779,-0.6427876096865395,DB01
202010172000,105,11.1,0,0,-0.34202014332566866,-0.9396926207859084,DB01
202010172100,105,10.4,0,0,-0.34202014332566866,-0.9396926207859084,DB01
202010172200,105,9.6,0,0,0.0,1.0,DB01
202010172300,105,9.4,0,0,1.2246467991473532e-16,-1.0,DB01
202010180000,105,11.1,0,0,-0.7660444431189779,-0.6427876096865395,DB01
202010180100,105,12.3,0,0,-0.9396926207859084,-0.34202014332566855,DB01
202010180200,105,11.5,0,0,-0.9396926207859084,-0.34202014332566855,DB01
202010180300,105,11.0,0,0,-0.9396926207859084,-0.34202014332566855,DB01
202010180400,105,10.7,0,0,-0.9396926207859084,-0.34202014332566855,DB01
202010180500,105,10.3,0,0,-0.9396926207859084,-0.34202014332566855,DB01
202010180600,105,10.0,0,0,-0.7660444431189779,-0.6427876096865395,DB01
202010180700,105,10.0,0,0,-0.9396926207859084,-0.34202014332566855,DB01
202010180800,105,11.7,0,0,-0.9396926207859084,-0.34202014332566855,DB01
202010180900,105,14.3,0,0,-0.9396926207859084,-0.34202014332566855,DB01
202010181000,105,17.2,0,0,-0.9396926207859084,-0.34202014332566855,DB01
202010181100,105,19.6,0,0,-1.0,-1.8369701987210297e-16,DB01
202010181200,105,21.5,0,0,0.9396926207859084,-0.3420201433256687,DB01
202010181300,105,21.1,0,0,0.9396926207859083,0.3420201433256688,DB01
202010181400,105,21.1,0,0,1.0,6.123233995736766e-17,DB01
202010181500,105,20.8,0,0,1.0,6.123233995736766e-17,DB01
202010181600,105,20.1,0,0,1.0,6.123233995736766e-17,DB01
202010181700,105,20.2,0,0,0.0,1.0,DB01
202010181800,105,17.2,0,0,-0.7660444431189779,-0.6427876096865395,DB01
202010181900,105,15.5,0,0,-0.7660444431189779,-0.6427876096865395,DB01
202010182000,105,15.5,0,0,-0.7660444431189779,-0.6427876096865395,DB01
202010182100,105,15.3,0,0,-0.7660444431189779,-0.6427876096865395,DB01
202010182200,105,14.2,0,0,-0.7660444431189779,-0.6427876096865395,DB01
202010182300,105,13.9,0,0,-0.9396926207859084,-0.34202014332566855,DB01
202010190000,105,13.5,0,0,-0.9396926207859084,-0.34202014332566855,DB01
202010190100,105,13.2,0,0,-0.7660444431189779,-0.6427876096865395,DB01
202010190200,105,13.2,0,0,-0.9396926207859084,-0.34202014332566855,DB01
202010190300,105,13.0,0,0,-0.9396926207859084,-0.34202014332566855,DB01
202010190400,105,12.9,0,0,-0.9396926207859084,-0.34202014332566855,DB01
202010190500,105,12.7,0,0,-0.9396926207859084,-0.34202014332566855,DB01
202010190600,105,12.3,0,0,-0.9396926207859084,-0.34202014332566855,DB01
202010190700,105,12.1,0,0,-0.9396926207859084,-0.34202014332566855,DB01
202010190800,105,13.1,0,0,-0.9396926207859084,-0.34202014332566855,DB01
202010190900,105,15.4,0,0,-0.7660444431189779,-0.6427876096865395,DB01
202010191000,105,18.7,0,0,-0.34202014332566866,-0.9396926207859084,DB01
202010191100,105,19.9,0,0,0.766044443118978,0.6427876096865394,DB01
202010191200,105,20.0,0,0,0.766044443118978,0.6427876096865394,DB01
202010191300,105,19.8,0,0,0.9396926207859083,0.3420201433256688,DB01
202010191400,105,19.6,0,0,0.3420201433256687,0.9396926207859084,DB01
202010191500,105,19.0,0,0,-0.3420201433256686,0.9396926207859084,DB01
202010191600,105,18.3,0,0,0.766044443118978,0.6427876096865394,DB01
202010191700,105,17.1,0,0,0.9396926207859083,0.3420201433256688,DB01
202010191800,105,16.2,0,0,0.6427876096865395,-0.7660444431189779,DB01
202010191900,105,14.5,0,0,-0.7660444431189779,-0.6427876096865395,DB01
202010192000,105,13.5,0,0,-0.7660444431189779,-0.6427876096865395,DB01
202010192100,105,12.8,0,0,-0.7660444431189779,-0.6427876096865395,DB01
202010192200,105,12.3,0,0,-0.7660444431189779,-0.6427876096865395,DB01
202010192300,105,11.5,0,0,0.0,1.0,DB01
202010200000,105,10.8,0,0,-0.34202014332566866,-0.9396926207859084,DB01
202010200100,105,10.7,0,0,-0.7660444431189779,-0.6427876096865395,DB01
202010200200,105,12.1,0,0,-0.9396926207859084,-0.34202014332566855,DB01
202010200300,105,12.2,0,0,-0.9396926207859084,-0.34202014332566855,DB01
202010200400,105,12.2,0,0,-0.9396926207859084,-0.34202014332566855,DB01
202010200500,105,11.8,0,0,-0.9396926207859084,-0.34202014332566855,DB01
202010200600,105,11.6,0,0,-0.9396926207859084,-0.34202014332566855,DB01
202010200700,105,11.4,0,0,-0.7660444431189779,-0.6427876096865395,DB01
202010200800,105,12.4,0,0,-0.9396926207859084,-0.34202014332566855,DB01
202010200900,105,15.1,0,0,-0.7660444431189779,-0.6427876096865395,DB01
202010201000,105,18.5,0,0,-0.7660444431189779,-0.6427876096865395,DB01
202010201100,105,20.8,0,0,0.9396926207859084,-0.3420201433256687,DB01
202010201200,105,21.5,0,0,1.0,6.123233995736766e-17,DB01
202010201300,105,21.0,0,0,1.0,6.123233995736766e-17,DB01
202010201400,105,21.3,0,0,1.0,6.123233995736766e-17,DB01
202010201500,105,21.2,0,0,0.9396926207859084,-0.3420201433256687,DB01
202010201600,105,20.8,0,0,1.0,6.123233995736766e-17,DB01
202010201700,105,19.4,0,0,1.0,6.123233995736766e-17,DB01
202010201800,105,17.5,0,0,0.3420201433256689,-0.9396926207859083,DB01
202010201900,105,15.5,0,0,-0.7660444431189779,-0.6427876096865395,DB01
202010202000,105,14.2,0,0,-0.9396926207859084,-0.34202014332566855,DB01
202010202100,105,13.1,0,0,-0.7660444431189779,-0.6427876096865395,DB01
202010202200,105,12.4,0,0,-0.34202014332566866,-0.9396926207859084,DB01
202010202300,105,12.0,0,0,-0.7660444431189779,-0.6427876096865395,DB01
202010210000,105,11.0,0,0,1.2246467991473532e-16,-1.0,DB01
202010210100,105,10.3,0,0,1.2246467991473532e-16,-1.0,DB01
202010210200,105,10.1,0,0,1.2246467991473532e-16,-1.0,DB03
202010210300,105,10.0,0,0,1.2246467991473532e-16,-1.0,DB02
202010210400,105,10.1,0,0,-0.34202014332566866,-0.9396926207859084,DB02
202010210500,105,10.2,0,0,0.0,1.0,DB03
202010210600,105,10.8,0,0,-1.0,-1.8369701987210297e-16,DB04
202010210700,105,11.8,0,0,-0.7660444431189779,-0.6427876096865395,DB03
202010210800,105,12.2,0,0,0.3420201433256689,-0.9396926207859083,DB04
202010210900,105,14.1,0,0,-0.9396926207859084,-0.34202014332566855,DB04
202010211000,105,16.2,0,0,-0.34202014332566866,-0.9396926207859084,DB04
202010211100,105,18.1,0,0,-0.34202014332566866,-0.9396926207859084,DB04
202010211200,105,19.1,0,0,-0.7660444431189779,-0.6427876096865395,DB04
202010211300,105,19.1,0,0,-0.34202014332566866,-0.9396926207859084,DB04
202010211400,105,19.0,0,0,-0.7660444431189779,-0.6427876096865395,DB04
202010211500,105,19.0,0,0,-0.7660444431189779,-0.6427876096865395,DB04
202010211600,105,19.2,0,0,0.6427876096865395,-0.7660444431189779,DB04
202010211700,105,18.5,0,0,0.3420201433256689,-0.9396926207859083,DB04
202010211800,105,18.1,0,0,1.2246467991473532e-16,-1.0,DB04
202010211900,105,18.0,0,0,1.2246467991473532e-16,-1.0,DB04
202010212000,105,17.3,0,0,1.2246467991473532e-16,-1.0,DB04
202010212100,105,17.0,0,0,-0.34202014332566866,-0.9396926207859084,DB04
202010212200,105,16.8,0,0,-0.7660444431189779,-0.6427876096865395,DB02
202010212300,105,16.3,0,0,-0.34202014332566866,-0.9396926207859084,DB03
202010220000,105,16.5,0,0,-0.7660444431189779,-0.6427876096865395,DB01
202010220100,105,16.1,0,0,-0.7660444431189779,-0.6427876096865395,DB01
202010220200,105,16.0,0,0,-0.7660444431189779,-0.6427876096865395,DB01
202010220300,105,15.7,0,0,-0.7660444431189779,-0.6427876096865395,DB01
202010220400,105,15.5,0,0,-0.34202014332566866,-0.9396926207859084,DB02
202010220500,105,15.3,0,0,-0.7660444431189779,-0.6427876096865395,DB01
202010220600,105,15.2,0,0,-0.7660444431189779,-0.6427876096865395,DB02
202010220700,105,15.1,0,0,-0.34202014332566866,-0.9396926207859084,DB03
202010220800,105,15.8,0,0,-0.9396926207859084,-0.34202014332566855,DB03
202010220900,105,17.8,0,0,-0.7660444431189779,-0.6427876096865395,DB03
202010221000,105,19.8,0,0,-0.7660444431189779,-0.6427876096865395,DB03
202010221100,105,20.7,0,0,-0.9396926207859084,-0.34202014332566855,DB03
202010221200,105,20.0,0,0,0.0,1.0,DB03
202010221300,105,20.1,0,0,0.9396926207859084,-0.3420201433256687,DB03
202010221400,105,19.3,0,0,0.9396926207859083,0.3420201433256688,DB04
202010221500,105,20.0,0,0,-0.7660444431189779,-0.6427876096865395,DB04
202010221600,105,19.9,0,0,-0.7660444431189779,-0.6427876096865395,DB03
202010221700,105,19.4,0,0,-0.7660444431189779,-0.6427876096865395,DB03
202010221800,105,18.7,0,0,-0.7660444431189779,-0.6427876096865395,DB02
202010221900,105,17.6,0,0,-0.9396926207859084,-0.34202014332566855,DB02
202010222000,105,16.6,0,0,-0.7660444431189779,-0.6427876096865395,DB02
202010222100,105,15.6,0,0,-0.9396926207859084,-0.34202014332566855,DB01
202010222200,105,14.7,0,0,-0.9396926207859084,-0.34202014332566855,DB01
202010222300,105,13.7,0,0,-0.7660444431189779,-0.6427876096865395,DB01
202010230000,105,12.7,0,0,-0.7660444431189779,-0.6427876096865395,DB01
202010230100,105,11.4,0,0,-0.7660444431189779,-0.6427876096865395,DB01
202010230200,105,10.3,0,0,-0.7660444431189779,-0.6427876096865395,DB01
202010230300,105,9.4,0,0,-0.9396926207859084,-0.34202014332566855,DB01
202010230400,105,9.0,0,0,-0.7660444431189779,-0.6427876096865395,DB01
202010230500,105,8.6,0,0,-0.9396926207859084,-0.34202014332566855,DB01
202010230600,105,8.7,0,0,-0.7660444431189779,-0.6427876096865395,DB01
202010230700,105,8.6,0,0,-0.9396926207859084,-0.34202014332566855,DB01
202010230800,105,9.4,0,0,-0.9396926207859084,-0.34202014332566855,DB02
202010230900,105,11.4,0,0,-0.7660444431189779,-0.6427876096865395,DB02
202010231000,105,13.1,0,0,-0.7660444431189779,-0.6427876096865395,DB01
202010231100,105,14.6,0,0,-0.7660444431189779,-0.6427876096865395,DB01
202010231200,105,16.4,0,0,-0.7660444431189779,-0.6427876096865395,DB01
202010231300,105,16.0,0,0,0.9396926207859083,0.3420201433256688,DB01
202010231400,105,15.8,0,0,0.0,1.0,DB01
202010231500,105,16.4,0,0,0.9396926207859083,0.3420201433256688,DB01
202010231600,105,15.4,0,0,0.9396926207859083,0.3420201433256688,DB01
202010231700,105,14.2,0,0,0.3420201433256687,0.9396926207859084,DB01
202010231800,105,12.8,0,0,-0.9396926207859083,0.342020143325669,DB01
202010231900,105,11.2,0,0,-0.34202014332566866,-0.9396926207859084,DB01
202010232000,105,10.7,0,0,-0.7660444431189779,-0.6427876096865395,DB01
202010232100,105,10.7,0,0,-0.7660444431189779,-0.6427876096865395,DB01
202010232200,105,10.1,0,0,-0.7660444431189779,-0.6427876096865395,DB01
202010232300,105,9.7,0,0,-0.7660444431189779,-0.6427876096865395,DB01
202010240000,105,9.2,0,0,-0.9396926207859084,-0.34202014332566855,DB01
202010240100,105,8.6,0,0,-0.9396926207859084,-0.34202014332566855,DB01
202010240200,105,8.0,0,0,-0.7660444431189779,-0.6427876096865395,DB01
202010240300,105,7.4,0,0,-0.7660444431189779,-0.6427876096865395,DB01
202010240400,105,7.2,0,0,-0.9396926207859084,-0.34202014332566855,DB01
202010240500,105,6.7,0,0,-0.9396926207859084,-0.34202014332566855,DB01
202010240600,105,6.5,0,0,-0.9396926207859084,-0.34202014332566855,DB01
202010240700,105,6.5,0,0,-0.7660444431189779,-0.6427876096865395,DB01
202010240800,105,8.0,0,0,-0.7660444431189779,-0.6427876096865395,DB01
202010240900,105,10.0,0,0,-0.9396926207859084,-0.34202014332566855,DB01
202010241000,105,11.8,0,0,-0.3420201433256686,0.9396926207859084,DB01
202010241100,105,13.9,0,0,1.0,6.123233995736766e-17,DB01
202010241200,105,15.5,0,0,0.3420201433256689,-0.9396926207859083,DB01
202010241300,105,15.8,0,0,-0.9396926207859083,0.342020143325669,DB01
202010241400,105,16.2,0,0,-0.9396926207859083,0.342020143325669,DB01
202010241500,105,16.6,0,0,-0.6427876096865396,0.7660444431189778,DB01
202010241600,105,16.2,0,0,-0.7660444431189779,-0.6427876096865395,DB01
202010241700,105,14.7,0,0,-0.7660444431189779,-0.6427876096865395,DB01
202010241800,105,13.5,0,0,-0.9396926207859084,-0.34202014332566855,DB01
202010241900,105,12.7,0,0,-0.9396926207859084,-0.34202014332566855,DB01
202010242000,105,12.0,0,0,-0.7660444431189779,-0.6427876096865395,DB01
202010242100,105,11.7,0,0,-0.7660444431189779,-0.6427876096865395,DB01
202010242200,105,12.0,0,0,-0.7660444431189779,-0.6427876096865395,DB01
202010242300,105,12.0,0,0,-0.7660444431189779,-0.6427876096865395,DB01
202010250000,105,11.8,0,0,-0.7660444431189779,-0.6427876096865395,DB01
202010250100,105,11.9,0,0,-0.7660444431189779,-0.6427876096865395,DB01
202010250200,105,11.9,0,0,-0.7660444431189779,-0.6427876096865395,DB01
202010250300,105,12.1,0,0,-0.7660444431189779,-0.6427876096865395,DB01
202010250400,105,12.2,0,0,-0.7660444431189779,-0.6427876096865395,DB01
202010250500,105,12.5,0,0,-0.7660444431189779,-0.6427876096865395,DB01
202010250600,105,12.3,0,0,-0.7660444431189779,-0.6427876096865395,DB01
202010250700,105,12.5,0,0,-0.7660444431189779,-0.6427876096865395,DB01
202010250800,105,13.6,0,0,-0.9396926207859084,-0.34202014332566855,DB01
202010250900,105,15.7,0,0,-0.9396926207859084,-0.34202014332566855,DB01
202010251000,105,18.0,0,0,-0.7660444431189779,-0.6427876096865395,DB01
202010251100,105,19.1,0,0,-0.9396926207859084,-0.34202014332566855,DB01
202010251200,105,20.7,0,0,-0.7660444431189779,-0.6427876096865395,DB01
202010251300,105,21.4,0,0,-0.9396926207859084,-0.34202014332566855,DB01
202010251400,105,21.9,0,0,-0.7660444431189779,-0.6427876096865395,DB03
202010251500,105,21.6,0,0,-0.7660444431189779,-0.6427876096865395,DB03
202010251600,105,20.4,0,0,-0.34202014332566866,-0.9396926207859084,DB03
202010251700,105,18.7,0,0,-0.34202014332566866,-0.9396926207859084,DB03
202010251800,105,17.9,0,0,-0.7660444431189779,-0.6427876096865395,DB04
202010251900,105,17.1,0,0,-0.34202014332566866,-0.9396926207859084,DB02
202010252000,105,16.1,0,0,-0.7660444431189779,-0.6427876096865395,DB02
202010252100,105,15.1,0,0,-0.34202014332566866,-0.9396926207859084,DB02
202010252200,105,14.6,0,0,-0.7660444431189779,-0.6427876096865395,DB01
202010252300,105,14.0,0,0,-0.7660444431189779,-0.6427876096865395,DB03
202010260000,105,13.4,0,0,-0.7660444431189779,-0.6427876096865395,DB02
202010260100,105,12.9,0,0,-0.7660444431189779,-0.6427876096865395,DB01
202010260200,105,12.4,0,0,-0.7660444431189779,-0.6427876096865395,DB01
202010260300,105,12.1,0,0,-0.7660444431189779,-0.6427876096865395,DB01
202010260400,105,11.6,0,0,-0.7660444431189779,-0.6427876096865395,DB01
202010260500,105,11.6,0,0,-0.7660444431189779,-0.6427876096865395,DB01
202010260600,105,10.9,0,0,-0.9396926207859084,-0.34202014332566855,DB01
202010260700,105,10.6,0,0,-0.9396926207859084,-0.34202014332566855,DB01
202010260800,105,11.7,0,0,-0.9396926207859084,-0.34202014332566855,DB01
202010260900,105,14.0,0,0,-0.7660444431189779,-0.6427876096865395,DB01
202010261000,105,17.2,0,0,-0.7660444431189779,-0.6427876096865395,DB01
202010261100,105,19.6,0,0,0.9396926207859084,-0.3420201433256687,DB01
202010261200,105,20.1,0,0,1.0,6.123233995736766e-17,DB01
202010261300,105,19.0,0,0,0.766044443118978,0.6427876096865394,DB01
202010261400,105,19.6,0,0,0.766044443118978,0.6427876096865394,DB01
202010261500,105,19.3,0,0,0.9396926207859083,0.3420201433256688,DB01
202010261600,105,18.0,0,0,0.0,1.0,DB02
202010261700,105,17.0,0,0,0.0,1.0,DB02
202010261800,105,15.7,0,0,-0.7660444431189779,-0.6427876096865395,DB03
202010261900,105,13.4,0,0,-0.7660444431189779,-0.6427876096865395,DB02
202010262000,105,12.2,0,0,-0.7660444431189779,-0.6427876096865395,DB02
202010262100,105,12.0,0,0,-1.0,-1.8369701987210297e-16,DB03
202010262200,105,11.1,0,0,-0.7660444431189779,-0.6427876096865395,DB02
202010262300,105,10.9,0,0,-0.7660444431189779,-0.6427876096865395,DB02
202010270000,105,10.5,0,0,-0.34202014332566866,-0.9396926207859084,DB02
202010270100,105,11.2,0,0,-0.7660444431189779,-0.6427876096865395,DB01
202010270200,105,11.7,0,0,-0.9396926207859084,-0.34202014332566855,DB01
202010270300,105,11.6,0,0,-0.7660444431189779,-0.6427876096865395,DB01
202010270400,105,11.6,0,0,-0.9396926207859084,-0.34202014332566855,DB01
202010270500,105,11.6,0,0,-0.7660444431189779,-0.6427876096865395,DB01
202010270600,105,11.7,0,0,-0.9396926207859084,-0.34202014332566855,DB01
202010270700,105,11.7,0,0,-0.9396926207859084,-0.34202014332566855,DB01
202010270800,105,12.6,0,0,-0.9396926207859084,-0.34202014332566855,DB01
202010270900,105,14.8,0,0,-0.7660444431189779,-0.6427876096865395,DB01
202010271000,105,17.6,0,0,0.9396926207859084,-0.3420201433256687,DB01
202010271100,105,19.6,0,0,0.9396926207859083,0.3420201433256688,DB01
202010271200,105,21.5,0,0,0.9396926207859084,-0.3420201433256687,DB01
202010271300,105,21.7,0,0,0.766044443118978,0.6427876096865394,DB01
202010271400,105,21.2,0,0,0.766044443118978,0.6427876096865394,DB01
202010271500,105,20.3,0,0,0.9396926207859083,0.3420201433256688,DB01
202010271600,105,20.0,0,0,0.9396926207859083,0.3420201433256688,DB02
202010271700,105,19.2,0,0,0.0,1.0,DB02
202010271800,105,16.7,0,0,-0.7660444431189779,-0.6427876096865395,DB01
202010271900,105,14.9,0,0,-0.34202014332566866,-0.9396926207859084,DB01
202010272000,105,13.9,0,0,-0.34202014332566866,-0.9396926207859084,DB01
202010272100,105,13.4,0,0,-0.34202014332566866,-0.9396926207859084,DB01
202010272200,105,14.5,0,0,-0.7660444431189779,-0.6427876096865395,DB02
202010272300,105,14.7,0,0,-0.7660444431189779,-0.6427876096865395,DB03
202010280000,105,15.8,0,0,-0.7660444431189779,-0.6427876096865395,DB02
202010280100,105,16.5,0,0,-0.9396926207859084,-0.34202014332566855,DB03
202010280200,105,16.3,0,0,-0.9396926207859084,-0.34202014332566855,DB04
202010280300,105,16.0,0,0,-0.9396926207859084,-0.34202014332566855,DB04
202010280400,105,15.6,0,0,-0.9396926207859084,-0.34202014332566855,DB04
202010280500,105,15.8,0,0,-0.7660444431189779,-0.6427876096865395,DB04
202010280600,105,15.7,0,0,-0.7660444431189779,-0.6427876096865395,DB03
202010280700,105,15.4,0,0,-0.9396926207859084,-0.34202014332566855,DB03
202010280800,105,15.9,0,0,-0.7660444431189779,-0.6427876096865395,DB03
202010280900,105,17.3,0,0,-0.7660444431189779,-0.6427876096865395,DB03
202010281000,105,18.7,0,0,-0.7660444431189779,-0.6427876096865395,DB03
202010281100,105,20.0,0,0,-0.7660444431189779,-0.6427876096865395,DB03
202010281200,105,20.6,0,0,0.9396926207859083,0.3420201433256688,DB01
202010281300,105,19.3,0,0,0.9396926207859083,0.3420201433256688,DB01
202010281400,105,17.9,0,0,0.0,1.0,DB01
202010281500,105,17.5,0,0,0.0,1.0,DB02
202010281600,105,16.7,0,0,0.0,1.0,DB02
202010281700,105,15.6,0,0,-0.6427876096865396,0.7660444431189778,DB01
202010281800,105,14.5,0,0,-0.9396926207859083,0.342020143325669,DB01
202010281900,105,12.4,0,0,-0.7660444431189779,-0.6427876096865395,DB01
202010282000,105,11.8,0,0,-0.9396926207859084,-0.34202014332566855,DB01
202010282100,105,10.8,0,0,-0.7660444431189779,-0.6427876096865395,DB01
202010282200,105,10.2,0,0,-0.7660444431189779,-0.6427876096865395,DB01
202010282300,105,10.0,0,0,-0.7660444431189779,-0.6427876096865395,DB01
202010290000,105,9.4,0,0,-0.7660444431189779,-0.6427876096865395,DB01
202010290100,105,9.1,0,0,-0.7660444431189779,-0.6427876096865395,DB01
202010290200,105,8.9,0,0,-0.7660444431189779,-0.6427876096865395,DB01
202010290300,105,8.9,0,0,-0.7660444431189779,-0.6427876096865395,DB01
202010290400,105,9.0,0,0,-0.9396926207859084,-0.34202014332566855,DB01
202010290500,105,8.4,0,0,-0.9396926207859084,-0.34202014332566855,DB01
202010290600,105,7.8,0,0,-0.9396926207859084,-0.34202014332566855,DB01
202010290700,105,7.2,0,0,-0.7660444431189779,-0.6427876096865395,DB01
202010290800,105,8.1,0,0,-0.7660444431189779,-0.6427876096865395,DB01
202010290900,105,11.0,0,0,-0.7660444431189779,-0.6427876096865395,DB01
202010291000,105,13.7,0,0,-0.6427876096865396,0.7660444431189778,DB01
202010291100,105,15.0,0,0,-0.6427876096865396,0.7660444431189778,DB01
202010291200,105,15.1,0,0,0.3420201433256687,0.9396926207859084,DB01
202010291300,105,15.3,0,0,0.0,1.0,DB01
202010291400,105,15.7,0,0,0.766044443118978,0.6427876096865394,DB01
202010291500,105,15.5,0,0,-0.3420201433256686,0.9396926207859084,DB01
202010291600,105,15.2,0,0,0.0,1.0,DB01
202010291700,105,14.1,0,0,-0.6427876096865396,0.7660444431189778,DB01
202010291800,105,12.1,0,0,-0.7660444431189779,-0.6427876096865395,DB01
202010291900,105,10.3,0,0,-0.7660444431189779,-0.6427876096865395,DB02
202010292000,105,9.4,0,0,-0.7660444431189779,-0.6427876096865395,DB02
202010292100,105,9.0,0,0,-0.7660444431189779,-0.6427876096865395,DB02
202010292200,105,8.6,0,0,-0.7660444431189779,-0.6427876096865395,DB02
202010292300,105,8.6,0,0,-0.9396926207859084,-0.34202014332566855,DB02
202010300000,105,8.3,0,0,-0.7660444431189779,-0.6427876096865395,DB02
202010300100,105,7.9,0,0,-0.7660444431189779,-0.6427876096865395,DB03
202010300200,105,8.0,0,0,-0.7660444431189779,-0.6427876096865395,DB03
202010300300,105,8.2,0,0,-0.7660444431189779,-0.6427876096865395,DB03
202010300400,105,7.6,0,0,-0.7660444431189779,-0.6427876096865395,DB02
202010300500,105,7.3,0,0,-0.7660444431189779,-0.6427876096865395,DB03
202010300600,105,6.9,0,0,-0.9396926207859084,-0.34202014332566855,DB01
202010300700,105,6.7,0,0,-0.7660444431189779,-0.6427876096865395,DB01
202010300800,105,8.2,0,0,-0.7660444431189779,-0.6427876096865395,DB01
202010300900,105,11.2,0,0,-0.7660444431189779,-0.6427876096865395,DB02
202010301000,105,14.3,0,0,-0.9396926207859083,0.342020143325669,DB02
202010301100,105,14.8,0,0,-0.6427876096865396,0.7660444431189778,DB02
202010301200,105,15.6,0,0,-0.6427876096865396,0.7660444431189778,DB02
202010301300,105,16.6,0,0,0.766044443118978,0.6427876096865394,DB03
202010301400,105,15.5,0,0,0.0,1.0,DB04
202010301500,105,14.8,0,0,0.9396926207859083,0.3420201433256688,DB03
202010301600,105,14.1,0,0,0.9396926207859083,0.3420201433256688,DB04
202010301700,105,13.1,0,0,-0.6427876096865396,0.7660444431189778,DB04
202010301800,105,12.8,0,0,-0.6427876096865396,0.7660444431189778,DB04
202010301900,105,12.3,0,0,-0.7660444431189779,-0.6427876096865395,DB04
202010302000,105,11.8,0,0,-0.9396926207859084,-0.34202014332566855,DB03
202010302100,105,11.4,0,0,-0.7660444431189779,-0.6427876096865395,DB03
202010302200,105,11.1,0,0,-0.7660444431189779,-0.6427876096865395,DB03
202010302300,105,10.0,0,0,-0.34202014332566866,-0.9396926207859084,DB02
202010310000,105,9.2,0,0,-0.34202014332566866,-0.9396926207859084,DB01
202010310100,105,8.7,0,0,-0.7660444431189779,-0.6427876096865395,DB01
202010310200,105,8.1,0,0,-0.7660444431189779,-0.6427876096865395,DB01
202010310300,105,7.8,0,0,-0.9396926207859084,-0.34202014332566855,DB01
202010310400,105,7.8,0,0,-0.7660444431189779,-0.6427876096865395,DB01
202010310500,105,7.5,0,0,-0.9396926207859084,-0.34202014332566855,DB01
202010310600,105,7.3,0,0,-0.7660444431189779,-0.6427876096865395,DB01
202010310700,105,7.3,0,0,-0.7660444431189779,-0.6427876096865395,DB01
202010310800,105,8.5,0,0,-0.7660444431189779,-0.6427876096865395,DB02
202010310900,105,10.5,0,0,-0.7660444431189779,-0.6427876096865395,DB03
202010311000,105,14.2,0,0,-0.7660444431189779,-0.6427876096865395,DB03
202010311100,105,15.7,0,0,1.0,6.123233995736766e-17,DB03
202010311200,105,17.7,0,0,-0.34202014332566866,-0.9396926207859084,DB03
202010311300,105,18.6,0,0,-0.7660444431189779,-0.6427876096865395,DB03
202010311400,105,19.4,0,0,-0.34202014332566866,-0.9396926207859084,DB03
202010311500,105,18.8,0,0,-0.7660444431189779,-0.6427876096865395,DB04
202010311600,105,18.6,0,0,-0.7660444431189779,-0.6427876096865395,DB04
202010311700,105,17.8,0,0,-1.0,-1.8369701987210297e-16,DB04
202010311800,105,16.9,0,0,-0.7660444431189779,-0.6427876096865395,DB03
202010311900,105,16.4,0,0,-0.7660444431189779,-0.6427876096865395,DB04
202010312000,105,15.7,0,0,-0.7660444431189779,-0.6427876096865395,DB04
202010312100,105,14.9,0,0,0.9396926207859083,0.3420201433256688,DB04
202010312200,105,14.7,0,0,-1.0,-1.8369701987210297e-16,DB04
202010312300,105,13.9,0,0,-0.9396926207859084,-0.34202014332566855,DB04
202011010000,105,13.0,0,0,-0.34202014332566866,-0.9396926207859084,DB04
202011010100,105,12.5,0,0,-0.34202014332566866,-0.9396926207859084,DB04
202011010200,105,12.8,0,0,-0.7660444431189779,-0.6427876096865395,DB04
202011010300,105,13.5,0,0,1.2246467991473532e-16,-1.0,DB04
202011010400,105,15.0,0,0,-0.34202014332566866,-0.9396926207859084,DB04
202011010500,105,15.8,0,0,0.3420201433256689,-0.9396926207859083,DB04
202011010600,105,15.5,0,0,0.9396926207859084,-0.3420201433256687,DB04
202011010700,105,15.7,0,0,-0.9396926207859083,0.342020143325669,DB04
202011010800,105,16.8,0,0,-0.7660444431189779,-0.6427876096865395,DB04
202011010900,105,16.4,0,0,-0.9396926207859084,-0.34202014332566855,DB04
202011011000,105,16.2,0,0,-0.7660444431189779,-0.6427876096865395,DB04
202011011100,105,16.3,0,0,-0.7660444431189779,-0.6427876096865395,DB04
202011011200,105,16.2,0,0,-0.7660444431189779,-0.6427876096865395,DB04
202011011300,105,15.8,0,0,-0.7660444431189779,-0.6427876096865395,DB04
202011011400,105,17.0,0,0,-0.9396926207859084,-0.34202014332566855,DB03
202011011500,105,17.2,0,0,-0.9396926207859084,-0.34202014332566855,DB03
202011011600,105,17.3,0,0,-0.9396926207859084,-0.34202014332566855,DB03
202011011700,105,16.8,0,0,-0.9396926207859084,-0.34202014332566855,DB03
202011011800,105,16.4,0,0,-0.9396926207859084,-0.34202014332566855,DB04
202011011900,105,15.8,0,0,-0.9396926207859084,-0.34202014332566855,DB03
202011012000,105,15.8,0,0,-0.7660444431189779,-0.6427876096865395,DB03
202011012100,105,15.6,0,0,-0.7660444431189779,-0.6427876096865395,DB04
202011012200,105,15.6,0,0,-0.7660444431189779,-0.6427876096865395,DB04
202011012300,105,15.2,0,0,-0.7660444431189779,-0.6427876096865395,DB04
202011020000,105,15.0,0,0,-0.7660444431189779,-0.6427876096865395,DB04
202011020100,105,14.8,0,0,-0.34202014332566866,-0.9396926207859084,DB04
202011020200,105,14.5,0,0,-0.7660444431189779,-0.6427876096865395,DB04
202011020300,105,13.8,0,0,-1.0,-1.8369701987210297e-16,DB04
202011020400,105,13.2,0,0,-0.9396926207859083,0.342020143325669,DB04
202011020500,105,12.7,0,0,-1.0,-1.8369701987210297e-16,DB03
202011020600,105,11.9,0,0,-0.9396926207859084,-0.34202014332566855,DB03
202011020700,105,11.1,0,0,-1.0,-1.8369701987210297e-16,DB03
202011020800,105,10.7,0,0,-0.9396926207859084,-0.34202014332566855,DB01
202011020900,105,13.1,0,0,-0.34202014332566866,-0.9396926207859084,DB01
202011021000,105,15.4,0,0,-0.34202014332566866,-0.9396926207859084,DB01
202011021100,105,16.6,0,0,0.766044443118978,0.6427876096865394,DB01
202011021200,105,16.6,0,0,0.9396926207859083,0.3420201433256688,DB01
202011021300,105,16.8,0,0,0.9396926207859083,0.3420201433256688,DB01
202011021400,105,17.5,0,0,0.9396926207859083,0.3420201433256688,DB01
202011021500,105,17.0,0,0,1.0,6.123233995736766e-17,DB01
202011021600,105,16.2,0,0,0.9396926207859083,0.3420201433256688,DB01
202011021700,105,14.8,0,0,0.6427876096865395,-0.7660444431189779,DB01
202011021800,105,13.0,0,0,-0.7660444431189779,-0.6427876096865395,DB01
202011021900,105,12.0,0,0,-0.9396926207859084,-0.34202014332566855,DB01
202011022000,105,10.6,0,0,-0.9396926207859084,-0.34202014332566855,DB01
202011022100,105,10.0,0,0,-0.9396926207859084,-0.34202014332566855,DB01
202011022200,105,9.5,0,0,-0.7660444431189779,-0.6427876096865395,DB01
202011022300,105,9.0,0,0,-0.9396926207859084,-0.34202014332566855,DB01
202011030000,105,9.4,0,0,-0.9396926207859084,-0.34202014332566855,DB03
202011030100,105,10.5,0,0,-0.7660444431189779,-0.6427876096865395,DB03
202011030200,105,10.5,0,0,-0.9396926207859084,-0.34202014332566855,DB02
202011030300,105,9.3,0,0,-0.7660444431189779,-0.6427876096865395,DB02
202011030400,105,9.4,0,0,-0.7660444431189779,-0.6427876096865395,DB03
202011030500,105,8.8,0,0,-1.0,-1.8369701987210297e-16,DB02
202011030600,105,8.1,0,0,-0.6427876096865396,0.7660444431189778,DB01
202011030700,105,7.2,0,0,-0.9396926207859083,0.342020143325669,DB01
202011030800,105,7.6,0,0,-0.9396926207859084,-0.34202014332566855,DB01
202011030900,105,8.5,0,0,-0.6427876096865396,0.7660444431189778,DB01
202011031000,105,9.2,0,0,-0.9396926207859083,0.342020143325669,DB01
202011031100,105,10.2,0,0,-0.9396926207859084,-0.34202014332566855,DB01
202011031200,105,10.1,0,0,-1.0,-1.8369701987210297e-16,DB01
202011031300,105,10.3,0,0,-0.9396926207859084,-0.34202014332566855,DB01
202011031400,105,10.3,0,0,-1.0,-1.8369701987210297e-16,DB01
202011031500,105,10.6,0,0,-0.9396926207859084,-0.34202014332566855,DB01
202011031600,105,10.1,0,0,-1.0,-1.8369701987210297e-16,DB01
202011031700,105,8.5,0,0,-0.7660444431189779,-0.6427876096865395,DB01
202011031800,105,7.3,0,0,-0.9396926207859084,-0.34202014332566855,DB01
202011031900,105,6.7,0,0,-0.7660444431189779,-0.6427876096865395,DB01
202011032000,105,6.1,0,0,-0.7660444431189779,-0.6427876096865395,DB01
202011032100,105,5.8,0,0,-0.7660444431189779,-0.6427876096865395,DB01
202011032200,105,5.3,0,0,-0.34202014332566866,-0.9396926207859084,DB01
202011032300,105,4.9,0,0,-0.7660444431189779,-0.6427876096865395,DB01
202011040000,105,4.6,0,0,-0.7660444431189779,-0.6427876096865395,DB01
202011040100,105,4.3,0,0,-0.7660444431189779,-0.6427876096865395,DB01
202011040200,105,3.9,0,0,-0.7660444431189779,-0.6427876096865395,DB01
202011040300,105,3.3,0,0,-0.9396926207859084,-0.34202014332566855,DB01
202011040400,105,3.2,0,0,-0.7660444431189779,-0.6427876096865395,DB01
202011040500,105,3.3,0,0,-0.7660444431189779,-0.6427876096865395,DB01
202011040600,105,3.3,0,0,-0.7660444431189779,-0.6427876096865395,DB01
202011040700,105,2.9,0,0,-0.7660444431189779,-0.6427876096865395,DB01
202011040800,105,3.8,0,0,-0.7660444431189779,-0.6427876096865395,DB01
202011040900,105,5.4,0,0,-0.7660444431189779,-0.6427876096865395,DB01
202011041000,105,7.7,0,0,-0.7660444431189779,-0.6427876096865395,DB01
202011041100,105,9.9,0,0,-0.34202014332566866,-0.9396926207859084,DB01
202011041200,105,11.4,0,0,0.766044443118978,0.6427876096865394,DB01
202011041300,105,12.2,0,0,0.3420201433256687,0.9396926207859084,DB01
202011041400,105,13.1,0,0,1.0,6.123233995736766e-17,DB01
202011041500,105,13.5,0,0,1.0,6.123233995736766e-17,DB01
202011041600,105,13.2,0,0,1.0,6.123233995736766e-17,DB01
202011041700,105,11.7,0,0,-0.34202014332566866,-0.9396926207859084,DB01
202011041800,105,10.1,0,0,-0.7660444431189779,-0.6427876096865395,DB01
202011041900,105,9.2,0,0,-0.9396926207859084,-0.34202014332566855,DB01
202011042000,105,8.6,0,0,-0.7660444431189779,-0.6427876096865395,DB01
202011042100,105,8.4,0,0,-0.7660444431189779,-0.6427876096865395,DB01
202011042200,105,8.0,0,0,-0.7660444431189779,-0.6427876096865395,DB01
202011042300,105,8.1,0,0,-0.7660444431189779,-0.6427876096865395,DB01
202011050000,105,8.4,0,0,-0.7660444431189779,-0.6427876096865395,DB01
202011050100,105,8.4,0,0,-0.7660444431189779,-0.6427876096865395,DB01
202011050200,105,8.3,0,0,-0.9396926207859084,-0.34202014332566855,DB01
202011050300,105,7.8,0,0,-0.9396926207859084,-0.34202014332566855,DB01
202011050400,105,7.8,0,0,-0.9396926207859084,-0.34202014332566855,DB01
202011050500,105,8.2,0,0,-0.7660444431189779,-0.6427876096865395,DB01
202011050600,105,8.3,0,0,-0.7660444431189779,-0.6427876096865395,DB01
202011050700,105,7.8,0,0,-0.7660444431189779,-0.6427876096865395,DB01
202011050800,105,9.1,0,0,-0.7660444431189779,-0.6427876096865395,DB01
202011050900,105,11.9,0,0,-0.7660444431189779,-0.6427876096865395,DB01
202011051000,105,13.8,0,0,-0.7660444431189779,-0.6427876096865395,DB01
202011051100,105,16.4,0,0,0.3420201433256689,-0.9396926207859083,DB02
202011051200,105,17.7,0,0,0.9396926207859083,0.3420201433256688,DB01
202011051300,105,17.4,0,0,1.0,6.123233995736766e-17,DB01
202011051400,105,17.0,0,0,0.9396926207859083,0.3420201433256688,DB03
202011051500,105,18.5,0,0,1.0,6.123233995736766e-17,DB03
202011051600,105,17.3,0,0,0.9396926207859084,-0.3420201433256687,DB03
202011051700,105,16.0,0,0,0.9396926207859083,0.3420201433256688,DB02
202011051800,105,14.3,0,0,1.2246467991473532e-16,-1.0,DB04
202011051900,105,13.4,0,0,1.2246467991473532e-16,-1.0,DB03
202011052000,105,16.0,0,0,-0.7660444431189779,-0.6427876096865395,DB04
202011052100,105,16.1,0,0,-0.7660444431189779,-0.6427876096865395,DB04
202011052200,105,16.1,0,0,-0.7660444431189779,-0.6427876096865395,DB04
202011052300,105,16.0,0,0,-0.7660444431189779,-0.6427876096865395,DB04
202011060000,105,15.9,0,0,-0.9396926207859084,-0.34202014332566855,DB04
202011060100,105,15.5,0,0,-1.0,-1.8369701987210297e-16,DB04
202011060200,105,14.6,0,0,0.3420201433256689,-0.9396926207859083,DB04
202011060300,105,16.1,0,0,-0.7660444431189779,-0.6427876096865395,DB04
202011060400,105,16.4,0,0,-0.7660444431189779,-0.6427876096865395,DB04
202011060500,105,16.4,0,0,-0.34202014332566866,-0.9396926207859084,DB04
202011060600,105,15.1,0,0,-0.7660444431189779,-0.6427876096865395,DB03
202011060700,105,15.7,0,0,0.3420201433256687,0.9396926207859084,DB04
202011060800,105,14.1,0,0,-0.9396926207859084,-0.34202014332566855,DB04
202011060900,105,15.0,0,0,-0.34202014332566866,-0.9396926207859084,DB04
202011061000,105,16.5,0,0,-0.34202014332566866,-0.9396926207859084,DB04
202011061100,105,16.7,0,0,-0.9396926207859083,0.342020143325669,DB04
202011061200,105,17.6,0,0,0.9396926207859084,-0.3420201433256687,DB04
202011061300,105,21.2,0,0,0.9396926207859084,-0.3420201433256687,DB03
202011061400,105,21.3,0,0,0.3420201433256687,0.9396926207859084,DB02
202011061500,105,21.1,0,0,-0.9396926207859084,-0.34202014332566855,DB03
202011061600,105,19.8,0,0,-0.7660444431189779,-0.6427876096865395,DB03
202011061700,105,18.4,0,0,-0.9396926207859084,-0.34202014332566855,DB03
202011061800,105,17.6,0,0,-0.9396926207859084,-0.34202014332566855,DB03
202011061900,105,17.2,0,0,-0.7660444431189779,-0.6427876096865395,DB03
202011062000,105,17.2,0,0,-0.7660444431189779,-0.6427876096865395,DB03
202011062100,105,16.9,0,0,-0.7660444431189779,-0.6427876096865395,DB02
202011062200,105,16.8,0,0,-0.9396926207859084,-0.34202014332566855,DB02
202011062300,105,16.9,0,0,-0.9396926207859084,-0.34202014332566855,DB01
202011070000,105,16.9,0,0,-0.7660444431189779,-0.6427876096865395,DB01
202011070100,105,16.7,0,0,-0.7660444431189779,-0.6427876096865395,DB02
202011070200,105,16.7,0,0,-1.0,-1.8369701987210297e-16,DB02
202011070300,105,16.6,0,0,-1.0,-1.8369701987210297e-16,DB02
202011070400,105,16.6,0,0,-1.0,-1.8369701987210297e-16,DB02
202011070500,105,16.9,0,0,-0.7660444431189779,-0.6427876096865395,DB01
202011070600,105,16.9,0,0,-0.9396926207859084,-0.34202014332566855,DB01
202011070700,105,17.1,0,0,-0.7660444431189779,-0.6427876096865395,DB02
202011070800,105,17.2,0,0,-0.7660444431189779,-0.6427876096865395,DB03
202011070900,105,18.5,0,0,-0.7660444431189779,-0.6427876096865395,DB02
202011071000,105,19.1,0,0,-0.7660444431189779,-0.6427876096865395,DB02
202011071100,105,20.1,0,0,-0.7660444431189779,-0.6427876096865395,DB02
202011071200,105,20.6,0,0,-0.7660444431189779,-0.6427876096865395,DB01
202011071300,105,20.8,0,0,-0.7660444431189779,-0.6427876096865395,DB01
202011071400,105,20.7,0,0,-0.9396926207859084,-0.34202014332566855,DB01
202011071500,105,20.4,0,0,-0.7660444431189779,-0.6427876096865395,DB01
202011071600,105,20.2,0,0,-0.9396926207859084,-0.34202014332566855,DB01
202011071700,105,18.7,0,0,-0.9396926207859084,-0.34202014332566855,DB01
202011071800,105,17.6,0,0,-0.9396926207859084,-0.34202014332566855,DB01
202011071900,105,16.9,0,0,-0.9396926207859084,-0.34202014332566855,DB01
202011072000,105,16.2,0,0,-0.9396926207859084,-0.34202014332566855,DB01
202011072100,105,15.6,0,0,-0.9396926207859084,-0.34202014332566855,DB01
202011072200,105,15.5,0,0,-0.7660444431189779,-0.6427876096865395,DB01
202011072300,105,14.7,0,0,-0.7660444431189779,-0.6427876096865395,DB01
202011080000,105,14.0,0,0,-0.34202014332566866,-0.9396926207859084,DB01
202011080100,105,13.2,0,0,-0.9396926207859083,0.342020143325669,DB01
202011080200,105,13.0,0,0,-0.9396926207859084,-0.34202014332566855,DB01
202011080300,105,11.0,0,0,-0.7660444431189779,-0.6427876096865395,DB01
202011080400,105,10.1,0,0,-0.7660444431189779,-0.6427876096865395,DB01
202011080500,105,9.9,0,0,-0.7660444431189779,-0.6427876096865395,DB01
202011080600,105,9.7,0,0,-0.7660444431189779,-0.6427876096865395,DB01
202011080700,105,9.5,0,0,-0.7660444431189779,-0.6427876096865395,DB01
202011080800,105,10.5,0,0,-0.7660444431189779,-0.6427876096865395,DB01
202011080900,105,13.7,0,0,-0.7660444431189779,-0.6427876096865395,DB01
202011081000,105,15.2,0,0,-0.9396926207859083,0.342020143325669,DB01
202011081100,105,16.2,0,0,-0.6427876096865396,0.7660444431189778,DB01
202011081200,105,13.7,0,0,-0.3420201433256686,0.9396926207859084,DB01
202011081300,105,13.1,0,0,0.3420201433256687,0.9396926207859084,DB01
202011081400,105,14.2,0,0,0.766044443118978,0.6427876096865394,DB01
202011081500,105,13.8,0,0,-0.3420201433256686,0.9396926207859084,DB01
202011081600,105,13.9,0,0,0.9396926207859083,0.3420201433256688,DB01
202011081700,105,12.4,0,0,-0.9396926207859083,0.342020143325669,DB01
202011081800,105,10.4,0,0,0.6427876096865395,-0.7660444431189779,DB01
202011081900,105,10.9,0,0,-0.9396926207859084,-0.34202014332566855,DB01
202011082000,105,10.2,0,0,-0.9396926207859084,-0.34202014332566855,DB01
202011082100,105,9.3,0,0,-0.9396926207859084,-0.34202014332566855,DB01
202011082200,105,8.3,0,0,-0.34202014332566866,-0.9396926207859084,DB01
202011082300,105,7.5,0,0,-0.7660444431189779,-0.6427876096865395,DB01
202011090000,105,6.7,0,0,-0.9396926207859084,-0.34202014332566855,DB01
202011090100,105,6.3,0,0,-0.9396926207859084,-0.34202014332566855,DB01
202011090200,105,5.8,0,0,-0.9396926207859084,-0.34202014332566855,DB01
202011090300,105,5.2,0,0,-0.9396926207859084,-0.34202014332566855,DB01
202011090400,105,4.7,0,0,-0.7660444431189779,-0.6427876096865395,DB01
202011090500,105,4.4,0,0,-0.7660444431189779,-0.6427876096865395,DB01
202011090600,105,4.5,0,0,-0.7660444431189779,-0.6427876096865395,DB01
202011090700,105,4.4,0,0,-0.9396926207859084,-0.34202014332566855,DB01
202011090800,105,5.1,0,0,-0.9396926207859084,-0.34202014332566855,DB01
202011090900,105,7.0,0,0,-0.9396926207859084,-0.34202014332566855,DB01
202011091000,105,9.8,0,0,-0.9396926207859084,-0.34202014332566855,DB01
202011091100,105,11.4,0,0,-0.9396926207859084,-0.34202014332566855,DB01
202011091200,105,11.9,0,0,-0.6427876096865396,0.7660444431189778,DB01
202011091300,105,12.4,0,0,-0.6427876096865396,0.7660444431189778,DB01
202011091400,105,12.9,0,0,-0.6427876096865396,0.7660444431189778,DB01
202011091500,105,13.2,0,0,-0.6427876096865396,0.7660444431189778,DB01
202011091600,105,12.9,0,0,-0.9396926207859084,-0.34202014332566855,DB01
202011091700,105,11.4,0,0,-0.9396926207859084,-0.34202014332566855,DB01
202011091800,105,10.2,0,0,-0.9396926207859084,-0.34202014332566855,DB01
202011091900,105,9.0,0,0,1.2246467991473532e-16,-1.0,DB01
202011092000,105,8.1,0,0,0.3420201433256689,-0.9396926207859083,DB01
202011092100,105,7.0,0,0,-0.3420201433256686,0.9396926207859084,DB01
202011092200,105,6.1,0,0,0.6427876096865395,-0.7660444431189779,DB01
202011092300,105,7.3,0,0,-0.7660444431189779,-0.6427876096865395,DB02
202011100000,105,7.2,0,0,-0.9396926207859084,-0.34202014332566855,DB01
202011100100,105,6.0,0,0,-0.7660444431189779,-0.6427876096865395,DB01
202011100200,105,5.5,0,0,-0.7660444431189779,-0.6427876096865395,DB01
202011100300,105,5.5,0,0,-0.9396926207859084,-0.34202014332566855,DB01
202011100400,105,5.3,0,0,-0.7660444431189779,-0.6427876096865395,DB01
202011100500,105,4.6,0,0,-0.7660444431189779,-0.6427876096865395,DB01
202011100600,105,4.3,0,0,-0.7660444431189779,-0.6427876096865395,DB01
202011100700,105,4.1,0,0,-0.9396926207859084,-0.34202014332566855,DB01
202011100800,105,4.8,0,0,-0.9396926207859084,-0.34202014332566855,DB01
202011100900,105,7.5,0,0,-0.7660444431189779,-0.6427876096865395,DB01
202011101000,105,10.1,0,0,1.2246467991473532e-16,-1.0,DB01
202011101100,105,11.2,0,0,-0.7660444431189779,-0.6427876096865395,DB01
202011101200,105,12.3,0,0,1.0,6.123233995736766e-17,DB01
202011101300,105,12.1,0,0,0.766044443118978,0.6427876096865394,DB01
202011101400,105,12.9,0,0,0.9396926207859083,0.3420201433256688,DB01
202011101500,105,12.9,0,0,0.9396926207859083,0.3420201433256688,DB01
202011101600,105,12.3,0,0,1.0,6.123233995736766e-17,DB01
202011101700,105,11.2,0,0,0.9396926207859083,0.3420201433256688,DB01
202011101800,105,8.8,0,0,-0.7660444431189779,-0.6427876096865395,DB01
202011101900,105,6.9,0,0,-0.34202014332566866,-0.9396926207859084,DB01
202011102000,105,6.0,0,0,-0.7660444431189779,-0.6427876096865395,DB01
202011102100,105,5.7,0,0,-0.7660444431189779,-0.6427876096865395,DB01
202011102200,105,7.6,0,0,-0.7660444431189779,-0.6427876096865395,DB01
202011102300,105,7.6,0,0,-0.7660444431189779,-0.6427876096865395,DB01
202011110000,105,7.5,0,0,-0.9396926207859084,-0.34202014332566855,DB01
202011110100,105,7.7,0,0,-0.9396926207859084,-0.34202014332566855,DB01
202011110200,105,7.4,0,0,-0.7660444431189779,-0.6427876096865395,DB02
202011110300,105,7.5,0,0,-0.9396926207859084,-0.34202014332566855,DB01
202011110400,105,7.0,0,0,-0.9396926207859084,-0.34202014332566855,DB01
202011110500,105,6.8,0,0,-0.9396926207859084,-0.34202014332566855,DB01
202011110600,105,6.6,0,0,-0.9396926207859084,-0.34202014332566855,DB01
202011110700,105,6.5,0,0,-0.9396926207859084,-0.34202014332566855,DB01
202011110800,105,6.9,0,0,-0.9396926207859084,-0.34202014332566855,DB01
202011110900,105,9.0,0,0,-0.9396926207859084,-0.34202014332566855,DB01
202011111000,105,12.3,0,0,-0.7660444431189779,-0.6427876096865395,DB01
202011111100,105,15.0,0,0,0.9396926207859084,-0.3420201433256687,DB01
202011111200,105,15.8,0,0,0.9396926207859083,0.3420201433256688,DB01
202011111300,105,16.8,0,0,1.0,6.123233995736766e-17,DB01
202011111400,105,16.0,0,0,0.9396926207859083,0.3420201433256688,DB01
202011111500,105,16.5,0,0,1.0,6.123233995736766e-17,DB01
202011111600,105,16.1,0,0,0.9396926207859083,0.3420201433256688,DB01
202011111700,105,14.5,0,0,0.9396926207859084,-0.3420201433256687,DB01
202011111800,105,11.8,0,0,-0.7660444431189779,-0.6427876096865395,DB01
202011111900,105,10.2,0,0,-0.7660444431189779,-0.6427876096865395,DB01
202011112000,105,9.4,0,0,-0.7660444431189779,-0.6427876096865395,DB01
202011112100,105,8.2,0,0,1.2246467991473532e-16,-1.0,DB01
202011112200,105,8.0,0,0,-0.7660444431189779,-0.6427876096865395,DB01
202011112300,105,7.1,0,0,-0.34202014332566866,-0.9396926207859084,DB01
202011120000,105,6.6,0,0,1.2246467991473532e-16,-1.0,DB01
202011120100,105,6.5,0,0,-0.7660444431189779,-0.6427876096865395,DB01
202011120200,105,7.9,0,0,-0.9396926207859084,-0.34202014332566855,DB01
202011120300,105,9.3,0,0,-0.9396926207859084,-0.34202014332566855,DB01
202011120400,105,10.3,0,0,-0.9396926207859084,-0.34202014332566855,DB01
202011120500,105,10.0,0,0,-0.7660444431189779,-0.6427876096865395,DB02
202011120600,105,9.7,0,0,-0.9396926207859084,-0.34202014332566855,DB01
202011120700,105,9.6,0,0,-0.9396926207859084,-0.34202014332566855,DB01
202011120800,105,11.0,0,0,-0.7660444431189779,-0.6427876096865395,DB01
202011120900,105,13.7,0,0,-0.9396926207859084,-0.34202014332566855,DB01
202011121000,105,17.0,0,0,-0.7660444431189779,-0.6427876096865395,DB01
202011121100,105,19.0,0,0,-0.34202014332566866,-0.9396926207859084,DB01
202011121200,105,20.4,0,0,-0.34202014332566866,-0.9396926207859084,DB01
202011121300,105,21.1,0,0,-0.7660444431189779,-0.6427876096865395,DB01
202011121400,105,21.5,0,0,1.0,6.123233995736766e-17,DB01
202011121500,105,20.6,0,0,0.766044443118978,0.6427876096865394,DB01
202011121600,105,20.2,0,0,-0.6427876096865396,0.7660444431189778,DB01
202011121700,105,18.8,0,0,-0.9396926207859084,-0.34202014332566855,DB01
202011121800,105,17.4,0,0,-0.7660444431189779,-0.6427876096865395,DB01
202011121900,105,16.7,0,0,-0.7660444431189779,-0.6427876096865395,DB01
202011122000,105,16.2,0,0,-0.7660444431189779,-0.6427876096865395,DB01
202011122100,105,15.4,0,0,-0.7660444431189779,-0.6427876096865395,DB02
202011122200,105,15.2,0,0,-0.7660444431189779,-0.6427876096865395,DB03
202011122300,105,15.4,0,0,-0.7660444431189779,-0.6427876096865395,DB03
202011130000,105,15.4,0,0,-0.9396926207859084,-0.34202014332566855,DB03
202011130100,105,15.3,0,0,-0.7660444431189779,-0.6427876096865395,DB03
202011130200,105,15.4,0,0,-0.9396926207859084,-0.34202014332566855,DB03
202011130300,105,14.8,0,0,-0.7660444431189779,-0.6427876096865395,DB02
202011130400,105,14.7,0,0,-0.9396926207859084,-0.34202014332566855,DB03
202011130500,105,14.1,0,0,-0.9396926207859084,-0.34202014332566855,DB02
202011130600,105,13.1,0,0,-0.7660444431189779,-0.6427876096865395,DB01
202011130700,105,12.5,0,0,-0.9396926207859084,-0.34202014332566855,DB01
202011130800,105,12.5,0,0,-0.7660444431189779,-0.6427876096865395,DB01
202011130900,105,14.8,0,0,-0.7660444431189779,-0.6427876096865395,DB01
202011131000,105,17.0,0,0,-0.7660444431189779,-0.6427876096865395,DB01
202011131100,105,19.0,0,0,1.2246467991473532e-16,-1.0,DB01
202011131200,105,19.9,0,0,0.766044443118978,0.6427876096865394,DB01
202011131300,105,19.6,0,0,0.9396926207859083,0.3420201433256688,DB01
202011131400,105,19.0,0,0,0.9396926207859083,0.3420201433256688,DB01
202011131500,105,18.3,0,0,0.9396926207859083,0.3420201433256688,DB01
202011131600,105,16.8,0,0,0.3420201433256687,0.9396926207859084,DB01
202011131700,105,15.6,0,0,-0.3420201433256686,0.9396926207859084,DB01
202011131800,105,14.6,0,0,-0.9396926207859083,0.342020143325669,DB01
202011131900,105,12.4,0,0,-0.7660444431189779,-0.6427876096865395,DB01
202011132000,105,11.5,0,0,-0.7660444431189779,-0.6427876096865395,DB01
202011132100,105,10.7,0,0,-0.7660444431189779,-0.6427876096865395,DB01
202011132200,105,10.2,0,0,-0.7660444431189779,-0.6427876096865395,DB01
202011132300,105,10.1,0,0,-0.7660444431189779,-0.6427876096865395,DB01
202011140000,105,9.4,0,0,-0.7660444431189779,-0.6427876096865395,DB01
202011140100,105,9.3,0,0,-0.7660444431189779,-0.6427876096865395,DB01
202011140200,105,9.1,0,0,-0.7660444431189779,-0.6427876096865395,DB01
202011140300,105,8.5,0,0,-0.7660444431189779,-0.6427876096865395,DB01
202011140400,105,8.4,0,0,-0.7660444431189779,-0.6427876096865395,DB01
202011140500,105,8.3,0,0,-0.7660444431189779,-0.6427876096865395,DB01
202011140600,105,8.1,0,0,-0.9396926207859084,-0.34202014332566855,DB01
202011140700,105,8.6,0,0,-0.9396926207859084,-0.34202014332566855,DB02
202011140800,105,8.8,0,0,-0.7660444431189779,-0.6427876096865395,DB02
202011140900,105,10.0,0,0,-0.7660444431189779,-0.6427876096865395,DB04
202011141000,105,11.3,0,0,-0.7660444431189779,-0.6427876096865395,DB03
202011141100,105,13.5,0,0,0.0,1.0,DB03
202011141200,105,16.2,0,0,1.0,6.123233995736766e-17,DB03
202011141300,105,17.1,0,0,1.0,6.123233995736766e-17,DB01
202011141400,105,18.0,0,0,1.0,6.123233995736766e-17,DB01
202011141500,105,17.5,0,0,0.9396926207859084,-0.3420201433256687,DB01
202011141600,105,16.4,0,0,0.9396926207859084,-0.3420201433256687,DB01
202011141700,105,15.0,0,0,0.6427876096865395,-0.7660444431189779,DB02
202011141800,105,14.0,0,0,0.6427876096865395,-0.7660444431189779,DB01
202011141900,105,12.1,0,0,-0.9396926207859084,-0.34202014332566855,DB02
202011142000,105,11.1,0,0,-0.7660444431189779,-0.6427876096865395,DB02
202011142100,105,10.6,0,0,-0.7660444431189779,-0.6427876096865395,DB04
202011142200,105,9.4,0,0,1.2246467991473532e-16,-1.0,DB04
202011142300,105,9.1,0,0,-0.7660444431189779,-0.6427876096865395,DB01
202011150000,105,8.0,0,0,-0.34202014332566866,-0.9396926207859084,DB01
202011150100,105,9.3,0,0,-0.7660444431189779,-0.6427876096865395,DB02
202011150200,105,9.9,0,0,-0.7660444431189779,-0.6427876096865395,DB01
202011150300,105,9.5,0,0,-0.9396926207859084,-0.34202014332566855,DB01
202011150400,105,9.4,0,0,-0.9396926207859084,-0.34202014332566855,DB01
202011150500,105,10.3,0,0,-0.9396926207859084,-0.34202014332566855,DB03
202011150600,105,10.2,0,0,-0.7660444431189779,-0.6427876096865395,DB01
202011150700,105,10.4,0,0,-0.9396926207859084,-0.34202014332566855,DB02
202011150800,105,11.2,0,0,-0.7660444431189779,-0.6427876096865395,DB03
202011150900,105,14.1,0,0,-0.9396926207859084,-0.34202014332566855,DB03
202011151000,105,16.8,0,0,-0.7660444431189779,-0.6427876096865395,DB02
202011151100,105,18.2,0,0,-0.7660444431189779,-0.6427876096865395,DB02
202011151200,105,19.0,0,0,-0.7660444431189779,-0.6427876096865395,DB01
202011151300,105,20.3,0,0,-0.34202014332566866,-0.9396926207859084,DB02
202011151400,105,19.3,0,0,-0.7660444431189779,-0.6427876096865395,DB03
202011151500,105,18.8,0,0,-0.7660444431189779,-0.6427876096865395,DB03
202011151600,105,19.0,0,0,-0.7660444431189779,-0.6427876096865395,DB03
202011151700,105,17.5,0,0,-0.7660444431189779,-0.6427876096865395,DB01
202011151800,105,16.6,0,0,-0.7660444431189779,-0.6427876096865395,DB01
202011151900,105,16.2,0,0,-0.7660444431189779,-0.6427876096865395,DB01
202011152000,105,16.0,0,0,-0.7660444431189779,-0.6427876096865395,DB01
202011152100,105,15.8,0,0,-0.7660444431189779,-0.6427876096865395,DB01
202011152200,105,15.5,0,0,-0.7660444431189779,-0.6427876096865395,DB02
202011152300,105,15.2,0,0,-0.7660444431189779,-0.6427876096865395,DB01
202011160000,105,14.9,0,0,-0.7660444431189779,-0.6427876096865395,DB01
202011160100,105,14.5,0,0,-0.7660444431189779,-0.6427876096865395,DB03
202011160200,105,14.4,0,0,-0.7660444431189779,-0.6427876096865395,DB02
202011160300,105,14.1,0,0,-0.9396926207859084,-0.34202014332566855,DB02
202011160400,105,13.6,0,0,-0.7660444431189779,-0.6427876096865395,DB01
202011160500,105,13.1,0,0,-0.9396926207859084,-0.34202014332566855,DB01
202011160600,105,12.2,0,0,-0.9396926207859084,-0.34202014332566855,DB01
202011160700,105,11.7,0,0,-0.7660444431189779,-0.6427876096865395,DB01
202011160800,105,12.2,0,0,-0.9396926207859084,-0.34202014332566855,DB01
202011160900,105,13.7,0,0,-0.9396926207859084,-0.34202014332566855,DB01
202011161000,105,16.5,0,0,-0.9396926207859083,0.342020143325669,DB01
202011161100,105,17.4,0,0,-0.9396926207859083,0.342020143325669,DB01
202011161200,105,17.8,0,0,-0.6427876096865396,0.7660444431189778,DB01
202011161300,105,18.1,0,0,0.3420201433256687,0.9396926207859084,DB01
202011161400,105,17.8,0,0,0.0,1.0,DB01
202011161500,105,16.7,0,0,-0.3420201433256686,0.9396926207859084,DB03
202011161600,105,16.3,0,0,-0.3420201433256686,0.9396926207859084,DB02
202011161700,105,15.7,0,0,-0.6427876096865396,0.7660444431189778,DB03
202011161800,105,15.2,0,0,-0.6427876096865396,0.7660444431189778,DB04
202011161900,105,14.9,0,0,0.0,1.0,DB04
202011162000,105,14.5,0,0,0.0,1.0,DB04
202011162100,105,14.3,0,0,1.2246467991473532e-16,-1.0,DB04
202011162200,105,14.9,0,0,0.9396926207859084,-0.3420201433256687,DB04
202011162300,105,15.0,0,0,0.9396926207859084,-0.3420201433256687,DB04
202011170000,105,14.6,0,0,0.3420201433256689,-0.9396926207859083,DB04
202011170100,105,13.7,0,0,-0.7660444431189779,-0.6427876096865395,DB04
202011170200,105,13.5,0,0,-0.7660444431189779,-0.6427876096865395,DB04
202011170300,105,13.4,0,0,0.0,1.0,DB04
202011170400,105,13.1,0,0,-0.7660444431189779,-0.6427876096865395,DB04
202011170500,105,12.8,0,0,-0.9396926207859084,-0.34202014332566855,DB04
202011170600,105,12.0,0,0,-0.34202014332566866,-0.9396926207859084,DB03
202011170700,105,11.2,0,0,-0.7660444431189779,-0.6427876096865395,DB03
202011170800,105,11.1,0,0,-0.34202014332566866,-0.9396926207859084,DB02
202011170900,105,13.2,0,0,-0.7660444431189779,-0.6427876096865395,DB03
202011171000,105,14.8,0,0,0.0,1.0,DB04
202011171100,105,17.3,0,0,-0.3420201433256686,0.9396926207859084,DB04
202011171200,105,19.1,0,0,0.9396926207859084,-0.3420201433256687,DB03
202011171300,105,20.6,0,0,0.9396926207859083,0.3420201433256688,DB03
202011171400,105,20.9,0,0,1.0,6.123233995736766e-17,DB02
202011171500,105,20.7,0,0,1.0,6.123233995736766e-17,DB03
202011171600,105,19.5,0,0,-0.6427876096865396,0.7660444431189778,DB03
202011171700,105,18.4,0,0,-0.9396926207859083,0.342020143325669,DB03
202011171800,105,17.8,0,0,0.0,1.0,DB03
202011171900,105,16.3,0,0,0.0,1.0,DB03
202011172000,105,15.1,0,0,-0.34202014332566866,-0.9396926207859084,DB02
202011172100,105,14.1,0,0,-0.34202014332566866,-0.9396926207859084,DB02
202011172200,105,13.7,0,0,1.2246467991473532e-16,-1.0,DB03
202011172300,105,13.9,0,0,-0.7660444431189779,-0.6427876096865395,DB04
202011180000,105,14.0,0,0,0.0,1.0,DB03
202011180100,105,13.9,0,0,-0.34202014332566866,-0.9396926207859084,DB03
202011180200,105,13.9,0,0,-0.7660444431189779,-0.6427876096865395,DB04
202011180300,105,14.2,0,0,1.2246467991473532e-16,-1.0,DB03
202011180400,105,14.7,0,0,0.766044443118978,0.6427876096865394,DB04
202011180500,105,14.5,0,0,0.9396926207859084,-0.3420201433256687,DB04
202011180600,105,14.7,0,0,-0.34202014332566866,-0.9396926207859084,DB04
202011180700,105,14.6,0,0,1.2246467991473532e-16,-1.0,DB04
202011180800,105,15.5,0,0,0.9396926207859084,-0.3420201433256687,DB04
202011180900,105,17.6,0,0,0.0,1.0,DB03
202011181000,105,19.8,0,0,0.0,1.0,DB03
202011181100,105,21.6,0,0,-0.9396926207859084,-0.34202014332566855,DB03
202011181200,105,22.8,0,0,1.0,6.123233995736766e-17,DB03
202011181300,105,22.8,0,0,0.3420201433256689,-0.9396926207859083,DB04
202011181400,105,22.6,0,0,0.3420201433256689,-0.9396926207859083,DB04
202011181500,105,22.4,0,0,1.2246467991473532e-16,-1.0,DB04
202011181600,105,21.6,0,0,0.9396926207859084,-0.3420201433256687,DB04
202011181700,105,20.3,0,0,-0.7660444431189779,-0.6427876096865395,DB04
202011181800,105,20.9,0,0,-0.34202014332566866,-0.9396926207859084,DB04
202011181900,105,21.5,0,0,-0.34202014332566866,-0.9396926207859084,DB04
202011182000,105,18.4,0,0,-0.6427876096865396,0.7660444431189778,DB04
202011182100,105,17.7,0,0,-0.3420201433256686,0.9396926207859084,DB04
202011182200,105,17.7,0,0,0.3420201433256687,0.9396926207859084,DB03
202011182300,105,20.5,0,0,1.2246467991473532e-16,-1.0,DB04
202011190000,105,22.0,0,0,0.3420201433256689,-0.9396926207859083,DB04
202011190100,105,22.9,0,0,1.2246467991473532e-16,-1.0,DB03
202011190200,105,23.3,0,0,0.3420201433256689,-0.9396926207859083,DB03
202011190300,105,23.3,0,0,1.2246467991473532e-16,-1.0,DB03
202011190400,105,23.8,0,0,1.2246467991473532e-16,-1.0,DB03
202011190500,105,24.0,0,0,0.3420201433256689,-0.9396926207859083,DB02
202011190600,105,24.2,0,0,0.3420201433256689,-0.9396926207859083,DB04
202011190700,105,23.9,0,0,0.9396926207859084,-0.3420201433256687,DB03
202011190800,105,24.7,0,0,0.3420201433256689,-0.9396926207859083,DB03
202011190900,105,24.9,0,0,0.3420201433256689,-0.9396926207859083,DB04
202011191000,105,25.4,0,0,1.2246467991473532e-16,-1.0,DB04
202011191100,105,22.7,0,0,-0.6427876096865396,0.7660444431189778,DB04
202011191200,105,20.8,100,1,-0.34202014332566866,-0.9396926207859084,DB04
202011191300,105,19.9,0,0,1.2246467991473532e-16,-1.0,DB04
202011191400,105,20.7,0,0,1.2246467991473532e-16,-1.0,DB04
202011191500,105,22.4,100,1,-0.9396926207859084,-0.34202014332566855,DB03
202011191600,105,20.6,0,0,-0.9396926207859084,-0.34202014332566855,DB03
202011191700,105,19.2,0,0,-0.9396926207859084,-0.34202014332566855,DB03
202011191800,105,17.8,0,0,-0.7660444431189779,-0.6427876096865395,DB02
202011191900,105,16.4,0,0,-0.34202014332566866,-0.9396926207859084,DB04
202011192000,105,14.9,0,0,1.2246467991473532e-16,-1.0,DB03
202011192100,105,13.8,0,0,1.2246467991473532e-16,-1.0,DB04
202011192200,105,13.2,0,0,1.2246467991473532e-16,-1.0,DB04
202011192300,105,12.7,0,0,1.2246467991473532e-16,-1.0,DB04
202011200000,105,12.3,0,0,0.3420201433256689,-0.9396926207859083,DB03
202011200100,105,11.9,0,0,1.2246467991473532e-16,-1.0,DB03
202011200200,105,11.4,0,0,-0.34202014332566866,-0.9396926207859084,DB03
202011200300,105,11.0,0,0,-0.7660444431189779,-0.6427876096865395,DB03
202011200400,105,10.5,0,0,-0.9396926207859084,-0.34202014332566855,DB02
202011200500,105,10.2,0,0,-0.7660444431189779,-0.6427876096865395,DB02
202011200600,105,9.9,0,0,-0.7660444431189779,-0.6427876096865395,DB01
202011200700,105,9.3,0,0,-0.7660444431189779,-0.6427876096865395,DB01
202011200800,105,9.1,0,0,-0.7660444431189779,-0.6427876096865395,DB01
202011200900,105,9.4,0,0,-0.7660444431189779,-0.6427876096865395,DB01
202011201000,105,9.6,0,0,-0.7660444431189779,-0.6427876096865395,DB01
202011201100,105,9.4,0,0,-0.7660444431189779,-0.6427876096865395,DB01
202011201200,105,9.6,0,0,-0.7660444431189779,-0.6427876096865395,DB01
202011201300,105,9.7,0,0,-0.7660444431189779,-0.6427876096865395,DB01
202011201400,105,9.4,0,0,-0.9396926207859084,-0.34202014332566855,DB01
202011201500,105,9.1,0,0,-0.7660444431189779,-0.6427876096865395,DB01
202011201600,105,8.9,0,0,-0.7660444431189779,-0.6427876096865395,DB01
202011201700,105,7.3,0,0,-0.7660444431189779,-0.6427876096865395,DB01
202011201800,105,6.7,0,0,-0.9396926207859084,-0.34202014332566855,DB01
202011201900,105,6.3,0,0,-0.7660444431189779,-0.6427876096865395,DB02
202011202000,105,5.8,0,0,-0.9396926207859084,-0.34202014332566855,DB02
202011202100,105,5.3,0,0,-1.0,-1.8369701987210297e-16,DB01
202011202200,105,4.8,0,0,-0.7660444431189779,-0.6427876096865395,DB01
202011202300,105,4.4,0,0,-0.9396926207859084,-0.34202014332566855,DB01
202011210000,105,4.2,0,0,-0.9396926207859084,-0.34202014332566855,DB01
202011210100,105,3.7,0,0,-0.7660444431189779,-0.6427876096865395,DB01
202011210200,105,3.5,0,0,-0.9396926207859084,-0.34202014332566855,DB03
202011210300,105,3.8,0,0,-0.9396926207859084,-0.34202014332566855,DB04
202011210400,105,4.1,0,0,-0.9396926207859084,-0.34202014332566855,DB04
202011210500,105,4.8,0,0,-0.7660444431189779,-0.6427876096865395,DB04
202011210600,105,5.3,0,0,-1.0,-1.8369701987210297e-16,DB03
202011210700,105,4.8,0,0,-0.7660444431189779,-0.6427876096865395,DB02
202011210800,105,4.9,0,0,-0.7660444431189779,-0.6427876096865395,DB03
202011210900,105,6.3,0,0,-0.7660444431189779,-0.6427876096865395,DB04
202011211000,105,8.5,0,0,-0.34202014332566866,-0.9396926207859084,DB04
202011211100,105,9.8,0,0,-0.34202014332566866,-0.9396926207859084,DB04
202011211200,105,10.2,0,0,0.3420201433256689,-0.9396926207859083,DB04
202011211300,105,10.4,0,0,0.9396926207859084,-0.3420201433256687,DB04
202011211400,105,10.3,0,0,1.0,6.123233995736766e-17,DB04
202011211500,105,10.4,0,0,0.6427876096865395,-0.7660444431189779,DB04
202011211600,105,11.2,0,0,0.9396926207859084,-0.3420201433256687,DB03
202011211700,105,10.2,0,0,0.9396926207859084,-0.3420201433256687,DB04
202011211800,105,9.6,0,0,0.3420201433256689,-0.9396926207859083,DB03
202011211900,105,8.4,0,0,-0.7660444431189779,-0.6427876096865395,DB03
202011212000,105,7.8,0,0,-0.9396926207859084,-0.34202014332566855,DB04
202011212100,105,7.8,0,0,-0.7660444431189779,-0.6427876096865395,DB04
202011212200,105,7.9,0,0,-0.7660444431189779,-0.6427876096865395,DB04
202011212300,105,8.0,0,0,0.0,1.0,DB04
202011220000,105,8.6,0,0,-0.9396926207859084,-0.34202014332566855,DB04
202011220100,105,9.3,0,0,-0.7660444431189779,-0.6427876096865395,DB04
202011220200,105,9.5,0,0,-0.34202014332566866,-0.9396926207859084,DB04
202011220300,105,9.5,0,0,1.2246467991473532e-16,-1.0,DB04
202011220400,105,9.7,0,0,-0.34202014332566866,-0.9396926207859084,DB04
202011220500,105,11.0,0,0,-1.0,-1.8369701987210297e-16,DB04
202011220600,105,11.0,0,0,-0.7660444431189779,-0.6427876096865395,DB04
202011220700,105,10.6,0,0,-0.9396926207859084,-0.34202014332566855,DB04
202011220800,105,10.5,0,0,-0.7660444431189779,-0.6427876096865395,DB04
202011220900,105,10.6,0,0,-0.7660444431189779,-0.6427876096865395,DB04
202011221000,105,10.9,0,0,-0.9396926207859084,-0.34202014332566855,DB04
202011221100,105,11.6,0,0,-0.9396926207859084,-0.34202014332566855,DB04
202011221200,105,11.4,0,0,-0.7660444431189779,-0.6427876096865395,DB04
202011221300,105,10.4,0,0,-0.9396926207859084,-0.34202014332566855,DB04
202011221400,105,10.3,0,0,-0.7660444431189779,-0.6427876096865395,DB04
202011221500,105,11.0,0,0,-0.7660444431189779,-0.6427876096865395,DB04
202011221600,105,11.3,0,0,-0.9396926207859084,-0.34202014332566855,DB04
202011221700,105,10.0,0,0,-0.7660444431189779,-0.6427876096865395,DB03
202011221800,105,9.0,0,0,-0.7660444431189779,-0.6427876096865395,DB03
202011221900,105,8.4,0,0,-0.9396926207859084,-0.34202014332566855,DB03
202011222000,105,8.0,0,0,-0.9396926207859084,-0.34202014332566855,DB02
202011222100,105,8.1,0,0,-0.7660444431189779,-0.6427876096865395,DB03
202011222200,105,7.9,0,0,-0.7660444431189779,-0.6427876096865395,DB01
202011222300,105,7.3,0,0,-0.9396926207859083,0.342020143325669,DB01
202011230000,105,6.9,0,0,-0.34202014332566866,-0.9396926207859084,DB01
202011230100,105,6.6,0,0,-0.9396926207859084,-0.34202014332566855,DB03
202011230200,105,6.0,0,0,-0.9396926207859084,-0.34202014332566855,DB02
202011230300,105,5.3,0,0,-0.9396926207859084,-0.34202014332566855,DB01
202011230400,105,4.7,0,0,-0.7660444431189779,-0.6427876096865395,DB01
202011230500,105,4.3,0,0,-0.7660444431189779,-0.6427876096865395,DB01
202011230600,105,3.9,0,0,-0.7660444431189779,-0.6427876096865395,DB01
202011230700,105,3.4,0,0,-0.7660444431189779,-0.6427876096865395,DB01
202011230800,105,4.2,0,0,-0.7660444431189779,-0.6427876096865395,DB01
202011230900,105,5.7,0,0,-0.7660444431189779,-0.6427876096865395,DB01
202011231000,105,7.2,0,0,-0.7660444431189779,-0.6427876096865395,DB01
202011231100,105,9.3,0,0,-0.9396926207859084,-0.34202014332566855,DB01
202011231200,105,10.3,0,0,-1.0,-1.8369701987210297e-16,DB01
202011231300,105,10.4,0,0,0.766044443118978,0.6427876096865394,DB01
202011231400,105,10.4,0,0,0.3420201433256687,0.9396926207859084,DB01
202011231500,105,11.5,0,0,1.0,6.123233995736766e-17,DB01
202011231600,105,9.9,0,0,-0.7660444431189779,-0.6427876096865395,DB01
202011231700,105,7.9,0,0,-0.7660444431189779,-0.6427876096865395,DB01
202011231800,105,6.8,0,0,-0.7660444431189779,-0.6427876096865395,DB01
202011231900,105,6.3,0,0,-0.7660444431189779,-0.6427876096865395,DB01
202011232000,105,6.0,0,0,-0.7660444431189779,-0.6427876096865395,DB01
202011232100,105,5.5,0,0,-0.7660444431189779,-0.6427876096865395,DB01
202011232200,105,5.3,0,0,-0.7660444431189779,-0.6427876096865395,DB01
202011232300,105,5.1,0,0,-0.7660444431189779,-0.6427876096865395,DB01
202011240000,105,4.8,0,0,-0.7660444431189779,-0.6427876096865395,DB01
202011240100,105,4.4,0,0,-0.7660444431189779,-0.6427876096865395,DB01
202011240200,105,4.1,0,0,-0.9396926207859084,-0.34202014332566855,DB02
202011240300,105,4.3,0,0,-0.9396926207859084,-0.34202014332566855,DB04
202011240400,105,4.1,0,0,-0.9396926207859084,-0.34202014332566855,DB03
202011240500,105,3.9,0,0,-0.9396926207859084,-0.34202014332566855,DB03
202011240600,105,3.9,0,0,-0.9396926207859084,-0.34202014332566855,DB03
202011240700,105,4.1,0,0,-0.7660444431189779,-0.6427876096865395,DB04
202011240800,105,4.6,0,0,-0.9396926207859084,-0.34202014332566855,DB04
202011240900,105,5.3,0,0,-0.9396926207859084,-0.34202014332566855,DB04
202011241000,105,6.0,0,0,-0.9396926207859084,-0.34202014332566855,DB04
202011241100,105,9.7,0,0,-0.7660444431189779,-0.6427876096865395,DB03
202011241200,105,10.0,0,0,0.766044443118978,0.6427876096865394,DB04
202011241300,105,9.9,0,0,-0.6427876096865396,0.7660444431189778,DB04
202011241400,105,9.9,0,0,0.9396926207859084,-0.3420201433256687,DB04
202011241500,105,9.9,0,0,0.0,1.0,DB04
202011241600,105,9.6,0,0,-0.3420201433256686,0.9396926207859084,DB04
202011241700,105,9.2,0,0,-0.3420201433256686,0.9396926207859084,DB03
202011241800,105,8.7,0,0,-0.7660444431189779,-0.6427876096865395,DB03
202011241900,105,7.5,0,0,-0.34202014332566866,-0.9396926207859084,DB03
202011242000,105,6.1,0,0,-0.7660444431189779,-0.6427876096865395,DB01
202011242100,105,5.3,0,0,-0.9396926207859084,-0.34202014332566855,DB01
202011242200,105,4.4,0,0,-0.7660444431189779,-0.6427876096865395,DB01
202011242300,105,4.2,0,0,-0.9396926207859084,-0.34202014332566855,DB02
202011250000,105,4.5,0,0,-0.7660444431189779,-0.6427876096865395,DB02
202011250100,105,4.6,0,0,-0.9396926207859084,-0.34202014332566855,DB02
202011250200,105,4.8,0,0,-0.7660444431189779,-0.6427876096865395,DB03
202011250300,105,4.7,0,0,-0.7660444431189779,-0.6427876096865395,DB03
202011250400,105,4.0,0,0,-0.34202014332566866,-0.9396926207859084,DB03
202011250500,105,4.7,0,0,-0.34202014332566866,-0.9396926207859084,DB02
202011250600,105,6.0,0,0,-0.7660444431189779,-0.6427876096865395,DB03
202011250700,105,5.9,0,0,-0.7660444431189779,-0.6427876096865395,DB03
202011250800,105,6.8,0,0,-0.34202014332566866,-0.9396926207859084,DB03
202011250900,105,7.8,0,0,-0.9396926207859084,-0.34202014332566855,DB03
202011251000,105,9.6,0,0,-0.7660444431189779,-0.6427876096865395,DB03
202011251100,105,11.4,0,0,-0.7660444431189779,-0.6427876096865395,DB01
202011251200,105,12.7,0,0,-0.7660444431189779,-0.6427876096865395,DB01
202011251300,105,12.9,0,0,-0.7660444431189779,-0.6427876096865395,DB01
202011251400,105,11.7,0,0,-0.7660444431189779,-0.6427876096865395,DB01
202011251500,105,11.5,0,0,-0.7660444431189779,-0.6427876096865395,DB01
202011251600,105,11.0,0,0,-0.7660444431189779,-0.6427876096865395,DB01
202011251700,105,9.3,0,0,-0.7660444431189779,-0.6427876096865395,DB01
202011251800,105,8.5,0,0,-0.7660444431189779,-0.6427876096865395,DB01
202011251900,105,8.2,0,0,-0.7660444431189779,-0.6427876096865395,DB01
202011252000,105,8.2,0,0,-0.7660444431189779,-0.6427876096865395,DB01
202011252100,105,7.9,0,0,-0.7660444431189779,-0.6427876096865395,DB01
202011252200,105,7.5,0,0,-0.7660444431189779,-0.6427876096865395,DB01
202011252300,105,7.1,0,0,-0.7660444431189779,-0.6427876096865395,DB01
202011260000,105,6.9,0,0,-0.7660444431189779,-0.6427876096865395,DB02
202011260100,105,6.8,0,0,-0.7660444431189779,-0.6427876096865395,DB02
202011260200,105,6.4,0,0,-0.7660444431189779,-0.6427876096865395,DB02
202011260300,105,6.2,0,0,-0.7660444431189779,-0.6427876096865395,DB03
202011260400,105,5.9,0,0,-0.7660444431189779,-0.6427876096865395,DB03
202011260500,105,5.9,0,0,-0.9396926207859084,-0.34202014332566855,DB03
202011260600,105,5.4,0,0,-0.9396926207859084,-0.34202014332566855,DB03
202011260700,105,5.1,0,0,-0.9396926207859084,-0.34202014332566855,DB03
202011260800,105,5.1,0,0,-0.7660444431189779,-0.6427876096865395,DB04
202011260900,105,5.8,0,0,-0.9396926207859084,-0.34202014332566855,DB03
202011261000,105,8.9,0,0,-0.7660444431189779,-0.6427876096865395,DB02
202011261100,105,11.1,0,0,0.6427876096865395,-0.7660444431189779,DB03
202011261200,105,11.7,0,0,0.766044443118978,0.6427876096865394,DB01
202011261300,105,11.9,0,0,0.766044443118978,0.6427876096865394,DB03
202011261400,105,12.0,0,0,0.3420201433256687,0.9396926207859084,DB02
202011261500,105,11.5,0,0,-0.3420201433256686,0.9396926207859084,DB02
202011261600,105,10.9,0,0,-0.6427876096865396,0.7660444431189778,DB02
202011261700,105,10.0,0,0,-0.6427876096865396,0.7660444431189778,DB02
202011261800,105,8.9,0,0,-0.9396926207859083,0.342020143325669,DB03
202011261900,105,7.8,0,0,-0.7660444431189779,-0.6427876096865395,DB03
202011262000,105,6.9,0,0,-0.9396926207859083,0.342020143325669,DB02
202011262100,105,5.8,0,0,-0.7660444431189779,-0.6427876096865395,DB03
202011262200,105,5.9,0,0,-0.7660444431189779,-0.6427876096865395,DB02
202011262300,105,6.1,0,0,-0.7660444431189779,-0.6427876096865395,DB02
202011270000,105,6.0,0,0,-0.7660444431189779,-0.6427876096865395,DB02
202011270100,105,6.2,0,0,-0.7660444431189779,-0.6427876096865395,DB03
202011270200,105,6.6,0,0,-0.7660444431189779,-0.6427876096865395,DB03
202011270300,105,6.0,0,0,-0.7660444431189779,-0.6427876096865395,DB03
202011270400,105,6.5,0,0,0.6427876096865395,-0.7660444431189779,DB03
202011270500,105,6.2,0,0,0.0,1.0,DB04
202011270600,105,5.9,0,0,-0.34202014332566866,-0.9396926207859084,DB04
202011270700,105,8.3,0,0,-0.9396926207859084,-0.34202014332566855,DB04
202011270800,105,8.7,0,0,-1.0,-1.8369701987210297e-16,DB04
202011270900,105,8.6,0,0,-0.7660444431189779,-0.6427876096865395,DB04
202011271000,105,8.9,0,0,-0.9396926207859084,-0.34202014332566855,DB04
202011271100,105,8.7,0,0,-0.7660444431189779,-0.6427876096865395,DB04
202011271200,105,9.6,0,0,-0.9396926207859084,-0.34202014332566855,DB04
202011271300,105,10.0,0,0,-0.7660444431189779,-0.6427876096865395,DB03
202011271400,105,10.3,0,0,-0.7660444431189779,-0.6427876096865395,DB01
202011271500,105,10.0,0,0,-0.7660444431189779,-0.6427876096865395,DB01
202011271600,105,8.9,0,0,-0.9396926207859084,-0.34202014332566855,DB02
202011271700,105,7.8,0,0,-0.9396926207859084,-0.34202014332566855,DB01
202011271800,105,7.0,0,0,-1.0,-1.8369701987210297e-16,DB03
202011271900,105,7.3,0,0,-0.6427876096865396,0.7660444431189778,DB04
202011272000,105,7.0,0,0,-0.6427876096865396,0.7660444431189778,DB04
202011272100,105,6.7,0,0,-0.7660444431189779,-0.6427876096865395,DB04
202011272200,105,6.1,0,0,-0.9396926207859084,-0.34202014332566855,DB03
202011272300,105,4.8,0,0,-0.9396926207859084,-0.34202014332566855,DB03
202011280000,105,4.2,0,0,-0.7660444431189779,-0.6427876096865395,DB01
202011280100,105,4.0,0,0,-0.7660444431189779,-0.6427876096865395,DB02
202011280200,105,3.6,0,0,-0.9396926207859084,-0.34202014332566855,DB02
202011280300,105,3.2,0,0,-0.7660444431189779,-0.6427876096865395,DB02
202011280400,105,2.6,0,0,-0.7660444431189779,-0.6427876096865395,DB02
202011280500,105,2.4,0,0,-0.7660444431189779,-0.6427876096865395,DB01
202011280600,105,2.1,0,0,-0.9396926207859084,-0.34202014332566855,DB02
202011280700,105,1.8,0,0,-0.7660444431189779,-0.6427876096865395,DB01
202011280800,105,2.0,0,0,-0.7660444431189779,-0.6427876096865395,DB01
202011280900,105,3.0,0,0,-0.7660444431189779,-0.6427876096865395,DB01
202011281000,105,4.4,0,0,-0.7660444431189779,-0.6427876096865395,DB01
202011281100,105,6.4,0,0,-0.7660444431189779,-0.6427876096865395,DB01
202011281200,105,7.6,0,0,0.6427876096865395,-0.7660444431189779,DB01
202011281300,105,7.8,0,0,-0.34202014332566866,-0.9396926207859084,DB01
202011281400,105,8.0,0,0,1.2246467991473532e-16,-1.0,DB01
202011281500,105,7.7,0,0,-0.34202014332566866,-0.9396926207859084,DB01
202011281600,105,7.2,0,0,-0.34202014332566866,-0.9396926207859084,DB01
202011281700,105,5.5,0,0,-0.7660444431189779,-0.6427876096865395,DB01
202011281800,105,4.2,0,0,-0.9396926207859083,0.342020143325669,DB02
202011281900,105,3.2,0,0,-0.34202014332566866,-0.9396926207859084,DB02
202011282000,105,3.2,0,0,-0.34202014332566866,-0.9396926207859084,DB04
202011282100,105,2.7,0,0,-0.7660444431189779,-0.6427876096865395,DB04
202011282200,105,2.1,0,0,-0.34202014332566866,-0.9396926207859084,DB02
202011282300,105,1.8,0,0,-0.7660444431189779,-0.6427876096865395,DB03
202011290000,105,1.6,0,0,-0.7660444431189779,-0.6427876096865395,DB03
202011290100,105,1.3,0,0,-0.34202014332566866,-0.9396926207859084,DB03
202011290200,105,1.3,0,0,-0.34202014332566866,-0.9396926207859084,DB03
202011290300,105,1.4,0,0,-0.34202014332566866,-0.9396926207859084,DB03
202011290400,105,1.1,0,0,-0.7660444431189779,-0.6427876096865395,DB02
202011290500,105,1.1,0,0,-0.7660444431189779,-0.6427876096865395,DB02
202011290600,105,1.1,0,0,-0.7660444431189779,-0.6427876096865395,DB03
202011290700,105,0.7,0,0,-0.9396926207859084,-0.34202014332566855,DB01
202011290800,105,1.0,0,0,-0.7660444431189779,-0.6427876096865395,DB01
202011290900,105,2.2,0,0,-0.7660444431189779,-0.6427876096865395,DB01
202011291000,105,3.4,0,0,-0.7660444431189779,-0.6427876096865395,DB01
202011291100,105,4.8,0,0,-0.7660444431189779,-0.6427876096865395,DB01
202011291200,105,6.4,0,0,-0.7660444431189779,-0.6427876096865395,DB01
202011291300,105,7.1,0,0,-0.7660444431189779,-0.6427876096865395,DB01
202011291400,105,6.6,0,0,-0.7660444431189779,-0.6427876096865395,DB01
202011291500,105,5.9,0,0,-0.34202014332566866,-0.9396926207859084,DB01
202011291600,105,5.1,0,0,-0.7660444431189779,-0.6427876096865395,DB01
202011291700,105,4.1,0,0,-0.7660444431189779,-0.6427876096865395,DB01
202011291800,105,3.4,0,0,-0.7660444431189779,-0.6427876096865395,DB01
202011291900,105,2.8,0,0,-0.34202014332566866,-0.9396926207859084,DB01
202011292000,105,2.5,0,0,-0.34202014332566866,-0.9396926207859084,DB01
202011292100,105,2.2,0,0,-0.7660444431189779,-0.6427876096865395,DB01
202011292200,105,2.0,0,0,-0.7660444431189779,-0.6427876096865395,DB01
202011292300,105,1.8,0,0,-0.7660444431189779,-0.6427876096865395,DB01
202011300000,105,1.3,0,0,-0.7660444431189779,-0.6427876096865395,DB01
202011300100,105,1.2,0,0,-0.7660444431189779,-0.6427876096865395,DB01
202011300200,105,1.0,0,0,-0.7660444431189779,-0.6427876096865395,DB01
202011300300,105,0.8,0,0,-0.7660444431189779,-0.6427876096865395,DB01
202011300400,105,0.5,0,0,-0.7660444431189779,-0.6427876096865395,DB01
202011300500,105,0.1,0,0,-0.7660444431189779,-0.6427876096865395,DB01
202011300600,105,0.0,0,0,-0.7660444431189779,-0.6427876096865395,DB01
202011300700,105,0.1,0,0,-0.9396926207859084,-0.34202014332566855,DB01
202011300800,105,0.8,0,0,-0.9396926207859084,-0.34202014332566855,DB01
202011300900,105,1.9,0,0,-0.7660444431189779,-0.6427876096865395,DB01
202011301000,105,3.6,0,0,-0.34202014332566866,-0.9396926207859084,DB01
202011301100,105,5.5,0,0,-0.7660444431189779,-0.6427876096865395,DB01
202011301200,105,7.6,0,0,-0.34202014332566866,-0.9396926207859084,DB01
202011301300,105,8.3,0,0,-0.34202014332566866,-0.9396926207859084,DB01
202011301400,105,9.1,0,0,-0.7660444431189779,-0.6427876096865395,DB01
202011301500,105,8.9,0,0,-0.7660444431189779,-0.6427876096865395,DB01
202011301600,105,7.5,0,0,-0.7660444431189779,-0.6427876096865395,DB01
202011301700,105,5.5,0,0,-0.7660444431189779,-0.6427876096865395,DB01
202011301800,105,4.6,0,0,-0.9396926207859084,-0.34202014332566855,DB01
202011301900,105,3.9,0,0,-0.9396926207859084,-0.34202014332566855,DB01
202011302000,105,3.5,0,0,-0.7660444431189779,-0.6427876096865395,DB01
202011302100,105,3.4,0,0,-0.7660444431189779,-0.6427876096865395,DB01
202011302200,105,2.8,0,0,-0.7660444431189779,-0.6427876096865395,DB01
202011302300,105,2.4,0,0,-0.7660444431189779,-0.6427876096865395,DB01
202012010000,105,1.9,0,0,-0.7660444431189779,-0.6427876096865395,DB01
202012010100,105,1.4,0,0,-0.7660444431189779,-0.6427876096865395,DB01
202012010200,105,0.9,0,0,-0.7660444431189779,-0.6427876096865395,DB01
202012010300,105,0.5,0,0,-0.7660444431189779,-0.6427876096865395,DB01
202012010400,105,0.4,0,0,-0.9396926207859084,-0.34202014332566855,DB02
202012010500,105,0.2,0,0,-0.9396926207859084,-0.34202014332566855,DB03
202012010600,105,-0.1,0,0,-0.7660444431189779,-0.6427876096865395,DB01
202012010700,105,-0.2,0,0,-0.7660444431189779,-0.6427876096865395,DB01
202012010800,105,0.1,0,0,-0.9396926207859084,-0.34202014332566855,DB01
202012010900,105,2.0,0,0,-0.7660444431189779,-0.6427876096865395,DB01
202012011000,105,4.6,0,0,-0.9396926207859084,-0.34202014332566855,DB01
202012011100,105,6.8,0,0,0.6427876096865395,-0.7660444431189779,DB01
202012011200,105,7.8,0,0,0.9396926207859084,-0.3420201433256687,DB01
202012011300,105,7.7,0,0,0.3420201433256687,0.9396926207859084,DB01
202012011400,105,7.9,0,0,0.766044443118978,0.6427876096865394,DB01
202012011500,105,7.7,0,0,0.766044443118978,0.6427876096865394,DB01
202012011600,105,6.7,0,0,0.9396926207859083,0.3420201433256688,DB02
202012011700,105,5.7,0,0,-0.3420201433256686,0.9396926207859084,DB02
202012011800,105,4.3,0,0,-0.7660444431189779,-0.6427876096865395,DB02
202012011900,105,3.0,0,0,-0.34202014332566866,-0.9396926207859084,DB02
202012012000,105,2.7,0,0,-0.7660444431189779,-0.6427876096865395,DB03
202012012100,105,2.4,0,0,-0.7660444431189779,-0.6427876096865395,DB02
202012012200,105,2.2,0,0,-0.34202014332566866,-0.9396926207859084,DB04
202012012300,105,2.2,0,0,-0.7660444431189779,-0.6427876096865395,DB04
202012020000,105,1.9,0,0,-0.9396926207859084,-0.34202014332566855,DB02
202012020100,105,2.0,0,0,-0.7660444431189779,-0.6427876096865395,DB03
202012020200,105,2.2,0,0,-0.7660444431189779,-0.6427876096865395,DB04
202012020300,105,2.0,0,0,0.0,1.0,DB04
202012020400,105,2.7,0,0,-0.7660444431189779,-0.6427876096865395,DB03
202012020500,105,2.9,0,0,0.0,1.0,DB04
202012020600,105,3.4,0,0,-0.7660444431189779,-0.6427876096865395,DB04
202012020700,105,3.6,0,0,-0.7660444431189779,-0.6427876096865395,DB04
202012020800,105,4.3,0,0,-0.9396926207859084,-0.34202014332566855,DB04
202012020900,105,4.8,0,0,-0.7660444431189779,-0.6427876096865395,DB04
202012021000,105,5.9,0,0,-0.7660444431189779,-0.6427876096865395,DB04
202012021100,105,5.0,0,0,-0.9396926207859084,-0.34202014332566855,DB04
202012021200,105,4.4,0,0,1.2246467991473532e-16,-1.0,DB04
202012021300,105,6.4,0,0,1.2246467991473532e-16,-1.0,DB04
202012021400,105,8.5,0,0,0.6427876096865395,-0.7660444431189779,DB03
202012021500,105,9.1,0,0,1.0,6.123233995736766e-17,DB03
202012021600,105,8.5,0,0,0.9396926207859083,0.3420201433256688,DB02
202012021700,105,6.9,0,0,1.2246467991473532e-16,-1.0,DB02
202012021800,105,5.6,0,0,-0.9396926207859084,-0.34202014332566855,DB02
202012021900,105,4.8,0,0,-0.7660444431189779,-0.6427876096865395,DB02
202012022000,105,4.0,0,0,-0.7660444431189779,-0.6427876096865395,DB01
202012022100,105,4.3,0,0,-0.9396926207859084,-0.34202014332566855,DB02
202012022200,105,4.4,0,0,-0.9396926207859084,-0.34202014332566855,DB02
202012022300,105,4.5,0,0,-0.7660444431189779,-0.6427876096865395,DB02
202012030000,105,4.3,0,0,-0.34202014332566866,-0.9396926207859084,DB02
202012030100,105,4.0,0,0,-0.7660444431189779,-0.6427876096865395,DB03
202012030200,105,4.0,0,0,-0.7660444431189779,-0.6427876096865395,DB03
202012030300,105,4.1,0,0,-1.0,-1.8369701987210297e-16,DB04
202012030400,105,4.2,0,0,-0.9396926207859084,-0.34202014332566855,DB04
202012030500,105,4.1,0,0,-0.9396926207859084,-0.34202014332566855,DB03
202012030600,105,3.6,0,0,-0.7660444431189779,-0.6427876096865395,DB03
202012030700,105,2.3,0,0,-1.0,-1.8369701987210297e-16,DB02
202012030800,105,2.2,0,0,-0.7660444431189779,-0.6427876096865395,DB01
202012030900,105,4.5,0,0,-0.7660444431189779,-0.6427876096865395,DB01
202012031000,105,6.4,0,0,-0.9396926207859084,-0.34202014332566855,DB01
202012031100,105,7.9,0,0,-0.34202014332566866,-0.9396926207859084,DB01
202012031200,105,8.9,0,0,0.6427876096865395,-0.7660444431189779,DB01
202012031300,105,8.5,0,0,-0.6427876096865396,0.7660444431189778,DB01
202012031400,105,8.7,0,0,-0.6427876096865396,0.7660444431189778,DB01
202012031500,105,9.2,0,0,0.0,1.0,DB01
202012031600,105,7.7,0,0,-0.7660444431189779,-0.6427876096865395,DB01
202012031700,105,5.8,0,0,-0.9396926207859084,-0.34202014332566855,DB01
202012031800,105,4.8,0,0,-0.7660444431189779,-0.6427876096865395,DB01
202012031900,105,3.9,0,0,-0.9396926207859084,-0.34202014332566855,DB01
202012032000,105,3.6,0,0,-0.7660444431189779,-0.6427876096865395,DB01
202012032100,105,3.3,0,0,-0.7660444431189779,-0.6427876096865395,DB02
202012032200,105,2.7,0,0,-0.7660444431189779,-0.6427876096865395,DB01
202012032300,105,2.3,0,0,-0.7660444431189779,-0.6427876096865395,DB01
202012040000,105,1.8,0,0,-0.7660444431189779,-0.6427876096865395,DB01
202012040100,105,1.4,0,0,-0.7660444431189779,-0.6427876096865395,DB01
202012040200,105,1.0,0,0,-0.9396926207859084,-0.34202014332566855,DB01
202012040300,105,0.6,0,0,-0.7660444431189779,-0.6427876096865395,DB01
202012040400,105,0.3,0,0,-0.7660444431189779,-0.6427876096865395,DB01
202012040500,105,0.2,0,0,-0.7660444431189779,-0.6427876096865395,DB01
202012040600,105,0.1,0,0,-0.7660444431189779,-0.6427876096865395,DB01
202012040700,105,0.0,0,0,-0.9396926207859084,-0.34202014332566855,DB01
202012040800,105,0.3,0,0,-0.7660444431189779,-0.6427876096865395,DB01
202012040900,105,1.5,0,0,-0.7660444431189779,-0.6427876096865395,DB02
202012041000,105,3.7,0,0,-0.7660444431189779,-0.6427876096865395,DB01
202012041100,105,5.7,0,0,-0.7660444431189779,-0.6427876096865395,DB01
202012041200,105,7.6,0,0,-0.7660444431189779,-0.6427876096865395,DB03
202012041300,105,9.0,0,0,-0.7660444431189779,-0.6427876096865395,DB01
202012041400,105,9.2,0,0,-0.7660444431189779,-0.6427876096865395,DB01
202012041500,105,9.1,0,0,-0.3420201433256686,0.9396926207859084,DB01
202012041600,105,8.9,0,0,-0.9396926207859084,-0.34202014332566855,DB01
202012041700,105,6.3,0,0,-0.7660444431189779,-0.6427876096865395,DB01
202012041800,105,4.8,0,0,-0.7660444431189779,-0.6427876096865395,DB01
202012041900,105,3.8,0,0,-0.7660444431189779,-0.6427876096865395,DB01
202012042000,105,3.2,0,0,-0.9396926207859084,-0.34202014332566855,DB01
202012042100,105,2.9,0,0,-0.34202014332566866,-0.9396926207859084,DB01
202012042200,105,2.8,0,0,-0.34202014332566866,-0.9396926207859084,DB01
202012042300,105,2.5,0,0,-0.7660444431189779,-0.6427876096865395,DB01
202012050000,105,2.3,0,0,-0.7660444431189779,-0.6427876096865395,DB01
202012050100,105,2.3,0,0,-0.7660444431189779,-0.6427876096865395,DB01
202012050200,105,2.2,0,0,-0.34202014332566866,-0.9396926207859084,DB01
202012050300,105,2.0,0,0,-0.34202014332566866,-0.9396926207859084,DB01
202012050400,105,1.9,0,0,-0.9396926207859084,-0.34202014332566855,DB01
202012050500,105,2.4,0,0,-0.9396926207859084,-0.34202014332566855,DB01
202012050600,105,2.3,0,0,-0.9396926207859084,-0.34202014332566855,DB01
202012050700,105,2.7,0,0,-0.9396926207859084,-0.34202014332566855,DB01
202012050800,105,3.1,0,0,-0.7660444431189779,-0.6427876096865395,DB01
202012050900,105,4.9,0,0,-0.7660444431189779,-0.6427876096865395,DB01
202012051000,105,6.7,0,0,-0.34202014332566866,-0.9396926207859084,DB01
202012051100,105,8.3,0,0,-0.9396926207859084,-0.34202014332566855,DB01
202012051200,105,8.8,0,0,-0.7660444431189779,-0.6427876096865395,DB01
202012051300,105,9.4,0,0,-0.34202014332566866,-0.9396926207859084,DB01
202012051400,105,10.0,0,0,-0.7660444431189779,-0.6427876096865395,DB01
202012051500,105,8.2,0,0,-0.7660444431189779,-0.6427876096865395,DB03
202012051600,105,7.3,0,0,-0.7660444431189779,-0.6427876096865395,DB03
202012051700,105,6.7,0,0,-0.7660444431189779,-0.6427876096865395,DB03
202012051800,105,5.9,0,0,-0.7660444431189779,-0.6427876096865395,DB02
202012051900,105,5.4,0,0,-0.7660444431189779,-0.6427876096865395,DB03
202012052000,105,5.1,0,0,-0.7660444431189779,-0.6427876096865395,DB03
202012052100,105,4.9,0,0,-0.7660444431189779,-0.6427876096865395,DB02
202012052200,105,4.7,0,0,-0.7660444431189779,-0.6427876096865395,DB01
202012052300,105,4.4,0,0,-0.7660444431189779,-0.6427876096865395,DB01
202012060000,105,4.2,0,0,-0.9396926207859084,-0.34202014332566855,DB01
202012060100,105,3.9,0,0,-0.7660444431189779,-0.6427876096865395,DB01
202012060200,105,3.8,0,0,-0.7660444431189779,-0.6427876096865395,DB01
202012060300,105,3.6,0,0,-0.7660444431189779,-0.6427876096865395,DB01
202012060400,105,3.1,0,0,-0.9396926207859084,-0.34202014332566855,DB01
202012060500,105,2.6,0,0,-0.9396926207859084,-0.34202014332566855,DB01
202012060600,105,1.2,0,0,0.0,1.0,DB01
202012060700,105,-0.2,0,0,-0.7660444431189779,-0.6427876096865395,DB01
202012060800,105,0.5,0,0,-0.7660444431189779,-0.6427876096865395,DB01
202012060900,105,5.1,0,0,-0.7660444431189779,-0.6427876096865395,DB01
202012061000,105,7.7,0,0,-0.7660444431189779,-0.6427876096865395,DB01
202012061100,105,9.1,0,0,-0.34202014332566866,-0.9396926207859084,DB02
202012061200,105,10.2,0,0,-0.34202014332566866,-0.9396926207859084,DB01
202012061300,105,11.0,0,0,-0.7660444431189779,-0.6427876096865395,DB01
202012061400,105,10.7,0,0,-0.34202014332566866,-0.9396926207859084,DB01
202012061500,105,10.2,0,0,-0.7660444431189779,-0.6427876096865395,DB02
202012061600,105,9.5,0,0,-0.7660444431189779,-0.6427876096865395,DB01
202012061700,105,8.4,0,0,-0.7660444431189779,-0.6427876096865395,DB02
202012061800,105,7.4,0,0,-0.7660444431189779,-0.6427876096865395,DB01
202012061900,105,7.0,0,0,-0.7660444431189779,-0.6427876096865395,DB01
202012062000,105,6.7,0,0,-0.7660444431189779,-0.6427876096865395,DB02
202012062100,105,6.3,0,0,-0.7660444431189779,-0.6427876096865395,DB01
202012062200,105,5.8,0,0,-0.7660444431189779,-0.6427876096865395,DB02
202012062300,105,5.8,0,0,-0.7660444431189779,-0.6427876096865395,DB01
202012070000,105,5.9,0,0,-0.7660444431189779,-0.6427876096865395,DB01
202012070100,105,6.0,0,0,-0.7660444431189779,-0.6427876096865395,DB01
202012070200,105,5.7,0,0,-0.7660444431189779,-0.6427876096865395,DB03
202012070300,105,5.6,0,0,-0.7660444431189779,-0.6427876096865395,DB03
202012070400,105,6.0,0,0,-0.9396926207859084,-0.34202014332566855,DB04
202012070500,105,5.8,0,0,0.0,1.0,DB03
202012070600,105,4.8,0,0,0.0,1.0,DB03
202012070700,105,4.0,0,0,-0.7660444431189779,-0.6427876096865395,DB03
202012070800,105,3.5,0,0,-0.34202014332566866,-0.9396926207859084,DB03
202012070900,105,5.8,0,0,-0.34202014332566866,-0.9396926207859084,DB04
202012071000,105,7.0,0,0,-0.9396926207859084,-0.34202014332566855,DB04
202012071100,105,8.2,0,0,0.766044443118978,0.6427876096865394,DB04
202012071200,105,8.9,0,0,0.3420201433256687,0.9396926207859084,DB03
202012071300,105,9.4,0,0,0.3420201433256687,0.9396926207859084,DB03
202012071400,105,9.7,0,0,-0.9396926207859084,-0.34202014332566855,DB03
202012071500,105,9.9,0,0,-0.9396926207859084,-0.34202014332566855,DB03
202012071600,105,8.9,0,0,-0.7660444431189779,-0.6427876096865395,DB02
202012071700,105,7.8,0,0,-0.7660444431189779,-0.6427876096865395,DB01
202012071800,105,6.9,0,0,-0.7660444431189779,-0.6427876096865395,DB01
202012071900,105,6.3,0,0,-0.7660444431189779,-0.6427876096865395,DB01
202012072000,105,5.2,0,0,-0.7660444431189779,-0.6427876096865395,DB01
202012072100,105,4.1,0,0,-0.9396926207859084,-0.34202014332566855,DB01
202012072200,105,3.2,0,0,-0.9396926207859084,-0.34202014332566855,DB01
202012072300,105,2.5,0,0,-0.7660444431189779,-0.6427876096865395,DB01
202012080000,105,1.9,0,0,-0.7660444431189779,-0.6427876096865395,DB01
202012080100,105,1.3,0,0,-0.7660444431189779,-0.6427876096865395,DB01
202012080200,105,0.7,0,0,-0.7660444431189779,-0.6427876096865395,DB01
202012080300,105,0.3,0,0,-0.7660444431189779,-0.6427876096865395,DB01
202012080400,105,0.1,0,0,-0.7660444431189779,-0.6427876096865395,DB01
202012080500,105,0.0,0,0,-0.34202014332566866,-0.9396926207859084,DB01
202012080600,105,-0.2,0,0,-0.7660444431189779,-0.6427876096865395,DB03
202012080700,105,-0.3,0,0,-0.7660444431189779,-0.6427876096865395,DB01
202012080800,105,0.0,0,0,-0.7660444431189779,-0.6427876096865395,DB02
202012080900,105,1.8,0,0,-0.34202014332566866,-0.9396926207859084,DB02
202012081000,105,2.6,0,0,-0.7660444431189779,-0.6427876096865395,DB02
202012081100,105,3.6,0,0,-0.7660444431189779,-0.6427876096865395,DB03
202012081200,105,5.4,0,0,1.0,6.123233995736766e-17,DB02
202012081300,105,6.3,0,0,0.766044443118978,0.6427876096865394,DB01
202012081400,105,6.8,0,0,-0.3420201433256686,0.9396926207859084,DB01
202012081500,105,6.5,0,0,-0.3420201433256686,0.9396926207859084,DB01
202012081600,105,6.5,0,0,-0.9396926207859083,0.342020143325669,DB01
202012081700,105,5.2,0,0,1.2246467991473532e-16,-1.0,DB01
202012081800,105,2.7,0,0,-0.7660444431189779,-0.6427876096865395,DB01
202012081900,105,1.5,0,0,-0.34202014332566866,-0.9396926207859084,DB02
202012082000,105,1.5,0,0,-0.7660444431189779,-0.6427876096865395,DB01
202012082100,105,1.5,0,0,-0.7660444431189779,-0.6427876096865395,DB01
202012082200,105,1.3,0,0,-0.7660444431189779,-0.6427876096865395,DB01
202012082300,105,1.3,0,0,-0.9396926207859084,-0.34202014332566855,DB01
202012090000,105,1.0,0,0,-0.9396926207859084,-0.34202014332566855,DB01
202012090100,105,0.8,0,0,-0.7660444431189779,-0.6427876096865395,DB01
202012090200,105,0.8,0,0,-0.7660444431189779,-0.6427876096865395,DB01
202012090300,105,0.8,0,0,-0.9396926207859084,-0.34202014332566855,DB01
202012090400,105,0.8,0,0,-0.9396926207859084,-0.34202014332566855,DB01
202012090500,105,0.8,0,0,-0.7660444431189779,-0.6427876096865395,DB01
202012090600,105,0.8,0,0,-0.9396926207859084,-0.34202014332566855,DB01
202012090700,105,0.6,0,0,-0.7660444431189779,-0.6427876096865395,DB01
202012090800,105,0.9,0,0,-0.9396926207859084,-0.34202014332566855,DB01
202012090900,105,3.5,0,0,-0.7660444431189779,-0.6427876096865395,DB01
202012091000,105,6.0,0,0,-0.7660444431189779,-0.6427876096865395,DB01
202012091100,105,7.9,0,0,-0.9396926207859084,-0.34202014332566855,DB01
202012091200,105,9.1,0,0,1.2246467991473532e-16,-1.0,DB01
202012091300,105,10.3,0,0,-0.7660444431189779,-0.6427876096865395,DB01
202012091400,105,10.8,0,0,-0.7660444431189779,-0.6427876096865395,DB01
202012091500,105,9.7,0,0,0.9396926207859083,0.3420201433256688,DB02
202012091600,105,9.2,0,0,-1.0,-1.8369701987210297e-16,DB04
202012091700,105,8.2,0,0,-0.7660444431189779,-0.6427876096865395,DB04
202012091800,105,7.3,0,0,-0.7660444431189779,-0.6427876096865395,DB03
202012091900,105,6.7,0,0,-0.7660444431189779,-0.6427876096865395,DB03
202012092000,105,6.4,0,0,-0.7660444431189779,-0.6427876096865395,DB03
202012092100,105,6.2,0,0,-0.9396926207859084,-0.34202014332566855,DB03
202012092200,105,6.4,0,0,-0.9396926207859084,-0.34202014332566855,DB04
202012092300,105,6.4,0,0,-0.7660444431189779,-0.6427876096865395,DB04
202012100000,105,6.2,0,0,-0.7660444431189779,-0.6427876096865395,DB04
202012100100,105,6.5,0,0,-0.34202014332566866,-0.9396926207859084,DB04
202012100200,105,6.2,0,0,-0.9396926207859084,-0.34202014332566855,DB04
202012100300,105,6.1,0,0,-0.9396926207859084,-0.34202014332566855,DB04
202012100400,105,6.0,0,0,-0.7660444431189779,-0.6427876096865395,DB04
202012100500,105,6.0,0,0,-0.9396926207859084,-0.34202014332566855,DB04
202012100600,105,6.5,0,0,-0.7660444431189779,-0.6427876096865395,DB04
202012100700,105,5.9,0,0,0.6427876096865395,-0.7660444431189779,DB04
202012100800,105,5.9,0,0,-0.7660444431189779,-0.6427876096865395,DB04
202012100900,105,6.5,0,0,0.9396926207859084,-0.3420201433256687,DB04
202012101000,105,8.2,0,0,-0.7660444431189779,-0.6427876096865395,DB02
202012101100,105,10.1,0,0,-0.7660444431189779,-0.6427876096865395,DB02
202012101200,105,10.7,0,0,-0.7660444431189779,-0.6427876096865395,DB01
202012101300,105,11.2,0,0,-0.7660444431189779,-0.6427876096865395,DB01
202012101400,105,11.8,0,0,-0.34202014332566866,-0.9396926207859084,DB01
202012101500,105,10.9,0,0,-0.7660444431189779,-0.6427876096865395,DB01
202012101600,105,9.7,0,0,-0.7660444431189779,-0.6427876096865395,DB01
202012101700,105,8.9,0,0,-0.34202014332566866,-0.9396926207859084,DB01
202012101800,105,8.1,0,0,-0.34202014332566866,-0.9396926207859084,DB01
202012101900,105,8.2,0,0,-0.7660444431189779,-0.6427876096865395,DB01
202012102000,105,7.7,0,0,-0.7660444431189779,-0.6427876096865395,DB01
202012102100,105,7.5,0,0,-0.7660444431189779,-0.6427876096865395,DB01
202012102200,105,7.6,0,0,-0.9396926207859084,-0.34202014332566855,DB01
202012102300,105,7.4,0,0,-0.7660444431189779,-0.6427876096865395,DB01
202012110000,105,7.5,0,0,-0.7660444431189779,-0.6427876096865395,DB01
202012110100,105,6.9,0,0,-0.7660444431189779,-0.6427876096865395,DB01
202012110200,105,6.7,0,0,-1.0,-1.8369701987210297e-16,DB01
202012110300,105,6.4,0,0,-0.34202014332566866,-0.9396926207859084,DB02
202012110400,105,6.6,0,0,-0.34202014332566866,-0.9396926207859084,DB03
202012110500,105,6.9,0,0,-0.7660444431189779,-0.6427876096865395,DB03
202012110600,105,7.0,0,0,-0.9396926207859084,-0.34202014332566855,DB04
202012110700,105,6.7,0,0,-0.7660444431189779,-0.6427876096865395,DB04
202012110800,105,6.6,0,0,-0.7660444431189779,-0.6427876096865395,DB04
202012110900,105,6.8,0,0,-0.7660444431189779,-0.6427876096865395,DB04
202012111000,105,6.8,0,0,-0.9396926207859084,-0.34202014332566855,DB04
202012111100,105,8.7,0,0,-0.7660444431189779,-0.6427876096865395,DB04
202012111200,105,10.1,0,0,0.766044443118978,0.6427876096865394,DB03
202012111300,105,10.7,0,0,-0.3420201433256686,0.9396926207859084,DB03
202012111400,105,11.8,0,0,-0.7660444431189779,-0.6427876096865395,DB02
202012111500,105,10.8,0,0,-0.9396926207859084,-0.34202014332566855,DB01
202012111600,105,10.0,0,0,-0.7660444431189779,-0.6427876096865395,DB02
202012111700,105,8.8,0,0,-1.0,-1.8369701987210297e-16,DB03
202012111800,105,8.0,0,0,-0.3420201433256686,0.9396926207859084,DB03
202012111900,105,7.0,0,0,0.0,1.0,DB03
202012112000,105,6.3,0,0,0.6427876096865395,-0.7660444431189779,DB03
202012112100,105,5.6,0,0,-0.7660444431189779,-0.6427876096865395,DB03
202012112200,105,6.1,0,0,-1.0,-1.8369701987210297e-16,DB03
202012112300,105,5.7,0,0,-0.7660444431189779,-0.6427876096865395,DB03
202012120000,105,5.1,0,0,-0.34202014332566866,-0.9396926207859084,DB02
202012120100,105,6.4,0,0,-0.7660444431189779,-0.6427876096865395,DB03
202012120200,105,6.6,0,0,-0.9396926207859084,-0.34202014332566855,DB03
202012120300,105,5.6,0,0,-0.9396926207859084,-0.34202014332566855,DB04
202012120400,105,5.2,0,0,-0.7660444431189779,-0.6427876096865395,DB04
202012120500,105,5.8,0,0,-0.7660444431189779,-0.6427876096865395,DB03
202012120600,105,5.4,0,0,-0.7660444431189779,-0.6427876096865395,DB03
202012120700,105,4.4,0,0,-0.6427876096865396,0.7660444431189778,DB02
202012120800,105,4.0,0,0,-0.9396926207859084,-0.34202014332566855,DB01
202012120900,105,5.1,0,0,-0.9396926207859084,-0.34202014332566855,DB01
202012121000,105,6.5,0,0,-0.9396926207859084,-0.34202014332566855,DB01
202012121100,105,7.5,0,0,-0.9396926207859083,0.342020143325669,DB01
202012121200,105,9.0,0,0,0.6427876096865395,-0.7660444431189779,DB01
202012121300,105,8.8,0,0,-0.6427876096865396,0.7660444431189778,DB01
202012121400,105,9.5,0,0,-0.9396926207859083,0.342020143325669,DB01
202012121500,105,9.3,0,0,-0.9396926207859083,0.342020143325669,DB01
202012121600,105,8.9,0,0,-1.0,-1.8369701987210297e-16,DB01
202012121700,105,7.6,0,0,-0.9396926207859083,0.342020143325669,DB01
202012121800,105,6.4,0,0,-0.9396926207859084,-0.34202014332566855,DB01
202012121900,105,5.1,0,0,-0.9396926207859084,-0.34202014332566855,DB01
202012122000,105,4.3,0,0,-1.0,-1.8369701987210297e-16,DB01
202012122100,105,4.0,0,0,-0.9396926207859083,0.342020143325669,DB01
202012122200,105,3.2,0,0,-1.0,-1.8369701987210297e-16,DB01
202012122300,105,2.7,0,0,-1.0,-1.8369701987210297e-16,DB01
202012130000,105,2.4,0,0,-0.9396926207859084,-0.34202014332566855,DB01
202012130100,105,1.8,0,0,-0.9396926207859084,-0.34202014332566855,DB01
202012130200,105,1.5,0,0,-1.0,-1.8369701987210297e-16,DB01
202012130300,105,0.9,0,0,-0.9396926207859083,0.342020143325669,DB01
202012130400,105,-0.2,0,0,-0.6427876096865396,0.7660444431189778,DB01
202012130500,105,0.0,0,0,-0.7660444431189779,-0.6427876096865395,DB01
202012130600,105,0.4,0,0,-0.9396926207859084,-0.34202014332566855,DB01
202012130700,105,0.5,0,0,-0.9396926207859084,-0.34202014332566855,DB02
202012130800,105,-0.3,0,0,0.3420201433256689,-0.9396926207859083,DB02
202012130900,105,1.2,0,0,-0.34202014332566866,-0.9396926207859084,DB03
202012131000,105,3.0,0,0,-0.9396926207859084,-0.34202014332566855,DB04
202012131100,105,3.0,0,0,-0.9396926207859084,-0.34202014332566855,DB04
202012131200,105,2.0,0,0,-0.9396926207859084,-0.34202014332566855,DB04
202012131300,105,3.4,0,0,-0.34202014332566866,-0.9396926207859084,DB04
202012131400,105,3.7,0,0,-0.7660444431189779,-0.6427876096865395,DB04
202012131500,105,2.9,0,0,-0.6427876096865396,0.7660444431189778,DB04
202012131600,105,1.4,0,0,-0.6427876096865396,0.7660444431189778,DB04
202012131700,105,1.3,0,0,-0.9396926207859083,0.342020143325669,DB03
202012131800,105,1.2,100,1,-1.0,-1.8369701987210297e-16,DB02
202012131900,105,0.9,0,0,-1.0,-1.8369701987210297e-16,DB02
202012132000,105,0.4,0,0,-1.0,-1.8369701987210297e-16,DB01
202012132100,105,0.2,0,0,-0.9396926207859084,-0.34202014332566855,DB01
202012132200,105,-0.2,0,0,-0.9396926207859084,-0.34202014332566855,DB01
202012132300,105,-1.0,0,0,-0.7660444431189779,-0.6427876096865395,DB01
202012140000,105,-1.7,0,0,-0.7660444431189779,-0.6427876096865395,DB01
202012140100,105,-2.1,0,0,-0.9396926207859084,-0.34202014332566855,DB01
202012140200,105,-2.6,0,0,-0.9396926207859084,-0.34202014332566855,DB02
202012140300,105,-3.4,0,0,-0.9396926207859084,-0.34202014332566855,DB03
202012140400,105,-3.9,0,0,-0.9396926207859084,-0.34202014332566855,DB03
202012140500,105,-4.3,0,0,-0.7660444431189779,-0.6427876096865395,DB03
202012140600,105,-4.3,0,0,-0.9396926207859084,-0.34202014332566855,DB03
202012140700,105,-5.2,0,0,0.9396926207859084,-0.3420201433256687,DB01
202012140800,105,-5.6,0,0,-0.7660444431189779,-0.6427876096865395,DB01
202012140900,105,-4.2,0,0,-0.7660444431189779,-0.6427876096865395,DB01
202012141000,105,-3.1,0,0,-0.7660444431189779,-0.6427876096865395,DB01
202012141100,105,-1.6,0,0,-0.7660444431189779,-0.6427876096865395,DB01
202012141200,105,-0.4,0,0,-0.7660444431189779,-0.6427876096865395,DB01
202012141300,105,-0.1,0,0,-1.0,-1.8369701987210297e-16,DB01
202012141400,105,-0.5,0,0,-0.6427876096865396,0.7660444431189778,DB01
202012141500,105,-0.8,0,0,-0.7660444431189779,-0.6427876096865395,DB01
202012141600,105,-1.5,0,0,-0.7660444431189779,-0.6427876096865395,DB02
202012141700,105,-3.4,0,0,-0.9396926207859084,-0.34202014332566855,DB01
202012141800,105,-4.4,0,0,-0.7660444431189779,-0.6427876096865395,DB01
202012141900,105,-5.1,0,0,-0.7660444431189779,-0.6427876096865395,DB01
202012142000,105,-5.4,0,0,-0.7660444431189779,-0.6427876096865395,DB01
202012142100,105,-6.0,0,0,-0.7660444431189779,-0.6427876096865395,DB01
202012142200,105,-6.3,0,0,-0.7660444431189779,-0.6427876096865395,DB01
202012142300,105,-6.8,0,0,-0.9396926207859084,-0.34202014332566855,DB01
202012150000,105,-7.1,0,0,-0.9396926207859084,-0.34202014332566855,DB01
202012150100,105,-7.4,0,0,-0.9396926207859084,-0.34202014332566855,DB01
202012150200,105,-7.9,0,0,-0.9396926207859084,-0.34202014332566855,DB01
202012150300,105,-7.7,0,0,-0.9396926207859084,-0.34202014332566855,DB01
202012150400,105,-7.7,0,0,-0.9396926207859084,-0.34202014332566855,DB01
202012150500,105,-8.2,0,0,-0.7660444431189779,-0.6427876096865395,DB01
202012150600,105,-8.6,0,0,-0.7660444431189779,-0.6427876096865395,DB01
202012150700,105,-8.3,0,0,-0.9396926207859084,-0.34202014332566855,DB01
202012150800,105,-8.2,0,0,-1.0,-1.8369701987210297e-16,DB01
202012150900,105,-6.1,0,0,-0.7660444431189779,-0.6427876096865395,DB01
202012151000,105,-4.7,0,0,-0.7660444431189779,-0.6427876096865395,DB01
202012151100,105,-2.9,0,0,-0.7660444431189779,-0.6427876096865395,DB01
202012151200,105,-1.7,0,0,-0.7660444431189779,-0.6427876096865395,DB01
202012151300,105,-0.4,0,0,-0.9396926207859084,-0.34202014332566855,DB04
202012151400,105,-0.8,0,0,-0.7660444431189779,-0.6427876096865395,DB01
202012151500,105,-1.3,0,0,-0.7660444431189779,-0.6427876096865395,DB01
202012151600,105,-2.6,0,0,-0.9396926207859084,-0.34202014332566855,DB01
202012151700,105,-3.5,0,0,-0.9396926207859084,-0.34202014332566855,DB01
202012151800,105,-4.0,0,0,-0.7660444431189779,-0.6427876096865395,DB01
202012151900,105,-4.5,0,0,-0.9396926207859084,-0.34202014332566855,DB01
202012152000,105,-5.1,0,0,-0.9396926207859084,-0.34202014332566855,DB01
202012152100,105,-5.3,0,0,-0.7660444431189779,-0.6427876096865395,DB01
202012152200,105,-5.3,0,0,-0.9396926207859084,-0.34202014332566855,DB01
202012152300,105,-5.6,0,0,-0.9396926207859084,-0.34202014332566855,DB01
202012160000,105,-6.0,0,0,-0.9396926207859084,-0.34202014332566855,DB01
202012160100,105,-6.3,0,0,-0.9396926207859084,-0.34202014332566855,DB02
202012160200,105,-6.5,0,0,-0.9396926207859084,-0.34202014332566855,DB01
202012160300,105,-6.8,0,0,-0.9396926207859084,-0.34202014332566855,DB01
202012160400,105,-6.9,0,0,-0.9396926207859084,-0.34202014332566855,DB02
202012160500,105,-6.9,0,0,-0.7660444431189779,-0.6427876096865395,DB01
202012160600,105,-7.1,0,0,-0.9396926207859084,-0.34202014332566855,DB01
202012160700,105,-7.5,0,0,-0.6427876096865396,0.7660444431189778,DB01
202012160800,105,-7.3,0,0,-1.0,-1.8369701987210297e-16,DB02
202012160900,105,-5.1,0,0,-0.9396926207859084,-0.34202014332566855,DB01
202012161000,105,-3.1,0,0,-0.9396926207859084,-0.34202014332566855,DB01
202012161100,105,-1.6,0,0,-0.6427876096865396,0.7660444431189778,DB01
202012161200,105,-0.4,0,0,-0.9396926207859083,0.342020143325669,DB01
202012161300,105,0.1,0,0,-0.9396926207859084,-0.34202014332566855,DB01
202012161400,105,0.5,0,0,-0.7660444431189779,-0.6427876096865395,DB01
202012161500,105,0.1,0,0,-0.7660444431189779,-0.6427876096865395,DB01
202012161600,105,-0.8,0,0,-0.34202014332566866,-0.9396926207859084,DB01
202012161700,105,-2.3,0,0,-0.7660444431189779,-0.6427876096865395,DB01
202012161800,105,-3.2,0,0,-0.7660444431189779,-0.6427876096865395,DB01
202012161900,105,-4.0,0,0,-0.9396926207859084,-0.34202014332566855,DB01
202012162000,105,-4.6,0,0,-0.7660444431189779,-0.6427876096865395,DB01
202012162100,105,-4.8,0,0,-0.7660444431189779,-0.6427876096865395,DB01
202012162200,105,-5.1,0,0,-0.7660444431189779,-0.6427876096865395,DB01
202012162300,105,-5.3,0,0,-0.7660444431189779,-0.6427876096865395,DB01
202012170000,105,-5.4,0,0,-0.7660444431189779,-0.6427876096865395,DB01
202012170100,105,-5.6,0,0,-0.7660444431189779,-0.6427876096865395,DB01
202012170200,105,-5.8,0,0,-0.7660444431189779,-0.6427876096865395,DB02
202012170300,105,-5.8,0,0,-0.7660444431189779,-0.6427876096865395,DB01
202012170400,105,-5.9,0,0,-0.7660444431189779,-0.6427876096865395,DB01
202012170500,105,-5.7,0,0,-0.7660444431189779,-0.6427876096865395,DB01
202012170600,105,-5.6,0,0,-0.7660444431189779,-0.6427876096865395,DB01
202012170700,105,-5.1,0,0,-0.7660444431189779,-0.6427876096865395,DB01
202012170800,105,-4.3,0,0,-0.7660444431189779,-0.6427876096865395,DB01
202012170900,105,-2.5,0,0,-0.7660444431189779,-0.6427876096865395,DB01
202012171000,105,-0.5,0,0,-0.7660444431189779,-0.6427876096865395,DB01
202012171100,105,1.4,0,0,-0.9396926207859084,-0.34202014332566855,DB01
202012171200,105,3.2,0,0,-0.7660444431189779,-0.6427876096865395,DB01
202012171300,105,3.8,0,0,-0.34202014332566866,-0.9396926207859084,DB01
202012171400,105,5.2,0,0,-0.7660444431189779,-0.6427876096865395,DB01
202012171500,105,4.6,0,0,-0.7660444431189779,-0.6427876096865395,DB01
202012171600,105,3.2,0,0,-0.7660444431189779,-0.6427876096865395,DB01
202012171700,105,1.0,0,0,-0.7660444431189779,-0.6427876096865395,DB01
202012171800,105,-0.5,0,0,-0.7660444431189779,-0.6427876096865395,DB01
202012171900,105,-0.8,0,0,-0.7660444431189779,-0.6427876096865395,DB01
202012172000,105,-0.7,0,0,-0.7660444431189779,-0.6427876096865395,DB01
202012172100,105,-0.6,0,0,-0.9396926207859084,-0.34202014332566855,DB01
202012172200,105,-0.2,0,0,-0.7660444431189779,-0.6427876096865395,DB01
202012172300,105,-0.1,0,0,-0.7660444431189779,-0.6427876096865395,DB01
202012180000,105,-0.2,0,0,-0.9396926207859084,-0.34202014332566855,DB02
202012180100,105,1.0,0,0,-0.7660444431189779,-0.6427876096865395,DB03
202012180200,105,1.6,0,0,-0.7660444431189779,-0.6427876096865395,DB03
202012180300,105,2.0,0,0,-0.7660444431189779,-0.6427876096865395,DB03
202012180400,105,2.1,0,0,-0.7660444431189779,-0.6427876096865395,DB04
202012180500,105,2.1,0,0,-0.7660444431189779,-0.6427876096865395,DB04
202012180600,105,2.0,0,0,-0.7660444431189779,-0.6427876096865395,DB03
202012180700,105,1.5,0,0,-0.7660444431189779,-0.6427876096865395,DB02
202012180800,105,2.0,0,0,-0.7660444431189779,-0.6427876096865395,DB02
202012180900,105,1.7,0,0,-0.3420201433256686,0.9396926207859084,DB02
202012181000,105,3.8,0,0,0.6427876096865395,-0.7660444431189779,DB02
202012181100,105,4.3,0,0,-0.7660444431189779,-0.6427876096865395,DB03
202012181200,105,4.6,0,0,-0.9396926207859084,-0.34202014332566855,DB03
202012181300,105,5.4,0,0,-0.9396926207859084,-0.34202014332566855,DB03
202012181400,105,6.6,0,0,-0.7660444431189779,-0.6427876096865395,DB01
202012181500,105,6.2,0,0,-0.7660444431189779,-0.6427876096865395,DB01
202012181600,105,4.8,0,0,-0.7660444431189779,-0.6427876096865395,DB01
202012181700,105,3.3,0,0,-0.9396926207859084,-0.34202014332566855,DB01
202012181800,105,2.3,0,0,-0.7660444431189779,-0.6427876096865395,DB01
202012181900,105,1.5,0,0,-0.7660444431189779,-0.6427876096865395,DB01
202012182000,105,1.0,0,0,-0.9396926207859084,-0.34202014332566855,DB01
202012182100,105,0.3,0,0,-0.34202014332566866,-0.9396926207859084,DB01
202012182200,105,-0.2,0,0,-0.7660444431189779,-0.6427876096865395,DB01
202012182300,105,-0.9,0,0,-0.7660444431189779,-0.6427876096865395,DB01
202012190000,105,-1.3,0,0,-0.7660444431189779,-0.6427876096865395,DB01
202012190100,105,-1.7,0,0,-0.7660444431189779,-0.6427876096865395,DB01
202012190200,105,-2.2,0,0,-0.7660444431189779,-0.6427876096865395,DB01
202012190300,105,-2.3,0,0,-0.7660444431189779,-0.6427876096865395,DB01
202012190400,105,-2.6,0,0,-0.7660444431189779,-0.6427876096865395,DB01
202012190500,105,-3.1,0,0,-0.7660444431189779,-0.6427876096865395,DB01
202012190600,105,-3.6,0,0,-0.7660444431189779,-0.6427876096865395,DB01
202012190700,105,-3.7,0,0,-0.9396926207859084,-0.34202014332566855,DB01
202012190800,105,-3.7,0,0,-0.9396926207859084,-0.34202014332566855,DB01
202012190900,105,-1.5,0,0,-1.0,-1.8369701987210297e-16,DB01
202012191000,105,1.4,0,0,-1.0,-1.8369701987210297e-16,DB01
202012191100,105,3.4,0,0,-0.9396926207859084,-0.34202014332566855,DB01
202012191200,105,3.9,0,0,-1.0,-1.8369701987210297e-16,DB01
202012191300,105,4.3,0,0,-0.6427876096865396,0.7660444431189778,DB01
202012191400,105,4.4,0,0,-0.9396926207859084,-0.34202014332566855,DB01
202012191500,105,3.2,0,0,-0.7660444431189779,-0.6427876096865395,DB01
202012191600,105,2.0,0,0,-0.7660444431189779,-0.6427876096865395,DB02
202012191700,105,0.3,0,0,-0.7660444431189779,-0.6427876096865395,DB01
202012191800,105,-0.4,0,0,-0.7660444431189779,-0.6427876096865395,DB01
202012191900,105,-0.9,0,0,-0.7660444431189779,-0.6427876096865395,DB01
202012192000,105,-1.3,0,0,-0.7660444431189779,-0.6427876096865395,DB01
202012192100,105,-1.5,0,0,-0.7660444431189779,-0.6427876096865395,DB01
202012192200,105,-1.8,0,0,-0.7660444431189779,-0.6427876096865395,DB01
202012192300,105,-2.0,0,0,-0.7660444431189779,-0.6427876096865395,DB01
202012200000,105,-2.1,0,0,-0.9396926207859084,-0.34202014332566855,DB01
202012200100,105,-2.4,0,0,-0.7660444431189779,-0.6427876096865395,DB01
202012200200,105,-2.7,0,0,-0.7660444431189779,-0.6427876096865395,DB01
202012200300,105,-3.0,0,0,-0.7660444431189779,-0.6427876096865395,DB01
202012200400,105,-3.1,0,0,-0.7660444431189779,-0.6427876096865395,DB01
202012200500,105,-3.1,0,0,-0.7660444431189779,-0.6427876096865395,DB01
202012200600,105,-3.3,0,0,-0.7660444431189779,-0.6427876096865395,DB01
202012200700,105,-3.3,0,0,-0.7660444431189779,-0.6427876096865395,DB01
202012200800,105,-3.2,0,0,-0.34202014332566866,-0.9396926207859084,DB01
202012200900,105,-1.7,0,0,-0.7660444431189779,-0.6427876096865395,DB01
202012201000,105,0.2,0,0,-0.7660444431189779,-0.6427876096865395,DB01
202012201100,105,2.2,0,0,-0.34202014332566866,-0.9396926207859084,DB01
202012201200,105,3.9,0,0,0.6427876096865395,-0.7660444431189779,DB01
202012201300,105,5.0,0,0,0.766044443118978,0.6427876096865394,DB01
202012201400,105,6.4,0,0,1.0,6.123233995736766e-17,DB01
202012201500,105,6.6,0,0,0.3420201433256689,-0.9396926207859083,DB01
202012201600,105,4.9,0,0,-0.7660444431189779,-0.6427876096865395,DB01
202012201700,105,2.9,0,0,-0.9396926207859084,-0.34202014332566855,DB01
202012201800,105,1.3,0,0,-0.7660444431189779,-0.6427876096865395,DB01
202012201900,105,0.6,0,0,-0.34202014332566866,-0.9396926207859084,DB01
202012202000,105,0.2,0,0,-0.9396926207859084,-0.34202014332566855,DB01
202012202100,105,-0.2,0,0,-0.7660444431189779,-0.6427876096865395,DB01
202012202200,105,-0.4,0,0,-0.7660444431189779,-0.6427876096865395,DB01
202012202300,105,-0.6,0,0,-0.7660444431189779,-0.6427876096865395,DB01
202012210000,105,-0.8,0,0,-0.7660444431189779,-0.6427876096865395,DB01
202012210100,105,-1.0,0,0,-0.7660444431189779,-0.6427876096865395,DB01
202012210200,105,-1.2,0,0,-0.7660444431189779,-0.6427876096865395,DB01
202012210300,105,-0.9,0,0,-0.7660444431189779,-0.6427876096865395,DB01
202012210400,105,-1.0,0,0,-0.7660444431189779,-0.6427876096865395,DB01
202012210500,105,-0.7,0,0,-0.7660444431189779,-0.6427876096865395,DB01
202012210600,105,-0.6,0,0,-0.7660444431189779,-0.6427876096865395,DB01
202012210700,105,-0.4,0,0,-0.34202014332566866,-0.9396926207859084,DB01
202012210800,105,-0.5,0,0,-0.9396926207859084,-0.34202014332566855,DB01
202012210900,105,1.8,0,0,-0.7660444431189779,-0.6427876096865395,DB01
202012211000,105,3.9,0,0,-0.7660444431189779,-0.6427876096865395,DB01
202012211100,105,5.1,0,0,-0.7660444431189779,-0.6427876096865395,DB01
202012211200,105,6.5,0,0,-0.7660444431189779,-0.6427876096865395,DB01
202012211300,105,7.0,0,0,-0.34202014332566866,-0.9396926207859084,DB01
202012211400,105,8.0,0,0,-0.7660444431189779,-0.6427876096865395,DB01
202012211500,105,7.2,0,0,-0.7660444431189779,-0.6427876096865395,DB01
202012211600,105,6.0,0,0,-0.7660444431189779,-0.6427876096865395,DB01
202012211700,105,4.4,0,0,-0.7660444431189779,-0.6427876096865395,DB01
202012211800,105,3.5,0,0,-0.7660444431189779,-0.6427876096865395,DB01
202012211900,105,3.1,0,0,-0.7660444431189779,-0.6427876096865395,DB01
202012212000,105,2.8,0,0,-0.7660444431189779,-0.6427876096865395,DB01
202012212100,105,2.6,0,0,-0.7660444431189779,-0.6427876096865395,DB01
202012212200,105,2.4,0,0,-0.7660444431189779,-0.6427876096865395,DB01
202012212300,105,2.1,0,0,-0.7660444431189779,-0.6427876096865395,DB01
202012220000,105,2.2,0,0,-0.7660444431189779,-0.6427876096865395,DB01
202012220100,105,1.8,0,0,-0.9396926207859084,-0.34202014332566855,DB01
202012220200,105,1.9,0,0,-0.7660444431189779,-0.6427876096865395,DB01
202012220300,105,1.8,0,0,-0.7660444431189779,-0.6427876096865395,DB01
202012220400,105,1.7,0,0,-0.7660444431189779,-0.6427876096865395,DB01
202012220500,105,1.6,0,0,-0.9396926207859084,-0.34202014332566855,DB01
202012220600,105,2.3,0,0,-0.7660444431189779,-0.6427876096865395,DB01
202012220700,105,2.3,0,0,-0.7660444431189779,-0.6427876096865395,DB01
202012220800,105,2.9,0,0,-0.7660444431189779,-0.6427876096865395,DB01
202012220900,105,4.4,0,0,-0.9396926207859084,-0.34202014332566855,DB01
202012221000,105,6.2,0,0,-0.7660444431189779,-0.6427876096865395,DB01
202012221100,105,7.4,0,0,-0.7660444431189779,-0.6427876096865395,DB01
202012221200,105,7.6,0,0,-0.7660444431189779,-0.6427876096865395,DB01
202012221300,105,7.4,0,0,-0.7660444431189779,-0.6427876096865395,DB01
202012221400,105,7.8,0,0,-0.9396926207859084,-0.34202014332566855,DB01
202012221500,105,7.1,0,0,-0.7660444431189779,-0.6427876096865395,DB01
202012221600,105,6.1,0,0,-0.9396926207859084,-0.34202014332566855,DB01
202012221700,105,5.6,0,0,-0.9396926207859084,-0.34202014332566855,DB01
202012221800,105,5.1,0,0,-0.7660444431189779,-0.6427876096865395,DB01
202012221900,105,4.8,0,0,1.2246467991473532e-16,-1.0,DB01
202012222000,105,4.8,0,0,-0.7660444431189779,-0.6427876096865395,DB01
202012222100,105,5.0,0,0,-0.7660444431189779,-0.6427876096865395,DB01
202012222200,105,5.0,0,0,-0.7660444431189779,-0.6427876096865395,DB01
202012222300,105,4.9,0,0,-0.7660444431189779,-0.6427876096865395,DB01
202012230000,105,4.8,0,0,-0.7660444431189779,-0.6427876096865395,DB01
202012230100,105,5.2,0,0,-0.7660444431189779,-0.6427876096865395,DB01
202012230200,105,5.1,0,0,-0.7660444431189779,-0.6427876096865395,DB01
202012230300,105,5.2,0,0,-0.7660444431189779,-0.6427876096865395,DB01
202012230400,105,5.2,0,0,-0.34202014332566866,-0.9396926207859084,DB01
202012230500,105,5.4,0,0,-0.34202014332566866,-0.9396926207859084,DB01
202012230600,105,5.1,0,0,-0.9396926207859084,-0.34202014332566855,DB01
202012230700,105,5.2,0,0,-0.34202014332566866,-0.9396926207859084,DB01
202012230800,105,5.5,0,0,-0.7660444431189779,-0.6427876096865395,DB01
202012230900,105,7.0,0,0,-0.7660444431189779,-0.6427876096865395,DB01
202012231000,105,8.3,0,0,-0.7660444431189779,-0.6427876096865395,DB01
202012231100,105,9.6,0,0,-0.7660444431189779,-0.6427876096865395,DB03
202012231200,105,9.7,0,0,-0.9396926207859084,-0.34202014332566855,DB03
202012231300,105,9.9,0,0,-0.7660444431189779,-0.6427876096865395,DB03
202012231400,105,10.1,0,0,-0.7660444431189779,-0.6427876096865395,DB03
202012231500,105,9.5,0,0,-0.7660444431189779,-0.6427876096865395,DB03
202012231600,105,9.2,0,0,-0.7660444431189779,-0.6427876096865395,DB03
202012231700,105,8.6,0,0,-0.7660444431189779,-0.6427876096865395,DB02
202012231800,105,8.4,0,0,-0.7660444431189779,-0.6427876096865395,DB02
202012231900,105,8.6,0,0,-0.34202014332566866,-0.9396926207859084,DB02
202012232000,105,8.6,0,0,-0.34202014332566866,-0.9396926207859084,DB03
202012232100,105,8.7,0,0,-0.34202014332566866,-0.9396926207859084,DB02
202012232200,105,9.0,0,0,-0.34202014332566866,-0.9396926207859084,DB01
202012232300,105,9.3,0,0,-0.34202014332566866,-0.9396926207859084,DB03
202012240000,105,9.3,0,0,1.2246467991473532e-16,-1.0,DB01
202012240100,105,9.1,0,0,1.2246467991473532e-16,-1.0,DB01
202012240200,105,9.1,0,0,1.2246467991473532e-16,-1.0,DB01
202012240300,105,8.9,0,0,0.3420201433256689,-0.9396926207859083,DB01
202012240400,105,8.8,0,0,1.2246467991473532e-16,-1.0,DB01
202012240500,105,8.4,0,0,1.0,6.123233995736766e-17,DB01
202012240600,105,8.5,0,0,0.6427876096865395,-0.7660444431189779,DB02
202012240700,105,8.4,0,0,-0.9396926207859084,-0.34202014332566855,DB01
202012240800,105,7.9,0,0,-0.7660444431189779,-0.6427876096865395,DB01
202012240900,105,8.0,0,0,-1.0,-1.8369701987210297e-16,DB01
202012241000,105,8.1,0,0,-0.9396926207859084,-0.34202014332566855,DB01
202012241100,105,8.5,0,0,-0.7660444431189779,-0.6427876096865395,DB01
202012241200,105,9.0,0,0,-0.7660444431189779,-0.6427876096865395,DB01
202012241300,105,9.2,0,0,-0.7660444431189779,-0.6427876096865395,DB01
202012241400,105,8.9,0,0,-0.7660444431189779,-0.6427876096865395,DB01
202012241500,105,8.8,0,0,-0.9396926207859084,-0.34202014332566855,DB01
202012241600,105,7.8,0,0,-0.9396926207859084,-0.34202014332566855,DB01
202012241700,105,6.2,0,0,-0.9396926207859084,-0.34202014332566855,DB01
202012241800,105,5.1,0,0,-0.9396926207859084,-0.34202014332566855,DB01
202012241900,105,4.0,0,0,-1.0,-1.8369701987210297e-16,DB01
202012242000,105,3.4,0,0,-0.9396926207859084,-0.34202014332566855,DB01
202012242100,105,2.6,0,0,-0.7660444431189779,-0.6427876096865395,DB01
202012242200,105,2.0,0,0,-0.9396926207859084,-0.34202014332566855,DB01
202012242300,105,1.8,0,0,-0.9396926207859084,-0.34202014332566855,DB01
202012250000,105,1.3,0,0,-0.9396926207859084,-0.34202014332566855,DB01
202012250100,105,0.9,0,0,-0.9396926207859084,-0.34202014332566855,DB01
202012250200,105,0.5,0,0,-0.9396926207859084,-0.34202014332566855,DB01
202012250300,105,0.1,0,0,-0.7660444431189779,-0.6427876096865395,DB01
202012250400,105,-0.5,0,0,-0.7660444431189779,-0.6427876096865395,DB01
202012250500,105,-0.9,0,0,-0.9396926207859084,-0.34202014332566855,DB01
202012250600,105,-1.2,0,0,-0.7660444431189779,-0.6427876096865395,DB01
202012250700,105,-1.4,0,0,-0.7660444431189779,-0.6427876096865395,DB01
202012250800,105,-1.6,0,0,-0.7660444431189779,-0.6427876096865395,DB01
202012250900,105,-0.3,0,0,-0.7660444431189779,-0.6427876096865395,DB01
202012251000,105,1.4,0,0,-0.9396926207859084,-0.34202014332566855,DB01
202012251100,105,2.9,0,0,1.0,6.123233995736766e-17,DB01
202012251200,105,3.9,0,0,-0.9396926207859084,-0.34202014332566855,DB01
202012251300,105,4.6,0,0,-0.9396926207859084,-0.34202014332566855,DB01
202012251400,105,4.6,0,0,-0.9396926207859084,-0.34202014332566855,DB01
202012251500,105,4.8,0,0,-1.0,-1.8369701987210297e-16,DB01
202012251600,105,4.7,0,0,-0.9396926207859084,-0.34202014332566855,DB01
202012251700,105,3.4,0,0,-0.9396926207859084,-0.34202014332566855,DB01
202012251800,105,2.6,0,0,-0.7660444431189779,-0.6427876096865395,DB01
202012251900,105,2.1,0,0,-0.9396926207859084,-0.34202014332566855,DB01
202012252000,105,2.1,0,0,-0.9396926207859084,-0.34202014332566855,DB01
202012252100,105,1.8,0,0,-0.9396926207859084,-0.34202014332566855,DB01
202012252200,105,1.5,0,0,-0.9396926207859084,-0.34202014332566855,DB01
202012252300,105,0.9,0,0,-0.7660444431189779,-0.6427876096865395,DB01
202012260000,105,0.9,0,0,-0.7660444431189779,-0.6427876096865395,DB01
202012260100,105,1.1,0,0,-0.34202014332566866,-0.9396926207859084,DB01
202012260200,105,1.1,0,0,-0.9396926207859084,-0.34202014332566855,DB01
202012260300,105,1.5,0,0,-0.34202014332566866,-0.9396926207859084,DB02
202012260400,105,1.6,0,0,-0.9396926207859084,-0.34202014332566855,DB02
202012260500,105,2.4,0,0,-0.7660444431189779,-0.6427876096865395,DB03
202012260600,105,1.9,0,0,-0.9396926207859084,-0.34202014332566855,DB02
202012260700,105,2.9,0,0,-0.34202014332566866,-0.9396926207859084,DB02
202012260800,105,3.6,0,0,-0.34202014332566866,-0.9396926207859084,DB02
202012260900,105,5.0,0,0,-0.7660444431189779,-0.6427876096865395,DB02
202012261000,105,6.6,0,0,-0.7660444431189779,-0.6427876096865395,DB02
202012261100,105,7.8,0,0,-0.7660444431189779,-0.6427876096865395,DB02
202012261200,105,9.4,0,0,-0.7660444431189779,-0.6427876096865395,DB01
202012261300,105,9.2,0,0,-0.9396926207859084,-0.34202014332566855,DB01
202012261400,105,9.3,0,0,-1.0,-1.8369701987210297e-16,DB01
202012261500,105,9.5,0,0,-0.7660444431189779,-0.6427876096865395,DB01
202012261600,105,8.5,0,0,-0.7660444431189779,-0.6427876096865395,DB01
202012261700,105,7.2,0,0,-0.7660444431189779,-0.6427876096865395,DB01
202012261800,105,6.3,0,0,-0.7660444431189779,-0.6427876096865395,DB02
202012261900,105,6.3,0,0,-0.9396926207859084,-0.34202014332566855,DB03
202012262000,105,5.7,0,0,-0.9396926207859084,-0.34202014332566855,DB02
202012262100,105,5.6,0,0,-0.7660444431189779,-0.6427876096865395,DB02
202012262200,105,5.2,0,0,-0.7660444431189779,-0.6427876096865395,DB03
202012262300,105,4.9,0,0,-0.7660444431189779,-0.6427876096865395,DB03
202012270000,105,4.0,0,0,-0.7660444431189779,-0.6427876096865395,DB03
202012270100,105,5.2,0,0,-0.7660444431189779,-0.6427876096865395,DB03
202012270200,105,5.7,0,0,-0.34202014332566866,-0.9396926207859084,DB04
202012270300,105,6.1,0,0,-0.7660444431189779,-0.6427876096865395,DB04
202012270400,105,5.8,0,0,-0.7660444431189779,-0.6427876096865395,DB04
202012270500,105,6.3,0,0,-0.7660444431189779,-0.6427876096865395,DB03
202012270600,105,5.8,0,0,-0.34202014332566866,-0.9396926207859084,DB03
202012270700,105,5.3,0,0,0.0,1.0,DB04
202012270800,105,5.5,0,0,-0.7660444431189779,-0.6427876096865395,DB04
202012270900,105,5.8,0,0,0.0,1.0,DB04
202012271000,105,7.9,0,0,-0.7660444431189779,-0.6427876096865395,DB03
202012271100,105,10.3,0,0,-0.7660444431189779,-0.6427876096865395,DB03
202012271200,105,11.4,0,0,0.6427876096865395,-0.7660444431189779,DB03
202012271300,105,11.7,0,0,1.2246467991473532e-16,-1.0,DB03
202012271400,105,12.4,0,0,0.9396926207859083,0.3420201433256688,DB03
202012271500,105,12.0,0,0,1.0,6.123233995736766e-17,DB03
202012271600,105,11.4,0,0,0.9396926207859084,-0.3420201433256687,DB03
202012271700,105,10.7,0,0,-0.9396926207859084,-0.34202014332566855,DB03
202012271800,105,10.0,0,0,-0.7660444431189779,-0.6427876096865395,DB03
202012271900,105,9.2,0,0,-0.7660444431189779,-0.6427876096865395,DB03
202012272000,105,8.4,0,0,-0.34202014332566866,-0.9396926207859084,DB03
202012272100,105,8.1,0,0,-0.7660444431189779,-0.6427876096865395,DB03
202012272200,105,8.0,0,0,-0.9396926207859084,-0.34202014332566855,DB03
202012272300,105,7.8,0,0,-0.9396926207859084,-0.34202014332566855,DB02
202012280000,105,8.1,0,0,-0.9396926207859084,-0.34202014332566855,DB01
202012280100,105,8.1,0,0,-0.9396926207859084,-0.34202014332566855,DB02
202012280200,105,7.2,0,0,-0.9396926207859084,-0.34202014332566855,DB01
202012280300,105,7.3,0,0,-1.0,-1.8369701987210297e-16,DB01
202012280400,105,7.4,0,0,-0.9396926207859083,0.342020143325669,DB01
202012280500,105,7.4,0,0,1.2246467991473532e-16,-1.0,DB01
202012280600,105,8.0,0,0,-1.0,-1.8369701987210297e-16,DB01
202012280700,105,8.3,0,0,-1.0,-1.8369701987210297e-16,DB01
202012280800,105,8.0,0,0,-0.9396926207859084,-0.34202014332566855,DB01
202012280900,105,9.2,0,0,-0.9396926207859084,-0.34202014332566855,DB01
202012281000,105,11.1,0,0,-0.7660444431189779,-0.6427876096865395,DB01
202012281100,105,12.7,0,0,-0.34202014332566866,-0.9396926207859084,DB01
202012281200,105,13.8,0,0,0.3420201433256689,-0.9396926207859083,DB01
202012281300,105,13.3,0,0,0.9396926207859083,0.3420201433256688,DB01
202012281400,105,12.7,0,0,0.3420201433256687,0.9396926207859084,DB01
202012281500,105,12.4,0,0,0.3420201433256687,0.9396926207859084,DB01
202012281600,105,10.9,0,0,0.0,1.0,DB01
202012281700,105,9.8,0,0,0.0,1.0,DB02
202012281800,105,8.8,0,0,-1.0,-1.8369701987210297e-16,DB02
202012281900,105,7.2,0,0,-0.7660444431189779,-0.6427876096865395,DB02
202012282000,105,6.3,0,0,-0.7660444431189779,-0.6427876096865395,DB02
202012282100,105,5.8,0,0,-1.0,-1.8369701987210297e-16,DB03
202012282200,105,5.3,0,0,-0.7660444431189779,-0.6427876096865395,DB03
202012282300,105,5.0,0,0,-0.7660444431189779,-0.6427876096865395,DB02
202012290000,105,4.5,0,0,-0.9396926207859084,-0.34202014332566855,DB02
202012290100,105,4.3,0,0,-0.7660444431189779,-0.6427876096865395,DB02
202012290200,105,3.8,0,0,-0.7660444431189779,-0.6427876096865395,DB02
202012290300,105,4.0,0,0,-0.7660444431189779,-0.6427876096865395,DB02
202012290400,105,4.3,0,0,-1.0,-1.8369701987210297e-16,DB01
202012290500,105,3.8,0,0,-0.7660444431189779,-0.6427876096865395,DB02
202012290600,105,3.5,0,0,-0.9396926207859084,-0.34202014332566855,DB03
202012290700,105,3.0,0,0,0.0,1.0,DB03
202012290800,105,4.0,0,0,-0.9396926207859084,-0.34202014332566855,DB03
202012290900,105,6.0,0,0,-0.9396926207859084,-0.34202014332566855,DB04
202012291000,105,7.7,0,0,-1.0,-1.8369701987210297e-16,DB03
202012291100,105,9.4,0,0,1.2246467991473532e-16,-1.0,DB03
202012291200,105,10.2,0,0,0.0,1.0,DB03
202012291300,105,10.3,0,0,0.766044443118978,0.6427876096865394,DB03
202012291400,105,8.8,0,0,-0.6427876096865396,0.7660444431189778,DB03
202012291500,105,7.5,0,0,-0.6427876096865396,0.7660444431189778,DB04
202012291600,105,6.7,0,0,-0.9396926207859083,0.342020143325669,DB04
202012291700,105,6.2,0,0,-0.9396926207859083,0.342020143325669,DB04
202012291800,105,5.7,0,0,-1.0,-1.8369701987210297e-16,DB04
202012291900,105,5.3,0,0,-0.9396926207859084,-0.34202014332566855,DB04
202012292000,105,4.9,0,0,-0.9396926207859084,-0.34202014332566855,DB04
202012292100,105,3.9,0,0,-0.7660444431189779,-0.6427876096865395,DB04
202012292200,105,3.3,0,0,-0.9396926207859084,-0.34202014332566855,DB03
202012292300,105,3.0,0,0,-0.9396926207859084,-0.34202014332566855,DB04
202012300000,105,2.7,0,0,-0.9396926207859084,-0.34202014332566855,DB04
202012300100,105,2.1,0,0,-0.9396926207859084,-0.34202014332566855,DB04
202012300200,105,1.6,0,0,-0.7660444431189779,-0.6427876096865395,DB04
202012300300,105,0.9,0,0,-1.0,-1.8369701987210297e-16,DB04
202012300400,105,-1.0,0,0,-0.9396926207859084,-0.34202014332566855,DB04
202012300500,105,-2.9,0,0,-0.9396926207859084,-0.34202014332566855,DB02
202012300600,105,-4.2,0,0,-0.7660444431189779,-0.6427876096865395,DB02
202012300700,105,-5.0,0,0,-0.7660444431189779,-0.6427876096865395,DB03
202012300800,105,-5.7,0,0,-0.7660444431189779,-0.6427876096865395,DB04
202012300900,105,-6.4,0,0,-0.7660444431189779,-0.6427876096865395,DB04
202012301000,105,-6.1,0,0,-0.7660444431189779,-0.6427876096865395,DB04
202012301100,105,-4.6,0,0,-0.7660444431189779,-0.6427876096865395,DB02
202012301200,105,-4.0,0,0,-0.7660444431189779,-0.6427876096865395,DB01
202012301300,105,-3.3,0,0,-0.7660444431189779,-0.6427876096865395,DB01
202012301400,105,-3.6,0,0,-0.7660444431189779,-0.6427876096865395,DB01
202012301500,105,-3.6,0,0,-0.9396926207859084,-0.34202014332566855,DB01
202012301600,105,-4.9,0,0,-0.7660444431189779,-0.6427876096865395,DB01
202012301700,105,-5.8,0,0,-0.9396926207859084,-0.34202014332566855,DB02
202012301800,105,-6.6,0,0,-0.9396926207859084,-0.34202014332566855,DB01
202012301900,105,-7.2,0,0,-0.9396926207859084,-0.34202014332566855,DB01
202012302000,105,-8.0,0,0,-0.7660444431189779,-0.6427876096865395,DB01
202012302100,105,-8.6,0,0,-0.7660444431189779,-0.6427876096865395,DB01
202012302200,105,-9.1,0,0,-0.7660444431189779,-0.6427876096865395,DB01
202012302300,105,-9.4,0,0,-0.7660444431189779,-0.6427876096865395,DB01
202012310000,105,-9.8,0,0,-0.7660444431189779,-0.6427876096865395,DB01
202012310100,105,-10.0,0,0,-0.7660444431189779,-0.6427876096865395,DB01
202012310200,105,-10.2,0,0,-0.7660444431189779,-0.6427876096865395,DB02
202012310300,105,-9.7,0,0,-0.7660444431189779,-0.6427876096865395,DB01
202012310400,105,-9.6,0,0,-0.9396926207859084,-0.34202014332566855,DB01
202012310500,105,-9.7,0,0,-0.7660444431189779,-0.6427876096865395,DB01
202012310600,105,-9.3,0,0,-0.7660444431189779,-0.6427876096865395,DB01
202012310700,105,-9.3,0,0,-0.7660444431189779,-0.6427876096865395,DB02
202012310800,105,-9.4,0,0,-0.9396926207859084,-0.34202014332566855,DB01
202012310900,105,-7.6,0,0,-0.7660444431189779,-0.6427876096865395,DB01
202012311000,105,-6.7,0,0,-0.7660444431189779,-0.6427876096865395,DB01
202012311100,105,-4.7,0,0,-0.9396926207859084,-0.34202014332566855,DB01
202012311200,105,-2.9,0,0,-0.34202014332566866,-0.9396926207859084,DB01
202012311300,105,-1.1,0,0,-0.34202014332566866,-0.9396926207859084,DB01
202012311400,105,0.0,0,0,0.0,1.0,DB01
202012311500,105,0.3,0,0,-0.7660444431189779,-0.6427876096865395,DB01
202012311600,105,-0.1,0,0,-0.7660444431189779,-0.6427876096865395,DB01
202012311700,105,-1.8,0,0,-0.9396926207859084,-0.34202014332566855,DB01
202012311800,105,-3.4,0,0,-0.7660444431189779,-0.6427876096865395,DB01
202012311900,105,-4.0,0,0,-0.7660444431189779,-0.6427876096865395,DB01
202012312000,105,-4.3,0,0,-0.7660444431189779,-0.6427876096865395,DB01
202012312100,105,-4.8,0,0,-0.7660444431189779,-0.6427876096865395,DB01
202012312200,105,-4.9,0,0,-0.7660444431189779,-0.6427876096865395,DB01
202012312300,105,-5.0,0,0,-0.9396926207859084,-0.34202014332566855,DB01
