TM,STN,TA,POP,is_precip,WD_sin,WD_cos,SKY
202101010000,105,-5.1,0,0,-0.7660444431189779,-0.6427876096865395,DB01
202101010100,105,-5.2,0,0,-0.9396926207859084,-0.34202014332566855,DB01
202101010200,105,-5.6,0,0,-0.7660444431189779,-0.6427876096865395,DB01
202101010300,105,-6.0,0,0,-0.7660444431189779,-0.6427876096865395,DB01
202101010400,105,-6.1,0,0,-0.7660444431189779,-0.6427876096865395,DB01
202101010500,105,-6.0,0,0,-0.6427876096865396,0.7660444431189778,DB01
202101010600,105,-6.9,0,0,-0.6427876096865396,0.7660444431189778,DB02
202101010700,105,-7.3,0,0,-0.34202014332566866,-0.9396926207859084,DB01
202101010800,105,-5.7,0,0,-0.7660444431189779,-0.6427876096865395,DB01
202101010900,105,-3.9,0,0,-0.7660444431189779,-0.6427876096865395,DB01
202101011000,105,-1.6,0,0,-0.7660444431189779,-0.6427876096865395,DB01
202101011100,105,0.2,0,0,-0.7660444431189779,-0.6427876096865395,DB01
202101011200,105,2.2,0,0,-1.0,-1.8369701987210297e-16,DB01
202101011300,105,3.3,0,0,-0.9396926207859083,0.342020143325669,DB01
202101011400,105,3.6,0,0,-0.34202014332566866,-0.9396926207859084,DB01
202101011500,105,3.4,0,0,-0.7660444431189779,-0.6427876096865395,DB01
202101011600,105,2.0,0,0,-0.7660444431189779,-0.6427876096865395,DB01
202101011700,105,0.4,0,0,-0.7660444431189779,-0.6427876096865395,DB01
202101011800,105,-0.2,0,0,-0.7660444431189779,-0.6427876096865395,DB01
202101011900,105,-0.8,0,0,1.2246467991473532e-16,-1.0,DB01
202101012000,105,-1.2,0,0,-0.9396926207859084,-0.34202014332566855,DB01
202101012100,105,-1.9,0,0,-0.9396926207859083,0.342020143325669,DB01
202101012200,105,-1.9,0,0,-0.3420201433256686,0.9396926207859084,DB02
202101012300,105,-2.4,0,0,-0.3420201433256686,0.9396926207859084,DB01
202101020000,105,-3.1,0,0,-0.6427876096865396,0.7660444431189778,DB02
202101020100,105,-2.3,0,0,-0.6427876096865396,0.7660444431189778,DB02
202101020200,105,-3.6,0,0,0.0,1.0,DB01
202101020300,105,-4.0,0,0,0.0,1.0,DB01
202101020400,105,-4.6,0,0,-0.34202014332566866,-0.9396926207859084,DB01
202101020500,105,-4.6,0,0,-0.7660444431189779,-0.6427876096865395,DB01
202101020600,105,-5.6,0,0,-1.0,-1.8369701987210297e-16,DB01
202101020700,105,-6.6,0,0,-0.7660444431189779,-0.6427876096865395,DB01
202101020800,105,-7.0,0,0,1.2246467991473532e-16,-1.0,DB01
202101020900,105,-3.5,0,0,-0.7660444431189779,-0.6427876096865395,DB01
202101021000,105,-0.4,0,0,-0.7660444431189779,-0.6427876096865395,DB01
202101021100,105,0.7,0,0,-0.6427876096865396,0.7660444431189778,DB01
202101021200,105,2.3,0,0,-0.34202014332566866,-0.9396926207859084,DB01
202101021300,105,2.6,0,0,-0.34202014332566866,-0.9396926207859084,DB01
202101021400,105,3.0,0,0,1.2246467991473532e-16,-1.0,DB01
202101021500,105,3.2,0,0,-0.7660444431189779,-0.6427876096865395,DB01
202101021600,105,1.9,0,0,-0.34202014332566866,-0.9396926207859084,DB01
202101021700,105,0.5,0,0,-0.7660444431189779,-0.6427876096865395,DB01
202101021800,105,-0.4,0,0,-0.7660444431189779,-0.6427876096865395,DB01
202101021900,105,-0.9,0,0,-0.7660444431189779,-0.6427876096865395,DB01
202101022000,105,-1.7,0,0,-0.7660444431189779,-0.6427876096865395,DB01
202101022100,105,-2.1,0,0,-0.7660444431189779,-0.6427876096865395,DB01
202101022200,105,-2.6,0,0,-0.7660444431189779,-0.6427876096865395,DB01
202101022300,105,-2.9,0,0,-0.9396926207859084,-0.34202014332566855,DB01
202101030000,105,-3.1,0,0,-0.7660444431189779,-0.6427876096865395,DB01
202101030100,105,-3.1,0,0,-0.7660444431189779,-0.6427876096865395,DB01
202101030200,105,-3.3,0,0,-0.7660444431189779,-0.6427876096865395,DB01
202101030300,105,-3.5,0,0,-0.7660444431189779,-0.6427876096865395,DB01
202101030400,105,-3.8,0,0,-0.7660444431189779,-0.6427876096865395,DB01
202101030500,105,-4.4,0,0,-0.7660444431189779,-0.6427876096865395,DB01
202101030600,105,-4.5,0,0,-0.9396926207859084,-0.34202014332566855,DB02
202101030700,105,-4.6,0,0,-1.0,-1.8369701987210297e-16,DB01
202101030800,105,-4.8,0,0,-0.9396926207859084,-0.34202014332566855,DB01
202101030900,105,-3.5,0,0,-0.7660444431189779,-0.6427876096865395,DB01
202101031000,105,-2.2,0,0,-0.7660444431189779,-0.6427876096865395,DB01
202101031100,105,-0.1,0,0,-0.34202014332566866,-0.9396926207859084,DB01
202101031200,105,1.4,0,0,-0.34202014332566866,-0.9396926207859084,DB01
202101031300,105,2.0,0,0,-0.34202014332566866,-0.9396926207859084,DB02
202101031400,105,2.1,0,0,-0.7660444431189779,-0.6427876096865395,DB03
202101031500,105,2.1,0,0,-0.34202014332566866,-0.9396926207859084,DB03
202101031600,105,1.0,0,0,-0.34202014332566866,-0.9396926207859084,DB03
202101031700,105,0.5,0,0,-0.7660444431189779,-0.6427876096865395,DB03
202101031800,105,-0.1,0,0,-0.34202014332566866,-0.9396926207859084,DB02
202101031900,105,-0.6,0,0,-0.7660444431189779,-0.6427876096865395,DB02
202101032000,105,-0.8,0,0,-0.7660444431189779,-0.6427876096865395,DB02
202101032100,105,-1.0,0,0,-0.7660444431189779,-0.6427876096865395,DB01
202101032200,105,-1.4,0,0,-0.7660444431189779,-0.6427876096865395,DB01
202101032300,105,-1.8,0,0,-0.9396926207859084,-0.34202014332566855,DB01
202101040000,105,-2.0,0,0,-0.9396926207859084,-0.34202014332566855,DB01
202101040100,105,-2.6,0,0,-0.7660444431189779,-0.6427876096865395,DB01
202101040200,105,-3.3,0,0,-0.7660444431189779,-0.6427876096865395,DB01
202101040300,105,-2.8,0,0,-0.9396926207859084,-0.34202014332566855,DB01
202101040400,105,-2.6,0,0,-0.7660444431189779,-0.6427876096865395,DB01
202101040500,105,-2.5,0,0,-0.7660444431189779,-0.6427876096865395,DB01
202101040600,105,-2.8,0,0,-0.7660444431189779,-0.6427876096865395,DB01
202101040700,105,-3.0,0,0,-0.7660444431189779,-0.6427876096865395,DB03
202101040800,105,-3.1,0,0,-0.9396926207859084,-0.34202014332566855,DB01
202101040900,105,-1.6,0,0,-0.7660444431189779,-0.6427876096865395,DB01
202101041000,105,0.5,0,0,-0.7660444431189779,-0.6427876096865395,DB01
202101041100,105,2.9,0,0,-0.7660444431189779,-0.6427876096865395,DB01
202101041200,105,4.5,0,0,0.6427876096865395,-0.7660444431189779,DB01
202101041300,105,5.6,0,0,0.9396926207859084,-0.3420201433256687,DB01
202101041400,105,5.9,0,0,0.766044443118978,0.6427876096865394,DB03
202101041500,105,6.1,0,0,1.0,6.123233995736766e-17,DB03
202101041600,105,5.8,0,0,1.0,6.123233995736766e-17,DB04
202101041700,105,4.2,0,0,0.9396926207859084,-0.3420201433256687,DB04
202101041800,105,3.4,0,0,-0.7660444431189779,-0.6427876096865395,DB04
202101041900,105,2.3,0,0,-0.9396926207859084,-0.34202014332566855,DB03
202101042000,105,1.4,0,0,-0.9396926207859084,-0.34202014332566855,DB03
202101042100,105,0.8,0,0,-0.9396926207859084,-0.34202014332566855,DB03
202101042200,105,1.0,0,0,-0.9396926207859084,-0.34202014332566855,DB04
202101042300,105,1.5,0,0,-0.7660444431189779,-0.6427876096865395,DB04
202101050000,105,1.4,0,0,-0.6427876096865396,0.7660444431189778,DB04
202101050100,105,1.1,0,0,-0.6427876096865396,0.7660444431189778,DB04
202101050200,105,0.8,0,0,-1.0,-1.8369701987210297e-16,DB04
202101050300,105,-0.1,0,0,-0.6427876096865396,0.7660444431189778,DB04
202101050400,105,-1.2,0,0,-0.9396926207859084,-0.34202014332566855,DB02
202101050500,105,-2.2,0,0,-0.7660444431189779,-0.6427876096865395,DB02
202101050600,105,-2.8,0,0,-0.7660444431189779,-0.6427876096865395,DB02
202101050700,105,-3.1,0,0,-0.9396926207859083,0.342020143325669,DB01
202101050800,105,-1.5,0,0,-0.7660444431189779,-0.6427876096865395,DB02
202101050900,105,0.2,0,0,-0.9396926207859084,-0.34202014332566855,DB01
202101051000,105,0.8,0,0,-0.7660444431189779,-0.6427876096865395,DB01
202101051100,105,1.5,0,0,-0.7660444431189779,-0.6427876096865395,DB01
202101051200,105,1.6,0,0,-0.7660444431189779,-0.6427876096865395,DB01
202101051300,105,2.4,0,0,-0.7660444431189779,-0.6427876096865395,DB01
202101051400,105,1.7,0,0,-0.7660444431189779,-0.6427876096865395,DB02
202101051500,105,2.6,0,0,-0.7660444431189779,-0.6427876096865395,DB03
202101051600,105,1.5,0,0,-0.7660444431189779,-0.6427876096865395,DB03
202101051700,105,-0.1,0,0,-0.9396926207859084,-0.34202014332566855,DB01
202101051800,105,-1.3,0,0,-1.0,-1.8369701987210297e-16,DB01
202101051900,105,-2.2,0,0,-0.9396926207859084,-0.34202014332566855,DB01
202101052000,105,-2.8,0,0,-0.9396926207859084,-0.34202014332566855,DB01
202101052100,105,-3.5,0,0,-0.7660444431189779,-0.6427876096865395,DB01
202101052200,105,-4.2,0,0,-0.7660444431189779,-0.6427876096865395,DB01
202101052300,105,-4.8,0,0,-0.7660444431189779,-0.6427876096865395,DB01
202101060000,105,-5.2,0,0,-0.7660444431189779,-0.6427876096865395,DB01
202101060100,105,-5.4,0,0,-0.7660444431189779,-0.6427876096865395,DB01
202101060200,105,-5.7,0,0,-0.7660444431189779,-0.6427876096865395,DB01
202101060300,105,-5.9,0,0,-0.7660444431189779,-0.6427876096865395,DB01
202101060400,105,-6.4,0,0,-0.7660444431189779,-0.6427876096865395,DB01
202101060500,105,-6.5,0,0,-0.7660444431189779,-0.6427876096865395,DB01
202101060600,105,-7.0,0,0,-0.7660444431189779,-0.6427876096865395,DB01
202101060700,105,-7.2,0,0,-0.9396926207859084,-0.34202014332566855,DB01
202101060800,105,-6.6,0,0,-0.7660444431189779,-0.6427876096865395,DB01
202101060900,105,-6.2,0,0,-0.7660444431189779,-0.6427876096865395,DB01
202101061000,105,-4.4,0,0,-0.34202014332566866,-0.9396926207859084,DB01
202101061100,105,-3.2,0,0,-0.7660444431189779,-0.6427876096865395,DB01
202101061200,105,-1.6,0,0,-0.7660444431189779,-0.6427876096865395,DB01
202101061300,105,-0.2,0,0,-0.34202014332566866,-0.9396926207859084,DB01
202101061400,105,-0.5,0,0,-0.6427876096865396,0.7660444431189778,DB01
202101061500,105,0.0,0,0,-0.9396926207859083,0.342020143325669,DB01
202101061600,105,-0.1,0,0,-0.3420201433256686,0.9396926207859084,DB01
202101061700,105,-1.6,0,0,-0.7660444431189779,-0.6427876096865395,DB01
202101061800,105,-2.8,0,0,-1.0,-1.8369701987210297e-16,DB01
202101061900,105,-4.0,0,0,-0.7660444431189779,-0.6427876096865395,DB01
202101062000,105,-5.3,0,0,-0.7660444431189779,-0.6427876096865395,DB01
202101062100,105,-5.4,0,0,-0.34202014332566866,-0.9396926207859084,DB02
202101062200,105,-4.2,0,0,1.2246467991473532e-16,-1.0,DB02
202101062300,105,-4.3,0,0,-0.9396926207859083,0.342020143325669,DB03
202101070000,105,-4.9,0,0,1.2246467991473532e-16,-1.0,DB03
202101070100,105,-5.4,0,0,-0.34202014332566866,-0.9396926207859084,DB03
202101070200,105,-5.7,0,0,-0.34202014332566866,-0.9396926207859084,DB03
202101070300,105,-5.4,0,0,-0.9396926207859084,-0.34202014332566855,DB03
202101070400,105,-7.4,0,0,-1.0,-1.8369701987210297e-16,DB03
202101070500,105,-9.2,0,0,-0.9396926207859084,-0.34202014332566855,DB02
202101070600,105,-10.6,0,0,-0.9396926207859084,-0.34202014332566855,DB01
202101070700,105,-11.8,0,0,-0.7660444431189779,-0.6427876096865395,DB03
202101070800,105,-12.7,0,0,-0.7660444431189779,-0.6427876096865395,DB01
202101070900,105,-12.4,0,0,-0.7660444431189779,-0.6427876096865395,DB01
202101071000,105,-11.3,0,0,-0.7660444431189779,-0.6427876096865395,DB01
202101071100,105,-10.3,0,0,-0.34202014332566866,-0.9396926207859084,DB01
202101071200,105,-8.5,0,0,-0.7660444431189779,-0.6427876096865395,DB01
202101071300,105,-7.7,0,0,-0.7660444431189779,-0.6427876096865395,DB01
202101071400,105,-7.8,0,0,-0.7660444431189779,-0.6427876096865395,DB01
202101071500,105,-8.0,0,0,-0.9396926207859084,-0.34202014332566855,DB01
202101071600,105,-8.3,0,0,-0.7660444431189779,-0.6427876096865395,DB01
202101071700,105,-9.6,0,0,-0.9396926207859084,-0.34202014332566855,DB01
202101071800,105,-10.8,0,0,-1.0,-1.8369701987210297e-16,DB01
202101071900,105,-11.4,0,0,-0.7660444431189779,-0.6427876096865395,DB01
202101072000,105,-11.8,0,0,-0.7660444431189779,-0.6427876096865395,DB01
202101072100,105,-12.2,0,0,-0.7660444431189779,-0.6427876096865395,DB01
202101072200,105,-12.4,0,0,-0.7660444431189779,-0.6427876096865395,DB01
202101072300,105,-12.7,0,0,-0.7660444431189779,-0.6427876096865395,DB01
202101080000,105,-12.9,0,0,-0.34202014332566866,-0.9396926207859084,DB01
202101080100,105,-12.8,0,0,-0.7660444431189779,-0.6427876096865395,DB01
202101080200,105,-12.6,0,0,-0.34202014332566866,-0.9396926207859084,DB01
202101080300,105,-12.8,0,0,-1.0,-1.8369701987210297e-16,DB01
202101080400,105,-13.3,0,0,-0.34202014332566866,-0.9396926207859084,DB02
202101080500,105,-13.9,0,0,-0.7660444431189779,-0.6427876096865395,DB01
202101080600,105,-14.5,0,0,-0.34202014332566866,-0.9396926207859084,DB01
202101080700,105,-15.0,0,0,-0.7660444431189779,-0.6427876096865395,DB02
202101080800,105,-14.9,0,0,-0.7660444431189779,-0.6427876096865395,DB03
202101080900,105,-14.0,0,0,-0.9396926207859084,-0.34202014332566855,DB02
202101081000,105,-12.0,0,0,-0.7660444431189779,-0.6427876096865395,DB01
202101081100,105,-9.7,0,0,-0.7660444431189779,-0.6427876096865395,DB01
202101081200,105,-7.9,0,0,-0.6427876096865396,0.7660444431189778,DB01
202101081300,105,-6.3,0,0,-0.7660444431189779,-0.6427876096865395,DB01
202101081400,105,-6.5,0,0,-0.7660444431189779,-0.6427876096865395,DB01
202101081500,105,-6.5,0,0,-0.7660444431189779,-0.6427876096865395,DB01
202101081600,105,-6.7,0,0,-0.7660444431189779,-0.6427876096865395,DB01
202101081700,105,-8.0,0,0,-0.7660444431189779,-0.6427876096865395,DB01
202101081800,105,-8.8,0,0,-0.9396926207859084,-0.34202014332566855,DB01
202101081900,105,-9.4,0,0,-0.9396926207859084,-0.34202014332566855,DB01
202101082000,105,-10.3,0,0,-0.34202014332566866,-0.9396926207859084,DB01
202101082100,105,-10.8,0,0,1.2246467991473532e-16,-1.0,DB01
202101082200,105,-11.2,0,0,-0.7660444431189779,-0.6427876096865395,DB01
202101082300,105,-11.6,0,0,1.2246467991473532e-16,-1.0,DB01
202101090000,105,-12.1,0,0,-0.34202014332566866,-0.9396926207859084,DB01
202101090100,105,-12.2,0,0,-0.7660444431189779,-0.6427876096865395,DB01
202101090200,105,-12.6,0,0,0.9396926207859084,-0.3420201433256687,DB01
202101090300,105,-12.8,0,0,-0.7660444431189779,-0.6427876096865395,DB01
202101090400,105,-12.7,0,0,-0.7660444431189779,-0.6427876096865395,DB01
202101090500,105,-12.3,0,0,-0.9396926207859084,-0.34202014332566855,DB01
202101090600,105,-11.9,0,0,-0.9396926207859084,-0.34202014332566855,DB01
202101090700,105,-11.6,0,0,-0.7660444431189779,-0.6427876096865395,DB01
202101090800,105,-11.6,0,0,-0.7660444431189779,-0.6427876096865395,DB01
202101090900,105,-10.8,0,0,-0.7660444431189779,-0.6427876096865395,DB01
202101091000,105,-8.7,0,0,-0.7660444431189779,-0.6427876096865395,DB01
202101091100,105,-5.9,0,0,0.3420201433256687,0.9396926207859084,DB01
202101091200,105,-3.7,0,0,-0.7660444431189779,-0.6427876096865395,DB01
202101091300,105,-4.0,0,0,-0.6427876096865396,0.7660444431189778,DB01
202101091400,105,-3.9,0,0,-0.6427876096865396,0.7660444431189778,DB01
202101091500,105,-3.9,0,0,-0.6427876096865396,0.7660444431189778,DB01
202101091600,105,-4.1,0,0,-0.7660444431189779,-0.6427876096865395,DB01
202101091700,105,-5.7,0,0,-0.9396926207859084,-0.34202014332566855,DB02
202101091800,105,-6.7,0,0,-0.7660444431189779,-0.6427876096865395,DB01
202101091900,105,-7.5,0,0,-0.34202014332566866,-0.9396926207859084,DB01
202101092000,105,-7.9,0,0,-0.7660444431189779,-0.6427876096865395,DB01
202101092100,105,-8.3,0,0,-0.7660444431189779,-0.6427876096865395,DB01
202101092200,105,-8.4,0,0,-0.7660444431189779,-0.6427876096865395,DB01
202101092300,105,-8.6,0,0,-0.7660444431189779,-0.6427876096865395,DB01
202101100000,105,-8.9,0,0,-0.7660444431189779,-0.6427876096865395,DB01
202101100100,105,-9.2,0,0,-0.7660444431189779,-0.6427876096865395,DB01
202101100200,105,-9.2,0,0,-0.7660444431189779,-0.6427876096865395,DB02
202101100300,105,-9.1,0,0,-0.9396926207859084,-0.34202014332566855,DB02
202101100400,105,-8.7,0,0,-0.7660444431189779,-0.6427876096865395,DB01
202101100500,105,-8.7,0,0,-0.7660444431189779,-0.6427876096865395,DB01
202101100600,105,-8.8,0,0,-0.34202014332566866,-0.9396926207859084,DB01
202101100700,105,-8.0,0,0,-0.7660444431189779,-0.6427876096865395,DB03
202101100800,105,-7.5,0,0,-0.9396926207859084,-0.34202014332566855,DB03
202101100900,105,-5.8,0,0,-0.7660444431189779,-0.6427876096865395,DB02
202101101000,105,-3.8,0,0,-0.34202014332566866,-0.9396926207859084,DB01
202101101100,105,-2.9,0,0,-0.7660444431189779,-0.6427876096865395,DB01
202101101200,105,-1.8,0,0,-0.7660444431189779,-0.6427876096865395,DB01
202101101300,105,-0.5,0,0,-0.6427876096865396,0.7660444431189778,DB01
202101101400,105,1.0,0,0,-0.6427876096865396,0.7660444431189778,DB02
202101101500,105,1.3,0,0,-0.9396926207859083,0.342020143325669,DB02
202101101600,105,1.4,0,0,-0.7660444431189779,-0.6427876096865395,DB02
202101101700,105,-0.6,0,0,-0.9396926207859084,-0.34202014332566855,DB01
202101101800,105,-1.8,0,0,-0.7660444431189779,-0.6427876096865395,DB02
202101101900,105,-2.8,0,0,-0.34202014332566866,-0.9396926207859084,DB01
202101102000,105,-3.8,0,0,-0.7660444431189779,-0.6427876096865395,DB01
202101102100,105,-3.9,0,0,-0.7660444431189779,-0.6427876096865395,DB01
202101102200,105,-4.6,0,0,-0.9396926207859084,-0.34202014332566855,DB01
202101102300,105,-4.0,0,0,-1.0,-1.8369701987210297e-16,DB01
202101110000,105,-4.8,0,0,-1.0,-1.8369701987210297e-16,DB01
202101110100,105,-4.9,0,0,-0.7660444431189779,-0.6427876096865395,DB01
202101110200,105,-5.1,0,0,-0.7660444431189779,-0.6427876096865395,DB01
202101110300,105,-5.7,0,0,-0.7660444431189779,-0.6427876096865395,DB01
202101110400,105,-5.6,0,0,-0.7660444431189779,-0.6427876096865395,DB01
202101110500,105,-6.3,0,0,-0.9396926207859084,-0.34202014332566855,DB01
202101110600,105,-6.7,0,0,-0.9396926207859084,-0.34202014332566855,DB01
202101110700,105,-6.5,0,0,-0.9396926207859084,-0.34202014332566855,DB02
202101110800,105,-6.0,0,0,-0.9396926207859084,-0.34202014332566855,DB04
202101110900,105,-5.1,0,0,-0.9396926207859084,-0.34202014332566855,DB03
202101111000,105,-4.0,0,0,-0.9396926207859084,-0.34202014332566855,DB04
202101111100,105,-2.7,0,0,-0.9396926207859084,-0.34202014332566855,DB04
202101111200,105,-1.1,0,0,-0.7660444431189779,-0.6427876096865395,DB04
202101111300,105,-0.1,0,0,0.0,1.0,DB04
202101111400,105,0.4,0,0,0.9396926207859084,-0.3420201433256687,DB04
202101111500,105,0.8,0,0,-0.7660444431189779,-0.6427876096865395,DB04
202101111600,105,0.6,0,0,-0.7660444431189779,-0.6427876096865395,DB04
202101111700,105,0.1,0,0,-0.7660444431189779,-0.6427876096865395,DB04
202101111800,105,-0.6,0,0,-0.7660444431189779,-0.6427876096865395,DB04
202101111900,105,-0.8,0,0,-0.7660444431189779,-0.6427876096865395,DB04
202101112000,105,-1.2,0,0,-0.7660444431189779,-0.6427876096865395,DB03
202101112100,105,-1.7,0,0,-0.7660444431189779,-0.6427876096865395,DB03
202101112200,105,-1.6,0,0,-0.9396926207859084,-0.34202014332566855,DB03
202101112300,105,-1.9,0,0,-0.9396926207859084,-0.34202014332566855,DB03
202101120000,105,-2.2,0,0,-0.7660444431189779,-0.6427876096865395,DB03
202101120100,105,-2.3,0,0,-0.7660444431189779,-0.6427876096865395,DB03
202101120200,105,-2.2,0,0,-0.7660444431189779,-0.6427876096865395,DB04
202101120300,105,-2.6,0,0,-0.34202014332566866,-0.9396926207859084,DB03
202101120400,105,-3.0,0,0,-0.9396926207859084,-0.34202014332566855,DB01
202101120500,105,-3.2,0,0,-0.9396926207859084,-0.34202014332566855,DB01
202101120600,105,-3.6,0,0,-0.7660444431189779,-0.6427876096865395,DB01
202101120700,105,-3.2,0,0,-0.9396926207859084,-0.34202014332566855,DB01
202101120800,105,-3.2,0,0,-0.9396926207859084,-0.34202014332566855,DB01
202101120900,105,-1.4,0,0,-0.7660444431189779,-0.6427876096865395,DB01
202101121000,105,0.1,0,0,-0.7660444431189779,-0.6427876096865395,DB01
202101121100,105,1.5,0,0,-0.7660444431189779,-0.6427876096865395,DB01
202101121200,105,2.6,0,0,-0.7660444431189779,-0.6427876096865395,DB01
202101121300,105,3.4,0,0,-0.7660444431189779,-0.6427876096865395,DB01
202101121400,105,3.7,0,0,-0.7660444431189779,-0.6427876096865395,DB03
202101121500,105,3.6,0,0,-0.7660444431189779,-0.6427876096865395,DB03
202101121600,105,2.0,0,0,-1.0,-1.8369701987210297e-16,DB02
202101121700,105,1.7,0,0,-1.0,-1.8369701987210297e-16,DB03
202101121800,105,1.2,0,0,0.3420201433256689,-0.9396926207859083,DB04
202101121900,105,0.7,0,0,0.0,1.0,DB04
202101122000,105,1.1,0,0,-1.0,-1.8369701987210297e-16,DB03
202101122100,105,1.4,0,0,-0.9396926207859084,-0.34202014332566855,DB03
202101122200,105,1.2,0,0,-0.34202014332566866,-0.9396926207859084,DB03
202101122300,105,1.0,0,0,1.2246467991473532e-16,-1.0,DB03
202101130000,105,1.3,0,0,1.2246467991473532e-16,-1.0,DB01
202101130100,105,1.4,0,0,0.3420201433256689,-0.9396926207859083,DB01
202101130200,105,2.0,0,0,-0.34202014332566866,-0.9396926207859084,DB02
202101130300,105,2.2,0,0,-0.9396926207859084,-0.34202014332566855,DB02
202101130400,105,2.3,0,0,-0.9396926207859084,-0.34202014332566855,DB01
202101130500,105,2.2,0,0,-0.9396926207859084,-0.34202014332566855,DB01
202101130600,105,3.0,0,0,-0.9396926207859084,-0.34202014332566855,DB01
202101130700,105,3.4,0,0,-0.7660444431189779,-0.6427876096865395,DB01
202101130800,105,3.1,0,0,-0.9396926207859084,-0.34202014332566855,DB01
202101130900,105,3.0,0,0,1.0,6.123233995736766e-17,DB01
202101131000,105,6.5,0,0,-0.7660444431189779,-0.6427876096865395,DB01
202101131100,105,8.0,0,0,-0.9396926207859084,-0.34202014332566855,DB02
202101131200,105,7.7,0,0,-0.7660444431189779,-0.6427876096865395,DB02
202101131300,105,9.0,0,0,-0.9396926207859084,-0.34202014332566855,DB01
202101131400,105,9.6,0,0,-0.9396926207859084,-0.34202014332566855,DB01
202101131500,105,9.5,0,0,-0.9396926207859084,-0.34202014332566855,DB01
202101131600,105,9.6,0,0,-0.9396926207859084,-0.34202014332566855,DB01
202101131700,105,9.1,0,0,-0.7660444431189779,-0.6427876096865395,DB01
202101131800,105,8.9,0,0,-0.7660444431189779,-0.6427876096865395,DB02
202101131900,105,9.0,0,0,-0.7660444431189779,-0.6427876096865395,DB03
202101132000,105,8.8,0,0,-0.7660444431189779,-0.6427876096865395,DB02
202101132100,105,8.8,0,0,-0.34202014332566866,-0.9396926207859084,DB01
202101132200,105,8.6,0,0,-0.9396926207859084,-0.34202014332566855,DB01
202101132300,105,8.0,0,0,-0.7660444431189779,-0.6427876096865395,DB01
202101140000,105,7.5,0,0,-1.0,-1.8369701987210297e-16,DB01
202101140100,105,7.1,0,0,-0.7660444431189779,-0.6427876096865395,DB01
202101140200,105,5.9,0,0,-0.7660444431189779,-0.6427876096865395,DB01
202101140300,105,5.2,0,0,-0.9396926207859084,-0.34202014332566855,DB01
202101140400,105,4.4,0,0,-0.9396926207859084,-0.34202014332566855,DB01
202101140500,105,3.9,0,0,-0.9396926207859084,-0.34202014332566855,DB01
202101140600,105,2.8,0,0,-0.9396926207859084,-0.34202014332566855,DB01
202101140700,105,2.1,0,0,-0.9396926207859084,-0.34202014332566855,DB01
202101140800,105,1.1,0,0,-1.0,-1.8369701987210297e-16,DB01
202101140900,105,2.7,0,0,-0.7660444431189779,-0.6427876096865395,DB01
202101141000,105,5.5,0,0,0.3420201433256689,-0.9396926207859083,DB01
202101141100,105,7.8,0,0,-0.9396926207859083,0.342020143325669,DB01
202101141200,105,8.3,0,0,0.3420201433256687,0.9396926207859084,DB01
202101141300,105,9.9,0,0,0.9396926207859083,0.3420201433256688,DB01
202101141400,105,9.7,0,0,1.0,6.123233995736766e-17,DB01
202101141500,105,9.2,0,0,1.0,6.123233995736766e-17,DB01
202101141600,105,8.4,0,0,0.9396926207859083,0.3420201433256688,DB01
202101141700,105,7.0,0,0,0.766044443118978,0.6427876096865394,DB01
202101141800,105,5.7,0,0,0.3420201433256689,-0.9396926207859083,DB01
202101141900,105,3.8,0,0,-0.7660444431189779,-0.6427876096865395,DB01
202101142000,105,2.8,0,0,-0.7660444431189779,-0.6427876096865395,DB02
202101142100,105,2.2,0,0,-0.7660444431189779,-0.6427876096865395,DB01
202101142200,105,1.7,0,0,-0.34202014332566866,-0.9396926207859084,DB01
202101142300,105,1.3,0,0,-0.7660444431189779,-0.6427876096865395,DB01
202101150000,105,0.0,0,0,-0.34202014332566866,-0.9396926207859084,DB01
202101150100,105,0.8,0,0,-0.7660444431189779,-0.6427876096865395,DB01
202101150200,105,0.5,0,0,-0.7660444431189779,-0.6427876096865395,DB01
202101150300,105,0.6,0,0,-0.7660444431189779,-0.6427876096865395,DB02
202101150400,105,-0.3,0,0,-0.34202014332566866,-0.9396926207859084,DB03
202101150500,105,-0.6,0,0,-0.7660444431189779,-0.6427876096865395,DB02
202101150600,105,-0.7,0,0,-0.34202014332566866,-0.9396926207859084,DB03
202101150700,105,-0.5,0,0,-0.6427876096865396,0.7660444431189778,DB02
202101150800,105,0.1,0,0,-0.7660444431189779,-0.6427876096865395,DB03
202101150900,105,1.5,0,0,-0.34202014332566866,-0.9396926207859084,DB02
202101151000,105,5.7,0,0,-0.9396926207859083,0.342020143325669,DB02
202101151100,105,6.5,0,0,0.0,1.0,DB04
202101151200,105,7.5,0,0,0.6427876096865395,-0.7660444431189779,DB03
202101151300,105,13.8,0,0,0.9396926207859084,-0.3420201433256687,DB03
202101151400,105,14.9,0,0,-0.7660444431189779,-0.6427876096865395,DB03
202101151500,105,14.1,0,0,-0.7660444431189779,-0.6427876096865395,DB03
202101151600,105,13.9,0,0,-0.9396926207859084,-0.34202014332566855,DB03
202101151700,105,13.5,0,0,-0.7660444431189779,-0.6427876096865395,DB02
202101151800,105,13.1,0,0,-0.9396926207859084,-0.34202014332566855,DB02
202101151900,105,12.4,0,0,-0.9396926207859084,-0.34202014332566855,DB03
202101152000,105,11.0,0,0,-1.0,-1.8369701987210297e-16,DB03
202101152100,105,9.5,0,0,-0.9396926207859084,-0.34202014332566855,DB03
202101152200,105,8.7,0,0,-0.9396926207859084,-0.34202014332566855,DB03
202101152300,105,8.0,0,0,-1.0,-1.8369701987210297e-16,DB03
202101160000,105,7.3,0,0,-0.9396926207859084,-0.34202014332566855,DB03
202101160100,105,6.4,0,0,-0.34202014332566866,-0.9396926207859084,DB04
202101160200,105,5.8,0,0,-0.34202014332566866,-0.9396926207859084,DB04
202101160300,105,4.9,0,0,-0.7660444431189779,-0.6427876096865395,DB01
202101160400,105,4.0,0,0,-0.9396926207859084,-0.34202014332566855,DB01
202101160500,105,3.1,0,0,-0.7660444431189779,-0.6427876096865395,DB02
202101160600,105,2.5,0,0,-0.7660444431189779,-0.6427876096865395,DB02
202101160700,105,1.8,0,0,-0.7660444431189779,-0.6427876096865395,DB01
202101160800,105,1.0,0,0,-1.0,-1.8369701987210297e-16,DB02
202101160900,105,1.4,0,0,-1.0,-1.8369701987210297e-16,DB01
202101161000,105,2.8,0,0,-0.7660444431189779,-0.6427876096865395,DB01
202101161100,105,3.6,0,0,-0.7660444431189779,-0.6427876096865395,DB02
202101161200,105,4.3,0,0,-0.7660444431189779,-0.6427876096865395,DB01
202101161300,105,4.9,0,0,-0.7660444431189779,-0.6427876096865395,DB01
202101161400,105,5.2,0,0,-0.7660444431189779,-0.6427876096865395,DB01
202101161500,105,4.7,0,0,-0.7660444431189779,-0.6427876096865395,DB01
202101161600,105,2.9,0,0,-0.9396926207859084,-0.34202014332566855,DB01
202101161700,105,1.2,0,0,-0.9396926207859084,-0.34202014332566855,DB01
202101161800,105,0.1,0,0,-0.7660444431189779,-0.6427876096865395,DB01
202101161900,105,-0.5,0,0,-0.7660444431189779,-0.6427876096865395,DB01
202101162000,105,-1.1,0,0,-0.9396926207859084,-0.34202014332566855,DB01
202101162100,105,-1.7,0,0,-0.7660444431189779,-0.6427876096865395,DB01
202101162200,105,-2.2,0,0,-0.7660444431189779,-0.6427876096865395,DB01
202101162300,105,-2.8,0,0,-0.7660444431189779,-0.6427876096865395,DB02
202101170000,105,-3.4,0,0,-0.7660444431189779,-0.6427876096865395,DB02
202101170100,105,-3.9,0,0,-0.7660444431189779,-0.6427876096865395,DB03
202101170200,105,-4.1,0,0,-0.9396926207859084,-0.34202014332566855,DB03
202101170300,105,-4.6,0,0,-0.9396926207859084,-0.34202014332566855,DB01
202101170400,105,-5.0,0,0,-0.9396926207859084,-0.34202014332566855,DB01
202101170500,105,-5.7,0,0,-0.7660444431189779,-0.6427876096865395,DB01
202101170600,105,-6.2,0,0,-0.7660444431189779,-0.6427876096865395,DB01
202101170700,105,-6.5,0,0,-0.7660444431189779,-0.6427876096865395,DB01
202101170800,105,-6.5,0,0,-0.7660444431189779,-0.6427876096865395,DB01
202101170900,105,-4.6,0,0,-0.7660444431189779,-0.6427876096865395,DB01
202101171000,105,-2.9,0,0,-0.7660444431189779,-0.6427876096865395,DB01
202101171100,105,-0.6,0,0,-0.34202014332566866,-0.9396926207859084,DB01
202101171200,105,0.6,0,0,-0.9396926207859084,-0.34202014332566855,DB01
202101171300,105,1.1,0,0,-0.9396926207859083,0.342020143325669,DB01
202101171400,105,1.7,0,0,-1.0,-1.8369701987210297e-16,DB01
202101171500,105,1.6,0,0,-1.0,-1.8369701987210297e-16,DB01
202101171600,105,0.9,0,0,-0.9396926207859084,-0.34202014332566855,DB01
202101171700,105,-0.5,0,0,-0.9396926207859084,-0.34202014332566855,DB01
202101171800,105,-1.4,0,0,-0.9396926207859084,-0.34202014332566855,DB01
202101171900,105,-1.9,0,0,-0.9396926207859084,-0.34202014332566855,DB01
202101172000,105,-2.0,0,0,-0.9396926207859084,-0.34202014332566855,DB01
202101172100,105,-2.1,0,0,-0.9396926207859084,-0.34202014332566855,DB01
202101172200,105,-2.3,0,0,-0.9396926207859084,-0.34202014332566855,DB02
202101172300,105,-2.5,0,0,-0.9396926207859084,-0.34202014332566855,DB03
202101180000,105,-2.7,0,0,-0.9396926207859084,-0.34202014332566855,DB02
202101180100,105,-2.7,0,0,-0.9396926207859084,-0.34202014332566855,DB03
202101180200,105,-2.3,0,0,-0.7660444431189779,-0.6427876096865395,DB03
202101180300,105,-2.2,0,0,-0.34202014332566866,-0.9396926207859084,DB02
202101180400,105,-2.1,0,0,-0.34202014332566866,-0.9396926207859084,DB03
202101180500,105,-2.2,0,0,-0.34202014332566866,-0.9396926207859084,DB03
202101180600,105,-2.5,0,0,-0.7660444431189779,-0.6427876096865395,DB03
202101180700,105,-1.5,0,0,-0.7660444431189779,-0.6427876096865395,DB02
202101180800,105,-1.3,0,0,-0.9396926207859084,-0.34202014332566855,DB02
202101180900,105,0.2,0,0,-0.7660444431189779,-0.6427876096865395,DB02
202101181000,105,0.9,0,0,-0.9396926207859084,-0.34202014332566855,DB02
202101181100,105,1.8,0,0,-0.9396926207859084,-0.34202014332566855,DB03
202101181200,105,2.9,0,0,-1.0,-1.8369701987210297e-16,DB03
202101181300,105,2.4,0,0,-0.7660444431189779,-0.6427876096865395,DB03
202101181400,105,2.7,0,0,-0.7660444431189779,-0.6427876096865395,DB03
202101181500,105,2.5,0,0,-0.9396926207859084,-0.34202014332566855,DB03
202101181600,105,1.2,0,0,-0.9396926207859083,0.342020143325669,DB04
202101181700,105,0.1,0,0,-1.0,-1.8369701987210297e-16,DB03
202101181800,105,-0.5,0,0,-0.9396926207859083,0.342020143325669,DB03
202101181900,105,-1.9,0,0,-1.0,-1.8369701987210297e-16,DB01
202101182000,105,-2.1,0,0,-1.0,-1.8369701987210297e-16,DB01
202101182100,105,-2.9,0,0,-1.0,-1.8369701987210297e-16,DB01
202101182200,105,-3.9,0,0,-0.9396926207859084,-0.34202014332566855,DB01
202101182300,105,-4.7,0,0,-0.9396926207859084,-0.34202014332566855,DB02
202101190000,105,-5.3,0,0,-0.7660444431189779,-0.6427876096865395,DB01
202101190100,105,-6.0,0,0,-0.9396926207859084,-0.34202014332566855,DB02
202101190200,105,-6.3,0,0,-0.9396926207859084,-0.34202014332566855,DB02
202101190300,105,-6.6,0,0,-0.9396926207859084,-0.34202014332566855,DB02
202101190400,105,-7.1,0,0,-0.7660444431189779,-0.6427876096865395,DB02
202101190500,105,-7.4,0,0,-0.9396926207859084,-0.34202014332566855,DB02
202101190600,105,-7.8,0,0,-0.7660444431189779,-0.6427876096865395,DB02
202101190700,105,-8.0,0,0,-0.9396926207859084,-0.34202014332566855,DB03
202101190800,105,-8.0,0,0,-0.9396926207859084,-0.34202014332566855,DB02
202101190900,105,-6.4,0,0,-0.9396926207859084,-0.34202014332566855,DB02
202101191000,105,-4.1,0,0,-0.9396926207859084,-0.34202014332566855,DB02
202101191100,105,-2.1,0,0,0.0,1.0,DB02
202101191200,105,-0.3,0,0,1.0,6.123233995736766e-17,DB01
202101191300,105,0.6,0,0,0.766044443118978,0.6427876096865394,DB01
202101191400,105,1.0,0,0,0.766044443118978,0.6427876096865394,DB01
202101191500,105,1.4,0,0,0.9396926207859083,0.3420201433256688,DB01
202101191600,105,0.9,0,0,0.9396926207859083,0.3420201433256688,DB01
202101191700,105,-0.3,0,0,0.9396926207859084,-0.3420201433256687,DB01
202101191800,105,-1.5,0,0,1.0,6.123233995736766e-17,DB01
202101191900,105,-2.6,0,0,-0.7660444431189779,-0.6427876096865395,DB01
202101192000,105,-3.7,0,0,-0.7660444431189779,-0.6427876096865395,DB01
202101192100,105,-4.3,0,0,-0.7660444431189779,-0.6427876096865395,DB01
202101192200,105,-5.1,0,0,-0.9396926207859084,-0.34202014332566855,DB01
202101192300,105,-5.5,0,0,1.2246467991473532e-16,-1.0,DB01
202101200000,105,-5.5,0,0,0.3420201433256689,-0.9396926207859083,DB01
202101200100,105,-3.1,0,0,-0.9396926207859084,-0.34202014332566855,DB01
202101200200,105,-2.2,0,0,-0.9396926207859084,-0.34202014332566855,DB01
202101200300,105,-2.1,0,0,-0.9396926207859084,-0.34202014332566855,DB01
202101200400,105,-2.1,0,0,-0.9396926207859084,-0.34202014332566855,DB01
202101200500,105,-2.2,0,0,-0.9396926207859084,-0.34202014332566855,DB01
202101200600,105,-2.2,0,0,-0.7660444431189779,-0.6427876096865395,DB01
202101200700,105,-1.9,0,0,-0.9396926207859084,-0.34202014332566855,DB01
202101200800,105,-1.8,0,0,-0.7660444431189779,-0.6427876096865395,DB01
202101200900,105,0.3,0,0,-0.7660444431189779,-0.6427876096865395,DB01
202101201000,105,3.8,0,0,0.3420201433256689,-0.9396926207859083,DB01
202101201100,105,5.7,0,0,0.9396926207859083,0.3420201433256688,DB01
202101201200,105,9.1,0,0,0.9396926207859084,-0.3420201433256687,DB01
202101201300,105,9.8,0,0,0.9396926207859083,0.3420201433256688,DB01
202101201400,105,11.6,0,0,1.2246467991473532e-16,-1.0,DB01
202101201500,105,11.6,0,0,-1.0,-1.8369701987210297e-16,DB01
202101201600,105,11.6,0,0,-0.9396926207859084,-0.34202014332566855,DB01
202101201700,105,10.1,0,0,-0.9396926207859084,-0.34202014332566855,DB01
202101201800,105,8.8,0,0,-0.9396926207859084,-0.34202014332566855,DB02
202101201900,105,7.6,0,0,-1.0,-1.8369701987210297e-16,DB03
202101202000,105,7.3,0,0,-0.7660444431189779,-0.6427876096865395,DB03
202101202100,105,7.4,0,0,-1.0,-1.8369701987210297e-16,DB03
202101202200,105,6.8,0,0,-0.9396926207859084,-0.34202014332566855,DB03
202101202300,105,7.4,0,0,-0.9396926207859084,-0.34202014332566855,DB02
202101210000,105,7.8,0,0,-0.7660444431189779,-0.6427876096865395,DB01
202101210100,105,7.4,0,0,-0.34202014332566866,-0.9396926207859084,DB02
202101210200,105,6.8,0,0,-0.9396926207859084,-0.34202014332566855,DB01
202101210300,105,6.6,0,0,-1.0,-1.8369701987210297e-16,DB01
202101210400,105,6.3,0,0,-0.9396926207859084,-0.34202014332566855,DB01
202101210500,105,7.5,0,0,-0.7660444431189779,-0.6427876096865395,DB01
202101210600,105,7.8,0,0,-0.9396926207859084,-0.34202014332566855,DB01
202101210700,105,7.6,0,0,-0.7660444431189779,-0.6427876096865395,DB01
202101210800,105,7.6,0,0,-1.0,-1.8369701987210297e-16,DB03
202101210900,105,9.6,0,0,-0.7660444431189779,-0.6427876096865395,DB03
202101211000,105,11.1,0,0,-0.34202014332566866,-0.9396926207859084,DB03
202101211100,105,11.3,0,0,-1.0,-1.8369701987210297e-16,DB03
202101211200,105,11.4,0,0,0.9396926207859083,0.3420201433256688,DB03
202101211300,105,12.0,0,0,0.766044443118978,0.6427876096865394,DB04
202101211400,105,12.6,0,0,1.0,6.123233995736766e-17,DB04
202101211500,105,12.2,0,0,1.0,6.123233995736766e-17,DB04
202101211600,105,12.3,0,0,1.0,6.123233995736766e-17,DB04
202101211700,105,11.7,0,0,-0.6427876096865396,0.7660444431189778,DB04
202101211800,105,11.3,0,0,-0.9396926207859084,-0.34202014332566855,DB04
202101211900,105,10.4,0,0,-0.9396926207859084,-0.34202014332566855,DB04
202101212000,105,10.0,0,0,-1.0,-1.8369701987210297e-16,DB04
202101212100,105,9.8,0,0,-0.7660444431189779,-0.6427876096865395,DB04
202101212200,105,9.6,0,0,-0.7660444431189779,-0.6427876096865395,DB04
202101212300,105,9.3,0,0,1.2246467991473532e-16,-1.0,DB04
202101220000,105,9.2,0,0,-0.7660444431189779,-0.6427876096865395,DB04
202101220100,105,9.2,0,0,1.2246467991473532e-16,-1.0,DB04
202101220200,105,8.6,0,0,0.0,1.0,DB04
202101220300,105,8.9,0,0,-0.7660444431189779,-0.6427876096865395,DB04
202101220400,105,8.4,0,0,-0.6427876096865396,0.7660444431189778,DB04
202101220500,105,8.1,0,0,-0.7660444431189779,-0.6427876096865395,DB04
202101220600,105,8.0,0,0,-0.7660444431189779,-0.6427876096865395,DB03
202101220700,105,7.8,0,0,-0.7660444431189779,-0.6427876096865395,DB04
202101220800,105,8.1,0,0,-0.7660444431189779,-0.6427876096865395,DB04
202101220900,105,8.7,0,0,-0.9396926207859084,-0.34202014332566855,DB03
202101221000,105,9.3,0,0,-0.3420201433256686,0.9396926207859084,DB03
202101221100,105,9.9,0,0,0.9396926207859083,0.3420201433256688,DB03
202101221200,105,10.7,0,0,0.9396926207859083,0.3420201433256688,DB03
202101221300,105,10.0,0,0,0.3420201433256687,0.9396926207859084,DB04
202101221400,105,9.2,0,0,0.9396926207859083,0.3420201433256688,DB04
202101221500,105,8.7,0,0,-0.3420201433256686,0.9396926207859084,DB04
202101221600,105,8.5,0,0,-0.6427876096865396,0.7660444431189778,DB04
202101221700,105,8.0,0,0,-0.9396926207859083,0.342020143325669,DB04
202101221800,105,7.2,0,0,-0.6427876096865396,0.7660444431189778,DB04
202101221900,105,6.6,0,0,-0.6427876096865396,0.7660444431189778,DB04
202101222000,105,6.3,0,0,-0.6427876096865396,0.7660444431189778,DB04
202101222100,105,6.2,100,1,-0.9396926207859083,0.342020143325669,DB04
202101222200,105,6.0,0,0,-0.6427876096865396,0.7660444431189778,DB04
202101222300,105,5.7,0,0,-0.6427876096865396,0.7660444431189778,DB04
202101230000,105,5.8,100,1,-0.9396926207859083,0.342020143325669,DB04
202101230100,105,5.8,0,0,-0.9396926207859084,-0.34202014332566855,DB04
202101230200,105,5.9,0,0,-0.9396926207859083,0.342020143325669,DB04
202101230300,105,5.7,100,1,-0.6427876096865396,0.7660444431189778,DB04
202101230400,105,5.3,0,0,-0.6427876096865396,0.7660444431189778,DB04
202101230500,105,4.6,0,0,-0.6427876096865396,0.7660444431189778,DB04
202101230600,105,3.9,100,1,-0.6427876096865396,0.7660444431189778,DB04
202101230700,105,3.6,0,0,-0.6427876096865396,0.7660444431189778,DB04
202101230800,105,3.3,0,0,-0.9396926207859083,0.342020143325669,DB04
202101230900,105,3.2,100,1,-0.6427876096865396,0.7660444431189778,DB02
202101231000,105,3.3,0,0,-0.9396926207859083,0.342020143325669,DB04
202101231100,105,3.4,0,0,-0.9396926207859083,0.342020143325669,DB04
202101231200,105,3.4,100,1,-0.6427876096865396,0.7660444431189778,DB04
202101231300,105,3.3,0,0,-0.6427876096865396,0.7660444431189778,DB04
202101231400,105,3.3,0,0,-0.6427876096865396,0.7660444431189778,DB04
202101231500,105,3.2,100,1,-0.9396926207859083,0.342020143325669,DB04
202101231600,105,3.1,0,0,-0.9396926207859083,0.342020143325669,DB04
202101231700,105,3.1,0,0,-0.6427876096865396,0.7660444431189778,DB04
202101231800,105,3.1,100,1,-0.9396926207859083,0.342020143325669,DB04
202101231900,105,3.1,0,0,-0.9396926207859083,0.342020143325669,DB04
202101232000,105,3.2,0,0,-0.9396926207859083,0.342020143325669,DB04
202101232100,105,3.2,100,1,-0.9396926207859083,0.342020143325669,DB04
202101232200,105,3.1,0,0,0.3420201433256689,-0.9396926207859083,DB04
202101232300,105,3.0,0,0,1.2246467991473532e-16,-1.0,DB04
202101240000,105,3.1,100,1,1.2246467991473532e-16,-1.0,DB04
202101240100,105,3.2,0,0,-0.9396926207859083,0.342020143325669,DB04
202101240200,105,3.2,0,0,-1.0,-1.8369701987210297e-16,DB04
202101240300,105,3.2,100,1,-0.9396926207859083,0.342020143325669,DB04
202101240400,105,3.2,0,0,-0.9396926207859083,0.342020143325669,DB04
202101240500,105,3.3,0,0,-0.9396926207859083,0.342020143325669,DB04
202101240600,105,3.3,100,1,-0.9396926207859083,0.342020143325669,DB04
202101240700,105,3.3,0,0,0.0,1.0,DB04
202101240800,105,3.3,0,0,-0.7660444431189779,-0.6427876096865395,DB04
202101240900,105,3.4,100,1,-1.0,-1.8369701987210297e-16,DB04
202101241000,105,3.9,0,0,-0.7660444431189779,-0.6427876096865395,DB04
202101241100,105,5.0,0,0,0.0,1.0,DB04
202101241200,105,7.1,0,0,1.2246467991473532e-16,-1.0,DB04
202101241300,105,8.2,0,0,0.6427876096865395,-0.7660444431189779,DB03
202101241400,105,8.6,0,0,0.3420201433256687,0.9396926207859084,DB03
202101241500,105,9.6,0,0,0.766044443118978,0.6427876096865394,DB03
202101241600,105,8.0,0,0,0.766044443118978,0.6427876096865394,DB04
202101241700,105,7.5,0,0,0.9396926207859083,0.3420201433256688,DB04
202101241800,105,7.2,0,0,0.6427876096865395,-0.7660444431189779,DB03
202101241900,105,7.0,0,0,-0.7660444431189779,-0.6427876096865395,DB04
202101242000,105,6.6,0,0,1.2246467991473532e-16,-1.0,DB03
202101242100,105,5.7,0,0,-0.9396926207859084,-0.34202014332566855,DB04
202101242200,105,4.3,0,0,-0.7660444431189779,-0.6427876096865395,DB03
202101242300,105,3.4,0,0,-0.7660444431189779,-0.6427876096865395,DB03
202101250000,105,3.0,0,0,-0.7660444431189779,-0.6427876096865395,DB02
202101250100,105,2.5,0,0,-0.7660444431189779,-0.6427876096865395,DB02
202101250200,105,2.0,0,0,-0.34202014332566866,-0.9396926207859084,DB01
202101250300,105,1.8,0,0,-0.7660444431189779,-0.6427876096865395,DB01
202101250400,105,2.4,0,0,-0.7660444431189779,-0.6427876096865395,DB03
202101250500,105,1.6,0,0,-0.34202014332566866,-0.9396926207859084,DB01
202101250600,105,2.0,0,0,-0.7660444431189779,-0.6427876096865395,DB02
202101250700,105,2.1,0,0,-0.7660444431189779,-0.6427876096865395,DB03
202101250800,105,1.4,0,0,-0.7660444431189779,-0.6427876096865395,DB03
202101250900,105,2.7,0,0,-0.7660444431189779,-0.6427876096865395,DB03
202101251000,105,5.6,0,0,-0.7660444431189779,-0.6427876096865395,DB03
202101251100,105,7.9,0,0,0.3420201433256687,0.9396926207859084,DB03
202101251200,105,11.3,0,0,0.6427876096865395,-0.7660444431189779,DB02
202101251300,105,12.7,0,0,0.9396926207859083,0.3420201433256688,DB02
202101251400,105,13.0,0,0,0.9396926207859083,0.3420201433256688,DB02
202101251500,105,12.1,0,0,1.0,6.123233995736766e-17,DB02
202101251600,105,11.2,0,0,1.0,6.123233995736766e-17,DB03
202101251700,105,10.3,0,0,1.0,6.123233995736766e-17,DB03
202101251800,105,8.7,0,0,1.0,6.123233995736766e-17,DB02
202101251900,105,7.6,0,0,0.3420201433256689,-0.9396926207859083,DB02
202101252000,105,6.0,0,0,-0.34202014332566866,-0.9396926207859084,DB03
202101252100,105,5.0,0,0,-0.7660444431189779,-0.6427876096865395,DB03
202101252200,105,5.0,0,0,0.0,1.0,DB02
202101252300,105,4.7,0,0,-0.7660444431189779,-0.6427876096865395,DB04
202101260000,105,4.6,0,0,1.2246467991473532e-16,-1.0,DB04
202101260100,105,4.5,0,0,-0.7660444431189779,-0.6427876096865395,DB04
202101260200,105,4.5,0,0,0.0,1.0,DB04
202101260300,105,4.0,0,0,-0.34202014332566866,-0.9396926207859084,DB04
202101260400,105,3.9,0,0,0.0,1.0,DB04
202101260500,105,3.9,0,0,-0.34202014332566866,-0.9396926207859084,DB04
202101260600,105,3.9,0,0,-0.34202014332566866,-0.9396926207859084,DB04
202101260700,105,3.9,0,0,0.0,1.0,DB04
202101260800,105,4.1,0,0,-0.6427876096865396,0.7660444431189778,DB04
202101260900,105,4.8,0,0,1.0,6.123233995736766e-17,DB04
202101261000,105,5.7,0,0,0.0,1.0,DB04
202101261100,105,6.3,0,0,0.3420201433256689,-0.9396926207859083,DB04
202101261200,105,6.5,0,0,0.0,1.0,DB04
202101261300,105,7.2,0,0,-0.6427876096865396,0.7660444431189778,DB04
202101261400,105,8.5,0,0,-0.34202014332566866,-0.9396926207859084,DB04
202101261500,105,9.1,100,1,-0.7660444431189779,-0.6427876096865395,DB04
202101261600,105,10.7,0,0,-0.7660444431189779,-0.6427876096865395,DB03
202101261700,105,9.4,0,0,-0.9396926207859084,-0.34202014332566855,DB01
202101261800,105,8.5,0,0,-1.0,-1.8369701987210297e-16,DB02
202101261900,105,8.4,0,0,-0.34202014332566866,-0.9396926207859084,DB03
202101262000,105,8.0,0,0,-0.34202014332566866,-0.9396926207859084,DB01
202101262100,105,6.5,0,0,-0.9396926207859084,-0.34202014332566855,DB02
202101262200,105,7.0,0,0,-0.9396926207859084,-0.34202014332566855,DB02
202101262300,105,6.9,0,0,-0.9396926207859084,-0.34202014332566855,DB01
202101270000,105,6.3,0,0,-1.0,-1.8369701987210297e-16,DB01
202101270100,105,5.8,0,0,-0.9396926207859084,-0.34202014332566855,DB02
202101270200,105,5.0,0,0,-0.7660444431189779,-0.6427876096865395,DB03
202101270300,105,5.3,0,0,-0.9396926207859084,-0.34202014332566855,DB02
202101270400,105,4.5,0,0,-1.0,-1.8369701987210297e-16,DB02
202101270500,105,4.0,0,0,-0.7660444431189779,-0.6427876096865395,DB03
202101270600,105,3.5,0,0,-0.9396926207859084,-0.34202014332566855,DB02
202101270700,105,3.1,0,0,-0.7660444431189779,-0.6427876096865395,DB03
202101270800,105,3.2,0,0,-1.0,-1.8369701987210297e-16,DB02
202101270900,105,4.3,0,0,-0.7660444431189779,-0.6427876096865395,DB03
202101271000,105,5.6,0,0,-1.0,-1.8369701987210297e-16,DB02
202101271100,105,7.4,0,0,0.3420201433256687,0.9396926207859084,DB01
202101271200,105,8.7,0,0,0.766044443118978,0.6427876096865394,DB01
202101271300,105,8.9,0,0,0.766044443118978,0.6427876096865394,DB01
202101271400,105,9.5,0,0,0.9396926207859083,0.3420201433256688,DB01
202101271500,105,7.4,0,0,0.3420201433256687,0.9396926207859084,DB02
202101271600,105,7.3,0,0,0.766044443118978,0.6427876096865394,DB03
202101271700,105,6.3,0,0,0.3420201433256687,0.9396926207859084,DB02
202101271800,105,5.1,0,0,-0.9396926207859083,0.342020143325669,DB03
202101271900,105,3.5,0,0,-0.7660444431189779,-0.6427876096865395,DB03
202101272000,105,2.7,0,0,-0.7660444431189779,-0.6427876096865395,DB03
202101272100,105,2.6,0,0,-0.34202014332566866,-0.9396926207859084,DB04
202101272200,105,1.8,0,0,-0.7660444431189779,-0.6427876096865395,DB03
202101272300,105,1.2,0,0,-1.0,-1.8369701987210297e-16,DB03
202101280000,105,0.9,0,0,-0.34202014332566866,-0.9396926207859084,DB03
202101280100,105,1.1,0,0,-0.9396926207859084,-0.34202014332566855,DB03
202101280200,105,1.7,0,0,-0.7660444431189779,-0.6427876096865395,DB03
202101280300,105,1.6,0,0,-0.34202014332566866,-0.9396926207859084,DB04
202101280400,105,2.0,0,0,-0.7660444431189779,-0.6427876096865395,DB04
202101280500,105,2.0,0,0,-0.34202014332566866,-0.9396926207859084,DB03
202101280600,105,2.9,0,0,-0.9396926207859084,-0.34202014332566855,DB03
202101280700,105,3.1,0,0,-0.9396926207859084,-0.34202014332566855,DB03
202101280800,105,3.8,0,0,-0.9396926207859084,-0.34202014332566855,DB02
202101280900,105,4.6,0,0,-0.7660444431189779,-0.6427876096865395,DB02
202101281000,105,6.5,0,0,-0.3420201433256686,0.9396926207859084,DB01
202101281100,105,9.5,0,0,-0.7660444431189779,-0.6427876096865395,DB01
202101281200,105,7.3,0,0,-0.9396926207859084,-0.34202014332566855,DB02
202101281300,105,3.2,0,0,-0.9396926207859084,-0.34202014332566855,DB03
202101281400,105,2.9,0,0,-1.0,-1.8369701987210297e-16,DB03
202101281500,105,0.3,100,1,-0.9396926207859084,-0.34202014332566855,DB03
202101281600,105,1.3,0,0,-0.9396926207859084,-0.34202014332566855,DB03
202101281700,105,0.0,0,0,-0.9396926207859084,-0.34202014332566855,DB03
202101281800,105,-1.3,0,0,-1.0,-1.8369701987210297e-16,DB02
202101281900,105,-2.6,0,0,-0.9396926207859084,-0.34202014332566855,DB01
202101282000,105,-3.7,0,0,-0.9396926207859083,0.342020143325669,DB01
202101282100,105,-4.2,0,0,-0.9396926207859084,-0.34202014332566855,DB01
202101282200,105,-5.1,0,0,-0.9396926207859084,-0.34202014332566855,DB01
202101282300,105,-5.9,0,0,-0.9396926207859084,-0.34202014332566855,DB01
202101290000,105,-6.2,0,0,-0.9396926207859084,-0.34202014332566855,DB01
202101290100,105,-6.7,0,0,-0.9396926207859084,-0.34202014332566855,DB01
202101290200,105,-7.3,0,0,-0.9396926207859084,-0.34202014332566855,DB01
202101290300,105,-8.0,0,0,-0.7660444431189779,-0.6427876096865395,DB01
202101290400,105,-8.4,0,0,-0.7660444431189779,-0.6427876096865395,DB01
202101290500,105,-8.3,0,0,-0.9396926207859084,-0.34202014332566855,DB01
202101290600,105,-8.7,0,0,-0.7660444431189779,-0.6427876096865395,DB01
202101290700,105,-9.2,0,0,-0.7660444431189779,-0.6427876096865395,DB01
202101290800,105,-8.9,0,0,-0.7660444431189779,-0.6427876096865395,DB01
202101290900,105,-7.9,0,0,-0.9396926207859084,-0.34202014332566855,DB01
202101291000,105,-6.4,0,0,-0.7660444431189779,-0.6427876096865395,DB02
202101291100,105,-4.9,0,0,-0.7660444431189779,-0.6427876096865395,DB01
202101291200,105,-2.9,0,0,-0.34202014332566866,-0.9396926207859084,DB01
202101291300,105,-1.0,0,0,-0.9396926207859084,-0.34202014332566855,DB01
202101291400,105,-1.0,0,0,-0.9396926207859084,-0.34202014332566855,DB01
202101291500,105,-0.2,0,0,-0.9396926207859084,-0.34202014332566855,DB01
202101291600,105,0.0,0,0,-0.9396926207859084,-0.34202014332566855,DB01
202101291700,105,-0.9,0,0,-0.9396926207859084,-0.34202014332566855,DB01
202101291800,105,-2.5,0,0,-0.9396926207859084,-0.34202014332566855,DB01
202101291900,105,-3.2,0,0,-0.9396926207859083,0.342020143325669,DB01
202101292000,105,-3.7,0,0,-0.9396926207859084,-0.34202014332566855,DB01
202101292100,105,-4.2,0,0,-0.7660444431189779,-0.6427876096865395,DB01
202101292200,105,-4.4,0,0,-0.7660444431189779,-0.6427876096865395,DB01
202101292300,105,-4.3,0,0,-0.7660444431189779,-0.6427876096865395,DB01
202101300000,105,-4.6,0,0,-0.7660444431189779,-0.6427876096865395,DB01
202101300100,105,-5.0,0,0,-0.7660444431189779,-0.6427876096865395,DB01
202101300200,105,-4.7,0,0,-0.7660444431189779,-0.6427876096865395,DB03
202101300300,105,-4.0,0,0,-0.7660444431189779,-0.6427876096865395,DB04
202101300400,105,-3.5,0,0,-0.34202014332566866,-0.9396926207859084,DB04
202101300500,105,-2.7,0,0,-0.7660444431189779,-0.6427876096865395,DB03
202101300600,105,-2.5,0,0,-0.34202014332566866,-0.9396926207859084,DB03
202101300700,105,-1.0,0,0,-0.7660444431189779,-0.6427876096865395,DB02
202101300800,105,-0.1,0,0,-0.7660444431189779,-0.6427876096865395,DB02
202101300900,105,0.1,0,0,-0.34202014332566866,-0.9396926207859084,DB03
202101301000,105,0.5,0,0,-0.34202014332566866,-0.9396926207859084,DB04
202101301100,105,2.1,0,0,1.0,6.123233995736766e-17,DB04
202101301200,105,3.6,0,0,0.9396926207859084,-0.3420201433256687,DB03
202101301300,105,5.8,0,0,0.766044443118978,0.6427876096865394,DB03
202101301400,105,6.6,0,0,0.9396926207859083,0.3420201433256688,DB02
202101301500,105,7.6,0,0,-1.0,-1.8369701987210297e-16,DB01
202101301600,105,7.0,0,0,-0.9396926207859084,-0.34202014332566855,DB01
202101301700,105,5.7,0,0,-0.7660444431189779,-0.6427876096865395,DB01
202101301800,105,3.9,0,0,-0.34202014332566866,-0.9396926207859084,DB01
202101301900,105,3.0,0,0,-0.7660444431189779,-0.6427876096865395,DB01
202101302000,105,2.3,0,0,-0.7660444431189779,-0.6427876096865395,DB01
202101302100,105,2.3,0,0,-0.7660444431189779,-0.6427876096865395,DB01
202101302200,105,2.4,0,0,-0.9396926207859084,-0.34202014332566855,DB01
202101302300,105,1.6,0,0,-0.34202014332566866,-0.9396926207859084,DB01
202101310000,105,2.0,0,0,-0.7660444431189779,-0.6427876096865395,DB01
202101310100,105,1.9,0,0,-0.9396926207859084,-0.34202014332566855,DB01
202101310200,105,1.6,0,0,-0.7660444431189779,-0.6427876096865395,DB01
202101310300,105,1.2,0,0,-0.7660444431189779,-0.6427876096865395,DB01
202101310400,105,1.2,0,0,-0.7660444431189779,-0.6427876096865395,DB01
202101310500,105,1.1,0,0,-0.7660444431189779,-0.6427876096865395,DB01
202101310600,105,0.3,0,0,-0.7660444431189779,-0.6427876096865395,DB01
202101310700,105,-0.1,0,0,-0.7660444431189779,-0.6427876096865395,DB01
202101310800,105,-0.1,0,0,-0.7660444431189779,-0.6427876096865395,DB02
202101310900,105,1.3,0,0,-0.9396926207859084,-0.34202014332566855,DB01
202101311000,105,4.4,0,0,-0.9396926207859084,-0.34202014332566855,DB01
202101311100,105,7.2,0,0,0.9396926207859084,-0.3420201433256687,DB02
202101311200,105,8.8,0,0,0.9396926207859083,0.3420201433256688,DB02
202101311300,105,10.6,0,0,1.0,6.123233995736766e-17,DB02
202101311400,105,12.3,0,0,1.2246467991473532e-16,-1.0,DB02
202101311500,105,12.2,0,0,1.2246467991473532e-16,-1.0,DB01
202101311600,105,12.0,0,0,0.3420201433256689,-0.9396926207859083,DB01
202101311700,105,12.0,0,0,-1.0,-1.8369701987210297e-16,DB01
202101311800,105,9.5,0,0,-0.7660444431189779,-0.6427876096865395,DB01
202101311900,105,6.5,0,0,-0.7660444431189779,-0.6427876096865395,DB01
202101312000,105,5.4,0,0,-0.9396926207859084,-0.34202014332566855,DB02
202101312100,105,4.6,0,0,-0.7660444431189779,-0.6427876096865395,DB03
202101312200,105,3.3,0,0,-0.34202014332566866,-0.9396926207859084,DB02
202101312300,105,2.5,0,0,-0.7660444431189779,-0.6427876096865395,DB02
202102010000,105,2.2,0,0,-0.34202014332566866,-0.9396926207859084,DB03
202102010100,105,1.7,0,0,-0.7660444431189779,-0.6427876096865395,DB03
202102010200,105,1.4,0,0,0.3420201433256689,-0.9396926207859083,DB02
202102010300,105,1.9,0,0,-0.7660444431189779,-0.6427876096865395,DB03
202102010400,105,2.7,0,0,-0.34202014332566866,-0.9396926207859084,DB04
202102010500,105,3.4,0,0,-0.7660444431189779,-0.6427876096865395,DB03
202102010600,105,4.1,0,0,-0.7660444431189779,-0.6427876096865395,DB03
202102010700,105,5.6,0,0,-0.7660444431189779,-0.6427876096865395,DB04
202102010800,105,5.9,0,0,0.766044443118978,0.6427876096865394,DB04
202102010900,105,9.1,0,0,-1.0,-1.8369701987210297e-16,DB03
202102011000,105,12.0,0,0,-0.9396926207859084,-0.34202014332566855,DB01
202102011100,105,13.0,0,0,-0.7660444431189779,-0.6427876096865395,DB01
202102011200,105,13.1,0,0,-0.9396926207859084,-0.34202014332566855,DB03
202102011300,105,12.5,0,0,-0.7660444431189779,-0.6427876096865395,DB03
202102011400,105,13.0,0,0,-0.34202014332566866,-0.9396926207859084,DB02
202102011500,105,13.0,0,0,-1.0,-1.8369701987210297e-16,DB03
202102011600,105,12.8,0,0,-0.7660444431189779,-0.6427876096865395,DB03
202102011700,105,11.8,0,0,1.2246467991473532e-16,-1.0,DB02
202102011800,105,11.2,0,0,0.9396926207859084,-0.3420201433256687,DB02
202102011900,105,10.7,0,0,-0.34202014332566866,-0.9396926207859084,DB01
202102012000,105,9.9,0,0,-0.9396926207859084,-0.34202014332566855,DB02
202102012100,105,9.3,0,0,1.2246467991473532e-16,-1.0,DB03
202102012200,105,8.2,0,0,-0.7660444431189779,-0.6427876096865395,DB03
202102012300,105,7.2,0,0,-0.9396926207859084,-0.34202014332566855,DB01
202102020000,105,6.4,0,0,-0.9396926207859084,-0.34202014332566855,DB01
202102020100,105,5.2,0,0,-0.9396926207859084,-0.34202014332566855,DB01
202102020200,105,3.1,0,0,-0.7660444431189779,-0.6427876096865395,DB01
202102020300,105,1.7,0,0,-0.7660444431189779,-0.6427876096865395,DB01
202102020400,105,0.5,0,0,-0.9396926207859084,-0.34202014332566855,DB01
202102020500,105,-0.9,0,0,-0.9396926207859084,-0.34202014332566855,DB01
202102020600,105,-1.8,0,0,-0.7660444431189779,-0.6427876096865395,DB01
202102020700,105,-2.6,0,0,0.6427876096865395,-0.7660444431189779,DB01
202102020800,105,-2.9,0,0,-0.7660444431189779,-0.6427876096865395,DB01
202102020900,105,-1.9,0,0,-0.7660444431189779,-0.6427876096865395,DB01
202102021000,105,-1.0,0,0,-0.7660444431189779,-0.6427876096865395,DB01
202102021100,105,-0.1,0,0,-0.7660444431189779,-0.6427876096865395,DB01
202102021200,105,1.4,0,0,-0.7660444431189779,-0.6427876096865395,DB01
202102021300,105,1.1,0,0,-0.7660444431189779,-0.6427876096865395,DB01
202102021400,105,1.5,0,0,-0.7660444431189779,-0.6427876096865395,DB01
202102021500,105,1.8,0,0,-0.7660444431189779,-0.6427876096865395,DB01
202102021600,105,1.6,0,0,-0.9396926207859084,-0.34202014332566855,DB01
202102021700,105,0.2,0,0,-0.9396926207859084,-0.34202014332566855,DB01
202102021800,105,-1.3,0,0,-0.9396926207859084,-0.34202014332566855,DB01
202102021900,105,-2.2,0,0,-0.9396926207859084,-0.34202014332566855,DB01
202102022000,105,-2.7,0,0,-0.9396926207859084,-0.34202014332566855,DB01
202102022100,105,-2.8,0,0,-0.7660444431189779,-0.6427876096865395,DB01
202102022200,105,-3.2,0,0,-0.9396926207859084,-0.34202014332566855,DB01
202102022300,105,-3.5,0,0,-0.9396926207859084,-0.34202014332566855,DB01
202102030000,105,-3.8,0,0,-0.9396926207859084,-0.34202014332566855,DB01
202102030100,105,-4.1,0,0,-0.9396926207859084,-0.34202014332566855,DB01
202102030200,105,-4.4,0,0,-0.9396926207859084,-0.34202014332566855,DB01
202102030300,105,-4.9,0,0,-0.9396926207859084,-0.34202014332566855,DB01
202102030400,105,-5.5,0,0,-0.7660444431189779,-0.6427876096865395,DB01
202102030500,105,-5.8,0,0,-0.9396926207859084,-0.34202014332566855,DB01
202102030600,105,-6.0,0,0,-0.9396926207859084,-0.34202014332566855,DB01
202102030700,105,-5.9,0,0,-0.6427876096865396,0.7660444431189778,DB01
202102030800,105,-6.2,0,0,-0.34202014332566866,-0.9396926207859084,DB01
202102030900,105,-4.3,0,0,-0.7660444431189779,-0.6427876096865395,DB01
202102031000,105,-2.2,0,0,-0.7660444431189779,-0.6427876096865395,DB01
202102031100,105,0.2,0,0,-0.34202014332566866,-0.9396926207859084,DB01
202102031200,105,2.0,0,0,0.6427876096865395,-0.7660444431189779,DB01
202102031300,105,3.8,0,0,0.3420201433256689,-0.9396926207859083,DB01
202102031400,105,4.3,0,0,-0.3420201433256686,0.9396926207859084,DB02
202102031500,105,5.2,0,0,0.9396926207859083,0.3420201433256688,DB02
202102031600,105,4.2,0,0,-0.9396926207859084,-0.34202014332566855,DB02
202102031700,105,2.3,0,0,-0.7660444431189779,-0.6427876096865395,DB01
202102031800,105,1.2,0,0,-0.7660444431189779,-0.6427876096865395,DB01
202102031900,105,0.6,0,0,-0.7660444431189779,-0.6427876096865395,DB01
202102032000,105,0.6,0,0,-0.7660444431189779,-0.6427876096865395,DB01
202102032100,105,0.4,0,0,0.9396926207859084,-0.3420201433256687,DB01
202102032200,105,0.8,0,0,-0.34202014332566866,-0.9396926207859084,DB02
202102032300,105,0.5,0,0,-0.7660444431189779,-0.6427876096865395,DB01
202102040000,105,0.1,0,0,-1.0,-1.8369701987210297e-16,DB02
202102040100,105,0.0,0,0,-1.0,-1.8369701987210297e-16,DB03
202102040200,105,0.9,0,0,-0.9396926207859084,-0.34202014332566855,DB03
202102040300,105,0.9,0,0,-0.9396926207859083,0.342020143325669,DB04
202102040400,105,-0.4,0,0,-0.34202014332566866,-0.9396926207859084,DB02
202102040500,105,-1.4,0,0,-1.0,-1.8369701987210297e-16,DB01
202102040600,105,-0.4,0,0,-1.0,-1.8369701987210297e-16,DB01
202102040700,105,-1.0,0,0,-0.9396926207859084,-0.34202014332566855,DB01
202102040800,105,-1.1,0,0,-0.7660444431189779,-0.6427876096865395,DB01
202102040900,105,-0.2,0,0,-0.7660444431189779,-0.6427876096865395,DB01
202102041000,105,1.0,0,0,-0.7660444431189779,-0.6427876096865395,DB01
202102041100,105,1.9,0,0,-0.7660444431189779,-0.6427876096865395,DB01
202102041200,105,3.4,0,0,-0.34202014332566866,-0.9396926207859084,DB01
202102041300,105,4.8,0,0,-0.7660444431189779,-0.6427876096865395,DB01
202102041400,105,5.3,0,0,-0.7660444431189779,-0.6427876096865395,DB01
202102041500,105,5.0,0,0,-0.7660444431189779,-0.6427876096865395,DB01
202102041600,105,4.7,0,0,-0.7660444431189779,-0.6427876096865395,DB01
202102041700,105,4.0,0,0,-0.7660444431189779,-0.6427876096865395,DB01
202102041800,105,2.7,0,0,-0.34202014332566866,-0.9396926207859084,DB01
202102041900,105,1.9,0,0,-0.7660444431189779,-0.6427876096865395,DB01
202102042000,105,1.8,0,0,-0.7660444431189779,-0.6427876096865395,DB01
202102042100,105,1.0,0,0,-0.7660444431189779,-0.6427876096865395,DB01
202102042200,105,0.6,0,0,-0.7660444431189779,-0.6427876096865395,DB01
202102042300,105,0.6,0,0,-0.7660444431189779,-0.6427876096865395,DB01
202102050000,105,0.8,0,0,-0.7660444431189779,-0.6427876096865395,DB01
202102050100,105,0.7,0,0,-0.9396926207859084,-0.34202014332566855,DB01
202102050200,105,0.9,0,0,-0.7660444431189779,-0.6427876096865395,DB02
202102050300,105,1.3,0,0,-0.7660444431189779,-0.6427876096865395,DB01
202102050400,105,1.8,0,0,-0.7660444431189779,-0.6427876096865395,DB02
202102050500,105,1.9,0,0,-0.7660444431189779,-0.6427876096865395,DB02
202102050600,105,2.2,0,0,-0.34202014332566866,-0.9396926207859084,DB01
202102050700,105,2.7,0,0,-0.7660444431189779,-0.6427876096865395,DB01
202102050800,105,2.5,0,0,-0.34202014332566866,-0.9396926207859084,DB02
202102050900,105,3.5,0,0,-0.7660444431189779,-0.6427876096865395,DB03
202102051000,105,4.6,0,0,-0.7660444431189779,-0.6427876096865395,DB03
202102051100,105,6.4,0,0,-0.7660444431189779,-0.6427876096865395,DB03
202102051200,105,7.7,0,0,-0.7660444431189779,-0.6427876096865395,DB03
202102051300,105,7.4,0,0,-0.34202014332566866,-0.9396926207859084,DB04
202102051400,105,7.5,0,0,-0.7660444431189779,-0.6427876096865395,DB03
202102051500,105,8.0,0,0,-0.7660444431189779,-0.6427876096865395,DB03
202102051600,105,8.8,0,0,-0.7660444431189779,-0.6427876096865395,DB03
202102051700,105,8.6,0,0,-0.7660444431189779,-0.6427876096865395,DB03
202102051800,105,7.8,0,0,-0.7660444431189779,-0.6427876096865395,DB03
202102051900,105,7.1,0,0,-0.34202014332566866,-0.9396926207859084,DB03
202102052000,105,6.6,0,0,-0.34202014332566866,-0.9396926207859084,DB03
202102052100,105,6.5,0,0,-0.7660444431189779,-0.6427876096865395,DB03
202102052200,105,6.3,0,0,-0.7660444431189779,-0.6427876096865395,DB04
202102052300,105,6.5,0,0,-0.9396926207859084,-0.34202014332566855,DB03
202102060000,105,6.2,0,0,-0.7660444431189779,-0.6427876096865395,DB01
202102060100,105,5.6,0,0,-0.7660444431189779,-0.6427876096865395,DB01
202102060200,105,5.4,0,0,-0.7660444431189779,-0.6427876096865395,DB01
202102060300,105,5.6,0,0,-0.7660444431189779,-0.6427876096865395,DB01
202102060400,105,5.8,0,0,-0.7660444431189779,-0.6427876096865395,DB01
202102060500,105,6.0,0,0,-0.7660444431189779,-0.6427876096865395,DB01
202102060600,105,6.1,0,0,-0.34202014332566866,-0.9396926207859084,DB01
202102060700,105,6.4,0,0,-0.34202014332566866,-0.9396926207859084,DB03
202102060800,105,6.8,0,0,-0.34202014332566866,-0.9396926207859084,DB01
202102060900,105,8.4,0,0,-0.34202014332566866,-0.9396926207859084,DB01
202102061000,105,9.6,0,0,-0.7660444431189779,-0.6427876096865395,DB01
202102061100,105,10.9,0,0,-0.7660444431189779,-0.6427876096865395,DB02
202102061200,105,11.5,0,0,-0.7660444431189779,-0.6427876096865395,DB01
202102061300,105,11.5,0,0,-0.9396926207859084,-0.34202014332566855,DB01
202102061400,105,12.1,0,0,-0.9396926207859084,-0.34202014332566855,DB01
202102061500,105,12.1,0,0,-0.7660444431189779,-0.6427876096865395,DB01
202102061600,105,12.4,0,0,-0.7660444431189779,-0.6427876096865395,DB01
202102061700,105,11.5,0,0,-0.9396926207859084,-0.34202014332566855,DB01
202102061800,105,10.6,0,0,-1.0,-1.8369701987210297e-16,DB01
202102061900,105,10.6,0,0,-1.0,-1.8369701987210297e-16,DB01
202102062000,105,10.3,0,0,-0.7660444431189779,-0.6427876096865395,DB01
202102062100,105,10.4,0,0,-0.7660444431189779,-0.6427876096865395,DB01
202102062200,105,10.0,0,0,-0.7660444431189779,-0.6427876096865395,DB01
202102062300,105,9.8,0,0,-0.7660444431189779,-0.6427876096865395,DB01
202102070000,105,9.6,0,0,-0.34202014332566866,-0.9396926207859084,DB01
202102070100,105,9.3,0,0,-0.34202014332566866,-0.9396926207859084,DB01
202102070200,105,8.2,0,0,-0.9396926207859083,0.342020143325669,DB03
202102070300,105,7.6,0,0,-0.7660444431189779,-0.6427876096865395,DB04
202102070400,105,7.5,0,0,-0.6427876096865396,0.7660444431189778,DB01
202102070500,105,7.1,0,0,-0.3420201433256686,0.9396926207859084,DB03
202102070600,105,6.6,0,0,-0.6427876096865396,0.7660444431189778,DB04
202102070700,105,6.0,0,0,-0.6427876096865396,0.7660444431189778,DB04
202102070800,105,5.8,0,0,-0.6427876096865396,0.7660444431189778,DB04
202102070900,105,6.1,0,0,-0.6427876096865396,0.7660444431189778,DB04
202102071000,105,7.0,0,0,-0.6427876096865396,0.7660444431189778,DB03
202102071100,105,7.6,0,0,0.9396926207859083,0.3420201433256688,DB03
202102071200,105,9.6,0,0,0.9396926207859083,0.3420201433256688,DB02
202102071300,105,10.2,0,0,0.766044443118978,0.6427876096865394,DB01
202102071400,105,9.1,0,0,0.766044443118978,0.6427876096865394,DB03
202102071500,105,7.8,0,0,-0.3420201433256686,0.9396926207859084,DB03
202102071600,105,7.1,0,0,-0.6427876096865396,0.7660444431189778,DB04
202102071700,105,6.0,0,0,-0.6427876096865396,0.7660444431189778,DB04
202102071800,105,5.5,0,0,-0.3420201433256686,0.9396926207859084,DB04
202102071900,105,5.0,0,0,-0.6427876096865396,0.7660444431189778,DB04
202102072000,105,4.5,0,0,-0.9396926207859083,0.342020143325669,DB04
202102072100,105,3.5,0,0,-1.0,-1.8369701987210297e-16,DB03
202102072200,105,2.8,0,0,-0.9396926207859084,-0.34202014332566855,DB02
202102072300,105,1.8,0,0,-0.7660444431189779,-0.6427876096865395,DB02
202102080000,105,1.2,0,0,-0.9396926207859084,-0.34202014332566855,DB01
202102080100,105,0.7,0,0,-1.0,-1.8369701987210297e-16,DB02
202102080200,105,0.0,0,0,-0.7660444431189779,-0.6427876096865395,DB02
202102080300,105,-1.1,0,0,-0.7660444431189779,-0.6427876096865395,DB01
202102080400,105,-0.7,0,0,-0.9396926207859084,-0.34202014332566855,DB01
202102080500,105,-0.7,0,0,-0.7660444431189779,-0.6427876096865395,DB01
202102080600,105,-0.9,0,0,-0.9396926207859084,-0.34202014332566855,DB01
202102080700,105,-1.4,0,0,-1.0,-1.8369701987210297e-16,DB01
202102080800,105,-1.3,0,0,-0.9396926207859084,-0.34202014332566855,DB01
202102080900,105,0.5,0,0,1.2246467991473532e-16,-1.0,DB01
202102081000,105,2.1,0,0,-0.3420201433256686,0.9396926207859084,DB01
202102081100,105,2.8,0,0,-0.9396926207859083,0.342020143325669,DB01
202102081200,105,3.3,0,0,-0.6427876096865396,0.7660444431189778,DB01
202102081300,105,3.2,0,0,-0.6427876096865396,0.7660444431189778,DB01
202102081400,105,2.4,0,0,-0.3420201433256686,0.9396926207859084,DB01
202102081500,105,3.0,0,0,-0.3420201433256686,0.9396926207859084,DB01
202102081600,105,2.8,0,0,-0.6427876096865396,0.7660444431189778,DB01
202102081700,105,2.1,0,0,-0.6427876096865396,0.7660444431189778,DB01
202102081800,105,0.9,0,0,-1.0,-1.8369701987210297e-16,DB01
202102081900,105,-0.1,0,0,-0.7660444431189779,-0.6427876096865395,DB01
202102082000,105,-0.3,0,0,-0.7660444431189779,-0.6427876096865395,DB01
202102082100,105,-0.8,0,0,-0.9396926207859084,-0.34202014332566855,DB01
202102082200,105,-1.0,0,0,-0.7660444431189779,-0.6427876096865395,DB01
202102082300,105,-1.4,0,0,-0.9396926207859084,-0.34202014332566855,DB01
202102090000,105,-1.8,0,0,-0.9396926207859084,-0.34202014332566855,DB01
202102090100,105,-2.0,0,0,-0.7660444431189779,-0.6427876096865395,DB01
202102090200,105,-2.2,0,0,-0.7660444431189779,-0.6427876096865395,DB01
202102090300,105,-2.4,0,0,-0.7660444431189779,-0.6427876096865395,DB01
202102090400,105,-2.5,0,0,-0.7660444431189779,-0.6427876096865395,DB01
202102090500,105,-2.7,0,0,-0.7660444431189779,-0.6427876096865395,DB01
202102090600,105,-2.8,0,0,-0.9396926207859084,-0.34202014332566855,DB01
202102090700,105,-2.9,0,0,-0.7660444431189779,-0.6427876096865395,DB01
202102090800,105,-2.2,0,0,-0.7660444431189779,-0.6427876096865395,DB01
202102090900,105,-0.3,0,0,-0.7660444431189779,-0.6427876096865395,DB01
202102091000,105,2.5,0,0,-0.7660444431189779,-0.6427876096865395,DB01
202102091100,105,5.5,0,0,0.9396926207859083,0.3420201433256688,DB01
202102091200,105,7.2,0,0,0.9396926207859084,-0.3420201433256687,DB01
202102091300,105,8.7,0,0,1.0,6.123233995736766e-17,DB01
202102091400,105,9.0,0,0,0.9396926207859083,0.3420201433256688,DB01
202102091500,105,9.2,0,0,0.9396926207859083,0.3420201433256688,DB01
202102091600,105,8.6,0,0,-0.9396926207859084,-0.34202014332566855,DB01
202102091700,105,6.9,0,0,-0.7660444431189779,-0.6427876096865395,DB01
202102091800,105,5.4,0,0,-0.7660444431189779,-0.6427876096865395,DB01
202102091900,105,4.7,0,0,-0.7660444431189779,-0.6427876096865395,DB01
202102092000,105,4.1,0,0,-0.9396926207859084,-0.34202014332566855,DB01
202102092100,105,3.8,0,0,-0.7660444431189779,-0.6427876096865395,DB01
202102092200,105,3.7,0,0,-0.7660444431189779,-0.6427876096865395,DB01
202102092300,105,3.5,0,0,-0.7660444431189779,-0.6427876096865395,DB01
202102100000,105,3.0,0,0,-0.7660444431189779,-0.6427876096865395,DB01
202102100100,105,2.6,0,0,-0.7660444431189779,-0.6427876096865395,DB01
202102100200,105,3.1,0,0,-0.9396926207859084,-0.34202014332566855,DB01
202102100300,105,3.3,0,0,-0.7660444431189779,-0.6427876096865395,DB01
202102100400,105,3.0,0,0,-0.7660444431189779,-0.6427876096865395,DB01
202102100500,105,2.7,0,0,-0.9396926207859084,-0.34202014332566855,DB01
202102100600,105,2.6,0,0,-0.9396926207859084,-0.34202014332566855,DB01
202102100700,105,2.9,0,0,-0.7660444431189779,-0.6427876096865395,DB01
202102100800,105,3.4,0,0,-0.7660444431189779,-0.6427876096865395,DB01
202102100900,105,4.9,0,0,-0.7660444431189779,-0.6427876096865395,DB01
202102101000,105,6.9,0,0,-0.7660444431189779,-0.6427876096865395,DB01
202102101100,105,7.1,0,0,-0.7660444431189779,-0.6427876096865395,DB02
202102101200,105,8.4,0,0,-0.7660444431189779,-0.6427876096865395,DB01
202102101300,105,9.5,0,0,-0.7660444431189779,-0.6427876096865395,DB01
202102101400,105,10.2,0,0,-0.7660444431189779,-0.6427876096865395,DB01
202102101500,105,10.0,0,0,-0.7660444431189779,-0.6427876096865395,DB01
202102101600,105,9.7,0,0,-0.7660444431189779,-0.6427876096865395,DB01
202102101700,105,8.8,0,0,-0.34202014332566866,-0.9396926207859084,DB02
202102101800,105,7.5,0,0,-0.7660444431189779,-0.6427876096865395,DB02
202102101900,105,6.8,0,0,-0.9396926207859084,-0.34202014332566855,DB01
202102102000,105,6.7,0,0,-0.9396926207859084,-0.34202014332566855,DB01
202102102100,105,6.9,0,0,-0.7660444431189779,-0.6427876096865395,DB01
202102102200,105,6.7,0,0,-0.7660444431189779,-0.6427876096865395,DB01
202102102300,105,6.5,0,0,-0.9396926207859084,-0.34202014332566855,DB01
202102110000,105,6.6,0,0,-0.7660444431189779,-0.6427876096865395,DB01
202102110100,105,6.4,0,0,-0.7660444431189779,-0.6427876096865395,DB02
202102110200,105,6.2,0,0,-0.7660444431189779,-0.6427876096865395,DB01
202102110300,105,5.5,0,0,-0.9396926207859084,-0.34202014332566855,DB02
202102110400,105,5.1,0,0,-0.9396926207859084,-0.34202014332566855,DB01
202102110500,105,4.5,0,0,-0.7660444431189779,-0.6427876096865395,DB01
202102110600,105,4.2,0,0,-0.7660444431189779,-0.6427876096865395,DB01
202102110700,105,3.7,0,0,-0.9396926207859084,-0.34202014332566855,DB01
202102110800,105,3.6,0,0,-0.9396926207859084,-0.34202014332566855,DB01
202102110900,105,5.4,0,0,-0.9396926207859084,-0.34202014332566855,DB01
202102111000,105,8.4,0,0,-0.9396926207859084,-0.34202014332566855,DB02
202102111100,105,11.1,0,0,0.9396926207859084,-0.3420201433256687,DB03
202102111200,105,13.7,0,0,1.0,6.123233995736766e-17,DB01
202102111300,105,13.6,0,0,1.0,6.123233995736766e-17,DB02
202102111400,105,14.5,0,0,0.9396926207859083,0.3420201433256688,DB03
202102111500,105,15.0,0,0,0.9396926207859083,0.3420201433256688,DB03
202102111600,105,14.3,0,0,1.0,6.123233995736766e-17,DB03
202102111700,105,12.6,0,0,1.0,6.123233995736766e-17,DB02
202102111800,105,11.1,0,0,0.9396926207859083,0.3420201433256688,DB02
202102111900,105,9.4,0,0,-0.34202014332566866,-0.9396926207859084,DB03
202102112000,105,7.9,0,0,1.2246467991473532e-16,-1.0,DB03
202102112100,105,6.5,0,0,1.2246467991473532e-16,-1.0,DB04
202102112200,105,5.9,0,0,0.3420201433256689,-0.9396926207859083,DB02
202102112300,105,7.4,0,0,-1.0,-1.8369701987210297e-16,DB03
202102120000,105,9.2,0,0,-0.7660444431189779,-0.6427876096865395,DB02
202102120100,105,8.7,0,0,-0.9396926207859084,-0.34202014332566855,DB02
202102120200,105,6.3,0,0,0.6427876096865395,-0.7660444431189779,DB03
202102120300,105,8.1,0,0,-0.7660444431189779,-0.6427876096865395,DB03
202102120400,105,8.5,0,0,-0.9396926207859084,-0.34202014332566855,DB03
202102120500,105,8.3,0,0,-0.9396926207859084,-0.34202014332566855,DB03
202102120600,105,9.4,0,0,-0.7660444431189779,-0.6427876096865395,DB03
202102120700,105,8.7,0,0,-0.9396926207859084,-0.34202014332566855,DB03
202102120800,105,7.3,0,0,-0.7660444431189779,-0.6427876096865395,DB03
202102120900,105,8.4,0,0,-0.6427876096865396,0.7660444431189778,DB03
202102121000,105,12.6,0,0,0.9396926207859084,-0.3420201433256687,DB02
202102121100,105,14.6,0,0,0.9396926207859084,-0.3420201433256687,DB03
202102121200,105,15.8,0,0,0.766044443118978,0.6427876096865394,DB03
202102121300,105,16.3,0,0,0.9396926207859083,0.3420201433256688,DB03
202102121400,105,16.3,0,0,0.9396926207859083,0.3420201433256688,DB02
202102121500,105,16.0,0,0,0.9396926207859083,0.3420201433256688,DB02
202102121600,105,15.9,0,0,0.9396926207859083,0.3420201433256688,DB01
202102121700,105,14.7,0,0,0.766044443118978,0.6427876096865394,DB01
202102121800,105,12.9,0,0,-0.3420201433256686,0.9396926207859084,DB01
202102121900,105,10.7,0,0,-0.9396926207859084,-0.34202014332566855,DB02
202102122000,105,8.9,0,0,-0.34202014332566866,-0.9396926207859084,DB03
202102122100,105,8.2,0,0,-0.7660444431189779,-0.6427876096865395,DB02
202102122200,105,6.8,0,0,0.6427876096865395,-0.7660444431189779,DB02
202102122300,105,6.3,0,0,-0.7660444431189779,-0.6427876096865395,DB01
202102130000,105,7.7,0,0,-0.7660444431189779,-0.6427876096865395,DB01
202102130100,105,7.7,0,0,-0.9396926207859084,-0.34202014332566855,DB01
202102130200,105,7.5,0,0,-0.7660444431189779,-0.6427876096865395,DB01
202102130300,105,7.1,0,0,-0.9396926207859084,-0.34202014332566855,DB01
202102130400,105,6.9,0,0,-0.9396926207859084,-0.34202014332566855,DB01
202102130500,105,6.8,0,0,-0.9396926207859084,-0.34202014332566855,DB01
202102130600,105,6.7,0,0,-0.9396926207859083,0.342020143325669,DB01
202102130700,105,6.1,0,0,-0.9396926207859084,-0.34202014332566855,DB01
202102130800,105,4.4,0,0,-0.9396926207859084,-0.34202014332566855,DB01
202102130900,105,8.0,0,0,-0.7660444431189779,-0.6427876096865395,DB01
202102131000,105,10.5,0,0,0.0,1.0,DB01
202102131100,105,12.6,0,0,0.9396926207859083,0.3420201433256688,DB01
202102131200,105,13.6,0,0,0.9396926207859083,0.3420201433256688,DB01
202102131300,105,14.1,0,0,1.0,6.123233995736766e-17,DB01
202102131400,105,14.9,0,0,0.9396926207859083,0.3420201433256688,DB01
202102131500,105,14.2,0,0,0.9396926207859083,0.3420201433256688,DB01
202102131600,105,13.4,0,0,0.9396926207859083,0.3420201433256688,DB01
202102131700,105,11.0,0,0,-0.3420201433256686,0.9396926207859084,DB01
202102131800,105,8.8,0,0,0.0,1.0,DB01
202102131900,105,7.4,0,0,0.0,1.0,DB01
202102132000,105,6.4,0,0,-0.7660444431189779,-0.6427876096865395,DB01
202102132100,105,5.1,0,0,-0.7660444431189779,-0.6427876096865395,DB01
202102132200,105,4.3,0,0,-0.34202014332566866,-0.9396926207859084,DB02
202102132300,105,3.8,0,0,-0.7660444431189779,-0.6427876096865395,DB03
202102140000,105,3.4,0,0,-0.34202014332566866,-0.9396926207859084,DB03
202102140100,105,2.9,0,0,1.2246467991473532e-16,-1.0,DB03
202102140200,105,3.0,0,0,-0.34202014332566866,-0.9396926207859084,DB03
202102140300,105,3.2,0,0,1.2246467991473532e-16,-1.0,DB03
202102140400,105,3.6,0,0,1.2246467991473532e-16,-1.0,DB03
202102140500,105,4.3,0,0,0.6427876096865395,-0.7660444431189779,DB04
202102140600,105,4.7,0,0,0.6427876096865395,-0.7660444431189779,DB04
202102140700,105,5.0,0,0,1.2246467991473532e-16,-1.0,DB04
202102140800,105,5.4,0,0,0.0,1.0,DB04
202102140900,105,7.6,0,0,0.6427876096865395,-0.7660444431189779,DB04
202102141000,105,9.7,0,0,-0.34202014332566866,-0.9396926207859084,DB04
202102141100,105,13.3,0,0,0.9396926207859083,0.3420201433256688,DB04
202102141200,105,14.7,0,0,0.9396926207859083,0.3420201433256688,DB04
202102141300,105,16.1,0,0,0.9396926207859083,0.3420201433256688,DB04
202102141400,105,16.5,0,0,0.3420201433256687,0.9396926207859084,DB04
202102141500,105,15.2,0,0,0.766044443118978,0.6427876096865394,DB04
202102141600,105,14.4,0,0,0.766044443118978,0.6427876096865394,DB04
202102141700,105,13.9,0,0,-0.3420201433256686,0.9396926207859084,DB04
202102141800,105,12.2,0,0,0.766044443118978,0.6427876096865394,DB04
202102141900,105,10.5,0,0,-0.6427876096865396,0.7660444431189778,DB04
202102142000,105,9.8,0,0,0.766044443118978,0.6427876096865394,DB04
202102142100,105,9.0,0,0,-0.3420201433256686,0.9396926207859084,DB04
202102142200,105,8.4,0,0,-1.0,-1.8369701987210297e-16,DB04
202102142300,105,7.9,0,0,-0.6427876096865396,0.7660444431189778,DB04
202102150000,105,7.7,0,0,-0.6427876096865396,0.7660444431189778,DB04
202102150100,105,7.6,0,0,-0.6427876096865396,0.7660444431189778,DB04
202102150200,105,7.4,0,0,-0.6427876096865396,0.7660444431189778,DB04
202102150300,105,7.2,0,0,-0.6427876096865396,0.7660444431189778,DB03
202102150400,105,7.0,0,0,-0.6427876096865396,0.7660444431189778,DB04
202102150500,105,6.8,0,0,-0.3420201433256686,0.9396926207859084,DB03
202102150600,105,6.4,0,0,-0.9396926207859083,0.342020143325669,DB03
202102150700,105,6.0,0,0,0.0,1.0,DB03
202102150800,105,8.8,0,0,-0.7660444431189779,-0.6427876096865395,DB04
202102150900,105,9.1,0,0,-0.7660444431189779,-0.6427876096865395,DB02
202102151000,105,8.6,0,0,-0.7660444431189779,-0.6427876096865395,DB04
202102151100,105,8.3,0,0,-0.34202014332566866,-0.9396926207859084,DB03
202102151200,105,10.2,0,0,-0.9396926207859084,-0.34202014332566855,DB03
202102151300,105,9.4,0,0,-0.7660444431189779,-0.6427876096865395,DB03
202102151400,105,8.1,0,0,-0.9396926207859084,-0.34202014332566855,DB02
202102151500,105,7.1,0,0,-1.0,-1.8369701987210297e-16,DB01
202102151600,105,5.8,0,0,-1.0,-1.8369701987210297e-16,DB01
202102151700,105,3.9,0,0,-0.9396926207859084,-0.34202014332566855,DB01
202102151800,105,3.1,0,0,-0.9396926207859084,-0.34202014332566855,DB01
202102151900,105,2.3,0,0,-0.9396926207859084,-0.34202014332566855,DB01
202102152000,105,1.5,0,0,-1.0,-1.8369701987210297e-16,DB01
202102152100,105,0.9,0,0,-0.9396926207859084,-0.34202014332566855,DB02
202102152200,105,-0.2,0,0,-0.9396926207859084,-0.34202014332566855,DB01
202102152300,105,-0.9,0,0,-0.7660444431189779,-0.6427876096865395,DB01
202102160000,105,-1.5,0,0,-0.7660444431189779,-0.6427876096865395,DB01
202102160100,105,-2.0,0,0,-0.7660444431189779,-0.6427876096865395,DB01
202102160200,105,-2.5,0,0,-0.9396926207859084,-0.34202014332566855,DB01
202102160300,105,-2.7,0,0,-0.7660444431189779,-0.6427876096865395,DB01
202102160400,105,-3.2,0,0,-1.0,-1.8369701987210297e-16,DB01
202102160500,105,-3.3,0,0,1.0,6.123233995736766e-17,DB01
202102160600,105,-3.5,0,0,1.2246467991473532e-16,-1.0,DB01
202102160700,105,-3.6,0,0,-0.7660444431189779,-0.6427876096865395,DB01
202102160800,105,-3.2,0,0,-0.7660444431189779,-0.6427876096865395,DB01
202102160900,105,-1.9,0,0,-0.7660444431189779,-0.6427876096865395,DB01
202102161000,105,-0.1,0,0,-0.7660444431189779,-0.6427876096865395,DB01
202102161100,105,1.3,0,0,-0.9396926207859084,-0.34202014332566855,DB01
202102161200,105,1.6,0,0,-0.9396926207859084,-0.34202014332566855,DB01
202102161300,105,2.3,0,0,-0.9396926207859084,-0.34202014332566855,DB02
202102161400,105,1.6,0,0,-0.9396926207859084,-0.34202014332566855,DB03
202102161500,105,0.7,0,0,-1.0,-1.8369701987210297e-16,DB04
202102161600,105,-0.7,0,0,-0.7660444431189779,-0.6427876096865395,DB04
202102161700,105,-1.7,0,0,-0.7660444431189779,-0.6427876096865395,DB03
202102161800,105,-2.0,0,0,-0.9396926207859084,-0.34202014332566855,DB01
202102161900,105,-2.4,0,0,-0.7660444431189779,-0.6427876096865395,DB01
202102162000,105,-2.8,0,0,-0.7660444431189779,-0.6427876096865395,DB01
202102162100,105,-3.0,0,0,-0.9396926207859084,-0.34202014332566855,DB01
202102162200,105,-3.3,0,0,-0.9396926207859084,-0.34202014332566855,DB01
202102162300,105,-3.9,0,0,-0.7660444431189779,-0.6427876096865395,DB01
202102170000,105,-4.6,0,0,-0.7660444431189779,-0.6427876096865395,DB01
202102170100,105,-5.3,0,0,-0.7660444431189779,-0.6427876096865395,DB04
202102170200,105,-5.9,0,0,-0.34202014332566866,-0.9396926207859084,DB01
202102170300,105,-6.3,0,0,-0.9396926207859084,-0.34202014332566855,DB01
202102170400,105,-7.0,0,0,-0.7660444431189779,-0.6427876096865395,DB01
202102170500,105,-7.4,0,0,-0.7660444431189779,-0.6427876096865395,DB01
202102170600,105,-7.9,0,0,-0.7660444431189779,-0.6427876096865395,DB01
202102170700,105,-8.4,0,0,-0.9396926207859084,-0.34202014332566855,DB01
202102170800,105,-8.3,0,0,-0.9396926207859084,-0.34202014332566855,DB01
202102170900,105,-7.3,0,0,-0.9396926207859084,-0.34202014332566855,DB01
202102171000,105,-6.1,0,0,-0.9396926207859084,-0.34202014332566855,DB01
202102171100,105,-4.9,0,0,-0.9396926207859084,-0.34202014332566855,DB01
202102171200,105,-4.3,0,0,-0.9396926207859084,-0.34202014332566855,DB02
202102171300,105,-3.6,0,0,-0.9396926207859084,-0.34202014332566855,DB01
202102171400,105,-2.6,0,0,-0.9396926207859084,-0.34202014332566855,DB01
202102171500,105,-2.7,0,0,-0.9396926207859084,-0.34202014332566855,DB01
202102171600,105,-2.9,0,0,-0.9396926207859084,-0.34202014332566855,DB01
202102171700,105,-3.2,0,0,-0.9396926207859084,-0.34202014332566855,DB01
202102171800,105,-4.4,0,0,-0.9396926207859084,-0.34202014332566855,DB01
202102171900,105,-5.1,0,0,-0.9396926207859084,-0.34202014332566855,DB01
202102172000,105,-5.5,0,0,-0.9396926207859084,-0.34202014332566855,DB01
202102172100,105,-6.1,0,0,-0.9396926207859084,-0.34202014332566855,DB01
202102172200,105,-6.6,0,0,-0.9396926207859084,-0.34202014332566855,DB01
202102172300,105,-7.2,0,0,-0.9396926207859084,-0.34202014332566855,DB01
202102180000,105,-7.8,0,0,-0.9396926207859084,-0.34202014332566855,DB01
202102180100,105,-8.2,0,0,-0.7660444431189779,-0.6427876096865395,DB02
202102180200,105,-8.3,0,0,-0.7660444431189779,-0.6427876096865395,DB01
202102180300,105,-8.5,0,0,-0.7660444431189779,-0.6427876096865395,DB01
202102180400,105,-8.7,0,0,-0.7660444431189779,-0.6427876096865395,DB01
202102180500,105,-8.9,0,0,-0.7660444431189779,-0.6427876096865395,DB01
202102180600,105,-8.9,0,0,-0.7660444431189779,-0.6427876096865395,DB02
202102180700,105,-8.8,0,0,-0.7660444431189779,-0.6427876096865395,DB01
202102180800,105,-8.0,0,0,-0.7660444431189779,-0.6427876096865395,DB01
202102180900,105,-6.2,0,0,-0.7660444431189779,-0.6427876096865395,DB01
202102181000,105,-4.5,0,0,-0.7660444431189779,-0.6427876096865395,DB01
202102181100,105,-2.2,0,0,-0.7660444431189779,-0.6427876096865395,DB01
202102181200,105,-0.5,0,0,1.2246467991473532e-16,-1.0,DB01
202102181300,105,1.4,0,0,0.0,1.0,DB01
202102181400,105,3.0,0,0,0.9396926207859083,0.3420201433256688,DB01
202102181500,105,2.9,0,0,-0.7660444431189779,-0.6427876096865395,DB01
202102181600,105,2.4,0,0,-0.9396926207859084,-0.34202014332566855,DB01
202102181700,105,1.7,0,0,-0.7660444431189779,-0.6427876096865395,DB02
202102181800,105,0.0,0,0,-0.7660444431189779,-0.6427876096865395,DB01
202102181900,105,-0.7,0,0,-0.7660444431189779,-0.6427876096865395,DB01
202102182000,105,-0.9,0,0,-0.7660444431189779,-0.6427876096865395,DB01
202102182100,105,-1.0,0,0,-0.7660444431189779,-0.6427876096865395,DB01
202102182200,105,-1.3,0,0,-0.34202014332566866,-0.9396926207859084,DB01
202102182300,105,-1.3,0,0,-0.34202014332566866,-0.9396926207859084,DB01
202102190000,105,-1.5,0,0,-0.34202014332566866,-0.9396926207859084,DB01
202102190100,105,-1.3,0,0,-0.7660444431189779,-0.6427876096865395,DB01
202102190200,105,-1.1,0,0,-0.7660444431189779,-0.6427876096865395,DB01
202102190300,105,-0.8,0,0,-0.7660444431189779,-0.6427876096865395,DB01
202102190400,105,-0.3,0,0,-0.7660444431189779,-0.6427876096865395,DB01
202102190500,105,0.0,0,0,-0.7660444431189779,-0.6427876096865395,DB01
202102190600,105,0.8,0,0,-0.7660444431189779,-0.6427876096865395,DB01
202102190700,105,1.2,0,0,-0.7660444431189779,-0.6427876096865395,DB01
202102190800,105,2.1,0,0,-0.9396926207859084,-0.34202014332566855,DB01
202102190900,105,3.1,0,0,-0.9396926207859084,-0.34202014332566855,DB01
202102191000,105,5.1,0,0,-0.9396926207859084,-0.34202014332566855,DB01
202102191100,105,7.5,0,0,-0.7660444431189779,-0.6427876096865395,DB01
202102191200,105,8.9,0,0,-0.7660444431189779,-0.6427876096865395,DB01
202102191300,105,9.9,0,0,-0.7660444431189779,-0.6427876096865395,DB01
202102191400,105,10.5,0,0,-0.7660444431189779,-0.6427876096865395,DB01
202102191500,105,10.6,0,0,-0.7660444431189779,-0.6427876096865395,DB03
202102191600,105,11.0,0,0,-0.7660444431189779,-0.6427876096865395,DB03
202102191700,105,10.1,0,0,-0.9396926207859084,-0.34202014332566855,DB04
202102191800,105,9.3,0,0,-0.9396926207859084,-0.34202014332566855,DB04
202102191900,105,9.0,0,0,-0.7660444431189779,-0.6427876096865395,DB03
202102192000,105,9.4,0,0,-0.7660444431189779,-0.6427876096865395,DB03
202102192100,105,8.9,0,0,-0.9396926207859084,-0.34202014332566855,DB03
202102192200,105,9.5,0,0,-0.9396926207859084,-0.34202014332566855,DB04
202102192300,105,9.1,0,0,-0.9396926207859084,-0.34202014332566855,DB04
202102200000,105,9.0,0,0,-0.7660444431189779,-0.6427876096865395,DB03
202102200100,105,9.1,0,0,-0.7660444431189779,-0.6427876096865395,DB02
202102200200,105,9.2,0,0,-0.7660444431189779,-0.6427876096865395,DB01
202102200300,105,9.6,0,0,-0.7660444431189779,-0.6427876096865395,DB01
202102200400,105,9.6,0,0,-0.34202014332566866,-0.9396926207859084,DB01
202102200500,105,9.6,0,0,-0.34202014332566866,-0.9396926207859084,DB02
202102200600,105,9.6,0,0,-0.34202014332566866,-0.9396926207859084,DB01
202102200700,105,9.5,0,0,-0.34202014332566866,-0.9396926207859084,DB01
202102200800,105,9.7,0,0,-0.34202014332566866,-0.9396926207859084,DB02
202102200900,105,10.8,0,0,-0.7660444431189779,-0.6427876096865395,DB02
202102201000,105,12.7,0,0,-0.34202014332566866,-0.9396926207859084,DB03
202102201100,105,15.3,0,0,-0.9396926207859084,-0.34202014332566855,DB01
202102201200,105,16.4,0,0,-0.9396926207859084,-0.34202014332566855,DB01
202102201300,105,17.8,0,0,-0.9396926207859084,-0.34202014332566855,DB01
202102201400,105,18.1,0,0,-0.7660444431189779,-0.6427876096865395,DB02
202102201500,105,18.1,0,0,-0.7660444431189779,-0.6427876096865395,DB03
202102201600,105,18.6,0,0,-0.7660444431189779,-0.6427876096865395,DB03
202102201700,105,18.3,0,0,-0.7660444431189779,-0.6427876096865395,DB03
202102201800,105,16.2,0,0,-0.7660444431189779,-0.6427876096865395,DB03
202102201900,105,15.3,0,0,-0.7660444431189779,-0.6427876096865395,DB03
202102202000,105,14.6,0,0,-0.7660444431189779,-0.6427876096865395,DB01
202102202100,105,14.2,0,0,-0.7660444431189779,-0.6427876096865395,DB01
202102202200,105,14.2,0,0,-0.9396926207859084,-0.34202014332566855,DB03
202102202300,105,14.3,0,0,-0.9396926207859084,-0.34202014332566855,DB03
202102210000,105,13.8,0,0,-0.9396926207859084,-0.34202014332566855,DB03
202102210100,105,14.3,0,0,-0.7660444431189779,-0.6427876096865395,DB04
202102210200,105,14.3,0,0,-0.9396926207859084,-0.34202014332566855,DB04
202102210300,105,13.6,0,0,-0.9396926207859084,-0.34202014332566855,DB04
202102210400,105,13.0,0,0,-0.9396926207859084,-0.34202014332566855,DB04
202102210500,105,12.6,0,0,-1.0,-1.8369701987210297e-16,DB04
202102210600,105,12.1,0,0,-1.0,-1.8369701987210297e-16,DB04
202102210700,105,11.8,0,0,-0.9396926207859083,0.342020143325669,DB03
202102210800,105,11.7,0,0,-0.9396926207859083,0.342020143325669,DB03
202102210900,105,13.1,0,0,-1.0,-1.8369701987210297e-16,DB03
202102211000,105,15.4,0,0,-0.7660444431189779,-0.6427876096865395,DB03
202102211100,105,18.5,0,0,-0.7660444431189779,-0.6427876096865395,DB03
202102211200,105,20.5,0,0,-0.7660444431189779,-0.6427876096865395,DB01
202102211300,105,16.6,0,0,0.0,1.0,DB01
202102211400,105,14.0,0,0,0.3420201433256687,0.9396926207859084,DB03
202102211500,105,12.8,0,0,0.0,1.0,DB01
202102211600,105,12.2,0,0,-0.3420201433256686,0.9396926207859084,DB01
202102211700,105,10.8,0,0,0.3420201433256687,0.9396926207859084,DB02
202102211800,105,8.6,0,0,0.766044443118978,0.6427876096865394,DB01
202102211900,105,6.6,0,0,-0.3420201433256686,0.9396926207859084,DB02
202102212000,105,5.8,0,0,-0.9396926207859083,0.342020143325669,DB01
202102212100,105,5.1,0,0,-0.9396926207859084,-0.34202014332566855,DB01
202102212200,105,4.5,0,0,-0.7660444431189779,-0.6427876096865395,DB02
202102212300,105,4.2,0,0,-0.34202014332566866,-0.9396926207859084,DB04
202102220000,105,4.2,0,0,-0.6427876096865396,0.7660444431189778,DB03
202102220100,105,4.1,0,0,-0.6427876096865396,0.7660444431189778,DB04
202102220200,105,4.1,0,0,-0.34202014332566866,-0.9396926207859084,DB03
202102220300,105,4.1,0,0,-1.0,-1.8369701987210297e-16,DB03
202102220400,105,4.4,0,0,-0.9396926207859083,0.342020143325669,DB03
202102220500,105,4.5,0,0,-0.9396926207859083,0.342020143325669,DB03
202102220600,105,4.4,0,0,-1.0,-1.8369701987210297e-16,DB03
202102220700,105,4.3,0,0,-0.9396926207859084,-0.34202014332566855,DB03
202102220800,105,4.4,0,0,-0.9396926207859084,-0.34202014332566855,DB04
202102220900,105,5.0,0,0,-1.0,-1.8369701987210297e-16,DB04
202102221000,105,5.8,0,0,-0.9396926207859083,0.342020143325669,DB04
202102221100,105,6.9,0,0,-0.6427876096865396,0.7660444431189778,DB04
202102221200,105,8.3,0,0,-0.3420201433256686,0.9396926207859084,DB04
202102221300,105,10.9,0,0,0.766044443118978,0.6427876096865394,DB03
202102221400,105,11.6,0,0,0.766044443118978,0.6427876096865394,DB03
202102221500,105,8.6,0,0,-0.3420201433256686,0.9396926207859084,DB04
202102221600,105,7.8,0,0,-0.3420201433256686,0.9396926207859084,DB04
202102221700,105,7.5,0,0,-0.6427876096865396,0.7660444431189778,DB04
202102221800,105,7.3,0,0,-0.6427876096865396,0.7660444431189778,DB04
202102221900,105,7.0,0,0,-0.6427876096865396,0.7660444431189778,DB04
202102222000,105,6.1,0,0,-0.6427876096865396,0.7660444431189778,DB04
202102222100,105,5.6,0,0,-1.0,-1.8369701987210297e-16,DB04
202102222200,105,5.6,0,0,-0.9396926207859083,0.342020143325669,DB04
202102222300,105,5.5,0,0,-0.6427876096865396,0.7660444431189778,DB03
202102230000,105,5.0,0,0,-0.6427876096865396,0.7660444431189778,DB03
202102230100,105,4.5,0,0,-0.6427876096865396,0.7660444431189778,DB03
202102230200,105,3.8,0,0,-0.6427876096865396,0.7660444431189778,DB03
202102230300,105,3.4,0,0,-0.9396926207859083,0.342020143325669,DB03
202102230400,105,2.9,0,0,-0.9396926207859083,0.342020143325669,DB03
202102230500,105,1.9,0,0,-0.9396926207859084,-0.34202014332566855,DB02
202102230600,105,1.0,0,0,-0.9396926207859083,0.342020143325669,DB02
202102230700,105,0.1,0,0,-0.9396926207859084,-0.34202014332566855,DB03
202102230800,105,0.4,0,0,-0.7660444431189779,-0.6427876096865395,DB02
202102230900,105,3.1,0,0,-1.0,-1.8369701987210297e-16,DB01
202102231000,105,4.5,0,0,-0.3420201433256686,0.9396926207859084,DB02
202102231100,105,6.4,0,0,0.766044443118978,0.6427876096865394,DB02
202102231200,105,7.0,0,0,0.766044443118978,0.6427876096865394,DB03
202102231300,105,7.5,0,0,0.766044443118978,0.6427876096865394,DB01
202102231400,105,7.6,0,0,0.766044443118978,0.6427876096865394,DB01
202102231500,105,7.5,0,0,-0.3420201433256686,0.9396926207859084,DB01
202102231600,105,7.1,0,0,0.9396926207859083,0.3420201433256688,DB02
202102231700,105,6.4,0,0,0.3420201433256687,0.9396926207859084,DB01
202102231800,105,4.6,0,0,-0.3420201433256686,0.9396926207859084,DB01
202102231900,105,3.5,0,0,-0.6427876096865396,0.7660444431189778,DB01
202102232000,105,1.9,0,0,-0.7660444431189779,-0.6427876096865395,DB01
202102232100,105,0.8,0,0,-0.7660444431189779,-0.6427876096865395,DB01
202102232200,105,0.0,0,0,-0.34202014332566866,-0.9396926207859084,DB01
202102232300,105,-0.5,0,0,-0.7660444431189779,-0.6427876096865395,DB01
202102240000,105,-0.8,0,0,-0.7660444431189779,-0.6427876096865395,DB02
202102240100,105,-1.2,0,0,-0.9396926207859084,-0.34202014332566855,DB02
202102240200,105,-1.3,0,0,-0.7660444431189779,-0.6427876096865395,DB01
202102240300,105,-1.1,0,0,-0.7660444431189779,-0.6427876096865395,DB03
202102240400,105,-0.7,0,0,-0.9396926207859084,-0.34202014332566855,DB03
202102240500,105,-0.6,0,0,-0.7660444431189779,-0.6427876096865395,DB02
202102240600,105,-0.8,0,0,-0.7660444431189779,-0.6427876096865395,DB03
202102240700,105,-0.7,0,0,-0.9396926207859084,-0.34202014332566855,DB03
202102240800,105,0.3,0,0,-0.9396926207859084,-0.34202014332566855,DB03
202102240900,105,1.5,0,0,-0.7660444431189779,-0.6427876096865395,DB04
202102241000,105,3.3,0,0,-0.3420201433256686,0.9396926207859084,DB03
202102241100,105,5.5,0,0,0.9396926207859083,0.3420201433256688,DB03
202102241200,105,7.0,0,0,0.766044443118978,0.6427876096865394,DB03
202102241300,105,8.0,0,0,0.766044443118978,0.6427876096865394,DB01
202102241400,105,8.0,0,0,0.3420201433256687,0.9396926207859084,DB01
202102241500,105,8.0,0,0,0.766044443118978,0.6427876096865394,DB01
202102241600,105,7.7,0,0,1.0,6.123233995736766e-17,DB01
202102241700,105,6.7,0,0,0.9396926207859083,0.3420201433256688,DB01
202102241800,105,5.0,0,0,1.0,6.123233995736766e-17,DB01
202102241900,105,3.8,0,0,0.9396926207859084,-0.3420201433256687,DB01
202102242000,105,2.4,0,0,-0.7660444431189779,-0.6427876096865395,DB01
202102242100,105,1.3,0,0,-0.7660444431189779,-0.6427876096865395,DB01
202102242200,105,0.9,0,0,-0.7660444431189779,-0.6427876096865395,DB02
202102242300,105,0.4,0,0,-0.7660444431189779,-0.6427876096865395,DB03
202102250000,105,0.2,0,0,-0.7660444431189779,-0.6427876096865395,DB03
202102250100,105,0.4,0,0,-0.34202014332566866,-0.9396926207859084,DB03
202102250200,105,-0.3,0,0,1.2246467991473532e-16,-1.0,DB02
202102250300,105,0.8,0,0,-0.7660444431189779,-0.6427876096865395,DB03
202102250400,105,1.9,0,0,-0.6427876096865396,0.7660444431189778,DB03
202102250500,105,1.2,0,0,0.766044443118978,0.6427876096865394,DB03
202102250600,105,0.8,0,0,-1.0,-1.8369701987210297e-16,DB03
202102250700,105,0.5,0,0,-0.34202014332566866,-0.9396926207859084,DB03
202102250800,105,1.1,0,0,-0.34202014332566866,-0.9396926207859084,DB04
202102250900,105,2.6,0,0,-0.9396926207859084,-0.34202014332566855,DB04
202102251000,105,4.7,0,0,1.2246467991473532e-16,-1.0,DB04
202102251100,105,6.1,0,0,1.2246467991473532e-16,-1.0,DB04
202102251200,105,7.4,0,0,1.0,6.123233995736766e-17,DB04
202102251300,105,8.3,0,0,0.766044443118978,0.6427876096865394,DB04
202102251400,105,8.3,0,0,1.0,6.123233995736766e-17,DB04
202102251500,105,8.8,0,0,0.766044443118978,0.6427876096865394,DB04
202102251600,105,8.8,0,0,-0.9396926207859084,-0.34202014332566855,DB04
202102251700,105,8.5,0,0,0.766044443118978,0.6427876096865394,DB04
202102251800,105,7.9,0,0,0.6427876096865395,-0.7660444431189779,DB04
202102251900,105,7.3,0,0,0.9396926207859084,-0.3420201433256687,DB04
202102252000,105,6.3,0,0,-0.9396926207859084,-0.34202014332566855,DB04
202102252100,105,5.2,0,0,-0.7660444431189779,-0.6427876096865395,DB04
202102252200,105,4.1,0,0,-0.34202014332566866,-0.9396926207859084,DB03
202102252300,105,3.8,0,0,-0.7660444431189779,-0.6427876096865395,DB03
202102260000,105,3.5,0,0,-0.7660444431189779,-0.6427876096865395,DB03
202102260100,105,2.7,0,0,-0.7660444431189779,-0.6427876096865395,DB03
202102260200,105,2.5,0,0,-0.9396926207859084,-0.34202014332566855,DB03
202102260300,105,2.0,0,0,-0.34202014332566866,-0.9396926207859084,DB03
202102260400,105,1.9,0,0,-0.7660444431189779,-0.6427876096865395,DB03
202102260500,105,1.6,0,0,-0.34202014332566866,-0.9396926207859084,DB03
202102260600,105,1.8,0,0,-0.7660444431189779,-0.6427876096865395,DB03
202102260700,105,2.2,0,0,-0.7660444431189779,-0.6427876096865395,DB03
202102260800,105,2.2,0,0,-0.7660444431189779,-0.6427876096865395,DB03
202102260900,105,4.6,0,0,-0.7660444431189779,-0.6427876096865395,DB03
202102261000,105,8.4,0,0,-0.3420201433256686,0.9396926207859084,DB02
202102261100,105,9.6,0,0,0.766044443118978,0.6427876096865394,DB03
202102261200,105,9.7,0,0,-0.3420201433256686,0.9396926207859084,DB03
202102261300,105,9.8,0,0,0.9396926207859083,0.3420201433256688,DB03
202102261400,105,11.7,0,0,0.9396926207859083,0.3420201433256688,DB02
202102261500,105,12.2,0,0,0.9396926207859083,0.3420201433256688,DB02
202102261600,105,11.5,0,0,0.9396926207859083,0.3420201433256688,DB02
202102261700,105,10.6,0,0,0.3420201433256687,0.9396926207859084,DB02
202102261800,105,8.7,0,0,-0.3420201433256686,0.9396926207859084,DB03
202102261900,105,7.5,0,0,-0.6427876096865396,0.7660444431189778,DB03
202102262000,105,6.6,0,0,-0.9396926207859083,0.342020143325669,DB03
202102262100,105,6.7,0,0,-0.6427876096865396,0.7660444431189778,DB04
202102262200,105,6.4,0,0,-0.6427876096865396,0.7660444431189778,DB03
202102262300,105,6.1,0,0,-0.6427876096865396,0.7660444431189778,DB04
202102270000,105,5.9,0,0,-0.6427876096865396,0.7660444431189778,DB04
202102270100,105,5.2,0,0,-0.6427876096865396,0.7660444431189778,DB04
202102270200,105,4.9,0,0,-1.0,-1.8369701987210297e-16,DB04
202102270300,105,4.6,100,1,-0.6427876096865396,0.7660444431189778,DB04
202102270400,105,4.4,0,0,-1.0,-1.8369701987210297e-16,DB04
202102270500,105,4.4,0,0,0.0,1.0,DB04
202102270600,105,4.5,100,1,-0.9396926207859084,-0.34202014332566855,DB04
202102270700,105,4.6,0,0,-0.34202014332566866,-0.9396926207859084,DB04
202102270800,105,4.6,0,0,-0.7660444431189779,-0.6427876096865395,DB04
202102270900,105,4.8,100,1,-1.0,-1.8369701987210297e-16,DB04
202102271000,105,5.2,0,0,-0.7660444431189779,-0.6427876096865395,DB04
202102271100,105,5.7,0,0,0.6427876096865395,-0.7660444431189779,DB04
202102271200,105,6.1,100,1,0.6427876096865395,-0.7660444431189779,DB04
202102271300,105,6.2,0,0,0.6427876096865395,-0.7660444431189779,DB04
202102271400,105,7.0,0,0,0.9396926207859084,-0.3420201433256687,DB04
202102271500,105,7.3,0,0,0.6427876096865395,-0.7660444431189779,DB04
202102271600,105,7.3,0,0,0.6427876096865395,-0.7660444431189779,DB04
202102271700,105,6.9,0,0,0.9396926207859084,-0.3420201433256687,DB03
202102271800,105,6.5,0,0,0.9396926207859084,-0.3420201433256687,DB03
202102271900,105,5.7,0,0,0.9396926207859084,-0.3420201433256687,DB03
202102272000,105,4.6,0,0,-0.7660444431189779,-0.6427876096865395,DB03
202102272100,105,2.9,0,0,-0.7660444431189779,-0.6427876096865395,DB02
202102272200,105,2.2,0,0,-0.7660444431189779,-0.6427876096865395,DB01
202102272300,105,1.5,0,0,-0.7660444431189779,-0.6427876096865395,DB01
202102280000,105,1.0,0,0,-0.7660444431189779,-0.6427876096865395,DB01
202102280100,105,0.3,0,0,-0.34202014332566866,-0.9396926207859084,DB01
202102280200,105,-0.2,0,0,-0.34202014332566866,-0.9396926207859084,DB01
202102280300,105,-0.1,0,0,-0.34202014332566866,-0.9396926207859084,DB01
202102280400,105,-0.4,0,0,-0.7660444431189779,-0.6427876096865395,DB01
202102280500,105,-0.6,0,0,-0.7660444431189779,-0.6427876096865395,DB01
202102280600,105,-1.0,0,0,-0.7660444431189779,-0.6427876096865395,DB01
202102280700,105,-1.2,0,0,-0.7660444431189779,-0.6427876096865395,DB01
202102280800,105,0.5,0,0,-0.7660444431189779,-0.6427876096865395,DB01
202102280900,105,3.6,0,0,-0.7660444431189779,-0.6427876096865395,DB01
202102281000,105,6.9,0,0,1.2246467991473532e-16,-1.0,DB01
202102281100,105,9.5,0,0,0.9396926207859084,-0.3420201433256687,DB01
202102281200,105,12.0,0,0,0.9396926207859083,0.3420201433256688,DB01
202102281300,105,14.0,0,0,0.9396926207859083,0.3420201433256688,DB03
202102281400,105,14.5,0,0,0.766044443118978,0.6427876096865394,DB03
202102281500,105,14.8,0,0,0.766044443118978,0.6427876096865394,DB03
202102281600,105,14.1,0,0,-0.6427876096865396,0.7660444431189778,DB03
202102281700,105,13.3,0,0,0.766044443118978,0.6427876096865394,DB04
202102281800,105,12.2,0,0,-0.3420201433256686,0.9396926207859084,DB03
202102281900,105,10.9,0,0,-0.34202014332566866,-0.9396926207859084,DB04
202102282000,105,11.9,0,0,-0.9396926207859084,-0.34202014332566855,DB04
202102282100,105,13.0,0,0,-0.7660444431189779,-0.6427876096865395,DB04
202102282200,105,13.0,0,0,-0.7660444431189779,-0.6427876096865395,DB04
202102282300,105,12.7,0,0,1.2246467991473532e-16,-1.0,DB04
202103010000,105,12.6,0,0,1.2246467991473532e-16,-1.0,DB04
202103010100,105,12.3,0,0,1.2246467991473532e-16,-1.0,DB04
202103010200,105,12.8,0,0,-0.7660444431189779,-0.6427876096865395,DB04
202103010300,105,12.2,0,0,-0.7660444431189779,-0.6427876096865395,DB04
202103010400,105,11.6,0,0,-0.6427876096865396,0.7660444431189778,DB04
202103010500,105,10.2,0,0,-0.9396926207859083,0.342020143325669,DB04
202103010600,105,8.2,100,1,-0.9396926207859084,-0.34202014332566855,DB04
202103010700,105,7.3,0,0,-0.7660444431189779,-0.6427876096865395,DB04
202103010800,105,7.3,0,0,0.0,1.0,DB04
202103010900,105,7.2,100,1,0.0,1.0,DB04
202103011000,105,7.1,0,0,-0.3420201433256686,0.9396926207859084,DB04
202103011100,105,4.7,0,0,-0.6427876096865396,0.7660444431189778,DB04
202103011200,105,3.7,100,1,-0.6427876096865396,0.7660444431189778,DB04
202103011300,105,2.8,0,0,-0.6427876096865396,0.7660444431189778,DB04
202103011400,105,1.3,0,0,-0.6427876096865396,0.7660444431189778,DB04
202103011500,105,1.1,100,1,-0.6427876096865396,0.7660444431189778,DB04
202103011600,105,1.0,0,0,-0.6427876096865396,0.7660444431189778,DB04
202103011700,105,0.9,0,0,-0.3420201433256686,0.9396926207859084,DB04
202103011800,105,0.8,100,1,0.3420201433256687,0.9396926207859084,DB04
202103011900,105,0.7,0,0,-0.3420201433256686,0.9396926207859084,DB04
202103012000,105,0.6,0,0,0.766044443118978,0.6427876096865394,DB04
202103012100,105,0.6,100,1,-0.6427876096865396,0.7660444431189778,DB04
202103012200,105,0.6,0,0,-0.6427876096865396,0.7660444431189778,DB04
202103012300,105,0.6,0,0,0.9396926207859083,0.3420201433256688,DB04
202103020000,105,0.6,100,1,0.766044443118978,0.6427876096865394,DB04
202103020100,105,0.5,0,0,-0.6427876096865396,0.7660444431189778,DB04
202103020200,105,0.6,0,0,0.0,1.0,DB04
202103020300,105,0.5,100,1,-0.6427876096865396,0.7660444431189778,DB04
202103020400,105,0.3,0,0,-0.3420201433256686,0.9396926207859084,DB04
202103020500,105,0.3,0,0,-0.9396926207859083,0.342020143325669,DB04
202103020600,105,0.2,100,1,0.9396926207859083,0.3420201433256688,DB04
202103020700,105,0.1,0,0,0.0,1.0,DB04
202103020800,105,0.0,0,0,-0.6427876096865396,0.7660444431189778,DB03
202103020900,105,-0.1,100,1,-0.6427876096865396,0.7660444431189778,DB04
202103021000,105,-0.2,0,0,-0.9396926207859083,0.342020143325669,DB04
202103021100,105,0.1,0,0,-0.9396926207859083,0.342020143325669,DB04
202103021200,105,1.1,100,1,-0.6427876096865396,0.7660444431189778,DB04
202103021300,105,2.7,0,0,-0.6427876096865396,0.7660444431189778,DB04
202103021400,105,2.4,0,0,-0.3420201433256686,0.9396926207859084,DB03
202103021500,105,2.9,100,1,-0.3420201433256686,0.9396926207859084,DB04
202103021600,105,2.7,0,0,0.0,1.0,DB04
202103021700,105,1.5,0,0,1.2246467991473532e-16,-1.0,DB04
202103021800,105,1.1,0,0,1.2246467991473532e-16,-1.0,DB03
202103021900,105,0.9,0,0,0.0,1.0,DB04
202103022000,105,0.2,0,0,0.0,1.0,DB03
202103022100,105,-0.6,0,0,0.0,1.0,DB02
202103022200,105,-1.2,0,0,-0.7660444431189779,-0.6427876096865395,DB01
202103022300,105,-1.7,0,0,-0.9396926207859084,-0.34202014332566855,DB01
202103030000,105,-2.4,0,0,-0.7660444431189779,-0.6427876096865395,DB01
202103030100,105,-2.5,0,0,-0.9396926207859084,-0.34202014332566855,DB01
202103030200,105,-2.4,0,0,-0.7660444431189779,-0.6427876096865395,DB01
202103030300,105,-2.8,0,0,-0.7660444431189779,-0.6427876096865395,DB01
202103030400,105,-3.1,0,0,-0.34202014332566866,-0.9396926207859084,DB01
202103030500,105,-2.4,0,0,-0.7660444431189779,-0.6427876096865395,DB01
202103030600,105,-2.2,0,0,-0.9396926207859084,-0.34202014332566855,DB01
202103030700,105,-2.2,0,0,-0.9396926207859084,-0.34202014332566855,DB01
202103030800,105,-1.0,0,0,-0.7660444431189779,-0.6427876096865395,DB01
202103030900,105,2.1,0,0,-0.7660444431189779,-0.6427876096865395,DB01
202103031000,105,4.6,0,0,1.2246467991473532e-16,-1.0,DB01
202103031100,105,6.0,0,0,0.6427876096865395,-0.7660444431189779,DB01
202103031200,105,8.2,0,0,0.9396926207859084,-0.3420201433256687,DB01
202103031300,105,8.3,0,0,0.6427876096865395,-0.7660444431189779,DB02
202103031400,105,10.0,0,0,0.9396926207859084,-0.3420201433256687,DB02
202103031500,105,10.1,0,0,1.0,6.123233995736766e-17,DB03
202103031600,105,10.4,0,0,1.0,6.123233995736766e-17,DB03
202103031700,105,10.0,0,0,0.9396926207859084,-0.3420201433256687,DB03
202103031800,105,7.7,0,0,-0.34202014332566866,-0.9396926207859084,DB03
202103031900,105,4.9,0,0,-0.34202014332566866,-0.9396926207859084,DB03
202103032000,105,5.0,0,0,-0.7660444431189779,-0.6427876096865395,DB04
202103032100,105,6.3,0,0,-0.34202014332566866,-0.9396926207859084,DB04
202103032200,105,4.8,0,0,-0.34202014332566866,-0.9396926207859084,DB03
202103032300,105,4.7,0,0,-0.34202014332566866,-0.9396926207859084,DB03
202103040000,105,4.4,0,0,1.2246467991473532e-16,-1.0,DB03
202103040100,105,6.5,0,0,-0.7660444431189779,-0.6427876096865395,DB02
202103040200,105,6.4,0,0,-0.34202014332566866,-0.9396926207859084,DB03
202103040300,105,6.1,0,0,-0.34202014332566866,-0.9396926207859084,DB03
202103040400,105,5.6,0,0,0.6427876096865395,-0.7660444431189779,DB03
202103040500,105,6.1,0,0,-0.7660444431189779,-0.6427876096865395,DB03
202103040600,105,6.8,0,0,-0.7660444431189779,-0.6427876096865395,DB03
202103040700,105,6.5,0,0,-0.9396926207859084,-0.34202014332566855,DB03
202103040800,105,7.4,0,0,-0.9396926207859084,-0.34202014332566855,DB04
202103040900,105,7.8,0,0,-0.7660444431189779,-0.6427876096865395,DB04
202103041000,105,8.6,0,0,-0.7660444431189779,-0.6427876096865395,DB04
202103041100,105,10.0,0,0,-0.34202014332566866,-0.9396926207859084,DB04
202103041200,105,11.2,0,0,-0.7660444431189779,-0.6427876096865395,DB04
202103041300,105,11.9,0,0,1.0,6.123233995736766e-17,DB04
202103041400,105,12.0,0,0,0.0,1.0,DB04
202103041500,105,12.3,0,0,0.766044443118978,0.6427876096865394,DB04
202103041600,105,12.2,0,0,-0.9396926207859083,0.342020143325669,DB04
202103041700,105,11.3,0,0,-0.6427876096865396,0.7660444431189778,DB04
202103041800,105,10.2,0,0,-0.6427876096865396,0.7660444431189778,DB04
202103041900,105,8.9,0,0,-0.6427876096865396,0.7660444431189778,DB04
202103042000,105,7.1,0,0,-0.7660444431189779,-0.6427876096865395,DB04
202103042100,105,6.1,0,0,-0.6427876096865396,0.7660444431189778,DB03
202103042200,105,5.1,0,0,-0.34202014332566866,-0.9396926207859084,DB02
202103042300,105,6.7,0,0,-0.9396926207859084,-0.34202014332566855,DB01
202103050000,105,6.4,0,0,-0.7660444431189779,-0.6427876096865395,DB01
202103050100,105,7.0,0,0,-0.9396926207859084,-0.34202014332566855,DB01
202103050200,105,6.2,0,0,-0.7660444431189779,-0.6427876096865395,DB01
202103050300,105,6.4,0,0,-0.9396926207859084,-0.34202014332566855,DB01
202103050400,105,6.5,0,0,-0.9396926207859084,-0.34202014332566855,DB01
202103050500,105,5.5,0,0,-0.7660444431189779,-0.6427876096865395,DB01
202103050600,105,5.7,0,0,-0.9396926207859084,-0.34202014332566855,DB01
202103050700,105,4.5,0,0,-0.7660444431189779,-0.6427876096865395,DB01
202103050800,105,6.0,0,0,-0.7660444431189779,-0.6427876096865395,DB01
202103050900,105,8.4,0,0,-0.7660444431189779,-0.6427876096865395,DB01
202103051000,105,11.9,0,0,0.0,1.0,DB01
202103051100,105,14.4,0,0,0.9396926207859084,-0.3420201433256687,DB01
202103051200,105,15.9,0,0,0.766044443118978,0.6427876096865394,DB01
202103051300,105,17.7,0,0,0.9396926207859084,-0.3420201433256687,DB01
202103051400,105,19.5,0,0,0.9396926207859084,-0.3420201433256687,DB01
202103051500,105,19.2,0,0,0.0,1.0,DB01
202103051600,105,19.2,0,0,0.3420201433256687,0.9396926207859084,DB01
202103051700,105,18.2,0,0,-0.9396926207859083,0.342020143325669,DB01
202103051800,105,15.7,0,0,-0.7660444431189779,-0.6427876096865395,DB01
202103051900,105,13.5,0,0,-0.9396926207859084,-0.34202014332566855,DB01
202103052000,105,13.4,0,0,-1.0,-1.8369701987210297e-16,DB01
202103052100,105,12.8,0,0,-0.9396926207859084,-0.34202014332566855,DB03
202103052200,105,10.2,0,0,-0.7660444431189779,-0.6427876096865395,DB03
202103052300,105,8.9,0,0,-0.34202014332566866,-0.9396926207859084,DB03
202103060000,105,9.2,0,0,-0.7660444431189779,-0.6427876096865395,DB03
202103060100,105,9.3,0,0,-0.9396926207859084,-0.34202014332566855,DB03
202103060200,105,9.3,0,0,0.0,1.0,DB02
202103060300,105,8.3,0,0,0.766044443118978,0.6427876096865394,DB04
202103060400,105,6.0,0,0,0.9396926207859083,0.3420201433256688,DB03
202103060500,105,4.7,0,0,0.9396926207859083,0.3420201433256688,DB04
202103060600,105,3.9,100,1,0.9396926207859083,0.3420201433256688,DB04
202103060700,105,2.9,0,0,-0.6427876096865396,0.7660444431189778,DB04
202103060800,105,2.2,0,0,-0.3420201433256686,0.9396926207859084,DB04
202103060900,105,2.1,100,1,0.766044443118978,0.6427876096865394,DB04
202103061000,105,1.7,0,0,0.766044443118978,0.6427876096865394,DB04
202103061100,105,1.6,0,0,0.9396926207859083,0.3420201433256688,DB04
202103061200,105,1.5,100,1,0.9396926207859083,0.3420201433256688,DB04
202103061300,105,1.4,0,0,0.766044443118978,0.6427876096865394,DB04
202103061400,105,1.3,0,0,0.3420201433256687,0.9396926207859084,DB04
202103061500,105,1.1,100,1,1.0,6.123233995736766e-17,DB04
202103061600,105,1.1,0,0,0.766044443118978,0.6427876096865394,DB04
202103061700,105,1.0,0,0,-1.0,-1.8369701987210297e-16,DB04
202103061800,105,0.7,100,1,-0.9396926207859084,-0.34202014332566855,DB04
202103061900,105,0.6,0,0,-0.9396926207859084,-0.34202014332566855,DB04
202103062000,105,0.7,0,0,-1.0,-1.8369701987210297e-16,DB01
202103062100,105,0.6,0,0,-0.6427876096865396,0.7660444431189778,DB04
202103062200,105,0.7,0,0,-0.7660444431189779,-0.6427876096865395,DB04
202103062300,105,0.7,0,0,0.0,1.0,DB02
202103070000,105,0.8,0,0,-0.34202014332566866,-0.9396926207859084,DB04
202103070100,105,0.6,0,0,1.2246467991473532e-16,-1.0,DB04
202103070200,105,0.7,0,0,-0.7660444431189779,-0.6427876096865395,DB04
202103070300,105,0.6,100,1,-0.7660444431189779,-0.6427876096865395,DB04
202103070400,105,0.7,0,0,-0.7660444431189779,-0.6427876096865395,DB04
202103070500,105,0.8,0,0,-0.7660444431189779,-0.6427876096865395,DB04
202103070600,105,0.8,0,0,-0.7660444431189779,-0.6427876096865395,DB04
202103070700,105,0.8,0,0,-0.34202014332566866,-0.9396926207859084,DB04
202103070800,105,1.1,0,0,-0.7660444431189779,-0.6427876096865395,DB04
202103070900,105,2.2,0,0,0.0,1.0,DB04
202103071000,105,3.3,0,0,1.2246467991473532e-16,-1.0,DB04
202103071100,105,5.2,0,0,1.2246467991473532e-16,-1.0,DB03
202103071200,105,7.1,0,0,0.766044443118978,0.6427876096865394,DB02
202103071300,105,8.2,0,0,1.2246467991473532e-16,-1.0,DB03
202103071400,105,9.0,0,0,0.9396926207859083,0.3420201433256688,DB02
202103071500,105,8.8,0,0,0.9396926207859083,0.3420201433256688,DB03
202103071600,105,8.4,0,0,1.0,6.123233995736766e-17,DB03
202103071700,105,8.2,0,0,1.0,6.123233995736766e-17,DB03
202103071800,105,6.8,0,0,1.0,6.123233995736766e-17,DB03
202103071900,105,5.7,0,0,0.9396926207859084,-0.3420201433256687,DB03
202103072000,105,4.6,0,0,-0.34202014332566866,-0.9396926207859084,DB03
202103072100,105,3.7,0,0,-0.7660444431189779,-0.6427876096865395,DB03
202103072200,105,3.2,0,0,-0.7660444431189779,-0.6427876096865395,DB03
202103072300,105,2.4,0,0,-0.7660444431189779,-0.6427876096865395,DB02
202103080000,105,1.8,0,0,-0.7660444431189779,-0.6427876096865395,DB01
202103080100,105,1.3,0,0,-0.7660444431189779,-0.6427876096865395,DB01
202103080200,105,0.9,0,0,-0.7660444431189779,-0.6427876096865395,DB01
202103080300,105,0.7,0,0,1.2246467991473532e-16,-1.0,DB01
202103080400,105,0.0,0,0,-0.7660444431189779,-0.6427876096865395,DB01
202103080500,105,0.7,0,0,-0.34202014332566866,-0.9396926207859084,DB01
202103080600,105,0.6,0,0,-0.9396926207859084,-0.34202014332566855,DB01
202103080700,105,1.1,0,0,-0.9396926207859084,-0.34202014332566855,DB01
202103080800,105,1.9,0,0,-0.7660444431189779,-0.6427876096865395,DB01
202103080900,105,4.2,0,0,-0.7660444431189779,-0.6427876096865395,DB01
202103081000,105,6.5,0,0,-0.6427876096865396,0.7660444431189778,DB02
202103081100,105,8.5,0,0,0.766044443118978,0.6427876096865394,DB02
202103081200,105,9.5,0,0,0.766044443118978,0.6427876096865394,DB02
202103081300,105,8.6,0,0,0.766044443118978,0.6427876096865394,DB03
202103081400,105,8.4,0,0,0.766044443118978,0.6427876096865394,DB04
202103081500,105,8.0,0,0,-0.6427876096865396,0.7660444431189778,DB04
202103081600,105,7.4,0,0,0.0,1.0,DB04
202103081700,105,6.8,0,0,-0.6427876096865396,0.7660444431189778,DB04
202103081800,105,6.3,0,0,-0.9396926207859083,0.342020143325669,DB04
202103081900,105,5.8,0,0,-0.6427876096865396,0.7660444431189778,DB04
202103082000,105,5.7,0,0,-0.9396926207859083,0.342020143325669,DB04
202103082100,105,5.3,0,0,-0.34202014332566866,-0.9396926207859084,DB04
202103082200,105,4.9,0,0,-0.7660444431189779,-0.6427876096865395,DB04
202103082300,105,4.0,0,0,-0.7660444431189779,-0.6427876096865395,DB01
202103090000,105,3.4,0,0,-0.9396926207859084,-0.34202014332566855,DB01
202103090100,105,2.9,0,0,-0.7660444431189779,-0.6427876096865395,DB01
202103090200,105,2.2,0,0,-0.7660444431189779,-0.6427876096865395,DB01
202103090300,105,1.5,0,0,0.0,1.0,DB01
202103090400,105,1.3,0,0,-0.9396926207859084,-0.34202014332566855,DB01
202103090500,105,2.2,0,0,-1.0,-1.8369701987210297e-16,DB01
202103090600,105,1.5,0,0,0.3420201433256689,-0.9396926207859083,DB02
202103090700,105,1.2,0,0,0.6427876096865395,-0.7660444431189779,DB03
202103090800,105,4.4,0,0,-0.7660444431189779,-0.6427876096865395,DB02
202103090900,105,8.5,0,0,-0.7660444431189779,-0.6427876096865395,DB03
202103091000,105,11.1,0,0,-0.7660444431189779,-0.6427876096865395,DB02
202103091100,105,12.5,0,0,-0.9396926207859084,-0.34202014332566855,DB03
202103091200,105,14.5,0,0,-0.9396926207859084,-0.34202014332566855,DB03
202103091300,105,16.0,0,0,0.9396926207859083,0.3420201433256688,DB02
202103091400,105,16.4,0,0,1.0,6.123233995736766e-17,DB03
202103091500,105,17.1,0,0,0.9396926207859083,0.3420201433256688,DB03
202103091600,105,16.6,0,0,0.3420201433256687,0.9396926207859084,DB03
202103091700,105,16.1,0,0,0.3420201433256687,0.9396926207859084,DB03
202103091800,105,15.2,0,0,-0.9396926207859084,-0.34202014332566855,DB03
202103091900,105,13.7,0,0,-0.9396926207859084,-0.34202014332566855,DB03
202103092000,105,12.9,0,0,-0.7660444431189779,-0.6427876096865395,DB02
202103092100,105,12.3,0,0,-0.9396926207859084,-0.34202014332566855,DB01
202103092200,105,11.9,0,0,-0.7660444431189779,-0.6427876096865395,DB01
202103092300,105,11.6,0,0,-0.9396926207859084,-0.34202014332566855,DB01
202103100000,105,11.0,0,0,-0.9396926207859084,-0.34202014332566855,DB01
202103100100,105,10.5,0,0,-0.7660444431189779,-0.6427876096865395,DB01
202103100200,105,9.7,0,0,-0.9396926207859084,-0.34202014332566855,DB01
202103100300,105,8.6,0,0,-0.9396926207859083,0.342020143325669,DB01
202103100400,105,8.6,0,0,-0.3420201433256686,0.9396926207859084,DB03
202103100500,105,7.6,0,0,0.9396926207859083,0.3420201433256688,DB02
202103100600,105,6.0,0,0,0.3420201433256689,-0.9396926207859083,DB02
202103100700,105,4.3,0,0,-0.34202014332566866,-0.9396926207859084,DB01
202103100800,105,5.3,0,0,-0.7660444431189779,-0.6427876096865395,DB01
202103100900,105,8.3,0,0,0.3420201433256689,-0.9396926207859083,DB01
202103101000,105,10.3,0,0,1.0,6.123233995736766e-17,DB01
202103101100,105,11.4,0,0,0.766044443118978,0.6427876096865394,DB01
202103101200,105,12.1,0,0,1.0,6.123233995736766e-17,DB01
202103101300,105,12.1,0,0,1.0,6.123233995736766e-17,DB01
202103101400,105,12.6,0,0,1.0,6.123233995736766e-17,DB01
202103101500,105,12.1,0,0,1.0,6.123233995736766e-17,DB01
202103101600,105,12.3,0,0,1.0,6.123233995736766e-17,DB01
202103101700,105,11.0,0,0,1.0,6.123233995736766e-17,DB01
202103101800,105,9.5,0,0,0.9396926207859084,-0.3420201433256687,DB01
202103101900,105,8.4,0,0,0.9396926207859084,-0.3420201433256687,DB01
202103102000,105,7.5,0,0,-0.34202014332566866,-0.9396926207859084,DB01
202103102100,105,6.1,0,0,-0.7660444431189779,-0.6427876096865395,DB01
202103102200,105,5.1,0,0,-0.7660444431189779,-0.6427876096865395,DB01
202103102300,105,4.6,0,0,1.2246467991473532e-16,-1.0,DB01
202103110000,105,3.7,0,0,0.0,1.0,DB01
202103110100,105,3.1,0,0,-0.34202014332566866,-0.9396926207859084,DB01
202103110200,105,3.3,0,0,-0.7660444431189779,-0.6427876096865395,DB01
202103110300,105,5.4,0,0,-0.7660444431189779,-0.6427876096865395,DB02
202103110400,105,6.2,0,0,-0.9396926207859084,-0.34202014332566855,DB03
202103110500,105,6.5,0,0,-0.9396926207859084,-0.34202014332566855,DB03
202103110600,105,8.5,0,0,-0.9396926207859084,-0.34202014332566855,DB03
202103110700,105,9.9,0,0,-0.7660444431189779,-0.6427876096865395,DB03
202103110800,105,11.7,0,0,-0.9396926207859084,-0.34202014332566855,DB02
202103110900,105,14.0,0,0,-0.7660444431189779,-0.6427876096865395,DB01
202103111000,105,16.3,0,0,-0.34202014332566866,-0.9396926207859084,DB01
202103111100,105,18.0,0,0,1.2246467991473532e-16,-1.0,DB02
202103111200,105,19.5,0,0,1.2246467991473532e-16,-1.0,DB01
202103111300,105,20.5,0,0,0.9396926207859083,0.3420201433256688,DB03
202103111400,105,20.6,0,0,1.0,6.123233995736766e-17,DB03
202103111500,105,20.3,0,0,1.0,6.123233995736766e-17,DB03
202103111600,105,19.8,0,0,1.0,6.123233995736766e-17,DB03
202103111700,105,18.8,0,0,0.9396926207859083,0.3420201433256688,DB03
202103111800,105,17.2,0,0,0.766044443118978,0.6427876096865394,DB03
202103111900,105,15.1,0,0,0.3420201433256689,-0.9396926207859083,DB03
202103112000,105,13.5,0,0,-0.9396926207859084,-0.34202014332566855,DB04
202103112100,105,12.8,0,0,-0.9396926207859084,-0.34202014332566855,DB04
202103112200,105,11.8,0,0,-0.34202014332566866,-0.9396926207859084,DB04
202103112300,105,10.8,0,0,-0.7660444431189779,-0.6427876096865395,DB03
202103120000,105,10.5,0,0,-0.7660444431189779,-0.6427876096865395,DB04
202103120100,105,10.1,0,0,-0.7660444431189779,-0.6427876096865395,DB04
202103120200,105,9.4,0,0,-0.7660444431189779,-0.6427876096865395,DB04
202103120300,105,9.5,0,0,-0.7660444431189779,-0.6427876096865395,DB04
202103120400,105,9.3,0,0,1.2246467991473532e-16,-1.0,DB04
202103120500,105,9.0,0,0,-0.34202014332566866,-0.9396926207859084,DB04
202103120600,105,9.2,0,0,-1.0,-1.8369701987210297e-16,DB04
202103120700,105,10.2,0,0,-0.6427876096865396,0.7660444431189778,DB04
202103120800,105,10.2,0,0,-0.6427876096865396,0.7660444431189778,DB04
202103120900,105,9.9,0,0,-0.3420201433256686,0.9396926207859084,DB04
202103121000,105,9.3,0,0,-0.9396926207859083,0.342020143325669,DB04
202103121100,105,8.4,0,0,0.0,1.0,DB04
202103121200,105,8.6,100,1,-1.0,-1.8369701987210297e-16,DB04
202103121300,105,10.0,0,0,-0.6427876096865396,0.7660444431189778,DB04
202103121400,105,9.3,0,0,-0.6427876096865396,0.7660444431189778,DB04
202103121500,105,8.5,100,1,-0.6427876096865396,0.7660444431189778,DB04
202103121600,105,7.9,0,0,-0.6427876096865396,0.7660444431189778,DB04
202103121700,105,7.4,0,0,-0.6427876096865396,0.7660444431189778,DB04
202103121800,105,6.9,100,1,-0.6427876096865396,0.7660444431189778,DB04
202103121900,105,6.6,0,0,-0.6427876096865396,0.7660444431189778,DB04
202103122000,105,6.6,0,0,-0.6427876096865396,0.7660444431189778,DB04
202103122100,105,6.6,100,1,-0.6427876096865396,0.7660444431189778,DB04
202103122200,105,6.7,0,0,-0.6427876096865396,0.7660444431189778,DB04
202103122300,105,6.8,0,0,-0.6427876096865396,0.7660444431189778,DB04
202103130000,105,6.8,0,0,-0.6427876096865396,0.7660444431189778,DB04
202103130100,105,6.6,0,0,-0.6427876096865396,0.7660444431189778,DB04
202103130200,105,6.0,0,0,-0.6427876096865396,0.7660444431189778,DB03
202103130300,105,5.8,0,0,-0.9396926207859083,0.342020143325669,DB03
202103130400,105,5.8,0,0,-0.9396926207859083,0.342020143325669,DB03
202103130500,105,5.5,0,0,-0.9396926207859083,0.342020143325669,DB03
202103130600,105,4.5,0,0,-0.7660444431189779,-0.6427876096865395,DB01
202103130700,105,3.7,0,0,-1.0,-1.8369701987210297e-16,DB01
202103130800,105,4.2,0,0,-0.7660444431189779,-0.6427876096865395,DB01
202103130900,105,5.9,0,0,-0.9396926207859084,-0.34202014332566855,DB02
202103131000,105,7.9,0,0,-0.6427876096865396,0.7660444431189778,DB01
202103131100,105,9.6,0,0,-0.3420201433256686,0.9396926207859084,DB02
202103131200,105,10.7,0,0,0.9396926207859083,0.3420201433256688,DB02
202103131300,105,11.4,0,0,0.766044443118978,0.6427876096865394,DB03
202103131400,105,11.2,0,0,0.766044443118978,0.6427876096865394,DB03
202103131500,105,11.4,0,0,0.766044443118978,0.6427876096865394,DB03
202103131600,105,11.2,0,0,0.3420201433256687,0.9396926207859084,DB03
202103131700,105,10.7,0,0,1.0,6.123233995736766e-17,DB03
202103131800,105,9.5,0,0,0.9396926207859084,-0.3420201433256687,DB03
202103131900,105,8.8,0,0,0.9396926207859084,-0.3420201433256687,DB03
202103132000,105,8.3,0,0,1.0,6.123233995736766e-17,DB03
202103132100,105,7.6,0,0,-0.7660444431189779,-0.6427876096865395,DB03
202103132200,105,6.9,0,0,-0.7660444431189779,-0.6427876096865395,DB01
202103132300,105,6.2,0,0,-0.7660444431189779,-0.6427876096865395,DB01
202103140000,105,5.3,0,0,0.0,1.0,DB01
202103140100,105,4.6,0,0,1.2246467991473532e-16,-1.0,DB01
202103140200,105,4.3,0,0,-0.34202014332566866,-0.9396926207859084,DB01
202103140300,105,5.5,0,0,1.2246467991473532e-16,-1.0,DB03
202103140400,105,6.7,0,0,-0.9396926207859084,-0.34202014332566855,DB01
202103140500,105,6.9,0,0,-0.9396926207859084,-0.34202014332566855,DB01
202103140600,105,7.5,0,0,-0.9396926207859084,-0.34202014332566855,DB01
202103140700,105,7.4,0,0,-0.9396926207859084,-0.34202014332566855,DB01
202103140800,105,8.7,0,0,-0.9396926207859083,0.342020143325669,DB01
202103140900,105,11.0,0,0,-0.9396926207859084,-0.34202014332566855,DB01
202103141000,105,13.4,0,0,-0.9396926207859084,-0.34202014332566855,DB01
202103141100,105,14.9,0,0,1.0,6.123233995736766e-17,DB01
202103141200,105,15.8,0,0,0.9396926207859083,0.3420201433256688,DB01
202103141300,105,16.1,0,0,0.9396926207859083,0.3420201433256688,DB01
202103141400,105,15.8,0,0,0.766044443118978,0.6427876096865394,DB01
202103141500,105,16.1,0,0,0.9396926207859083,0.3420201433256688,DB01
202103141600,105,15.1,0,0,0.9396926207859084,-0.3420201433256687,DB02
202103141700,105,14.1,0,0,0.3420201433256687,0.9396926207859084,DB01
202103141800,105,12.8,0,0,0.9396926207859083,0.3420201433256688,DB01
202103141900,105,11.6,0,0,0.9396926207859084,-0.3420201433256687,DB01
202103142000,105,10.2,0,0,0.0,1.0,DB01
202103142100,105,8.8,0,0,-0.7660444431189779,-0.6427876096865395,DB02
202103142200,105,8.0,0,0,-0.34202014332566866,-0.9396926207859084,DB02
202103142300,105,7.3,0,0,0.0,1.0,DB03
202103150000,105,6.8,0,0,-0.34202014332566866,-0.9396926207859084,DB01
202103150100,105,8.2,0,0,-0.7660444431189779,-0.6427876096865395,DB01
202103150200,105,8.4,0,0,-0.7660444431189779,-0.6427876096865395,DB01
202103150300,105,9.2,0,0,-0.7660444431189779,-0.6427876096865395,DB01
202103150400,105,9.3,0,0,-0.7660444431189779,-0.6427876096865395,DB01
202103150500,105,8.3,0,0,-0.34202014332566866,-0.9396926207859084,DB01
202103150600,105,9.2,0,0,-0.7660444431189779,-0.6427876096865395,DB01
202103150700,105,9.4,0,0,-0.7660444431189779,-0.6427876096865395,DB01
202103150800,105,10.7,0,0,-0.34202014332566866,-0.9396926207859084,DB03
202103150900,105,12.7,0,0,-0.34202014332566866,-0.9396926207859084,DB01
202103151000,105,14.0,0,0,-0.7660444431189779,-0.6427876096865395,DB04
202103151100,105,14.8,0,0,-0.34202014332566866,-0.9396926207859084,DB04
202103151200,105,16.0,0,0,-0.9396926207859084,-0.34202014332566855,DB03
202103151300,105,18.3,0,0,1.0,6.123233995736766e-17,DB03
202103151400,105,16.6,0,0,0.766044443118978,0.6427876096865394,DB04
202103151500,105,16.0,0,0,0.9396926207859083,0.3420201433256688,DB04
202103151600,105,16.0,0,0,0.766044443118978,0.6427876096865394,DB04
202103151700,105,16.1,0,0,0.9396926207859083,0.3420201433256688,DB03
202103151800,105,15.5,0,0,0.0,1.0,DB04
202103151900,105,15.4,0,0,-1.0,-1.8369701987210297e-16,DB03
202103152000,105,15.5,0,0,-0.7660444431189779,-0.6427876096865395,DB03
202103152100,105,14.9,0,0,-0.9396926207859083,0.342020143325669,DB03
202103152200,105,14.6,0,0,-0.9396926207859083,0.342020143325669,DB04
202103152300,105,15.0,0,0,-0.9396926207859084,-0.34202014332566855,DB04
202103160000,105,15.0,0,0,-0.9396926207859084,-0.34202014332566855,DB03
202103160100,105,13.9,0,0,-0.9396926207859084,-0.34202014332566855,DB04
202103160200,105,13.5,0,0,-0.7660444431189779,-0.6427876096865395,DB04
202103160300,105,13.4,0,0,-0.7660444431189779,-0.6427876096865395,DB04
202103160400,105,13.7,0,0,-0.7660444431189779,-0.6427876096865395,DB04
202103160500,105,13.5,0,0,1.0,6.123233995736766e-17,DB04
202103160600,105,12.6,0,0,-1.0,-1.8369701987210297e-16,DB03
202103160700,105,13.4,0,0,-0.7660444431189779,-0.6427876096865395,DB02
202103160800,105,13.3,0,0,-0.9396926207859084,-0.34202014332566855,DB02
202103160900,105,14.3,0,0,-0.7660444431189779,-0.6427876096865395,DB01
202103161000,105,15.8,0,0,-0.7660444431189779,-0.6427876096865395,DB01
202103161100,105,18.0,0,0,0.9396926207859083,0.3420201433256688,DB01
202103161200,105,17.1,0,0,0.9396926207859083,0.3420201433256688,DB01
202103161300,105,16.0,0,0,0.766044443118978,0.6427876096865394,DB02
202103161400,105,15.7,0,0,0.9396926207859083,0.3420201433256688,DB01
202103161500,105,15.2,0,0,0.9396926207859083,0.3420201433256688,DB01
202103161600,105,14.2,0,0,0.9396926207859083,0.3420201433256688,DB01
202103161700,105,13.1,0,0,0.9396926207859083,0.3420201433256688,DB01
202103161800,105,11.3,0,0,0.9396926207859083,0.3420201433256688,DB01
202103161900,105,9.9,0,0,0.9396926207859083,0.3420201433256688,DB01
202103162000,105,8.8,0,0,0.3420201433256689,-0.9396926207859083,DB01
202103162100,105,7.8,0,0,-0.34202014332566866,-0.9396926207859084,DB01
202103162200,105,6.7,0,0,-0.34202014332566866,-0.9396926207859084,DB01
202103162300,105,6.0,0,0,-0.7660444431189779,-0.6427876096865395,DB01
202103170000,105,5.4,0,0,-0.7660444431189779,-0.6427876096865395,DB01
202103170100,105,4.9,0,0,1.2246467991473532e-16,-1.0,DB02
202103170200,105,4.5,0,0,-0.7660444431189779,-0.6427876096865395,DB02
202103170300,105,4.2,0,0,-0.34202014332566866,-0.9396926207859084,DB02
202103170400,105,4.0,0,0,-0.34202014332566866,-0.9396926207859084,DB01
202103170500,105,4.7,0,0,-0.7660444431189779,-0.6427876096865395,DB01
202103170600,105,4.7,0,0,-0.7660444431189779,-0.6427876096865395,DB01
202103170700,105,4.3,0,0,-0.7660444431189779,-0.6427876096865395,DB01
202103170800,105,5.6,0,0,-0.9396926207859084,-0.34202014332566855,DB01
202103170900,105,8.4,0,0,-0.6427876096865396,0.7660444431189778,DB01
202103171000,105,10.6,0,0,-0.6427876096865396,0.7660444431189778,DB01
202103171100,105,11.5,0,0,-0.3420201433256686,0.9396926207859084,DB01
202103171200,105,12.5,0,0,0.766044443118978,0.6427876096865394,DB01
202103171300,105,13.4,0,0,0.766044443118978,0.6427876096865394,DB01
202103171400,105,13.5,0,0,0.3420201433256687,0.9396926207859084,DB01
202103171500,105,13.7,0,0,0.9396926207859083,0.3420201433256688,DB01
202103171600,105,13.7,0,0,0.9396926207859083,0.3420201433256688,DB01
202103171700,105,12.8,0,0,0.9396926207859083,0.3420201433256688,DB01
202103171800,105,11.3,0,0,0.9396926207859083,0.3420201433256688,DB01
202103171900,105,10.5,0,0,0.766044443118978,0.6427876096865394,DB04
202103172000,105,10.0,0,0,-0.7660444431189779,-0.6427876096865395,DB04
202103172100,105,9.8,0,0,-0.7660444431189779,-0.6427876096865395,DB04
202103172200,105,8.5,0,0,-0.9396926207859084,-0.34202014332566855,DB01
202103172300,105,7.5,0,0,-0.7660444431189779,-0.6427876096865395,DB01
202103180000,105,6.7,0,0,-0.7660444431189779,-0.6427876096865395,DB01
202103180100,105,6.3,0,0,-0.7660444431189779,-0.6427876096865395,DB01
202103180200,105,5.7,0,0,-0.7660444431189779,-0.6427876096865395,DB03
202103180300,105,5.6,0,0,-0.7660444431189779,-0.6427876096865395,DB04
202103180400,105,6.3,0,0,-0.7660444431189779,-0.6427876096865395,DB04
202103180500,105,6.8,0,0,-0.9396926207859084,-0.34202014332566855,DB04
202103180600,105,7.3,0,0,-0.7660444431189779,-0.6427876096865395,DB04
202103180700,105,7.9,0,0,-0.9396926207859083,0.342020143325669,DB04
202103180800,105,7.9,0,0,0.0,1.0,DB03
202103180900,105,9.2,0,0,0.9396926207859083,0.3420201433256688,DB04
202103181000,105,10.3,0,0,0.766044443118978,0.6427876096865394,DB04
202103181100,105,11.1,0,0,0.9396926207859083,0.3420201433256688,DB04
202103181200,105,12.4,0,0,0.9396926207859083,0.3420201433256688,DB04
202103181300,105,12.2,0,0,0.766044443118978,0.6427876096865394,DB04
202103181400,105,11.6,0,0,0.6427876096865395,-0.7660444431189779,DB04
202103181500,105,11.1,0,0,-0.6427876096865396,0.7660444431189778,DB04
202103181600,105,9.5,0,0,-0.6427876096865396,0.7660444431189778,DB04
202103181700,105,8.8,0,0,-0.6427876096865396,0.7660444431189778,DB04
202103181800,105,8.4,0,0,-0.6427876096865396,0.7660444431189778,DB04
202103181900,105,8.2,0,0,-0.6427876096865396,0.7660444431189778,DB04
202103182000,105,8.1,0,0,-0.3420201433256686,0.9396926207859084,DB04
202103182100,105,8.1,0,0,0.3420201433256689,-0.9396926207859083,DB04
202103182200,105,8.0,0,0,-0.6427876096865396,0.7660444431189778,DB04
202103182300,105,8.0,0,0,-0.7660444431189779,-0.6427876096865395,DB04
202103190000,105,8.0,0,0,-0.9396926207859084,-0.34202014332566855,DB04
202103190100,105,7.9,0,0,-0.34202014332566866,-0.9396926207859084,DB03
202103190200,105,7.9,0,0,-0.6427876096865396,0.7660444431189778,DB04
202103190300,105,7.9,0,0,-0.6427876096865396,0.7660444431189778,DB04
202103190400,105,7.9,0,0,-1.0,-1.8369701987210297e-16,DB04
202103190500,105,7.7,0,0,-0.7660444431189779,-0.6427876096865395,DB04
202103190600,105,7.6,0,0,0.0,1.0,DB04
202103190700,105,7.5,0,0,-0.7660444431189779,-0.6427876096865395,DB03
202103190800,105,7.7,0,0,0.0,1.0,DB03
202103190900,105,9.7,0,0,0.3420201433256689,-0.9396926207859083,DB02
202103191000,105,10.7,0,0,0.766044443118978,0.6427876096865394,DB01
202103191100,105,11.2,0,0,0.9396926207859083,0.3420201433256688,DB03
202103191200,105,11.9,0,0,0.9396926207859083,0.3420201433256688,DB04
202103191300,105,12.1,0,0,0.9396926207859084,-0.3420201433256687,DB04
202103191400,105,12.4,0,0,0.9396926207859084,-0.3420201433256687,DB04
202103191500,105,12.9,0,0,1.0,6.123233995736766e-17,DB04
202103191600,105,12.6,0,0,0.6427876096865395,-0.7660444431189779,DB04
202103191700,105,12.1,0,0,0.9396926207859084,-0.3420201433256687,DB03
202103191800,105,11.3,0,0,0.9396926207859084,-0.3420201433256687,DB02
202103191900,105,10.6,0,0,0.9396926207859084,-0.3420201433256687,DB02
202103192000,105,9.9,0,0,0.6427876096865395,-0.7660444431189779,DB02
202103192100,105,9.1,0,0,0.0,1.0,DB01
202103192200,105,8.1,0,0,-0.34202014332566866,-0.9396926207859084,DB01
202103192300,105,8.0,0,0,-0.7660444431189779,-0.6427876096865395,DB04
202103200000,105,8.0,0,0,-0.9396926207859084,-0.34202014332566855,DB04
202103200100,105,7.8,0,0,-0.7660444431189779,-0.6427876096865395,DB04
202103200200,105,7.9,0,0,-0.7660444431189779,-0.6427876096865395,DB04
202103200300,105,7.9,0,0,-0.7660444431189779,-0.6427876096865395,DB04
202103200400,105,7.7,0,0,-0.9396926207859084,-0.34202014332566855,DB04
202103200500,105,7.7,0,0,0.0,1.0,DB04
202103200600,105,7.9,0,0,-0.7660444431189779,-0.6427876096865395,DB04
202103200700,105,7.8,0,0,-0.9396926207859084,-0.34202014332566855,DB04
202103200800,105,8.3,0,0,-1.0,-1.8369701987210297e-16,DB04
202103200900,105,9.1,0,0,-0.7660444431189779,-0.6427876096865395,DB04
202103201000,105,9.8,0,0,0.0,1.0,DB04
202103201100,105,10.4,0,0,0.6427876096865395,-0.7660444431189779,DB04
202103201200,105,9.8,100,1,-0.6427876096865396,0.7660444431189778,DB04
202103201300,105,9.7,0,0,-0.9396926207859083,0.342020143325669,DB04
202103201400,105,10.8,0,0,-0.6427876096865396,0.7660444431189778,DB04
202103201500,105,10.9,100,1,-0.3420201433256686,0.9396926207859084,DB04
202103201600,105,11.0,0,0,-1.0,-1.8369701987210297e-16,DB04
202103201700,105,11.0,0,0,-0.9396926207859083,0.342020143325669,DB03
202103201800,105,10.7,0,0,-0.9396926207859083,0.342020143325669,DB04
202103201900,105,10.0,0,0,-0.6427876096865396,0.7660444431189778,DB04
202103202000,105,9.5,0,0,-0.6427876096865396,0.7660444431189778,DB04
202103202100,105,8.8,0,0,-0.6427876096865396,0.7660444431189778,DB04
202103202200,105,8.3,0,0,-0.6427876096865396,0.7660444431189778,DB04
202103202300,105,8.0,0,0,-0.6427876096865396,0.7660444431189778,DB04
202103210000,105,8.0,0,0,0.0,1.0,DB04
202103210100,105,7.9,0,0,-0.9396926207859083,0.342020143325669,DB04
202103210200,105,7.8,0,0,-0.6427876096865396,0.7660444431189778,DB04
202103210300,105,7.7,0,0,-0.9396926207859083,0.342020143325669,DB04
202103210400,105,7.7,0,0,-0.6427876096865396,0.7660444431189778,DB04
202103210500,105,7.5,0,0,-1.0,-1.8369701987210297e-16,DB04
202103210600,105,7.2,0,0,0.0,1.0,DB03
202103210700,105,6.9,0,0,-0.9396926207859083,0.342020143325669,DB03
202103210800,105,7.3,0,0,-0.9396926207859083,0.342020143325669,DB03
202103210900,105,8.7,0,0,-0.6427876096865396,0.7660444431189778,DB03
202103211000,105,10.6,0,0,-0.6427876096865396,0.7660444431189778,DB03
202103211100,105,10.7,0,0,-0.9396926207859084,-0.34202014332566855,DB04
202103211200,105,11.0,0,0,-1.0,-1.8369701987210297e-16,DB03
202103211300,105,10.8,0,0,-0.9396926207859084,-0.34202014332566855,DB03
202103211400,105,11.9,0,0,-0.9396926207859084,-0.34202014332566855,DB02
202103211500,105,12.0,0,0,-0.9396926207859084,-0.34202014332566855,DB01
202103211600,105,11.2,0,0,-1.0,-1.8369701987210297e-16,DB02
202103211700,105,11.4,0,0,-1.0,-1.8369701987210297e-16,DB02
202103211800,105,10.1,0,0,-0.9396926207859083,0.342020143325669,DB01
202103211900,105,8.9,0,0,-1.0,-1.8369701987210297e-16,DB01
202103212000,105,7.8,0,0,-0.9396926207859084,-0.34202014332566855,DB01
202103212100,105,6.9,0,0,-1.0,-1.8369701987210297e-16,DB01
202103212200,105,6.2,0,0,-0.9396926207859084,-0.34202014332566855,DB01
202103212300,105,6.0,0,0,-0.7660444431189779,-0.6427876096865395,DB01
202103220000,105,5.6,0,0,-0.9396926207859084,-0.34202014332566855,DB01
202103220100,105,5.5,0,0,-0.9396926207859084,-0.34202014332566855,DB01
202103220200,105,5.5,0,0,-0.7660444431189779,-0.6427876096865395,DB01
202103220300,105,5.2,0,0,-0.9396926207859084,-0.34202014332566855,DB01
202103220400,105,4.8,0,0,-0.9396926207859084,-0.34202014332566855,DB01
202103220500,105,4.5,0,0,-0.9396926207859084,-0.34202014332566855,DB01
202103220600,105,3.9,0,0,-0.7660444431189779,-0.6427876096865395,DB01
202103220700,105,3.9,0,0,1.2246467991473532e-16,-1.0,DB02
202103220800,105,5.0,0,0,-0.34202014332566866,-0.9396926207859084,DB01
202103220900,105,6.9,0,0,-1.0,-1.8369701987210297e-16,DB01
202103221000,105,8.8,0,0,-0.9396926207859083,0.342020143325669,DB01
202103221100,105,10.1,0,0,-0.9396926207859083,0.342020143325669,DB01
202103221200,105,11.2,0,0,-1.0,-1.8369701987210297e-16,DB01
202103221300,105,12.2,0,0,-0.9396926207859084,-0.34202014332566855,DB01
202103221400,105,12.4,0,0,-0.9396926207859084,-0.34202014332566855,DB01
202103221500,105,12.8,0,0,-1.0,-1.8369701987210297e-16,DB01
202103221600,105,12.9,0,0,-0.9396926207859084,-0.34202014332566855,DB01
202103221700,105,12.6,0,0,-1.0,-1.8369701987210297e-16,DB02
202103221800,105,11.4,0,0,-0.7660444431189779,-0.6427876096865395,DB02
202103221900,105,10.2,0,0,-1.0,-1.8369701987210297e-16,DB01
202103222000,105,9.5,0,0,-0.9396926207859084,-0.34202014332566855,DB01
202103222100,105,9.0,0,0,-0.7660444431189779,-0.6427876096865395,DB01
202103222200,105,8.7,0,0,-0.7660444431189779,-0.6427876096865395,DB01
202103222300,105,8.1,0,0,-0.7660444431189779,-0.6427876096865395,DB03
202103230000,105,7.7,0,0,-0.7660444431189779,-0.6427876096865395,DB01
202103230100,105,7.3,0,0,-0.7660444431189779,-0.6427876096865395,DB03
202103230200,105,7.3,0,0,-0.9396926207859084,-0.34202014332566855,DB01
202103230300,105,7.1,0,0,-0.7660444431189779,-0.6427876096865395,DB01
202103230400,105,7.6,0,0,-0.7660444431189779,-0.6427876096865395,DB01
202103230500,105,7.6,0,0,-0.7660444431189779,-0.6427876096865395,DB01
202103230600,105,8.1,0,0,-0.7660444431189779,-0.6427876096865395,DB01
202103230700,105,8.3,0,0,-0.7660444431189779,-0.6427876096865395,DB01
202103230800,105,10.2,0,0,-0.7660444431189779,-0.6427876096865395,DB01
202103230900,105,11.8,0,0,-0.7660444431189779,-0.6427876096865395,DB01
202103231000,105,13.1,0,0,-0.9396926207859084,-0.34202014332566855,DB01
202103231100,105,14.1,0,0,-0.7660444431189779,-0.6427876096865395,DB01
202103231200,105,16.1,0,0,-0.7660444431189779,-0.6427876096865395,DB02
202103231300,105,17.4,0,0,-0.9396926207859084,-0.34202014332566855,DB01
202103231400,105,17.8,0,0,-0.7660444431189779,-0.6427876096865395,DB01
202103231500,105,17.8,0,0,-0.7660444431189779,-0.6427876096865395,DB01
202103231600,105,17.8,0,0,-0.7660444431189779,-0.6427876096865395,DB02
202103231700,105,17.9,0,0,-0.7660444431189779,-0.6427876096865395,DB03
202103231800,105,17.5,0,0,-0.9396926207859084,-0.34202014332566855,DB02
202103231900,105,16.0,0,0,-0.7660444431189779,-0.6427876096865395,DB02
202103232000,105,14.9,0,0,-0.7660444431189779,-0.6427876096865395,DB01
202103232100,105,14.3,0,0,-0.7660444431189779,-0.6427876096865395,DB02
202103232200,105,13.8,0,0,-0.34202014332566866,-0.9396926207859084,DB03
202103232300,105,12.9,0,0,-0.7660444431189779,-0.6427876096865395,DB03
202103240000,105,12.3,0,0,-0.9396926207859084,-0.34202014332566855,DB03
202103240100,105,11.8,0,0,-0.7660444431189779,-0.6427876096865395,DB02
202103240200,105,11.4,0,0,-0.7660444431189779,-0.6427876096865395,DB02
202103240300,105,11.3,0,0,-0.34202014332566866,-0.9396926207859084,DB03
202103240400,105,11.2,0,0,-0.7660444431189779,-0.6427876096865395,DB01
202103240500,105,10.8,0,0,-0.34202014332566866,-0.9396926207859084,DB02
202103240600,105,10.7,0,0,-0.7660444431189779,-0.6427876096865395,DB03
202103240700,105,11.1,0,0,-0.7660444431189779,-0.6427876096865395,DB03
202103240800,105,12.1,0,0,-0.7660444431189779,-0.6427876096865395,DB03
202103240900,105,14.0,0,0,-0.7660444431189779,-0.6427876096865395,DB03
202103241000,105,15.7,0,0,-0.7660444431189779,-0.6427876096865395,DB03
202103241100,105,16.4,0,0,-0.7660444431189779,-0.6427876096865395,DB03
202103241200,105,16.9,0,0,-0.7660444431189779,-0.6427876096865395,DB03
202103241300,105,17.8,0,0,-0.7660444431189779,-0.6427876096865395,DB03
202103241400,105,18.5,0,0,-0.9396926207859084,-0.34202014332566855,DB03
202103241500,105,20.1,0,0,-0.7660444431189779,-0.6427876096865395,DB01
202103241600,105,20.5,0,0,-0.7660444431189779,-0.6427876096865395,DB02
202103241700,105,19.6,0,0,-0.9396926207859084,-0.34202014332566855,DB01
202103241800,105,18.2,0,0,-1.0,-1.8369701987210297e-16,DB01
202103241900,105,16.7,0,0,-0.9396926207859084,-0.34202014332566855,DB01
202103242000,105,15.5,0,0,-0.7660444431189779,-0.6427876096865395,DB02
202103242100,105,14.6,0,0,0.0,1.0,DB02
202103242200,105,13.8,0,0,-0.7660444431189779,-0.6427876096865395,DB02
202103242300,105,14.1,0,0,-0.9396926207859084,-0.34202014332566855,DB03
202103250000,105,14.1,0,0,-0.9396926207859084,-0.34202014332566855,DB04
202103250100,105,13.9,0,0,-0.7660444431189779,-0.6427876096865395,DB04
202103250200,105,13.1,0,0,-0.34202014332566866,-0.9396926207859084,DB03
202103250300,105,11.9,0,0,-0.7660444431189779,-0.6427876096865395,DB01
202103250400,105,11.5,0,0,-0.7660444431189779,-0.6427876096865395,DB01
202103250500,105,11.2,0,0,-0.9396926207859084,-0.34202014332566855,DB01
202103250600,105,10.9,0,0,-0.7660444431189779,-0.6427876096865395,DB01
202103250700,105,10.9,0,0,-0.7660444431189779,-0.6427876096865395,DB01
202103250800,105,11.8,0,0,-0.9396926207859084,-0.34202014332566855,DB01
202103250900,105,14.4,0,0,-0.7660444431189779,-0.6427876096865395,DB01
202103251000,105,16.6,0,0,-0.34202014332566866,-0.9396926207859084,DB01
202103251100,105,18.4,0,0,0.9396926207859083,0.3420201433256688,DB01
202103251200,105,18.9,0,0,1.0,6.123233995736766e-17,DB01
202103251300,105,19.3,0,0,0.9396926207859083,0.3420201433256688,DB01
202103251400,105,19.3,0,0,0.9396926207859083,0.3420201433256688,DB03
202103251500,105,19.4,0,0,1.0,6.123233995736766e-17,DB01
202103251600,105,19.8,0,0,0.9396926207859083,0.3420201433256688,DB01
202103251700,105,19.6,0,0,1.0,6.123233995736766e-17,DB01
202103251800,105,18.2,0,0,0.9396926207859084,-0.3420201433256687,DB01
202103251900,105,18.9,0,0,-0.9396926207859084,-0.34202014332566855,DB01
202103252000,105,18.3,0,0,-1.0,-1.8369701987210297e-16,DB01
202103252100,105,18.0,0,0,-1.0,-1.8369701987210297e-16,DB01
202103252200,105,17.5,0,0,-0.9396926207859084,-0.34202014332566855,DB01
202103252300,105,16.9,0,0,-0.9396926207859084,-0.34202014332566855,DB01
202103260000,105,16.2,0,0,-0.6427876096865396,0.7660444431189778,DB01
202103260100,105,14.9,0,0,-0.9396926207859084,-0.34202014332566855,DB01
202103260200,105,13.9,0,0,-0.7660444431189779,-0.6427876096865395,DB01
202103260300,105,13.6,0,0,1.2246467991473532e-16,-1.0,DB01
202103260400,105,12.9,0,0,-0.7660444431189779,-0.6427876096865395,DB01
202103260500,105,11.7,0,0,-0.7660444431189779,-0.6427876096865395,DB01
202103260600,105,10.8,0,0,-0.34202014332566866,-0.9396926207859084,DB01
202103260700,105,11.5,0,0,-0.7660444431189779,-0.6427876096865395,DB01
202103260800,105,12.4,0,0,-0.34202014332566866,-0.9396926207859084,DB01
202103260900,105,15.1,0,0,1.0,6.123233995736766e-17,DB02
202103261000,105,17.7,0,0,0.9396926207859083,0.3420201433256688,DB03
202103261100,105,19.8,0,0,0.9396926207859083,0.3420201433256688,DB02
202103261200,105,19.3,0,0,1.0,6.123233995736766e-17,DB03
202103261300,105,19.6,0,0,0.9396926207859083,0.3420201433256688,DB02
202103261400,105,18.5,0,0,1.0,6.123233995736766e-17,DB03
202103261500,105,17.7,0,0,0.9396926207859084,-0.3420201433256687,DB03
202103261600,105,17.1,0,0,0.9396926207859084,-0.3420201433256687,DB04
202103261700,105,17.1,0,0,1.0,6.123233995736766e-17,DB03
202103261800,105,15.5,0,0,1.0,6.123233995736766e-17,DB03
202103261900,105,14.5,0,0,1.0,6.123233995736766e-17,DB03
202103262000,105,13.6,0,0,-0.9396926207859084,-0.34202014332566855,DB03
202103262100,105,12.8,0,0,-1.0,-1.8369701987210297e-16,DB03
202103262200,105,11.9,0,0,-0.34202014332566866,-0.9396926207859084,DB04
202103262300,105,11.4,0,0,-0.7660444431189779,-0.6427876096865395,DB04
202103270000,105,11.2,0,0,-0.9396926207859084,-0.34202014332566855,DB04
202103270100,105,10.7,0,0,-0.9396926207859084,-0.34202014332566855,DB03
202103270200,105,10.1,0,0,-0.34202014332566866,-0.9396926207859084,DB03
202103270300,105,9.5,0,0,-0.7660444431189779,-0.6427876096865395,DB04
202103270400,105,9.0,0,0,-0.7660444431189779,-0.6427876096865395,DB04
202103270500,105,8.7,0,0,0.0,1.0,DB04
202103270600,105,8.4,0,0,-0.7660444431189779,-0.6427876096865395,DB04
202103270700,105,8.7,0,0,-0.7660444431189779,-0.6427876096865395,DB04
202103270800,105,9.7,0,0,-0.7660444431189779,-0.6427876096865395,DB04
202103270900,105,10.7,0,0,0.0,1.0,DB04
202103271000,105,11.9,0,0,1.0,6.123233995736766e-17,DB04
202103271100,105,12.9,0,0,0.9396926207859083,0.3420201433256688,DB04
202103271200,105,13.1,0,0,0.0,1.0,DB04
202103271300,105,13.3,0,0,0.3420201433256687,0.9396926207859084,DB04
202103271400,105,13.3,0,0,0.0,1.0,DB04
202103271500,105,12.8,0,0,0.3420201433256687,0.9396926207859084,DB04
202103271600,105,12.5,0,0,-0.3420201433256686,0.9396926207859084,DB04
202103271700,105,12.3,0,0,0.0,1.0,DB04
202103271800,105,11.6,100,1,0.766044443118978,0.6427876096865394,DB04
202103271900,105,11.0,0,0,-0.6427876096865396,0.7660444431189778,DB04
202103272000,105,10.6,0,0,-0.6427876096865396,0.7660444431189778,DB04
202103272100,105,10.3,100,1,-0.6427876096865396,0.7660444431189778,DB04
202103272200,105,10.3,0,0,0.0,1.0,DB04
202103272300,105,10.2,0,0,0.3420201433256687,0.9396926207859084,DB04
202103280000,105,10.0,100,1,-0.3420201433256686,0.9396926207859084,DB04
202103280100,105,10.0,0,0,0.0,1.0,DB04
202103280200,105,10.0,0,0,-0.3420201433256686,0.9396926207859084,DB04
202103280300,105,9.9,100,1,-0.6427876096865396,0.7660444431189778,DB04
202103280400,105,9.8,0,0,-0.9396926207859083,0.342020143325669,DB04
202103280500,105,9.7,0,0,-1.0,-1.8369701987210297e-16,DB04
202103280600,105,9.7,100,1,-0.6427876096865396,0.7660444431189778,DB04
202103280700,105,9.8,0,0,0.0,1.0,DB04
202103280800,105,12.3,0,0,-0.9396926207859084,-0.34202014332566855,DB01
202103280900,105,15.3,100,1,-0.9396926207859084,-0.34202014332566855,DB03
202103281000,105,15.2,0,0,-1.0,-1.8369701987210297e-16,DB02
202103281100,105,16.0,0,0,-0.7660444431189779,-0.6427876096865395,DB02
202103281200,105,15.8,0,0,-0.7660444431189779,-0.6427876096865395,DB03
202103281300,105,16.1,0,0,-0.7660444431189779,-0.6427876096865395,DB02
202103281400,105,16.6,0,0,-0.7660444431189779,-0.6427876096865395,DB01
202103281500,105,16.5,0,0,-0.7660444431189779,-0.6427876096865395,DB01
202103281600,105,16.2,0,0,-0.7660444431189779,-0.6427876096865395,DB02
202103281700,105,15.6,0,0,-0.7660444431189779,-0.6427876096865395,DB04
202103281800,105,14.6,0,0,-0.7660444431189779,-0.6427876096865395,DB03
202103281900,105,13.9,0,0,-0.7660444431189779,-0.6427876096865395,DB03
202103282000,105,13.8,0,0,-0.9396926207859084,-0.34202014332566855,DB03
202103282100,105,13.5,0,0,-0.7660444431189779,-0.6427876096865395,DB03
202103282200,105,13.4,0,0,-0.9396926207859084,-0.34202014332566855,DB01
202103282300,105,14.0,0,0,-0.9396926207859084,-0.34202014332566855,DB02
202103290000,105,14.1,0,0,-0.6427876096865396,0.7660444431189778,DB04
202103290100,105,14.4,0,0,-0.9396926207859083,0.342020143325669,DB04
202103290200,105,14.3,0,0,-1.0,-1.8369701987210297e-16,DB04
202103290300,105,14.2,0,0,-0.9396926207859084,-0.34202014332566855,DB01
202103290400,105,13.7,0,0,-0.7660444431189779,-0.6427876096865395,DB01
202103290500,105,13.1,0,0,-0.7660444431189779,-0.6427876096865395,DB02
202103290600,105,13.1,0,0,-0.9396926207859084,-0.34202014332566855,DB03
202103290700,105,12.7,0,0,-0.7660444431189779,-0.6427876096865395,DB03
202103290800,105,13.4,0,0,-0.9396926207859084,-0.34202014332566855,DB02
202103290900,105,14.6,0,0,0.3420201433256689,-0.9396926207859083,DB01
202103291000,105,15.7,0,0,-0.7660444431189779,-0.6427876096865395,DB03
202103291100,105,16.7,0,0,-0.7660444431189779,-0.6427876096865395,DB01
202103291200,105,17.7,0,0,-0.7660444431189779,-0.6427876096865395,DB01
202103291300,105,18.1,0,0,-0.7660444431189779,-0.6427876096865395,DB03
202103291400,105,18.6,0,0,-1.0,-1.8369701987210297e-16,DB03
202103291500,105,19.2,0,0,-0.9396926207859084,-0.34202014332566855,DB03
202103291600,105,17.6,0,0,-0.7660444431189779,-0.6427876096865395,DB04
202103291700,105,17.1,0,0,-0.7660444431189779,-0.6427876096865395,DB03
202103291800,105,15.7,0,0,-0.7660444431189779,-0.6427876096865395,DB02
202103291900,105,14.5,0,0,-0.7660444431189779,-0.6427876096865395,DB03
202103292000,105,13.8,0,0,-0.7660444431189779,-0.6427876096865395,DB03
202103292100,105,13.1,0,0,-0.7660444431189779,-0.6427876096865395,DB04
202103292200,105,12.6,0,0,-0.9396926207859084,-0.34202014332566855,DB04
202103292300,105,12.0,0,0,-0.7660444431189779,-0.6427876096865395,DB03
202103300000,105,11.7,0,0,-0.34202014332566866,-0.9396926207859084,DB03
202103300100,105,11.3,0,0,-0.7660444431189779,-0.6427876096865395,DB03
202103300200,105,10.9,0,0,-0.7660444431189779,-0.6427876096865395,DB03
202103300300,105,10.1,0,0,-0.7660444431189779,-0.6427876096865395,DB03
202103300400,105,9.7,0,0,-0.7660444431189779,-0.6427876096865395,DB01
202103300500,105,9.4,0,0,-0.7660444431189779,-0.6427876096865395,DB01
202103300600,105,9.0,0,0,-0.7660444431189779,-0.6427876096865395,DB01
202103300700,105,9.3,0,0,-0.7660444431189779,-0.6427876096865395,DB01
202103300800,105,11.0,0,0,-0.7660444431189779,-0.6427876096865395,DB02
202103300900,105,12.9,0,0,-0.7660444431189779,-0.6427876096865395,DB03
202103301000,105,15.1,0,0,-0.34202014332566866,-0.9396926207859084,DB01
202103301100,105,16.9,0,0,-0.9396926207859083,0.342020143325669,DB01
202103301200,105,17.9,0,0,0.766044443118978,0.6427876096865394,DB01
202103301300,105,18.9,0,0,0.9396926207859083,0.3420201433256688,DB01
202103301400,105,18.9,0,0,1.0,6.123233995736766e-17,DB01
202103301500,105,19.0,0,0,1.0,6.123233995736766e-17,DB01
202103301600,105,18.1,0,0,0.9396926207859083,0.3420201433256688,DB01
202103301700,105,17.6,0,0,0.9396926207859083,0.3420201433256688,DB01
202103301800,105,16.6,0,0,1.0,6.123233995736766e-17,DB01
202103301900,105,14.3,0,0,1.0,6.123233995736766e-17,DB01
202103302000,105,12.5,0,0,-0.7660444431189779,-0.6427876096865395,DB01
202103302100,105,11.0,0,0,-0.34202014332566866,-0.9396926207859084,DB01
202103302200,105,9.6,0,0,-0.7660444431189779,-0.6427876096865395,DB01
202103302300,105,8.8,0,0,-0.7660444431189779,-0.6427876096865395,DB01
202103310000,105,7.7,0,0,-0.34202014332566866,-0.9396926207859084,DB01
202103310100,105,6.9,0,0,-0.34202014332566866,-0.9396926207859084,DB01
202103310200,105,6.4,0,0,0.0,1.0,DB01
202103310300,105,6.3,0,0,1.2246467991473532e-16,-1.0,DB01
202103310400,105,6.8,0,0,-0.7660444431189779,-0.6427876096865395,DB01
202103310500,105,8.2,0,0,-0.9396926207859084,-0.34202014332566855,DB01
202103310600,105,9.3,0,0,-0.7660444431189779,-0.6427876096865395,DB01
202103310700,105,9.4,0,0,-0.7660444431189779,-0.6427876096865395,DB01
202103310800,105,11.6,0,0,-0.34202014332566866,-0.9396926207859084,DB01
202103310900,105,13.8,0,0,0.9396926207859084,-0.3420201433256687,DB01
202103311000,105,16.4,0,0,0.9396926207859083,0.3420201433256688,DB01
202103311100,105,17.3,0,0,0.766044443118978,0.6427876096865394,DB01
202103311200,105,17.5,0,0,-0.9396926207859083,0.342020143325669,DB01
202103311300,105,17.7,0,0,0.766044443118978,0.6427876096865394,DB01
202103311400,105,18.3,0,0,0.766044443118978,0.6427876096865394,DB01
202103311500,105,19.3,0,0,0.9396926207859083,0.3420201433256688,DB01
202103311600,105,18.1,0,0,1.0,6.123233995736766e-17,DB01
202103311700,105,18.0,0,0,1.0,6.123233995736766e-17,DB01
202103311800,105,17.0,0,0,0.766044443118978,0.6427876096865394,DB01
202103311900,105,15.1,0,0,0.0,1.0,DB01
202103312000,105,13.7,0,0,-1.0,-1.8369701987210297e-16,DB01
202103312100,105,12.6,0,0,-0.7660444431189779,-0.6427876096865395,DB01
202103312200,105,11.3,0,0,-0.7660444431189779,-0.6427876096865395,DB02
202103312300,105,10.3,0,0,-0.7660444431189779,-0.6427876096865395,DB03
202104010000,105,9.6,0,0,-0.34202014332566866,-0.9396926207859084,DB02
202104010100,105,9.3,0,0,-0.7660444431189779,-0.6427876096865395,DB02
202104010200,105,8.8,0,0,-0.9396926207859084,-0.34202014332566855,DB02
202104010300,105,8.0,0,0,-0.7660444431189779,-0.6427876096865395,DB02
202104010400,105,7.9,0,0,-0.7660444431189779,-0.6427876096865395,DB02
202104010500,105,7.9,0,0,-0.7660444431189779,-0.6427876096865395,DB02
202104010600,105,7.5,0,0,-0.7660444431189779,-0.6427876096865395,DB03
202104010700,105,7.8,0,0,-0.7660444431189779,-0.6427876096865395,DB01
202104010800,105,9.1,0,0,-0.7660444431189779,-0.6427876096865395,DB01
202104010900,105,12.0,0,0,0.9396926207859083,0.3420201433256688,DB04
202104011000,105,13.3,0,0,0.0,1.0,DB02
202104011100,105,13.8,0,0,-0.6427876096865396,0.7660444431189778,DB03
202104011200,105,14.0,0,0,-0.6427876096865396,0.7660444431189778,DB03
202104011300,105,14.8,0,0,-0.3420201433256686,0.9396926207859084,DB03
202104011400,105,15.2,0,0,0.766044443118978,0.6427876096865394,DB03
202104011500,105,15.6,0,0,0.766044443118978,0.6427876096865394,DB03
202104011600,105,15.7,0,0,0.9396926207859083,0.3420201433256688,DB03
202104011700,105,15.5,0,0,0.766044443118978,0.6427876096865394,DB04
202104011800,105,14.7,0,0,1.0,6.123233995736766e-17,DB03
202104011900,105,13.3,0,0,0.9396926207859084,-0.3420201433256687,DB02
202104012000,105,12.5,0,0,0.9396926207859084,-0.3420201433256687,DB03
202104012100,105,11.1,0,0,-0.7660444431189779,-0.6427876096865395,DB02
202104012200,105,10.5,0,0,-0.7660444431189779,-0.6427876096865395,DB03
202104012300,105,9.7,0,0,-0.7660444431189779,-0.6427876096865395,DB02
202104020000,105,9.2,0,0,-0.7660444431189779,-0.6427876096865395,DB02
202104020100,105,9.3,0,0,-0.7660444431189779,-0.6427876096865395,DB02
202104020200,105,8.6,0,0,-0.7660444431189779,-0.6427876096865395,DB01
202104020300,105,8.0,0,0,-0.7660444431189779,-0.6427876096865395,DB02
202104020400,105,8.3,0,0,-0.7660444431189779,-0.6427876096865395,DB03
202104020500,105,8.4,0,0,-0.9396926207859084,-0.34202014332566855,DB03
202104020600,105,8.4,0,0,-0.7660444431189779,-0.6427876096865395,DB02
202104020700,105,8.4,0,0,-0.7660444431189779,-0.6427876096865395,DB01
202104020800,105,10.5,0,0,-0.34202014332566866,-0.9396926207859084,DB02
202104020900,105,13.4,0,0,0.9396926207859083,0.3420201433256688,DB03
202104021000,105,14.6,0,0,0.0,1.0,DB02
202104021100,105,16.0,0,0,0.9396926207859083,0.3420201433256688,DB02
202104021200,105,16.4,0,0,0.9396926207859083,0.3420201433256688,DB02
202104021300,105,17.3,0,0,1.0,6.123233995736766e-17,DB02
202104021400,105,17.4,0,0,1.0,6.123233995736766e-17,DB02
202104021500,105,16.7,0,0,1.0,6.123233995736766e-17,DB03
202104021600,105,17.5,0,0,0.9396926207859083,0.3420201433256688,DB03
202104021700,105,16.5,0,0,0.9396926207859083,0.3420201433256688,DB04
202104021800,105,14.6,0,0,1.0,6.123233995736766e-17,DB03
202104021900,105,13.7,0,0,1.0,6.123233995736766e-17,DB03
202104022000,105,13.2,0,0,1.0,6.123233995736766e-17,DB04
202104022100,105,12.9,0,0,-0.34202014332566866,-0.9396926207859084,DB04
202104022200,105,12.6,0,0,-0.34202014332566866,-0.9396926207859084,DB03
202104022300,105,12.2,0,0,0.0,1.0,DB04
202104030000,105,11.7,0,0,-0.7660444431189779,-0.6427876096865395,DB04
202104030100,105,11.4,0,0,-1.0,-1.8369701987210297e-16,DB04
202104030200,105,11.3,0,0,-0.7660444431189779,-0.6427876096865395,DB04
202104030300,105,10.9,0,0,-0.7660444431189779,-0.6427876096865395,DB03
202104030400,105,10.3,0,0,-0.7660444431189779,-0.6427876096865395,DB02
202104030500,105,9.9,0,0,-0.9396926207859084,-0.34202014332566855,DB03
202104030600,105,10.1,0,0,-0.7660444431189779,-0.6427876096865395,DB04
202104030700,105,10.7,0,0,-0.7660444431189779,-0.6427876096865395,DB03
202104030800,105,11.7,0,0,-0.9396926207859083,0.342020143325669,DB03
202104030900,105,12.1,0,0,-0.6427876096865396,0.7660444431189778,DB04
202104031000,105,12.4,0,0,-0.6427876096865396,0.7660444431189778,DB04
202104031100,105,12.7,0,0,-0.6427876096865396,0.7660444431189778,DB04
202104031200,105,13.0,0,0,-0.6427876096865396,0.7660444431189778,DB04
202104031300,105,12.6,100,1,0.0,1.0,DB04
202104031400,105,11.6,100,1,-0.6427876096865396,0.7660444431189778,DB04
202104031500,105,11.4,100,1,-0.6427876096865396,0.7660444431189778,DB04
202104031600,105,11.1,100,1,-0.6427876096865396,0.7660444431189778,DB04
202104031700,105,11.0,100,1,-0.6427876096865396,0.7660444431189778,DB04
202104031800,105,10.8,100,1,0.766044443118978,0.6427876096865394,DB04
202104031900,105,10.8,100,1,0.3420201433256687,0.9396926207859084,DB04
202104032000,105,10.5,100,1,-0.3420201433256686,0.9396926207859084,DB04
202104032100,105,10.2,100,1,0.766044443118978,0.6427876096865394,DB04
202104032200,105,10.1,100,1,-0.6427876096865396,0.7660444431189778,DB04
202104032300,105,9.9,100,1,-0.6427876096865396,0.7660444431189778,DB04
202104040000,105,10.1,100,1,-0.3420201433256686,0.9396926207859084,DB04
202104040100,105,10.1,100,1,0.9396926207859083,0.3420201433256688,DB04
202104040200,105,9.7,100,1,1.0,6.123233995736766e-17,DB04
202104040300,105,9.2,100,1,0.3420201433256687,0.9396926207859084,DB03
202104040400,105,8.7,100,1,0.9396926207859083,0.3420201433256688,DB04
202104040500,105,8.2,100,1,1.0,6.123233995736766e-17,DB04
202104040600,105,7.6,100,1,0.9396926207859083,0.3420201433256688,DB04
202104040700,105,7.6,100,1,0.9396926207859083,0.3420201433256688,DB04
202104040800,105,7.3,100,1,0.766044443118978,0.6427876096865394,DB04
202104040900,105,7.2,100,1,-0.6427876096865396,0.7660444431189778,DB04
202104041000,105,7.1,100,1,-0.9396926207859083,0.342020143325669,DB04
202104041100,105,7.5,0,0,-1.0,-1.8369701987210297e-16,DB04
202104041200,105,9.1,0,0,0.766044443118978,0.6427876096865394,DB04
202104041300,105,10.4,0,0,-0.3420201433256686,0.9396926207859084,DB03
202104041400,105,11.2,0,0,0.9396926207859083,0.3420201433256688,DB03
202104041500,105,10.7,0,0,1.0,6.123233995736766e-17,DB03
202104041600,105,10.1,0,0,0.0,1.0,DB04
202104041700,105,9.4,0,0,0.766044443118978,0.6427876096865394,DB04
202104041800,105,9.0,0,0,-0.6427876096865396,0.7660444431189778,DB04
202104041900,105,8.6,0,0,-0.6427876096865396,0.7660444431189778,DB04
202104042000,105,8.2,0,0,-0.9396926207859083,0.342020143325669,DB03
202104042100,105,7.9,0,0,-0.9396926207859083,0.342020143325669,DB02
202104042200,105,7.6,0,0,-0.9396926207859083,0.342020143325669,DB03
202104042300,105,6.7,0,0,-0.7660444431189779,-0.6427876096865395,DB02
202104050000,105,5.8,0,0,-0.7660444431189779,-0.6427876096865395,DB01
202104050100,105,5.3,0,0,-0.7660444431189779,-0.6427876096865395,DB01
202104050200,105,4.9,0,0,-0.7660444431189779,-0.6427876096865395,DB01
202104050300,105,4.3,0,0,-0.9396926207859084,-0.34202014332566855,DB01
202104050400,105,3.6,0,0,-0.7660444431189779,-0.6427876096865395,DB01
202104050500,105,3.2,0,0,-0.9396926207859084,-0.34202014332566855,DB01
202104050600,105,2.9,0,0,-0.7660444431189779,-0.6427876096865395,DB01
202104050700,105,3.4,0,0,-0.9396926207859084,-0.34202014332566855,DB01
202104050800,105,6.1,0,0,-0.7660444431189779,-0.6427876096865395,DB01
202104050900,105,10.0,0,0,-0.34202014332566866,-0.9396926207859084,DB01
202104051000,105,12.1,0,0,0.0,1.0,DB01
202104051100,105,13.2,0,0,0.9396926207859084,-0.3420201433256687,DB01
202104051200,105,14.4,0,0,0.9396926207859083,0.3420201433256688,DB04
202104051300,105,15.3,0,0,1.0,6.123233995736766e-17,DB04
202104051400,105,15.3,0,0,1.0,6.123233995736766e-17,DB04
202104051500,105,15.0,0,0,1.0,6.123233995736766e-17,DB01
202104051600,105,14.5,0,0,1.0,6.123233995736766e-17,DB01
202104051700,105,14.0,0,0,1.0,6.123233995736766e-17,DB01
202104051800,105,13.3,0,0,1.0,6.123233995736766e-17,DB01
202104051900,105,11.3,0,0,0.9396926207859084,-0.3420201433256687,DB01
202104052000,105,10.2,0,0,1.2246467991473532e-16,-1.0,DB01
202104052100,105,8.7,0,0,-0.9396926207859084,-0.34202014332566855,DB02
202104052200,105,8.1,0,0,-0.7660444431189779,-0.6427876096865395,DB02
202104052300,105,7.9,0,0,-0.34202014332566866,-0.9396926207859084,DB04
202104060000,105,7.5,0,0,1.2246467991473532e-16,-1.0,DB04
202104060100,105,7.1,0,0,-0.34202014332566866,-0.9396926207859084,DB03
202104060200,105,6.7,0,0,-0.34202014332566866,-0.9396926207859084,DB04
202104060300,105,6.6,0,0,0.3420201433256689,-0.9396926207859083,DB03
202104060400,105,6.0,0,0,0.0,1.0,DB02
202104060500,105,5.9,0,0,-0.34202014332566866,-0.9396926207859084,DB03
202104060600,105,9.0,0,0,-0.9396926207859084,-0.34202014332566855,DB03
202104060700,105,10.1,0,0,-0.9396926207859084,-0.34202014332566855,DB02
202104060800,105,12.1,0,0,-0.7660444431189779,-0.6427876096865395,DB03
202104060900,105,14.2,0,0,-0.9396926207859084,-0.34202014332566855,DB04
202104061000,105,16.9,0,0,-0.34202014332566866,-0.9396926207859084,DB04
202104061100,105,19.2,0,0,-0.34202014332566866,-0.9396926207859084,DB03
202104061200,105,20.8,0,0,0.766044443118978,0.6427876096865394,DB04
202104061300,105,20.4,0,0,0.9396926207859083,0.3420201433256688,DB04
202104061400,105,20.7,0,0,0.9396926207859084,-0.3420201433256687,DB04
202104061500,105,20.9,0,0,0.9396926207859083,0.3420201433256688,DB03
202104061600,105,21.4,0,0,0.9396926207859083,0.3420201433256688,DB02
202104061700,105,20.7,0,0,0.9396926207859083,0.3420201433256688,DB01
202104061800,105,19.5,0,0,0.9396926207859083,0.3420201433256688,DB01
202104061900,105,17.4,0,0,-0.34202014332566866,-0.9396926207859084,DB01
202104062000,105,15.5,0,0,-0.34202014332566866,-0.9396926207859084,DB01
202104062100,105,15.9,0,0,-0.7660444431189779,-0.6427876096865395,DB01
202104062200,105,16.0,0,0,-0.7660444431189779,-0.6427876096865395,DB01
202104062300,105,16.0,0,0,-0.7660444431189779,-0.6427876096865395,DB01
202104070000,105,15.2,0,0,-0.7660444431189779,-0.6427876096865395,DB01
202104070100,105,14.8,0,0,-0.7660444431189779,-0.6427876096865395,DB01
202104070200,105,14.5,0,0,-0.7660444431189779,-0.6427876096865395,DB01
202104070300,105,14.0,0,0,-0.7660444431189779,-0.6427876096865395,DB01
202104070400,105,13.5,0,0,-0.7660444431189779,-0.6427876096865395,DB01
202104070500,105,12.1,0,0,1.0,6.123233995736766e-17,DB01
202104070600,105,10.8,0,0,-0.7660444431189779,-0.6427876096865395,DB01
202104070700,105,10.9,0,0,-0.7660444431189779,-0.6427876096865395,DB01
202104070800,105,12.7,0,0,-0.7660444431189779,-0.6427876096865395,DB01
202104070900,105,15.3,0,0,0.3420201433256689,-0.9396926207859083,DB01
202104071000,105,17.4,0,0,0.9396926207859083,0.3420201433256688,DB01
202104071100,105,19.1,0,0,1.0,6.123233995736766e-17,DB01
202104071200,105,19.4,0,0,1.0,6.123233995736766e-17,DB01
202104071300,105,20.1,0,0,0.9396926207859083,0.3420201433256688,DB01
202104071400,105,19.9,0,0,1.0,6.123233995736766e-17,DB01
202104071500,105,20.6,0,0,0.9396926207859083,0.3420201433256688,DB02
202104071600,105,19.0,0,0,0.9396926207859083,0.3420201433256688,DB03
202104071700,105,18.6,0,0,1.0,6.123233995736766e-17,DB03
202104071800,105,17.7,0,0,0.9396926207859083,0.3420201433256688,DB02
202104071900,105,16.2,0,0,-0.9396926207859083,0.342020143325669,DB01
202104072000,105,14.7,0,0,-0.9396926207859083,0.342020143325669,DB01
202104072100,105,13.0,0,0,-0.34202014332566866,-0.9396926207859084,DB01
202104072200,105,13.3,0,0,-0.7660444431189779,-0.6427876096865395,DB01
202104072300,105,14.7,0,0,-0.9396926207859084,-0.34202014332566855,DB01
202104080000,105,14.5,0,0,-0.9396926207859084,-0.34202014332566855,DB01
202104080100,105,12.8,0,0,0.0,1.0,DB01
202104080200,105,11.8,0,0,-0.9396926207859083,0.342020143325669,DB01
202104080300,105,11.5,0,0,-0.9396926207859083,0.342020143325669,DB01
202104080400,105,11.3,0,0,-0.6427876096865396,0.7660444431189778,DB03
202104080500,105,10.4,100,1,0.9396926207859083,0.3420201433256688,DB04
202104080600,105,9.9,0,0,0.9396926207859083,0.3420201433256688,DB04
202104080700,105,9.4,0,0,0.766044443118978,0.6427876096865394,DB04
202104080800,105,9.4,0,0,-0.3420201433256686,0.9396926207859084,DB03
202104080900,105,10.3,0,0,-0.3420201433256686,0.9396926207859084,DB03
202104081000,105,10.8,0,0,1.2246467991473532e-16,-1.0,DB03
202104081100,105,13.1,0,0,0.9396926207859084,-0.3420201433256687,DB01
202104081200,105,14.6,0,0,0.9396926207859083,0.3420201433256688,DB01
202104081300,105,15.0,0,0,0.9396926207859083,0.3420201433256688,DB01
202104081400,105,15.2,0,0,0.9396926207859083,0.3420201433256688,DB01
202104081500,105,15.2,0,0,1.0,6.123233995736766e-17,DB04
202104081600,105,15.4,0,0,1.0,6.123233995736766e-17,DB01
202104081700,105,14.9,0,0,0.9396926207859083,0.3420201433256688,DB01
202104081800,105,14.0,0,0,0.9396926207859084,-0.3420201433256687,DB01
202104081900,105,12.9,0,0,1.0,6.123233995736766e-17,DB01
202104082000,105,11.4,0,0,-0.34202014332566866,-0.9396926207859084,DB01
202104082100,105,10.3,0,0,-0.34202014332566866,-0.9396926207859084,DB01
202104082200,105,9.2,0,0,-0.7660444431189779,-0.6427876096865395,DB01
202104082300,105,9.2,0,0,-0.7660444431189779,-0.6427876096865395,DB01
202104090000,105,8.9,0,0,-0.7660444431189779,-0.6427876096865395,DB01
202104090100,105,9.7,0,0,-0.6427876096865396,0.7660444431189778,DB01
202104090200,105,8.7,0,0,-0.7660444431189779,-0.6427876096865395,DB02
202104090300,105,10.4,100,1,1.0,6.123233995736766e-17,DB03
202104090400,105,9.9,100,1,0.9396926207859083,0.3420201433256688,DB04
202104090500,105,9.5,0,0,0.9396926207859083,0.3420201433256688,DB03
202104090600,105,9.0,0,0,0.9396926207859083,0.3420201433256688,DB02
202104090700,105,9.0,0,0,0.9396926207859083,0.3420201433256688,DB01
202104090800,105,10.6,0,0,0.9396926207859083,0.3420201433256688,DB02
202104090900,105,11.6,0,0,0.9396926207859083,0.3420201433256688,DB02
202104091000,105,12.2,0,0,1.0,6.123233995736766e-17,DB01
202104091100,105,12.8,0,0,1.0,6.123233995736766e-17,DB02
202104091200,105,13.0,0,0,1.0,6.123233995736766e-17,DB04
202104091300,105,12.8,0,0,1.0,6.123233995736766e-17,DB02
202104091400,105,12.8,0,0,1.0,6.123233995736766e-17,DB01
202104091500,105,12.1,0,0,1.0,6.123233995736766e-17,DB02
202104091600,105,11.5,0,0,0.9396926207859084,-0.3420201433256687,DB02
202104091700,105,10.9,0,0,1.0,6.123233995736766e-17,DB01
202104091800,105,10.1,0,0,0.6427876096865395,-0.7660444431189779,DB01
202104091900,105,9.0,0,0,0.9396926207859084,-0.3420201433256687,DB01
202104092000,105,8.5,0,0,0.6427876096865395,-0.7660444431189779,DB01
202104092100,105,7.6,0,0,-0.7660444431189779,-0.6427876096865395,DB01
202104092200,105,6.2,0,0,-0.7660444431189779,-0.6427876096865395,DB01
202104092300,105,5.4,0,0,0.0,1.0,DB01
202104100000,105,5.0,0,0,-0.7660444431189779,-0.6427876096865395,DB04
202104100100,105,4.2,0,0,-0.7660444431189779,-0.6427876096865395,DB01
202104100200,105,3.6,0,0,-0.7660444431189779,-0.6427876096865395,DB01
202104100300,105,3.1,0,0,-0.7660444431189779,-0.6427876096865395,DB01
202104100400,105,2.8,0,0,1.2246467991473532e-16,-1.0,DB01
202104100500,105,2.4,0,0,-0.34202014332566866,-0.9396926207859084,DB01
202104100600,105,2.4,0,0,-0.34202014332566866,-0.9396926207859084,DB01
202104100700,105,2.9,0,0,1.2246467991473532e-16,-1.0,DB01
202104100800,105,6.5,0,0,-0.34202014332566866,-0.9396926207859084,DB01
202104100900,105,9.7,0,0,0.9396926207859083,0.3420201433256688,DB01
202104101000,105,12.9,0,0,0.6427876096865395,-0.7660444431189779,DB01
202104101100,105,15.7,0,0,0.9396926207859083,0.3420201433256688,DB01
202104101200,105,16.6,0,0,0.9396926207859083,0.3420201433256688,DB01
202104101300,105,17.3,0,0,1.0,6.123233995736766e-17,DB01
202104101400,105,17.0,0,0,1.0,6.123233995736766e-17,DB01
202104101500,105,17.4,0,0,1.0,6.123233995736766e-17,DB01
202104101600,105,16.9,0,0,1.0,6.123233995736766e-17,DB01
202104101700,105,16.5,0,0,0.9396926207859084,-0.3420201433256687,DB01
202104101800,105,15.5,0,0,1.0,6.123233995736766e-17,DB01
202104101900,105,13.8,0,0,1.0,6.123233995736766e-17,DB01
202104102000,105,12.6,0,0,0.6427876096865395,-0.7660444431189779,DB01
202104102100,105,11.5,0,0,-0.9396926207859084,-0.34202014332566855,DB01
202104102200,105,10.2,0,0,-0.34202014332566866,-0.9396926207859084,DB01
202104102300,105,9.3,0,0,-0.34202014332566866,-0.9396926207859084,DB01
202104110000,105,8.4,0,0,-0.34202014332566866,-0.9396926207859084,DB01
202104110100,105,8.1,0,0,1.2246467991473532e-16,-1.0,DB01
202104110200,105,7.6,0,0,0.9396926207859084,-0.3420201433256687,DB01
202104110300,105,7.6,0,0,1.2246467991473532e-16,-1.0,DB01
202104110400,105,7.7,0,0,0.6427876096865395,-0.7660444431189779,DB01
202104110500,105,7.4,0,0,1.2246467991473532e-16,-1.0,DB01
202104110600,105,10.2,0,0,-0.9396926207859084,-0.34202014332566855,DB01
202104110700,105,10.0,0,0,-0.34202014332566866,-0.9396926207859084,DB01
202104110800,105,11.9,0,0,-0.34202014332566866,-0.9396926207859084,DB01
202104110900,105,15.3,0,0,0.6427876096865395,-0.7660444431189779,DB01
202104111000,105,18.2,0,0,0.9396926207859084,-0.3420201433256687,DB01
202104111100,105,19.0,0,0,0.766044443118978,0.6427876096865394,DB01
202104111200,105,21.1,0,0,1.0,6.123233995736766e-17,DB01
202104111300,105,20.8,0,0,1.0,6.123233995736766e-17,DB01
202104111400,105,20.5,0,0,0.9396926207859084,-0.3420201433256687,DB01
202104111500,105,20.7,0,0,1.0,6.123233995736766e-17,DB03
202104111600,105,20.5,0,0,1.0,6.123233995736766e-17,DB03
202104111700,105,19.2,0,0,1.0,6.123233995736766e-17,DB03
202104111800,105,18.2,0,0,1.0,6.123233995736766e-17,DB03
202104111900,105,16.5,0,0,1.0,6.123233995736766e-17,DB03
202104112000,105,15.1,0,0,0.766044443118978,0.6427876096865394,DB03
202104112100,105,14.1,0,0,1.2246467991473532e-16,-1.0,DB03
202104112200,105,13.5,0,0,-0.7660444431189779,-0.6427876096865395,DB03
202104112300,105,12.9,0,0,1.2246467991473532e-16,-1.0,DB03
202104120000,105,12.2,0,0,0.0,1.0,DB01
202104120100,105,12.1,0,0,-0.34202014332566866,-0.9396926207859084,DB04
202104120200,105,11.9,0,0,0.0,1.0,DB04
202104120300,105,11.6,0,0,0.0,1.0,DB04
202104120400,105,11.6,0,0,0.0,1.0,DB04
202104120500,105,11.3,0,0,0.0,1.0,DB04
202104120600,105,12.3,0,0,-0.7660444431189779,-0.6427876096865395,DB04
202104120700,105,15.9,0,0,-0.7660444431189779,-0.6427876096865395,DB04
202104120800,105,16.7,0,0,-0.7660444431189779,-0.6427876096865395,DB04
202104120900,105,17.8,0,0,-0.7660444431189779,-0.6427876096865395,DB04
202104121000,105,19.2,0,0,1.0,6.123233995736766e-17,DB04
202104121100,105,20.5,0,0,0.9396926207859083,0.3420201433256688,DB04
202104121200,105,21.9,0,0,-0.34202014332566866,-0.9396926207859084,DB04
202104121300,105,20.0,0,0,1.2246467991473532e-16,-1.0,DB04
202104121400,105,19.4,0,0,-0.7660444431189779,-0.6427876096865395,DB04
202104121500,105,17.5,0,0,-0.34202014332566866,-0.9396926207859084,DB04
202104121600,105,16.9,0,0,-0.9396926207859084,-0.34202014332566855,DB04
202104121700,105,16.1,0,0,0.766044443118978,0.6427876096865394,DB04
202104121800,105,14.2,100,1,-0.6427876096865396,0.7660444431189778,DB04
202104121900,105,13.4,100,1,0.0,1.0,DB04
202104122000,105,12.4,100,1,0.766044443118978,0.6427876096865394,DB04
202104122100,105,11.9,100,1,0.766044443118978,0.6427876096865394,DB04
202104122200,105,11.9,100,1,-0.34202014332566866,-0.9396926207859084,DB04
202104122300,105,11.6,100,1,0.9396926207859084,-0.3420201433256687,DB04
202104130000,105,11.2,100,1,0.3420201433256689,-0.9396926207859083,DB01
202104130100,105,11.0,100,1,-0.6427876096865396,0.7660444431189778,DB03
202104130200,105,10.9,100,1,-0.3420201433256686,0.9396926207859084,DB04
202104130300,105,10.7,100,1,-0.6427876096865396,0.7660444431189778,DB03
202104130400,105,10.5,100,1,-0.3420201433256686,0.9396926207859084,DB04
202104130500,105,10.4,0,0,-0.3420201433256686,0.9396926207859084,DB04
202104130600,105,10.3,0,0,-0.9396926207859083,0.342020143325669,DB04
202104130700,105,10.4,0,0,-0.9396926207859083,0.342020143325669,DB04
202104130800,105,11.7,0,0,0.0,1.0,DB01
202104130900,105,16.8,0,0,-0.7660444431189779,-0.6427876096865395,DB01
202104131000,105,18.6,0,0,-0.34202014332566866,-0.9396926207859084,DB03
202104131100,105,17.8,0,0,1.2246467991473532e-16,-1.0,DB03
202104131200,105,18.5,0,0,-0.34202014332566866,-0.9396926207859084,DB02
202104131300,105,19.7,0,0,-0.7660444431189779,-0.6427876096865395,DB03
202104131400,105,20.2,0,0,-0.7660444431189779,-0.6427876096865395,DB01
202104131500,105,20.5,0,0,-0.34202014332566866,-0.9396926207859084,DB02
202104131600,105,19.1,0,0,-0.7660444431189779,-0.6427876096865395,DB02
202104131700,105,18.5,0,0,-0.9396926207859084,-0.34202014332566855,DB01
202104131800,105,16.5,0,0,0.9396926207859084,-0.3420201433256687,DB01
202104131900,105,14.4,0,0,0.766044443118978,0.6427876096865394,DB01
202104132000,105,13.4,0,0,0.3420201433256687,0.9396926207859084,DB03
202104132100,105,13.0,0,0,-0.6427876096865396,0.7660444431189778,DB04
202104132200,105,12.3,0,0,-0.9396926207859084,-0.34202014332566855,DB02
202104132300,105,11.9,0,0,-0.9396926207859084,-0.34202014332566855,DB03
202104140000,105,11.2,0,0,-0.9396926207859084,-0.34202014332566855,DB02
202104140100,105,10.4,0,0,-0.9396926207859084,-0.34202014332566855,DB03
202104140200,105,9.5,0,0,-0.7660444431189779,-0.6427876096865395,DB03
202104140300,105,9.0,0,0,-0.9396926207859084,-0.34202014332566855,DB03
202104140400,105,8.4,0,0,-0.7660444431189779,-0.6427876096865395,DB03
202104140500,105,7.8,0,0,-0.9396926207859084,-0.34202014332566855,DB02
202104140600,105,7.2,0,0,-0.9396926207859084,-0.34202014332566855,DB01
202104140700,105,7.1,0,0,-0.9396926207859084,-0.34202014332566855,DB01
202104140800,105,9.0,0,0,-0.9396926207859084,-0.34202014332566855,DB01
202104140900,105,10.8,0,0,-0.3420201433256686,0.9396926207859084,DB01
202104141000,105,12.3,0,0,0.9396926207859083,0.3420201433256688,DB01
202104141100,105,13.5,0,0,0.9396926207859083,0.3420201433256688,DB01
202104141200,105,14.3,0,0,1.0,6.123233995736766e-17,DB01
202104141300,105,14.5,0,0,1.0,6.123233995736766e-17,DB01
202104141400,105,15.5,0,0,1.0,6.123233995736766e-17,DB02
202104141500,105,15.7,0,0,1.0,6.123233995736766e-17,DB02
202104141600,105,16.7,0,0,0.9396926207859083,0.3420201433256688,DB01
202104141700,105,16.8,0,0,-0.7660444431189779,-0.6427876096865395,DB01
202104141800,105,16.8,0,0,-0.9396926207859084,-0.34202014332566855,DB01
202104141900,105,15.2,0,0,-1.0,-1.8369701987210297e-16,DB01
202104142000,105,14.1,0,0,-0.9396926207859084,-0.34202014332566855,DB01
202104142100,105,13.2,0,0,-0.9396926207859084,-0.34202014332566855,DB01
202104142200,105,12.4,0,0,-1.0,-1.8369701987210297e-16,DB01
202104142300,105,11.6,0,0,-0.9396926207859084,-0.34202014332566855,DB01
202104150000,105,11.1,0,0,-0.9396926207859084,-0.34202014332566855,DB01
202104150100,105,10.3,0,0,-0.7660444431189779,-0.6427876096865395,DB01
202104150200,105,10.2,0,0,-0.34202014332566866,-0.9396926207859084,DB01
202104150300,105,10.1,0,0,-0.7660444431189779,-0.6427876096865395,DB02
202104150400,105,9.8,0,0,-0.9396926207859084,-0.34202014332566855,DB03
202104150500,105,9.1,0,0,-0.7660444431189779,-0.6427876096865395,DB02
202104150600,105,8.9,0,0,-0.9396926207859084,-0.34202014332566855,DB02
202104150700,105,9.4,0,0,-0.9396926207859084,-0.34202014332566855,DB02
202104150800,105,11.7,0,0,-0.9396926207859084,-0.34202014332566855,DB01
202104150900,105,14.1,0,0,-0.34202014332566866,-0.9396926207859084,DB02
202104151000,105,16.6,0,0,1.0,6.123233995736766e-17,DB02
202104151100,105,17.8,0,0,0.9396926207859083,0.3420201433256688,DB01
202104151200,105,18.1,0,0,1.0,6.123233995736766e-17,DB01
202104151300,105,18.8,0,0,1.0,6.123233995736766e-17,DB02
202104151400,105,19.1,0,0,1.0,6.123233995736766e-17,DB02
202104151500,105,18.7,0,0,0.9396926207859084,-0.3420201433256687,DB02
202104151600,105,18.1,0,0,0.9396926207859084,-0.3420201433256687,DB02
202104151700,105,17.5,0,0,0.9396926207859084,-0.3420201433256687,DB03
202104151800,105,16.7,0,0,0.9396926207859084,-0.3420201433256687,DB03
202104151900,105,15.0,0,0,1.0,6.123233995736766e-17,DB01
202104152000,105,13.2,0,0,-0.7660444431189779,-0.6427876096865395,DB01
202104152100,105,12.1,0,0,0.0,1.0,DB02
202104152200,105,10.9,0,0,1.2246467991473532e-16,-1.0,DB03
202104152300,105,10.6,0,0,1.2246467991473532e-16,-1.0,DB04
202104160000,105,10.2,0,0,-0.6427876096865396,0.7660444431189778,DB03
202104160100,105,9.9,0,0,-0.7660444431189779,-0.6427876096865395,DB03
202104160200,105,9.9,0,0,-0.7660444431189779,-0.6427876096865395,DB03
202104160300,105,10.3,0,0,-1.0,-1.8369701987210297e-16,DB03
202104160400,105,12.1,0,0,-1.0,-1.8369701987210297e-16,DB04
202104160500,105,13.0,0,0,-0.9396926207859084,-0.34202014332566855,DB04
202104160600,105,12.4,0,0,1.2246467991473532e-16,-1.0,DB04
202104160700,105,13.2,0,0,-1.0,-1.8369701987210297e-16,DB04
202104160800,105,14.3,0,0,-0.9396926207859083,0.342020143325669,DB03
202104160900,105,16.9,0,0,0.9396926207859083,0.3420201433256688,DB01
202104161000,105,17.8,0,0,-0.9396926207859084,-0.34202014332566855,DB01
202104161100,105,17.1,0,0,-0.9396926207859084,-0.34202014332566855,DB02
202104161200,105,17.2,0,0,-0.7660444431189779,-0.6427876096865395,DB03
202104161300,105,17.7,0,0,-0.9396926207859084,-0.34202014332566855,DB03
202104161400,105,18.0,0,0,-1.0,-1.8369701987210297e-16,DB03
202104161500,105,17.8,0,0,-0.7660444431189779,-0.6427876096865395,DB02
202104161600,105,18.0,0,0,-0.7660444431189779,-0.6427876096865395,DB01
202104161700,105,17.9,0,0,-0.9396926207859084,-0.34202014332566855,DB03
202104161800,105,17.1,0,0,-0.7660444431189779,-0.6427876096865395,DB04
202104161900,105,16.0,0,0,-0.7660444431189779,-0.6427876096865395,DB04
202104162000,105,15.2,0,0,-0.7660444431189779,-0.6427876096865395,DB03
202104162100,105,14.6,0,0,-1.0,-1.8369701987210297e-16,DB04
202104162200,105,14.1,0,0,-0.9396926207859084,-0.34202014332566855,DB03
202104162300,105,13.8,0,0,-0.7660444431189779,-0.6427876096865395,DB03
202104170000,105,13.6,0,0,-0.7660444431189779,-0.6427876096865395,DB01
202104170100,105,13.0,0,0,0.9396926207859084,-0.3420201433256687,DB04
202104170200,105,12.9,0,0,-0.9396926207859084,-0.34202014332566855,DB04
202104170300,105,12.0,0,0,-0.7660444431189779,-0.6427876096865395,DB02
202104170400,105,11.3,0,0,-0.9396926207859084,-0.34202014332566855,DB02
202104170500,105,10.3,0,0,-0.7660444431189779,-0.6427876096865395,DB03
202104170600,105,9.5,0,0,-0.34202014332566866,-0.9396926207859084,DB02
202104170700,105,9.7,0,0,-0.9396926207859084,-0.34202014332566855,DB03
202104170800,105,11.6,0,0,-0.7660444431189779,-0.6427876096865395,DB03
202104170900,105,14.7,0,0,-1.0,-1.8369701987210297e-16,DB03
202104171000,105,16.1,0,0,1.0,6.123233995736766e-17,DB03
202104171100,105,16.3,0,0,0.9396926207859083,0.3420201433256688,DB03
202104171200,105,17.4,0,0,0.9396926207859083,0.3420201433256688,DB03
202104171300,105,15.0,0,0,0.9396926207859083,0.3420201433256688,DB04
202104171400,105,14.0,0,0,-0.6427876096865396,0.7660444431189778,DB04
202104171500,105,11.8,0,0,0.9396926207859083,0.3420201433256688,DB04
202104171600,105,12.1,0,0,0.3420201433256689,-0.9396926207859083,DB04
202104171700,105,11.9,0,0,-0.7660444431189779,-0.6427876096865395,DB03
202104171800,105,12.6,0,0,-0.7660444431189779,-0.6427876096865395,DB02
202104171900,105,10.4,0,0,-0.7660444431189779,-0.6427876096865395,DB04
202104172000,105,9.5,0,0,-0.9396926207859084,-0.34202014332566855,DB03
202104172100,105,8.9,0,0,-0.9396926207859084,-0.34202014332566855,DB01
202104172200,105,8.9,0,0,-0.7660444431189779,-0.6427876096865395,DB01
202104172300,105,7.9,0,0,-0.7660444431189779,-0.6427876096865395,DB01
202104180000,105,8.6,0,0,-0.7660444431189779,-0.6427876096865395,DB01
202104180100,105,8.5,0,0,-0.7660444431189779,-0.6427876096865395,DB02
202104180200,105,8.2,0,0,-0.9396926207859084,-0.34202014332566855,DB01
202104180300,105,8.0,0,0,-0.9396926207859084,-0.34202014332566855,DB01
202104180400,105,8.1,0,0,-0.7660444431189779,-0.6427876096865395,DB01
202104180500,105,7.7,0,0,-0.9396926207859084,-0.34202014332566855,DB02
202104180600,105,8.1,0,0,-0.9396926207859084,-0.34202014332566855,DB03
202104180700,105,8.4,0,0,-0.9396926207859084,-0.34202014332566855,DB01
202104180800,105,10.5,0,0,-0.9396926207859084,-0.34202014332566855,DB01
202104180900,105,12.2,0,0,-0.9396926207859083,0.342020143325669,DB01
202104181000,105,13.4,0,0,-0.6427876096865396,0.7660444431189778,DB01
202104181100,105,15.0,0,0,0.9396926207859083,0.3420201433256688,DB01
202104181200,105,15.3,0,0,0.9396926207859083,0.3420201433256688,DB01
202104181300,105,15.8,0,0,0.9396926207859083,0.3420201433256688,DB01
202104181400,105,15.9,0,0,0.9396926207859083,0.3420201433256688,DB01
202104181500,105,16.3,0,0,1.0,6.123233995736766e-17,DB01
202104181600,105,15.8,0,0,1.0,6.123233995736766e-17,DB01
202104181700,105,15.3,0,0,1.0,6.123233995736766e-17,DB01
202104181800,105,14.7,0,0,0.9396926207859084,-0.3420201433256687,DB01
202104181900,105,13.8,0,0,0.3420201433256689,-0.9396926207859083,DB01
202104182000,105,12.5,0,0,0.0,1.0,DB01
202104182100,105,14.0,0,0,-0.7660444431189779,-0.6427876096865395,DB01
202104182200,105,14.0,0,0,-0.7660444431189779,-0.6427876096865395,DB01
202104182300,105,13.6,0,0,-0.7660444431189779,-0.6427876096865395,DB01
202104190000,105,13.1,0,0,-0.7660444431189779,-0.6427876096865395,DB01
202104190100,105,12.8,0,0,-0.7660444431189779,-0.6427876096865395,DB01
202104190200,105,12.3,0,0,-0.7660444431189779,-0.6427876096865395,DB01
202104190300,105,11.9,0,0,-0.7660444431189779,-0.6427876096865395,DB01
202104190400,105,11.6,0,0,-0.7660444431189779,-0.6427876096865395,DB01
202104190500,105,11.9,0,0,-0.7660444431189779,-0.6427876096865395,DB01
202104190600,105,12.1,0,0,-0.7660444431189779,-0.6427876096865395,DB01
202104190700,105,13.4,0,0,-0.7660444431189779,-0.6427876096865395,DB01
202104190800,105,15.2,0,0,-0.7660444431189779,-0.6427876096865395,DB01
202104190900,105,17.5,0,0,-0.7660444431189779,-0.6427876096865395,DB01
202104191000,105,19.8,0,0,-0.7660444431189779,-0.6427876096865395,DB01
202104191100,105,21.7,0,0,-0.7660444431189779,-0.6427876096865395,DB01
202104191200,105,22.6,0,0,-0.9396926207859084,-0.34202014332566855,DB01
202104191300,105,23.3,0,0,-0.34202014332566866,-0.9396926207859084,DB01
202104191400,105,24.3,0,0,-0.7660444431189779,-0.6427876096865395,DB01
202104191500,105,24.9,0,0,1.2246467991473532e-16,-1.0,DB01
202104191600,105,24.5,0,0,-0.34202014332566866,-0.9396926207859084,DB03
202104191700,105,24.0,0,0,-0.34202014332566866,-0.9396926207859084,DB01
202104191800,105,22.9,0,0,-0.34202014332566866,-0.9396926207859084,DB01
202104191900,105,21.5,0,0,-0.34202014332566866,-0.9396926207859084,DB01
202104192000,105,20.5,0,0,-0.34202014332566866,-0.9396926207859084,DB01
202104192100,105,19.7,0,0,-0.7660444431189779,-0.6427876096865395,DB01
202104192200,105,19.2,0,0,-0.34202014332566866,-0.9396926207859084,DB01
202104192300,105,18.8,0,0,-0.34202014332566866,-0.9396926207859084,DB01
202104200000,105,18.4,0,0,-0.7660444431189779,-0.6427876096865395,DB01
202104200100,105,17.9,0,0,-0.7660444431189779,-0.6427876096865395,DB01
202104200200,105,17.8,0,0,-0.7660444431189779,-0.6427876096865395,DB01
202104200300,105,17.6,0,0,-0.7660444431189779,-0.6427876096865395,DB01
202104200400,105,17.2,0,0,-0.7660444431189779,-0.6427876096865395,DB01
202104200500,105,17.3,0,0,-0.7660444431189779,-0.6427876096865395,DB01
202104200600,105,17.5,0,0,-0.7660444431189779,-0.6427876096865395,DB01
202104200700,105,18.2,0,0,-0.9396926207859084,-0.34202014332566855,DB01
202104200800,105,19.8,0,0,-0.7660444431189779,-0.6427876096865395,DB01
202104200900,105,22.6,0,0,-0.7660444431189779,-0.6427876096865395,DB01
202104201000,105,24.9,0,0,0.9396926207859083,0.3420201433256688,DB01
202104201100,105,24.3,0,0,0.9396926207859083,0.3420201433256688,DB01
202104201200,105,23.9,0,0,0.9396926207859083,0.3420201433256688,DB01
202104201300,105,21.7,0,0,0.9396926207859084,-0.3420201433256687,DB01
202104201400,105,20.6,0,0,1.0,6.123233995736766e-17,DB01
202104201500,105,20.0,0,0,1.0,6.123233995736766e-17,DB01
202104201600,105,19.8,0,0,1.0,6.123233995736766e-17,DB02
202104201700,105,19.1,0,0,1.0,6.123233995736766e-17,DB01
202104201800,105,18.4,0,0,1.0,6.123233995736766e-17,DB01
202104201900,105,17.0,0,0,1.0,6.123233995736766e-17,DB01
202104202000,105,16.0,0,0,0.0,1.0,DB03
202104202100,105,15.1,0,0,-0.7660444431189779,-0.6427876096865395,DB03
202104202200,105,14.2,0,0,-0.7660444431189779,-0.6427876096865395,DB02
202104202300,105,13.4,0,0,-0.34202014332566866,-0.9396926207859084,DB02
202104210000,105,12.8,0,0,0.0,1.0,DB02
202104210100,105,12.1,0,0,0.0,1.0,DB02
202104210200,105,11.5,0,0,-0.34202014332566866,-0.9396926207859084,DB02
202104210300,105,11.2,0,0,-0.34202014332566866,-0.9396926207859084,DB03
202104210400,105,10.5,0,0,-0.7660444431189779,-0.6427876096865395,DB01
202104210500,105,10.3,0,0,-0.7660444431189779,-0.6427876096865395,DB01
202104210600,105,10.0,0,0,-0.7660444431189779,-0.6427876096865395,DB01
202104210700,105,11.0,0,0,-0.7660444431189779,-0.6427876096865395,DB01
202104210800,105,14.3,0,0,-0.7660444431189779,-0.6427876096865395,DB01
202104210900,105,17.9,0,0,0.3420201433256687,0.9396926207859084,DB01
202104211000,105,21.3,0,0,0.9396926207859083,0.3420201433256688,DB01
202104211100,105,19.9,0,0,0.9396926207859083,0.3420201433256688,DB01
202104211200,105,20.2,0,0,0.766044443118978,0.6427876096865394,DB01
202104211300,105,21.7,0,0,1.0,6.123233995736766e-17,DB01
202104211400,105,21.9,0,0,0.766044443118978,0.6427876096865394,DB02
202104211500,105,22.4,0,0,0.3420201433256687,0.9396926207859084,DB01
202104211600,105,22.4,0,0,0.9396926207859083,0.3420201433256688,DB02
202104211700,105,20.7,0,0,0.766044443118978,0.6427876096865394,DB02
202104211800,105,20.3,0,0,0.766044443118978,0.6427876096865394,DB03
202104211900,105,18.6,0,0,-0.6427876096865396,0.7660444431189778,DB03
202104212000,105,17.5,0,0,-0.9396926207859083,0.342020143325669,DB03
202104212100,105,16.7,0,0,-0.34202014332566866,-0.9396926207859084,DB03
202104212200,105,15.9,0,0,-0.7660444431189779,-0.6427876096865395,DB03
202104212300,105,15.5,0,0,-0.34202014332566866,-0.9396926207859084,DB03
202104220000,105,14.9,0,0,-0.34202014332566866,-0.9396926207859084,DB03
202104220100,105,14.6,0,0,1.2246467991473532e-16,-1.0,DB04
202104220200,105,14.3,0,0,-0.34202014332566866,-0.9396926207859084,DB03
202104220300,105,14.0,0,0,1.0,6.123233995736766e-17,DB04
202104220400,105,13.8,0,0,-0.7660444431189779,-0.6427876096865395,DB04
202104220500,105,13.5,0,0,-0.7660444431189779,-0.6427876096865395,DB04
202104220600,105,13.3,0,0,-0.9396926207859084,-0.34202014332566855,DB04
202104220700,105,13.4,0,0,-0.7660444431189779,-0.6427876096865395,DB04
202104220800,105,14.7,0,0,0.0,1.0,DB04
202104220900,105,15.8,0,0,-0.3420201433256686,0.9396926207859084,DB04
202104221000,105,17.9,0,0,0.9396926207859083,0.3420201433256688,DB04
202104221100,105,19.5,0,0,1.0,6.123233995736766e-17,DB04
202104221200,105,21.2,0,0,0.766044443118978,0.6427876096865394,DB03
202104221300,105,23.6,0,0,0.9396926207859083,0.3420201433256688,DB03
202104221400,105,21.7,0,0,1.0,6.123233995736766e-17,DB04
202104221500,105,21.5,0,0,0.9396926207859083,0.3420201433256688,DB04
202104221600,105,20.1,0,0,0.9396926207859083,0.3420201433256688,DB04
202104221700,105,19.6,0,0,-0.6427876096865396,0.7660444431189778,DB04
202104221800,105,18.6,0,0,-0.6427876096865396,0.7660444431189778,DB04
202104221900,105,18.1,0,0,-0.6427876096865396,0.7660444431189778,DB04
202104222000,105,17.3,0,0,1.0,6.123233995736766e-17,DB04
202104222100,105,16.6,0,0,-0.6427876096865396,0.7660444431189778,DB04
202104222200,105,16.1,0,0,-0.6427876096865396,0.7660444431189778,DB04
202104222300,105,15.5,0,0,-0.6427876096865396,0.7660444431189778,DB04
202104230000,105,15.2,0,0,-0.9396926207859083,0.342020143325669,DB03
202104230100,105,14.8,0,0,-0.6427876096865396,0.7660444431189778,DB03
202104230200,105,14.5,0,0,-0.6427876096865396,0.7660444431189778,DB04
202104230300,105,14.0,0,0,-0.6427876096865396,0.7660444431189778,DB04
202104230400,105,13.5,0,0,-0.3420201433256686,0.9396926207859084,DB04
202104230500,105,13.2,0,0,-0.6427876096865396,0.7660444431189778,DB04
202104230600,105,13.2,0,0,-0.6427876096865396,0.7660444431189778,DB04
202104230700,105,13.1,0,0,-0.3420201433256686,0.9396926207859084,DB04
202104230800,105,13.5,0,0,-0.6427876096865396,0.7660444431189778,DB04
202104230900,105,14.0,0,0,-0.9396926207859083,0.342020143325669,DB04
202104231000,105,14.7,0,0,0.766044443118978,0.6427876096865394,DB04
202104231100,105,15.4,0,0,0.766044443118978,0.6427876096865394,DB04
202104231200,105,15.5,0,0,0.3420201433256687,0.9396926207859084,DB04
202104231300,105,14.9,0,0,-0.6427876096865396,0.7660444431189778,DB04
202104231400,105,15.4,0,0,-0.6427876096865396,0.7660444431189778,DB04
202104231500,105,15.1,0,0,0.3420201433256687,0.9396926207859084,DB04
202104231600,105,14.8,0,0,-0.6427876096865396,0.7660444431189778,DB04
202104231700,105,14.5,0,0,0.766044443118978,0.6427876096865394,DB04
202104231800,105,14.4,0,0,-0.6427876096865396,0.7660444431189778,DB04
202104231900,105,13.6,0,0,-0.6427876096865396,0.7660444431189778,DB03
202104232000,105,13.2,0,0,0.3420201433256687,0.9396926207859084,DB03
202104232100,105,12.9,0,0,-0.6427876096865396,0.7660444431189778,DB04
202104232200,105,12.8,0,0,-0.6427876096865396,0.7660444431189778,DB04
202104232300,105,12.7,0,0,-0.9396926207859083,0.342020143325669,DB04
202104240000,105,12.6,0,0,-0.9396926207859083,0.342020143325669,DB04
202104240100,105,12.4,0,0,-0.3420201433256686,0.9396926207859084,DB04
202104240200,105,12.2,0,0,-0.3420201433256686,0.9396926207859084,DB04
202104240300,105,12.0,0,0,-0.6427876096865396,0.7660444431189778,DB03
202104240400,105,11.9,0,0,-0.9396926207859083,0.342020143325669,DB03
202104240500,105,11.9,0,0,-0.6427876096865396,0.7660444431189778,DB04
202104240600,105,11.8,0,0,0.0,1.0,DB04
202104240700,105,12.1,0,0,-0.7660444431189779,-0.6427876096865395,DB04
202104240800,105,13.0,0,0,-0.3420201433256686,0.9396926207859084,DB03
202104240900,105,14.6,0,0,-0.3420201433256686,0.9396926207859084,DB04
202104241000,105,14.7,0,0,0.0,1.0,DB04
202104241100,105,15.6,0,0,0.9396926207859083,0.3420201433256688,DB04
202104241200,105,16.8,0,0,0.766044443118978,0.6427876096865394,DB04
202104241300,105,17.7,0,0,0.9396926207859083,0.3420201433256688,DB03
202104241400,105,17.8,0,0,0.766044443118978,0.6427876096865394,DB04
202104241500,105,17.2,0,0,0.9396926207859083,0.3420201433256688,DB04
202104241600,105,16.7,0,0,0.9396926207859084,-0.3420201433256687,DB03
202104241700,105,16.8,0,0,0.9396926207859083,0.3420201433256688,DB04
202104241800,105,15.7,0,0,0.9396926207859083,0.3420201433256688,DB04
202104241900,105,15.3,0,0,0.6427876096865395,-0.7660444431189779,DB03
202104242000,105,15.0,0,0,-0.9396926207859083,0.342020143325669,DB03
202104242100,105,13.5,0,0,-0.34202014332566866,-0.9396926207859084,DB01
202104242200,105,12.1,0,0,1.2246467991473532e-16,-1.0,DB01
202104242300,105,11.6,0,0,-0.34202014332566866,-0.9396926207859084,DB01
202104250000,105,11.2,0,0,-0.34202014332566866,-0.9396926207859084,DB01
202104250100,105,10.3,0,0,1.2246467991473532e-16,-1.0,DB01
202104250200,105,10.1,0,0,-1.0,-1.8369701987210297e-16,DB01
202104250300,105,12.4,0,0,0.766044443118978,0.6427876096865394,DB03
202104250400,105,13.1,0,0,0.9396926207859083,0.3420201433256688,DB04
202104250500,105,12.8,0,0,0.766044443118978,0.6427876096865394,DB04
202104250600,105,11.7,0,0,0.9396926207859083,0.3420201433256688,DB04
202104250700,105,11.5,0,0,-0.6427876096865396,0.7660444431189778,DB03
202104250800,105,12.3,0,0,-0.3420201433256686,0.9396926207859084,DB03
202104250900,105,13.8,0,0,0.0,1.0,DB03
202104251000,105,14.4,0,0,0.9396926207859083,0.3420201433256688,DB03
202104251100,105,14.2,0,0,0.9396926207859083,0.3420201433256688,DB02
202104251200,105,14.8,0,0,0.766044443118978,0.6427876096865394,DB02
202104251300,105,15.7,0,0,0.9396926207859083,0.3420201433256688,DB01
202104251400,105,15.7,0,0,1.0,6.123233995736766e-17,DB01
202104251500,105,15.4,0,0,1.0,6.123233995736766e-17,DB01
202104251600,105,15.7,0,0,0.9396926207859083,0.3420201433256688,DB01
202104251700,105,15.5,0,0,1.0,6.123233995736766e-17,DB01
202104251800,105,14.6,0,0,1.0,6.123233995736766e-17,DB01
202104251900,105,12.4,0,0,1.0,6.123233995736766e-17,DB01
202104252000,105,11.4,0,0,0.3420201433256689,-0.9396926207859083,DB01
202104252100,105,9.9,0,0,-0.7660444431189779,-0.6427876096865395,DB01
202104252200,105,8.9,0,0,-0.7660444431189779,-0.6427876096865395,DB01
202104252300,105,8.2,0,0,-0.9396926207859084,-0.34202014332566855,DB01
202104260000,105,7.5,0,0,-0.7660444431189779,-0.6427876096865395,DB01
202104260100,105,7.0,0,0,-0.7660444431189779,-0.6427876096865395,DB01
202104260200,105,6.4,0,0,-0.7660444431189779,-0.6427876096865395,DB01
202104260300,105,6.4,0,0,-0.7660444431189779,-0.6427876096865395,DB01
202104260400,105,5.5,0,0,-0.34202014332566866,-0.9396926207859084,DB01
202104260500,105,6.1,0,0,1.2246467991473532e-16,-1.0,DB01
202104260600,105,6.0,0,0,-0.34202014332566866,-0.9396926207859084,DB01
202104260700,105,7.4,0,0,-0.7660444431189779,-0.6427876096865395,DB01
202104260800,105,10.8,0,0,-0.7660444431189779,-0.6427876096865395,DB01
202104260900,105,14.0,0,0,0.9396926207859084,-0.3420201433256687,DB01
202104261000,105,17.2,0,0,1.0,6.123233995736766e-17,DB01
202104261100,105,18.7,0,0,1.0,6.123233995736766e-17,DB01
202104261200,105,18.5,0,0,1.0,6.123233995736766e-17,DB01
202104261300,105,17.9,0,0,0.9396926207859084,-0.3420201433256687,DB02
202104261400,105,17.9,0,0,0.9396926207859084,-0.3420201433256687,DB03
202104261500,105,18.4,0,0,0.9396926207859084,-0.3420201433256687,DB03
202104261600,105,17.9,0,0,1.0,6.123233995736766e-17,DB03
202104261700,105,17.8,0,0,0.9396926207859084,-0.3420201433256687,DB03
202104261800,105,17.5,0,0,1.0,6.123233995736766e-17,DB02
202104261900,105,15.5,0,0,0.9396926207859084,-0.3420201433256687,DB02
202104262000,105,14.6,0,0,0.0,1.0,DB02
202104262100,105,13.4,0,0,-0.7660444431189779,-0.6427876096865395,DB01
202104262200,105,12.2,0,0,-0.34202014332566866,-0.9396926207859084,DB02
202104262300,105,11.9,0,0,-0.34202014332566866,-0.9396926207859084,DB02
202104270000,105,12.7,0,0,-0.7660444431189779,-0.6427876096865395,DB03
202104270100,105,13.6,0,0,-0.9396926207859084,-0.34202014332566855,DB04
202104270200,105,14.3,0,0,-0.9396926207859084,-0.34202014332566855,DB04
202104270300,105,14.4,0,0,-1.0,-1.8369701987210297e-16,DB04
202104270400,105,14.7,0,0,-0.9396926207859084,-0.34202014332566855,DB04
202104270500,105,14.9,0,0,-1.0,-1.8369701987210297e-16,DB04
202104270600,105,14.8,0,0,-1.0,-1.8369701987210297e-16,DB03
202104270700,105,14.8,0,0,-1.0,-1.8369701987210297e-16,DB03
202104270800,105,17.6,0,0,-0.7660444431189779,-0.6427876096865395,DB02
202104270900,105,19.8,0,0,-0.7660444431189779,-0.6427876096865395,DB03
202104271000,105,21.1,0,0,-0.7660444431189779,-0.6427876096865395,DB03
202104271100,105,20.6,0,0,-0.7660444431189779,-0.6427876096865395,DB04
202104271200,105,20.8,0,0,-0.9396926207859083,0.342020143325669,DB03
202104271300,105,21.9,0,0,0.9396926207859083,0.3420201433256688,DB04
202104271400,105,22.7,0,0,1.0,6.123233995736766e-17,DB03
202104271500,105,22.4,0,0,0.9396926207859083,0.3420201433256688,DB04
202104271600,105,21.5,0,0,1.0,6.123233995736766e-17,DB03
202104271700,105,20.9,0,0,-0.6427876096865396,0.7660444431189778,DB04
202104271800,105,21.3,0,0,-0.9396926207859084,-0.34202014332566855,DB04
202104271900,105,20.6,0,0,-0.9396926207859084,-0.34202014332566855,DB04
202104272000,105,19.5,0,0,-0.9396926207859084,-0.34202014332566855,DB03
202104272100,105,18.9,0,0,-0.7660444431189779,-0.6427876096865395,DB04
202104272200,105,18.4,0,0,-0.3420201433256686,0.9396926207859084,DB04
202104272300,105,17.8,0,0,0.9396926207859083,0.3420201433256688,DB03
202104280000,105,17.4,0,0,1.0,6.123233995736766e-17,DB03
202104280100,105,17.9,0,0,-0.9396926207859083,0.342020143325669,DB04
202104280200,105,18.4,0,0,-0.9396926207859083,0.342020143325669,DB03
202104280300,105,18.2,0,0,-1.0,-1.8369701987210297e-16,DB03
202104280400,105,17.5,0,0,-0.9396926207859083,0.342020143325669,DB04
202104280500,105,16.9,0,0,-0.34202014332566866,-0.9396926207859084,DB01
202104280600,105,15.7,0,0,1.2246467991473532e-16,-1.0,DB03
202104280700,105,16.2,0,0,-0.7660444431189779,-0.6427876096865395,DB02
202104280800,105,17.5,0,0,-0.7660444431189779,-0.6427876096865395,DB02
202104280900,105,18.9,0,0,-0.7660444431189779,-0.6427876096865395,DB01
202104281000,105,21.0,0,0,-1.0,-1.8369701987210297e-16,DB01
202104281100,105,22.5,0,0,-0.7660444431189779,-0.6427876096865395,DB01
202104281200,105,23.0,0,0,-0.7660444431189779,-0.6427876096865395,DB02
202104281300,105,23.6,0,0,-1.0,-1.8369701987210297e-16,DB03
202104281400,105,22.9,0,0,-0.7660444431189779,-0.6427876096865395,DB03
202104281500,105,22.9,0,0,-0.7660444431189779,-0.6427876096865395,DB03
202104281600,105,22.2,0,0,-0.7660444431189779,-0.6427876096865395,DB03
202104281700,105,21.5,0,0,-0.7660444431189779,-0.6427876096865395,DB03
202104281800,105,20.6,0,0,-0.7660444431189779,-0.6427876096865395,DB04
202104281900,105,19.9,0,0,-0.7660444431189779,-0.6427876096865395,DB04
202104282000,105,19.1,0,0,-0.7660444431189779,-0.6427876096865395,DB03
202104282100,105,18.2,0,0,-0.9396926207859084,-0.34202014332566855,DB02
202104282200,105,17.1,0,0,-0.9396926207859083,0.342020143325669,DB03
202104282300,105,16.9,0,0,-0.34202014332566866,-0.9396926207859084,DB04
202104290000,105,15.9,0,0,-0.34202014332566866,-0.9396926207859084,DB04
202104290100,105,14.9,0,0,-0.7660444431189779,-0.6427876096865395,DB04
202104290200,105,14.5,0,0,-0.9396926207859084,-0.34202014332566855,DB04
202104290300,105,14.0,0,0,-0.7660444431189779,-0.6427876096865395,DB04
202104290400,105,14.0,0,0,-0.7660444431189779,-0.6427876096865395,DB04
202104290500,105,14.2,0,0,-0.9396926207859084,-0.34202014332566855,DB04
202104290600,105,14.0,0,0,-1.0,-1.8369701987210297e-16,DB04
202104290700,105,14.1,0,0,0.3420201433256689,-0.9396926207859083,DB04
202104290800,105,14.6,0,0,-0.9396926207859083,0.342020143325669,DB04
202104290900,105,17.2,0,0,0.9396926207859084,-0.3420201433256687,DB03
202104291000,105,19.6,0,0,0.9396926207859084,-0.3420201433256687,DB02
202104291100,105,19.2,0,0,0.9396926207859084,-0.3420201433256687,DB03
202104291200,105,19.2,0,0,0.9396926207859084,-0.3420201433256687,DB03
202104291300,105,16.3,0,0,0.9396926207859084,-0.3420201433256687,DB04
202104291400,105,15.1,100,1,-0.34202014332566866,-0.9396926207859084,DB04
202104291500,105,13.7,100,1,-0.3420201433256686,0.9396926207859084,DB04
202104291600,105,11.8,100,1,-0.6427876096865396,0.7660444431189778,DB04
202104291700,105,12.4,0,0,-0.9396926207859083,0.342020143325669,DB03
202104291800,105,12.2,0,0,-0.6427876096865396,0.7660444431189778,DB03
202104291900,105,11.7,0,0,-0.9396926207859083,0.342020143325669,DB03
202104292000,105,11.5,0,0,-0.9396926207859083,0.342020143325669,DB03
202104292100,105,11.3,0,0,-0.9396926207859084,-0.34202014332566855,DB03
202104292200,105,11.0,0,0,-0.7660444431189779,-0.6427876096865395,DB01
202104292300,105,10.8,0,0,-0.9396926207859084,-0.34202014332566855,DB03
202104300000,105,10.6,0,0,-0.7660444431189779,-0.6427876096865395,DB04
202104300100,105,10.2,100,1,-1.0,-1.8369701987210297e-16,DB04
202104300200,105,9.8,100,1,1.2246467991473532e-16,-1.0,DB04
202104300300,105,9.8,100,1,0.9396926207859083,0.3420201433256688,DB04
202104300400,105,9.9,100,1,0.766044443118978,0.6427876096865394,DB04
202104300500,105,9.6,100,1,-0.6427876096865396,0.7660444431189778,DB04
202104300600,105,9.1,100,1,-0.6427876096865396,0.7660444431189778,DB04
202104300700,105,9.3,100,1,-0.6427876096865396,0.7660444431189778,DB04
202104300800,105,9.5,100,1,-1.0,-1.8369701987210297e-16,DB04
202104300900,105,10.2,100,1,-1.0,-1.8369701987210297e-16,DB04
202104301000,105,11.3,0,0,-1.0,-1.8369701987210297e-16,DB03
202104301100,105,12.6,0,0,-0.9396926207859084,-0.34202014332566855,DB03
202104301200,105,14.5,0,0,-1.0,-1.8369701987210297e-16,DB03
202104301300,105,16.0,0,0,-0.6427876096865396,0.7660444431189778,DB03
202104301400,105,14.2,0,0,-0.6427876096865396,0.7660444431189778,DB03
202104301500,105,13.5,0,0,1.0,6.123233995736766e-17,DB03
202104301600,105,13.8,0,0,-0.6427876096865396,0.7660444431189778,DB03
202104301700,105,13.3,0,0,0.766044443118978,0.6427876096865394,DB03
202104301800,105,12.7,0,0,-0.3420201433256686,0.9396926207859084,DB04
202104301900,105,12.0,0,0,-0.6427876096865396,0.7660444431189778,DB04
202104302000,105,11.5,0,0,-0.9396926207859083,0.342020143325669,DB03
202104302100,105,11.3,0,0,-0.9396926207859083,0.342020143325669,DB04
202104302200,105,10.9,0,0,-0.7660444431189779,-0.6427876096865395,DB04
202104302300,105,10.7,0,0,0.0,1.0,DB04
202105010000,105,10.4,0,0,-0.7660444431189779,-0.6427876096865395,DB04
202105010100,105,10.1,0,0,-0.9396926207859084,-0.34202014332566855,DB04
202105010200,105,10.0,0,0,-0.7660444431189779,-0.6427876096865395,DB04
202105010300,105,9.9,0,0,-0.7660444431189779,-0.6427876096865395,DB04
202105010400,105,9.8,0,0,-1.0,-1.8369701987210297e-16,DB04
202105010500,105,9.9,0,0,-0.7660444431189779,-0.6427876096865395,DB04
202105010600,105,9.9,0,0,-0.7660444431189779,-0.6427876096865395,DB04
202105010700,105,10.1,0,0,-0.7660444431189779,-0.6427876096865395,DB04
202105010800,105,10.5,100,1,0.9396926207859084,-0.3420201433256687,DB04
202105010900,105,10.1,100,1,1.2246467991473532e-16,-1.0,DB04
202105011000,105,10.6,100,1,1.2246467991473532e-16,-1.0,DB04
202105011100,105,12.9,0,0,-0.3420201433256686,0.9396926207859084,DB04
202105011200,105,11.6,100,1,-0.6427876096865396,0.7660444431189778,DB04
202105011300,105,11.3,100,1,-0.9396926207859083,0.342020143325669,DB04
202105011400,105,12.2,0,0,-0.6427876096865396,0.7660444431189778,DB04
202105011500,105,12.2,100,1,0.0,1.0,DB04
202105011600,105,11.7,100,1,-0.6427876096865396,0.7660444431189778,DB04
202105011700,105,11.6,100,1,0.3420201433256687,0.9396926207859084,DB04
202105011800,105,12.2,0,0,0.0,1.0,DB03
202105011900,105,11.8,0,0,0.3420201433256687,0.9396926207859084,DB03
202105012000,105,11.5,0,0,-0.9396926207859084,-0.34202014332566855,DB03
202105012100,105,10.0,100,1,-1.0,-1.8369701987210297e-16,DB04
202105012200,105,9.3,100,1,-0.3420201433256686,0.9396926207859084,DB04
202105012300,105,9.8,100,1,1.0,6.123233995736766e-17,DB04
202105020000,105,9.6,100,1,-0.3420201433256686,0.9396926207859084,DB04
202105020100,105,9.2,100,1,0.3420201433256687,0.9396926207859084,DB04
202105020200,105,9.0,100,1,-0.6427876096865396,0.7660444431189778,DB04
202105020300,105,8.9,100,1,-0.6427876096865396,0.7660444431189778,DB04
202105020400,105,8.6,100,1,-0.9396926207859083,0.342020143325669,DB04
202105020500,105,8.5,100,1,-0.7660444431189779,-0.6427876096865395,DB04
202105020600,105,8.4,0,0,0.0,1.0,DB04
202105020700,105,8.6,0,0,-0.7660444431189779,-0.6427876096865395,DB03
202105020800,105,10.1,0,0,-0.7660444431189779,-0.6427876096865395,DB03
202105020900,105,12.8,0,0,-1.0,-1.8369701987210297e-16,DB03
202105021000,105,14.6,0,0,-0.6427876096865396,0.7660444431189778,DB03
202105021100,105,16.7,0,0,-0.6427876096865396,0.7660444431189778,DB02
202105021200,105,17.2,0,0,-0.3420201433256686,0.9396926207859084,DB01
202105021300,105,17.7,0,0,-0.9396926207859083,0.342020143325669,DB02
202105021400,105,18.4,0,0,0.9396926207859083,0.3420201433256688,DB01
202105021500,105,19.3,0,0,0.9396926207859083,0.3420201433256688,DB01
202105021600,105,19.1,0,0,0.3420201433256687,0.9396926207859084,DB01
202105021700,105,19.2,0,0,0.766044443118978,0.6427876096865394,DB01
202105021800,105,18.2,0,0,0.3420201433256687,0.9396926207859084,DB01
202105021900,105,16.4,0,0,0.3420201433256689,-0.9396926207859083,DB01
202105022000,105,14.1,0,0,-0.7660444431189779,-0.6427876096865395,DB01
202105022100,105,12.7,0,0,-0.7660444431189779,-0.6427876096865395,DB01
202105022200,105,14.6,0,0,-0.34202014332566866,-0.9396926207859084,DB01
202105022300,105,15.1,0,0,-0.9396926207859084,-0.34202014332566855,DB01
202105030000,105,14.7,0,0,-0.9396926207859084,-0.34202014332566855,DB01
202105030100,105,14.5,0,0,-0.7660444431189779,-0.6427876096865395,DB01
202105030200,105,14.0,0,0,-0.7660444431189779,-0.6427876096865395,DB01
202105030300,105,14.1,0,0,-0.34202014332566866,-0.9396926207859084,DB01
202105030400,105,13.6,0,0,-0.9396926207859084,-0.34202014332566855,DB01
202105030500,105,13.7,0,0,-0.7660444431189779,-0.6427876096865395,DB01
202105030600,105,14.2,0,0,-0.9396926207859084,-0.34202014332566855,DB01
202105030700,105,15.2,0,0,-0.7660444431189779,-0.6427876096865395,DB01
202105030800,105,16.4,0,0,-0.7660444431189779,-0.6427876096865395,DB01
202105030900,105,17.7,0,0,-0.7660444431189779,-0.6427876096865395,DB01
202105031000,105,19.5,0,0,-0.7660444431189779,-0.6427876096865395,DB01
202105031100,105,21.1,0,0,-0.7660444431189779,-0.6427876096865395,DB01
202105031200,105,22.8,0,0,-0.34202014332566866,-0.9396926207859084,DB01
202105031300,105,22.9,0,0,1.0,6.123233995736766e-17,DB01
202105031400,105,22.7,0,0,0.9396926207859083,0.3420201433256688,DB01
202105031500,105,22.6,0,0,1.0,6.123233995736766e-17,DB01
202105031600,105,23.9,0,0,-0.9396926207859084,-0.34202014332566855,DB01
202105031700,105,23.5,0,0,-0.9396926207859084,-0.34202014332566855,DB01
202105031800,105,22.4,0,0,-0.9396926207859084,-0.34202014332566855,DB01
202105031900,105,20.8,0,0,-0.7660444431189779,-0.6427876096865395,DB02
202105032000,105,20.0,0,0,-0.7660444431189779,-0.6427876096865395,DB02
202105032100,105,19.4,0,0,-0.7660444431189779,-0.6427876096865395,DB03
202105032200,105,18.9,0,0,-0.7660444431189779,-0.6427876096865395,DB03
202105032300,105,18.9,0,0,-0.7660444431189779,-0.6427876096865395,DB03
202105040000,105,18.9,0,0,-0.7660444431189779,-0.6427876096865395,DB03
202105040100,105,18.9,0,0,-0.7660444431189779,-0.6427876096865395,DB03
202105040200,105,18.8,0,0,-0.7660444431189779,-0.6427876096865395,DB04
202105040300,105,19.1,0,0,-0.7660444431189779,-0.6427876096865395,DB04
202105040400,105,19.1,0,0,-0.7660444431189779,-0.6427876096865395,DB04
202105040500,105,19.2,0,0,-0.34202014332566866,-0.9396926207859084,DB04
202105040600,105,19.3,0,0,1.2246467991473532e-16,-1.0,DB04
202105040700,105,19.3,0,0,-0.34202014332566866,-0.9396926207859084,DB04
202105040800,105,19.8,0,0,-0.7660444431189779,-0.6427876096865395,DB04
202105040900,105,20.1,0,0,-0.9396926207859084,-0.34202014332566855,DB04
202105041000,105,20.9,0,0,-0.7660444431189779,-0.6427876096865395,DB04
202105041100,105,21.6,0,0,1.2246467991473532e-16,-1.0,DB04
202105041200,105,21.3,0,0,0.9396926207859083,0.3420201433256688,DB04
202105041300,105,20.7,0,0,1.2246467991473532e-16,-1.0,DB04
202105041400,105,20.8,0,0,0.766044443118978,0.6427876096865394,DB04
202105041500,105,21.5,0,0,1.0,6.123233995736766e-17,DB04
202105041600,105,21.9,0,0,0.3420201433256687,0.9396926207859084,DB04
202105041700,105,23.6,0,0,1.2246467991473532e-16,-1.0,DB04
202105041800,105,22.8,0,0,1.2246467991473532e-16,-1.0,DB04
202105041900,105,22.6,0,0,1.2246467991473532e-16,-1.0,DB04
202105042000,105,22.0,0,0,1.2246467991473532e-16,-1.0,DB04
202105042100,105,21.5,0,0,0.3420201433256689,-0.9396926207859083,DB04
202105042200,105,20.8,0,0,0.6427876096865395,-0.7660444431189779,DB04
202105042300,105,18.8,0,0,1.0,6.123233995736766e-17,DB04
202105050000,105,14.9,0,0,-0.6427876096865396,0.7660444431189778,DB04
202105050100,105,13.5,0,0,-0.9396926207859083,0.342020143325669,DB04
202105050200,105,12.8,100,1,-0.6427876096865396,0.7660444431189778,DB01
202105050300,105,13.2,100,1,-0.6427876096865396,0.7660444431189778,DB02
202105050400,105,13.3,100,1,-0.34202014332566866,-0.9396926207859084,DB04
202105050500,105,13.1,0,0,-0.7660444431189779,-0.6427876096865395,DB01
202105050600,105,13.3,0,0,-0.9396926207859084,-0.34202014332566855,DB03
202105050700,105,14.6,0,0,-0.7660444431189779,-0.6427876096865395,DB02
202105050800,105,16.2,0,0,-0.34202014332566866,-0.9396926207859084,DB02
202105050900,105,18.0,0,0,-0.7660444431189779,-0.6427876096865395,DB01
202105051000,105,18.9,0,0,-0.7660444431189779,-0.6427876096865395,DB01
202105051100,105,19.8,0,0,-0.9396926207859084,-0.34202014332566855,DB02
202105051200,105,19.8,0,0,-0.9396926207859084,-0.34202014332566855,DB01
202105051300,105,20.8,0,0,-0.7660444431189779,-0.6427876096865395,DB01
202105051400,105,21.4,0,0,-0.9396926207859084,-0.34202014332566855,DB01
202105051500,105,22.0,0,0,-1.0,-1.8369701987210297e-16,DB01
202105051600,105,22.0,0,0,-0.7660444431189779,-0.6427876096865395,DB01
202105051700,105,21.5,0,0,-0.7660444431189779,-0.6427876096865395,DB01
202105051800,105,20.3,0,0,-0.9396926207859084,-0.34202014332566855,DB01
202105051900,105,18.4,0,0,-0.9396926207859084,-0.34202014332566855,DB01
202105052000,105,17.3,0,0,-0.9396926207859084,-0.34202014332566855,DB01
202105052100,105,16.4,0,0,-0.7660444431189779,-0.6427876096865395,DB01
202105052200,105,15.6,0,0,-0.7660444431189779,-0.6427876096865395,DB01
202105052300,105,15.1,0,0,-0.7660444431189779,-0.6427876096865395,DB01
202105060000,105,14.6,0,0,-0.7660444431189779,-0.6427876096865395,DB01
202105060100,105,14.5,0,0,-0.34202014332566866,-0.9396926207859084,DB01
202105060200,105,14.4,0,0,-0.7660444431189779,-0.6427876096865395,DB01
202105060300,105,14.4,0,0,-0.7660444431189779,-0.6427876096865395,DB01
202105060400,105,14.7,0,0,-0.7660444431189779,-0.6427876096865395,DB01
202105060500,105,15.3,0,0,-0.7660444431189779,-0.6427876096865395,DB01
202105060600,105,15.4,0,0,-0.7660444431189779,-0.6427876096865395,DB01
202105060700,105,17.2,0,0,-0.7660444431189779,-0.6427876096865395,DB01
202105060800,105,19.1,0,0,-0.7660444431189779,-0.6427876096865395,DB01
202105060900,105,20.9,0,0,-0.7660444431189779,-0.6427876096865395,DB01
202105061000,105,22.6,0,0,-0.7660444431189779,-0.6427876096865395,DB02
202105061100,105,24.0,0,0,-0.7660444431189779,-0.6427876096865395,DB03
202105061200,105,25.0,0,0,-0.34202014332566866,-0.9396926207859084,DB04
202105061300,105,25.6,0,0,-0.7660444431189779,-0.6427876096865395,DB03
202105061400,105,25.8,0,0,-0.7660444431189779,-0.6427876096865395,DB03
202105061500,105,25.3,0,0,-0.9396926207859084,-0.34202014332566855,DB03
202105061600,105,25.8,0,0,-0.9396926207859084,-0.34202014332566855,DB03
202105061700,105,25.4,0,0,-0.9396926207859084,-0.34202014332566855,DB02
202105061800,105,24.2,0,0,-0.9396926207859084,-0.34202014332566855,DB03
202105061900,105,22.8,0,0,-0.9396926207859084,-0.34202014332566855,DB03
202105062000,105,21.5,0,0,-1.0,-1.8369701987210297e-16,DB03
202105062100,105,19.6,0,0,-0.7660444431189779,-0.6427876096865395,DB03
202105062200,105,17.8,0,0,-0.34202014332566866,-0.9396926207859084,DB04
202105062300,105,17.5,0,0,0.3420201433256689,-0.9396926207859083,DB04
202105070000,105,17.0,0,0,0.3420201433256689,-0.9396926207859083,DB04
202105070100,105,16.4,0,0,-0.7660444431189779,-0.6427876096865395,DB03
202105070200,105,16.3,0,0,-0.7660444431189779,-0.6427876096865395,DB03
202105070300,105,15.6,0,0,-0.34202014332566866,-0.9396926207859084,DB03
202105070400,105,18.4,0,0,-0.7660444431189779,-0.6427876096865395,DB03
202105070500,105,19.5,0,0,-0.9396926207859084,-0.34202014332566855,DB03
202105070600,105,19.3,0,0,-1.0,-1.8369701987210297e-16,DB03
202105070700,105,19.4,0,0,-0.9396926207859083,0.342020143325669,DB03
202105070800,105,19.2,0,0,-0.3420201433256686,0.9396926207859084,DB03
202105070900,105,22.0,0,0,-0.34202014332566866,-0.9396926207859084,DB03
202105071000,105,24.1,0,0,-0.34202014332566866,-0.9396926207859084,DB03
202105071100,105,24.8,0,0,-0.7660444431189779,-0.6427876096865395,DB03
202105071200,105,19.4,0,0,-0.9396926207859084,-0.34202014332566855,DB03
202105071300,105,18.7,100,1,-0.7660444431189779,-0.6427876096865395,DB04
202105071400,105,21.0,0,0,-0.7660444431189779,-0.6427876096865395,DB03
202105071500,105,22.2,0,0,-0.7660444431189779,-0.6427876096865395,DB01
202105071600,105,20.7,0,0,-0.7660444431189779,-0.6427876096865395,DB03
202105071700,105,20.2,0,0,-0.7660444431189779,-0.6427876096865395,DB01
202105071800,105,19.5,0,0,-0.7660444431189779,-0.6427876096865395,DB02
202105071900,105,18.3,0,0,-0.9396926207859084,-0.34202014332566855,DB01
202105072000,105,16.6,0,0,-0.7660444431189779,-0.6427876096865395,DB01
202105072100,105,15.7,0,0,-0.34202014332566866,-0.9396926207859084,DB01
202105072200,105,15.3,0,0,-0.7660444431189779,-0.6427876096865395,DB01
202105072300,105,14.7,0,0,-0.7660444431189779,-0.6427876096865395,DB01
202105080000,105,14.3,0,0,-0.7660444431189779,-0.6427876096865395,DB01
202105080100,105,14.1,0,0,-0.7660444431189779,-0.6427876096865395,DB01
202105080200,105,13.8,0,0,-0.7660444431189779,-0.6427876096865395,DB01
202105080300,105,13.2,0,0,-0.7660444431189779,-0.6427876096865395,DB01
202105080400,105,13.1,0,0,-0.9396926207859084,-0.34202014332566855,DB01
202105080500,105,13.5,0,0,-1.0,-1.8369701987210297e-16,DB01
202105080600,105,14.6,0,0,-0.7660444431189779,-0.6427876096865395,DB01
202105080700,105,15.6,0,0,-0.7660444431189779,-0.6427876096865395,DB01
202105080800,105,15.7,0,0,-0.7660444431189779,-0.6427876096865395,DB03
202105080900,105,16.9,0,0,-0.9396926207859084,-0.34202014332566855,DB03
202105081000,105,18.6,0,0,-0.9396926207859084,-0.34202014332566855,DB03
202105081100,105,20.8,0,0,-0.7660444431189779,-0.6427876096865395,DB01
202105081200,105,23.0,0,0,-0.7660444431189779,-0.6427876096865395,DB04
202105081300,105,24.1,0,0,-0.7660444431189779,-0.6427876096865395,DB01
202105081400,105,24.0,0,0,-0.9396926207859084,-0.34202014332566855,DB04
202105081500,105,24.2,0,0,-0.9396926207859084,-0.34202014332566855,DB01
202105081600,105,24.2,0,0,-0.7660444431189779,-0.6427876096865395,DB01
202105081700,105,24.2,0,0,1.2246467991473532e-16,-1.0,DB01
202105081800,105,23.2,0,0,-0.9396926207859084,-0.34202014332566855,DB02
202105081900,105,22.1,0,0,-0.9396926207859084,-0.34202014332566855,DB01
202105082000,105,20.9,0,0,-0.9396926207859084,-0.34202014332566855,DB01
202105082100,105,19.4,0,0,-0.7660444431189779,-0.6427876096865395,DB01
202105082200,105,18.1,0,0,-0.7660444431189779,-0.6427876096865395,DB01
202105082300,105,17.3,0,0,-0.9396926207859084,-0.34202014332566855,DB01
202105090000,105,16.5,0,0,-0.7660444431189779,-0.6427876096865395,DB01
202105090100,105,15.8,0,0,-0.7660444431189779,-0.6427876096865395,DB01
202105090200,105,15.0,0,0,-0.34202014332566866,-0.9396926207859084,DB01
202105090300,105,14.7,0,0,-0.7660444431189779,-0.6427876096865395,DB01
202105090400,105,14.0,0,0,-0.34202014332566866,-0.9396926207859084,DB01
202105090500,105,13.8,0,0,-0.34202014332566866,-0.9396926207859084,DB01
202105090600,105,14.3,0,0,-0.9396926207859084,-0.34202014332566855,DB01
202105090700,105,15.2,0,0,1.0,6.123233995736766e-17,DB01
202105090800,105,16.8,0,0,-1.0,-1.8369701987210297e-16,DB01
202105090900,105,18.4,0,0,-1.0,-1.8369701987210297e-16,DB01
202105091000,105,19.8,0,0,-0.9396926207859084,-0.34202014332566855,DB01
202105091100,105,20.7,0,0,-0.9396926207859084,-0.34202014332566855,DB01
202105091200,105,21.7,0,0,-0.9396926207859084,-0.34202014332566855,DB01
202105091300,105,23.1,0,0,-1.0,-1.8369701987210297e-16,DB01
202105091400,105,23.4,0,0,-1.0,-1.8369701987210297e-16,DB02
202105091500,105,23.4,0,0,-0.9396926207859084,-0.34202014332566855,DB03
202105091600,105,23.6,0,0,-0.9396926207859084,-0.34202014332566855,DB01
202105091700,105,23.4,0,0,-0.9396926207859084,-0.34202014332566855,DB03
202105091800,105,22.8,0,0,-1.0,-1.8369701987210297e-16,DB01
202105091900,105,21.3,0,0,-0.9396926207859084,-0.34202014332566855,DB01
202105092000,105,20.0,0,0,-0.9396926207859084,-0.34202014332566855,DB01
202105092100,105,18.0,0,0,-0.7660444431189779,-0.6427876096865395,DB01
202105092200,105,17.2,0,0,-0.7660444431189779,-0.6427876096865395,DB01
202105092300,105,16.4,0,0,-0.9396926207859084,-0.34202014332566855,DB01
202105100000,105,15.4,0,0,-0.7660444431189779,-0.6427876096865395,DB01
202105100100,105,15.0,0,0,-0.7660444431189779,-0.6427876096865395,DB01
202105100200,105,15.0,0,0,-0.7660444431189779,-0.6427876096865395,DB01
202105100300,105,14.5,0,0,-0.9396926207859084,-0.34202014332566855,DB03
202105100400,105,14.0,0,0,-0.7660444431189779,-0.6427876096865395,DB01
202105100500,105,14.1,0,0,-0.9396926207859084,-0.34202014332566855,DB03
202105100600,105,15.1,0,0,-0.9396926207859084,-0.34202014332566855,DB04
202105100700,105,16.1,0,0,-0.7660444431189779,-0.6427876096865395,DB04
202105100800,105,16.5,0,0,-0.9396926207859084,-0.34202014332566855,DB04
202105100900,105,17.3,0,0,-0.9396926207859084,-0.34202014332566855,DB04
202105101000,105,18.0,0,0,-0.7660444431189779,-0.6427876096865395,DB04
202105101100,105,19.0,0,0,-0.7660444431189779,-0.6427876096865395,DB04
202105101200,105,19.8,0,0,1.2246467991473532e-16,-1.0,DB04
202105101300,105,20.0,0,0,0.9396926207859083,0.3420201433256688,DB04
202105101400,105,18.6,0,0,0.9396926207859084,-0.3420201433256687,DB04
202105101500,105,18.9,0,0,1.0,6.123233995736766e-17,DB04
202105101600,105,18.8,0,0,0.6427876096865395,-0.7660444431189779,DB04
202105101700,105,18.7,0,0,0.9396926207859084,-0.3420201433256687,DB04
202105101800,105,18.4,0,0,0.6427876096865395,-0.7660444431189779,DB03
202105101900,105,18.0,0,0,0.9396926207859084,-0.3420201433256687,DB03
202105102000,105,16.9,0,0,-0.9396926207859084,-0.34202014332566855,DB04
202105102100,105,16.1,0,0,-0.7660444431189779,-0.6427876096865395,DB04
202105102200,105,15.5,0,0,-0.7660444431189779,-0.6427876096865395,DB04
202105102300,105,14.7,0,0,-0.9396926207859084,-0.34202014332566855,DB02
202105110000,105,13.8,0,0,-0.7660444431189779,-0.6427876096865395,DB01
202105110100,105,12.7,0,0,-0.7660444431189779,-0.6427876096865395,DB01
202105110200,105,11.7,0,0,-0.7660444431189779,-0.6427876096865395,DB01
202105110300,105,11.4,0,0,-0.7660444431189779,-0.6427876096865395,DB01
202105110400,105,11.1,0,0,-0.9396926207859084,-0.34202014332566855,DB01
202105110500,105,10.3,0,0,-0.9396926207859084,-0.34202014332566855,DB01
202105110600,105,9.7,0,0,-0.9396926207859084,-0.34202014332566855,DB01
202105110700,105,11.4,0,0,-0.7660444431189779,-0.6427876096865395,DB02
202105110800,105,14.2,0,0,1.2246467991473532e-16,-1.0,DB02
202105110900,105,17.1,0,0,-1.0,-1.8369701987210297e-16,DB02
202105111000,105,18.6,0,0,0.9396926207859083,0.3420201433256688,DB02
202105111100,105,18.9,0,0,0.9396926207859083,0.3420201433256688,DB03
202105111200,105,19.4,0,0,1.0,6.123233995736766e-17,DB03
202105111300,105,19.7,0,0,1.0,6.123233995736766e-17,DB03
202105111400,105,20.1,0,0,0.9396926207859083,0.3420201433256688,DB03
202105111500,105,20.8,0,0,0.9396926207859083,0.3420201433256688,DB03
202105111600,105,20.5,0,0,0.9396926207859084,-0.3420201433256687,DB03
202105111700,105,19.5,0,0,0.9396926207859084,-0.3420201433256687,DB03
202105111800,105,18.5,0,0,0.9396926207859084,-0.3420201433256687,DB03
202105111900,105,17.2,0,0,0.9396926207859084,-0.3420201433256687,DB03
202105112000,105,16.1,0,0,1.0,6.123233995736766e-17,DB03
202105112100,105,14.7,0,0,-0.7660444431189779,-0.6427876096865395,DB03
202105112200,105,13.3,0,0,-0.34202014332566866,-0.9396926207859084,DB03
202105112300,105,12.4,0,0,-0.7660444431189779,-0.6427876096865395,DB03
202105120000,105,11.3,0,0,-0.7660444431189779,-0.6427876096865395,DB03
202105120100,105,10.5,0,0,-0.7660444431189779,-0.6427876096865395,DB03
202105120200,105,10.2,0,0,-0.7660444431189779,-0.6427876096865395,DB03
202105120300,105,9.8,0,0,-0.7660444431189779,-0.6427876096865395,DB03
202105120400,105,9.8,0,0,-0.7660444431189779,-0.6427876096865395,DB03
202105120500,105,9.1,0,0,-0.7660444431189779,-0.6427876096865395,DB03
202105120600,105,9.0,0,0,-0.7660444431189779,-0.6427876096865395,DB02
202105120700,105,10.7,0,0,-0.7660444431189779,-0.6427876096865395,DB03
202105120800,105,13.5,0,0,0.9396926207859084,-0.3420201433256687,DB03
202105120900,105,16.4,0,0,0.3420201433256687,0.9396926207859084,DB03
202105121000,105,19.5,0,0,0.766044443118978,0.6427876096865394,DB03
202105121100,105,20.1,0,0,1.0,6.123233995736766e-17,DB03
202105121200,105,19.9,0,0,1.0,6.123233995736766e-17,DB03
202105121300,105,19.5,0,0,0.9396926207859084,-0.3420201433256687,DB03
202105121400,105,20.1,0,0,0.9396926207859084,-0.3420201433256687,DB04
202105121500,105,20.1,0,0,1.0,6.123233995736766e-17,DB03
202105121600,105,20.9,0,0,1.0,6.123233995736766e-17,DB03
202105121700,105,20.6,0,0,1.0,6.123233995736766e-17,DB03
202105121800,105,19.5,0,0,1.0,6.123233995736766e-17,DB03
202105121900,105,18.2,0,0,0.9396926207859083,0.3420201433256688,DB01
202105122000,105,16.9,0,0,-1.0,-1.8369701987210297e-16,DB01
202105122100,105,15.9,0,0,-0.3420201433256686,0.9396926207859084,DB01
202105122200,105,14.6,0,0,-0.7660444431189779,-0.6427876096865395,DB01
202105122300,105,13.8,0,0,-0.9396926207859084,-0.34202014332566855,DB01
202105130000,105,13.3,0,0,-0.7660444431189779,-0.6427876096865395,DB01
202105130100,105,12.9,0,0,-0.9396926207859084,-0.34202014332566855,DB01
202105130200,105,11.9,0,0,-0.7660444431189779,-0.6427876096865395,DB01
202105130300,105,11.8,0,0,-0.7660444431189779,-0.6427876096865395,DB01
202105130400,105,11.3,0,0,-0.7660444431189779,-0.6427876096865395,DB01
202105130500,105,11.0,0,0,-0.7660444431189779,-0.6427876096865395,DB01
202105130600,105,10.9,0,0,-0.7660444431189779,-0.6427876096865395,DB01
202105130700,105,12.8,0,0,-0.7660444431189779,-0.6427876096865395,DB01
202105130800,105,15.4,0,0,0.0,1.0,DB01
202105130900,105,18.0,0,0,0.3420201433256687,0.9396926207859084,DB01
202105131000,105,18.6,0,0,-0.3420201433256686,0.9396926207859084,DB01
202105131100,105,18.9,0,0,-0.3420201433256686,0.9396926207859084,DB01
202105131200,105,20.7,0,0,0.9396926207859084,-0.3420201433256687,DB02
202105131300,105,21.7,0,0,0.9396926207859083,0.3420201433256688,DB01
202105131400,105,22.2,0,0,1.0,6.123233995736766e-17,DB01
202105131500,105,22.0,0,0,1.0,6.123233995736766e-17,DB01
202105131600,105,20.9,0,0,0.9396926207859083,0.3420201433256688,DB01
202105131700,105,21.4,0,0,0.9396926207859083,0.3420201433256688,DB01
202105131800,105,19.4,0,0,1.0,6.123233995736766e-17,DB02
202105131900,105,18.3,0,0,0.9396926207859083,0.3420201433256688,DB03
202105132000,105,17.3,0,0,0.766044443118978,0.6427876096865394,DB01
202105132100,105,16.7,0,0,1.2246467991473532e-16,-1.0,DB01
202105132200,105,15.8,0,0,-0.7660444431189779,-0.6427876096865395,DB01
202105132300,105,15.7,0,0,-0.34202014332566866,-0.9396926207859084,DB01
202105140000,105,15.2,0,0,-0.9396926207859083,0.342020143325669,DB01
202105140100,105,15.0,0,0,0.0,1.0,DB01
202105140200,105,14.2,0,0,-0.7660444431189779,-0.6427876096865395,DB01
202105140300,105,13.7,0,0,-0.7660444431189779,-0.6427876096865395,DB01
202105140400,105,13.5,0,0,-0.9396926207859083,0.342020143325669,DB01
202105140500,105,12.9,0,0,-0.7660444431189779,-0.6427876096865395,DB01
202105140600,105,13.0,0,0,0.0,1.0,DB03
202105140700,105,14.4,0,0,-0.34202014332566866,-0.9396926207859084,DB03
202105140800,105,16.3,0,0,-0.9396926207859083,0.342020143325669,DB03
202105140900,105,18.5,0,0,0.3420201433256689,-0.9396926207859083,DB02
202105141000,105,20.9,0,0,0.9396926207859083,0.3420201433256688,DB02
202105141100,105,21.4,0,0,0.9396926207859083,0.3420201433256688,DB02
202105141200,105,22.3,0,0,0.766044443118978,0.6427876096865394,DB02
202105141300,105,22.1,0,0,0.0,1.0,DB03
202105141400,105,22.2,0,0,0.766044443118978,0.6427876096865394,DB03
202105141500,105,23.2,0,0,-0.3420201433256686,0.9396926207859084,DB03
202105141600,105,22.7,0,0,0.0,1.0,DB03
202105141700,105,21.9,0,0,-0.6427876096865396,0.7660444431189778,DB03
202105141800,105,20.3,0,0,-0.9396926207859083,0.342020143325669,DB03
202105141900,105,19.2,0,0,-0.6427876096865396,0.7660444431189778,DB03
202105142000,105,18.0,0,0,-0.6427876096865396,0.7660444431189778,DB03
202105142100,105,17.4,0,0,-0.6427876096865396,0.7660444431189778,DB02
202105142200,105,17.0,0,0,-0.9396926207859083,0.342020143325669,DB02
202105142300,105,16.7,0,0,-0.6427876096865396,0.7660444431189778,DB03
202105150000,105,16.5,0,0,-0.6427876096865396,0.7660444431189778,DB04
202105150100,105,16.3,0,0,-0.6427876096865396,0.7660444431189778,DB04
202105150200,105,16.2,0,0,-0.6427876096865396,0.7660444431189778,DB04
202105150300,105,16.4,0,0,0.0,1.0,DB04
202105150400,105,16.3,0,0,-0.3420201433256686,0.9396926207859084,DB04
202105150500,105,16.3,0,0,0.3420201433256689,-0.9396926207859083,DB04
202105150600,105,16.4,0,0,1.2246467991473532e-16,-1.0,DB04
202105150700,105,16.6,0,0,0.3420201433256689,-0.9396926207859083,DB04
202105150800,105,17.0,0,0,0.3420201433256689,-0.9396926207859083,DB04
202105150900,105,17.3,0,0,0.6427876096865395,-0.7660444431189779,DB04
202105151000,105,17.3,100,1,0.3420201433256687,0.9396926207859084,DB04
202105151100,105,17.4,100,1,1.0,6.123233995736766e-17,DB04
202105151200,105,18.1,100,1,0.9396926207859083,0.3420201433256688,DB04
202105151300,105,18.8,0,0,0.3420201433256687,0.9396926207859084,DB04
202105151400,105,18.6,0,0,0.766044443118978,0.6427876096865394,DB04
202105151500,105,19.4,0,0,0.766044443118978,0.6427876096865394,DB04
202105151600,105,18.6,0,0,-0.3420201433256686,0.9396926207859084,DB03
202105151700,105,18.0,0,0,0.3420201433256687,0.9396926207859084,DB04
202105151800,105,17.6,0,0,0.0,1.0,DB04
202105151900,105,17.5,0,0,-0.6427876096865396,0.7660444431189778,DB04
202105152000,105,17.4,100,1,-0.3420201433256686,0.9396926207859084,DB04
202105152100,105,17.0,0,0,0.6427876096865395,-0.7660444431189779,DB04
202105152200,105,17.0,0,0,0.6427876096865395,-0.7660444431189779,DB04
202105152300,105,17.1,100,1,0.3420201433256689,-0.9396926207859083,DB04
202105160000,105,17.1,0,0,0.0,1.0,DB04
202105160100,105,17.0,0,0,0.0,1.0,DB03
202105160200,105,16.9,0,0,-0.9396926207859083,0.342020143325669,DB03
202105160300,105,16.9,0,0,-0.6427876096865396,0.7660444431189778,DB04
202105160400,105,16.9,0,0,0.0,1.0,DB04
202105160500,105,16.4,100,1,0.0,1.0,DB04
202105160600,105,16.0,100,1,-0.6427876096865396,0.7660444431189778,DB04
202105160700,105,15.8,100,1,-0.3420201433256686,0.9396926207859084,DB04
202105160800,105,15.9,100,1,-0.9396926207859083,0.342020143325669,DB04
202105160900,105,16.1,100,1,-0.3420201433256686,0.9396926207859084,DB04
202105161000,105,16.6,100,1,-0.6427876096865396,0.7660444431189778,DB04
202105161100,105,16.1,100,1,-0.6427876096865396,0.7660444431189778,DB04
202105161200,105,16.1,100,1,-0.6427876096865396,0.7660444431189778,DB04
202105161300,105,15.2,100,1,-0.9396926207859083,0.342020143325669,DB04
202105161400,105,13.9,100,1,-0.6427876096865396,0.7660444431189778,DB04
202105161500,105,13.3,100,1,-0.6427876096865396,0.7660444431189778,DB04
202105161600,105,12.5,100,1,-0.9396926207859083,0.342020143325669,DB04
202105161700,105,12.1,100,1,-0.6427876096865396,0.7660444431189778,DB04
202105161800,105,11.6,100,1,-0.9396926207859083,0.342020143325669,DB04
202105161900,105,11.3,100,1,-0.9396926207859083,0.342020143325669,DB04
202105162000,105,11.2,100,1,-0.7660444431189779,-0.6427876096865395,DB04
202105162100,105,11.2,100,1,-0.9396926207859084,-0.34202014332566855,DB04
202105162200,105,11.2,100,1,-0.7660444431189779,-0.6427876096865395,DB03
202105162300,105,11.3,100,1,-0.7660444431189779,-0.6427876096865395,DB01
202105170000,105,11.5,100,1,-0.3420201433256686,0.9396926207859084,DB04
202105170100,105,11.7,100,1,0.0,1.0,DB01
202105170200,105,11.7,100,1,-0.34202014332566866,-0.9396926207859084,DB01
202105170300,105,11.9,100,1,-0.7660444431189779,-0.6427876096865395,DB02
202105170400,105,11.9,100,1,-0.34202014332566866,-0.9396926207859084,DB04
202105170500,105,11.9,100,1,0.0,1.0,DB03
202105170600,105,12.0,100,1,0.0,1.0,DB04
202105170700,105,12.3,100,1,-0.9396926207859083,0.342020143325669,DB04
202105170800,105,12.5,100,1,-0.3420201433256686,0.9396926207859084,DB04
202105170900,105,12.7,0,0,-0.9396926207859083,0.342020143325669,DB04
202105171000,105,13.1,100,1,-0.6427876096865396,0.7660444431189778,DB04
202105171100,105,13.5,0,0,1.2246467991473532e-16,-1.0,DB04
202105171200,105,14.0,100,1,0.9396926207859084,-0.3420201433256687,DB04
202105171300,105,13.7,100,1,0.9396926207859084,-0.3420201433256687,DB04
202105171400,105,13.6,100,1,0.9396926207859083,0.3420201433256688,DB04
202105171500,105,13.6,100,1,-0.3420201433256686,0.9396926207859084,DB04
202105171600,105,13.3,100,1,0.6427876096865395,-0.7660444431189779,DB04
202105171700,105,13.5,100,1,1.2246467991473532e-16,-1.0,DB04
202105171800,105,13.7,0,0,-0.7660444431189779,-0.6427876096865395,DB04
202105171900,105,13.8,0,0,1.2246467991473532e-16,-1.0,DB02
202105172000,105,13.3,0,0,0.0,1.0,DB02
202105172100,105,12.7,0,0,-0.7660444431189779,-0.6427876096865395,DB01
202105172200,105,12.1,0,0,-0.9396926207859084,-0.34202014332566855,DB01
202105172300,105,11.6,0,0,0.0,1.0,DB01
202105180000,105,11.1,0,0,-0.7660444431189779,-0.6427876096865395,DB01
202105180100,105,10.7,0,0,0.0,1.0,DB03
202105180200,105,10.5,0,0,-0.34202014332566866,-0.9396926207859084,DB02
202105180300,105,10.3,0,0,0.0,1.0,DB04
202105180400,105,10.0,0,0,-0.7660444431189779,-0.6427876096865395,DB02
202105180500,105,10.0,0,0,-0.34202014332566866,-0.9396926207859084,DB03
202105180600,105,10.1,0,0,1.2246467991473532e-16,-1.0,DB04
202105180700,105,11.3,0,0,1.2246467991473532e-16,-1.0,DB04
202105180800,105,12.8,0,0,0.0,1.0,DB04
202105180900,105,14.8,0,0,1.0,6.123233995736766e-17,DB04
202105181000,105,17.0,0,0,0.9396926207859083,0.3420201433256688,DB04
202105181100,105,18.8,0,0,0.9396926207859084,-0.3420201433256687,DB04
202105181200,105,20.1,0,0,0.9396926207859083,0.3420201433256688,DB04
202105181300,105,21.5,0,0,1.0,6.123233995736766e-17,DB03
202105181400,105,22.2,0,0,1.0,6.123233995736766e-17,DB02
202105181500,105,23.6,0,0,1.0,6.123233995736766e-17,DB01
202105181600,105,23.8,0,0,1.0,6.123233995736766e-17,DB01
202105181700,105,24.4,0,0,0.766044443118978,0.6427876096865394,DB01
202105181800,105,23.8,0,0,0.9396926207859083,0.3420201433256688,DB01
202105181900,105,22.1,0,0,-0.3420201433256686,0.9396926207859084,DB01
202105182000,105,19.5,0,0,-0.7660444431189779,-0.6427876096865395,DB01
202105182100,105,17.9,0,0,-0.7660444431189779,-0.6427876096865395,DB02
202105182200,105,17.4,0,0,-0.34202014332566866,-0.9396926207859084,DB03
202105182300,105,16.7,0,0,0.0,1.0,DB03
202105190000,105,16.3,0,0,1.2246467991473532e-16,-1.0,DB02
202105190100,105,17.9,0,0,-0.7660444431189779,-0.6427876096865395,DB01
202105190200,105,19.0,0,0,-0.7660444431189779,-0.6427876096865395,DB02
202105190300,105,19.1,0,0,-0.9396926207859084,-0.34202014332566855,DB02
202105190400,105,19.0,0,0,-0.7660444431189779,-0.6427876096865395,DB01
202105190500,105,18.5,0,0,-0.9396926207859084,-0.34202014332566855,DB02
202105190600,105,18.7,0,0,-0.9396926207859084,-0.34202014332566855,DB02
202105190700,105,20.0,0,0,-0.9396926207859084,-0.34202014332566855,DB01
202105190800,105,22.2,0,0,-0.9396926207859084,-0.34202014332566855,DB01
202105190900,105,24.7,0,0,-0.7660444431189779,-0.6427876096865395,DB01
202105191000,105,26.7,0,0,-0.7660444431189779,-0.6427876096865395,DB01
202105191100,105,28.1,0,0,-0.3420201433256686,0.9396926207859084,DB01
202105191200,105,29.3,0,0,0.9396926207859083,0.3420201433256688,DB01
202105191300,105,29.5,0,0,1.0,6.123233995736766e-17,DB01
202105191400,105,29.7,0,0,1.0,6.123233995736766e-17,DB04
202105191500,105,30.0,0,0,0.9396926207859083,0.3420201433256688,DB01
202105191600,105,29.6,0,0,1.0,6.123233995736766e-17,DB02
202105191700,105,28.4,0,0,1.0,6.123233995736766e-17,DB02
202105191800,105,28.1,0,0,1.0,6.123233995736766e-17,DB01
202105191900,105,27.1,0,0,-0.6427876096865396,0.7660444431189778,DB02
202105192000,105,24.2,0,0,-0.9396926207859084,-0.34202014332566855,DB01
202105192100,105,22.4,0,0,-0.7660444431189779,-0.6427876096865395,DB02
202105192200,105,21.9,0,0,-0.9396926207859084,-0.34202014332566855,DB02
202105192300,105,21.6,0,0,-0.7660444431189779,-0.6427876096865395,DB02
202105200000,105,21.4,0,0,-0.9396926207859084,-0.34202014332566855,DB03
202105200100,105,21.1,0,0,-0.34202014332566866,-0.9396926207859084,DB04
202105200200,105,20.7,0,0,-0.7660444431189779,-0.6427876096865395,DB04
202105200300,105,20.3,0,0,-0.9396926207859084,-0.34202014332566855,DB04
202105200400,105,20.0,0,0,-0.9396926207859084,-0.34202014332566855,DB04
202105200500,105,20.1,0,0,-0.7660444431189779,-0.6427876096865395,DB04
202105200600,105,19.9,0,0,-0.7660444431189779,-0.6427876096865395,DB04
202105200700,105,19.7,0,0,-0.34202014332566866,-0.9396926207859084,DB04
202105200800,105,19.8,0,0,-0.34202014332566866,-0.9396926207859084,DB04
202105200900,105,19.8,0,0,-1.0,-1.8369701987210297e-16,DB04
202105201000,105,19.8,0,0,-0.9396926207859084,-0.34202014332566855,DB04
202105201100,105,20.6,0,0,0.6427876096865395,-0.7660444431189779,DB04
202105201200,105,20.3,0,0,0.0,1.0,DB04
202105201300,105,21.7,0,0,0.766044443118978,0.6427876096865394,DB04
202105201400,105,21.4,0,0,1.0,6.123233995736766e-17,DB04
202105201500,105,20.2,0,0,1.0,6.123233995736766e-17,DB04
202105201600,105,18.7,100,1,0.3420201433256689,-0.9396926207859083,DB04
202105201700,105,18.9,0,0,0.9396926207859083,0.3420201433256688,DB04
202105201800,105,18.6,0,0,-0.3420201433256686,0.9396926207859084,DB04
202105201900,105,18.2,0,0,0.0,1.0,DB04
202105202000,105,17.5,0,0,0.0,1.0,DB04
202105202100,105,16.9,100,1,0.9396926207859083,0.3420201433256688,DB04
202105202200,105,16.1,100,1,-0.9396926207859083,0.342020143325669,DB03
202105202300,105,15.6,100,1,-0.6427876096865396,0.7660444431189778,DB04
202105210000,105,15.3,100,1,-0.6427876096865396,0.7660444431189778,DB04
202105210100,105,14.9,100,1,-0.6427876096865396,0.7660444431189778,DB01
202105210200,105,14.6,100,1,-0.6427876096865396,0.7660444431189778,DB04
202105210300,105,14.3,100,1,-0.9396926207859083,0.342020143325669,DB03
202105210400,105,14.2,100,1,-0.6427876096865396,0.7660444431189778,DB04
202105210500,105,13.8,100,1,-0.6427876096865396,0.7660444431189778,DB02
202105210600,105,13.7,100,1,-0.6427876096865396,0.7660444431189778,DB03
202105210700,105,13.6,100,1,-0.6427876096865396,0.7660444431189778,DB04
202105210800,105,13.8,100,1,-0.6427876096865396,0.7660444431189778,DB03
202105210900,105,13.9,100,1,-0.6427876096865396,0.7660444431189778,DB04
202105211000,105,14.1,100,1,-0.9396926207859083,0.342020143325669,DB04
202105211100,105,15.1,0,0,-0.9396926207859083,0.342020143325669,DB04
202105211200,105,15.6,0,0,-0.9396926207859083,0.342020143325669,DB04
202105211300,105,15.8,0,0,-0.9396926207859083,0.342020143325669,DB04
202105211400,105,15.2,100,1,-0.6427876096865396,0.7660444431189778,DB04
202105211500,105,15.2,100,1,-0.9396926207859083,0.342020143325669,DB02
202105211600,105,15.5,100,1,-0.7660444431189779,-0.6427876096865395,DB02
202105211700,105,15.6,0,0,-0.7660444431189779,-0.6427876096865395,DB04
202105211800,105,16.0,0,0,-0.7660444431189779,-0.6427876096865395,DB04
202105211900,105,16.4,0,0,-0.9396926207859084,-0.34202014332566855,DB03
202105212000,105,15.9,0,0,-0.9396926207859084,-0.34202014332566855,DB03
202105212100,105,15.1,0,0,-0.7660444431189779,-0.6427876096865395,DB04
202105212200,105,14.8,0,0,-0.9396926207859084,-0.34202014332566855,DB04
202105212300,105,14.7,0,0,-0.7660444431189779,-0.6427876096865395,DB03
202105220000,105,15.0,0,0,-0.9396926207859084,-0.34202014332566855,DB04
202105220100,105,14.9,0,0,-0.9396926207859084,-0.34202014332566855,DB03
202105220200,105,15.0,0,0,-0.7660444431189779,-0.6427876096865395,DB03
202105220300,105,15.6,0,0,-0.9396926207859084,-0.34202014332566855,DB04
202105220400,105,16.0,0,0,-0.7660444431189779,-0.6427876096865395,DB03
202105220500,105,16.8,0,0,-0.7660444431189779,-0.6427876096865395,DB04
202105220600,105,17.7,0,0,-0.7660444431189779,-0.6427876096865395,DB03
202105220700,105,19.3,0,0,-0.7660444431189779,-0.6427876096865395,DB02
202105220800,105,21.2,0,0,-0.7660444431189779,-0.6427876096865395,DB01
202105220900,105,23.2,0,0,-0.7660444431189779,-0.6427876096865395,DB01
202105221000,105,25.1,0,0,-0.7660444431189779,-0.6427876096865395,DB01
202105221100,105,26.6,0,0,-0.7660444431189779,-0.6427876096865395,DB02
202105221200,105,28.3,0,0,-0.7660444431189779,-0.6427876096865395,DB01
202105221300,105,29.5,0,0,0.9396926207859083,0.3420201433256688,DB01
202105221400,105,29.4,0,0,0.3420201433256687,0.9396926207859084,DB01
202105221500,105,29.4,0,0,0.9396926207859083,0.3420201433256688,DB01
202105221600,105,29.3,0,0,1.0,6.123233995736766e-17,DB01
202105221700,105,28.5,0,0,0.9396926207859083,0.3420201433256688,DB01
202105221800,105,29.2,0,0,0.766044443118978,0.6427876096865394,DB01
202105221900,105,26.7,0,0,0.9396926207859083,0.3420201433256688,DB01
202105222000,105,24.5,0,0,-0.3420201433256686,0.9396926207859084,DB01
202105222100,105,22.7,0,0,-1.0,-1.8369701987210297e-16,DB01
202105222200,105,21.5,0,0,0.0,1.0,DB01
202105222300,105,20.7,0,0,-0.9396926207859084,-0.34202014332566855,DB01
202105230000,105,21.4,0,0,-0.7660444431189779,-0.6427876096865395,DB01
202105230100,105,21.7,0,0,-0.7660444431189779,-0.6427876096865395,DB01
202105230200,105,21.8,0,0,-0.7660444431189779,-0.6427876096865395,DB01
202105230300,105,21.8,0,0,-0.7660444431189779,-0.6427876096865395,DB01
202105230400,105,21.7,0,0,-0.7660444431189779,-0.6427876096865395,DB01
202105230500,105,21.4,0,0,-0.9396926207859084,-0.34202014332566855,DB01
202105230600,105,20.8,0,0,-0.7660444431189779,-0.6427876096865395,DB01
202105230700,105,22.0,0,0,-0.7660444431189779,-0.6427876096865395,DB01
202105230800,105,24.0,0,0,-0.7660444431189779,-0.6427876096865395,DB01
202105230900,105,26.1,0,0,-0.7660444431189779,-0.6427876096865395,DB02
202105231000,105,27.9,0,0,-0.7660444431189779,-0.6427876096865395,DB03
202105231100,105,29.2,0,0,0.3420201433256689,-0.9396926207859083,DB03
202105231200,105,29.9,0,0,-0.7660444431189779,-0.6427876096865395,DB03
202105231300,105,30.8,0,0,1.0,6.123233995736766e-17,DB03
202105231400,105,29.8,0,0,0.766044443118978,0.6427876096865394,DB04
202105231500,105,30.5,0,0,0.9396926207859083,0.3420201433256688,DB03
202105231600,105,29.2,0,0,0.0,1.0,DB04
202105231700,105,28.3,0,0,-0.9396926207859084,-0.34202014332566855,DB04
202105231800,105,27.2,0,0,-0.9396926207859084,-0.34202014332566855,DB04
202105231900,105,26.2,0,0,-1.0,-1.8369701987210297e-16,DB04
202105232000,105,25.0,0,0,-0.7660444431189779,-0.6427876096865395,DB04
202105232100,105,24.5,0,0,-0.7660444431189779,-0.6427876096865395,DB04
202105232200,105,24.0,0,0,-0.7660444431189779,-0.6427876096865395,DB04
202105232300,105,24.0,0,0,-0.9396926207859084,-0.34202014332566855,DB04
202105240000,105,23.4,0,0,-0.7660444431189779,-0.6427876096865395,DB04
202105240100,105,22.9,0,0,-0.7660444431189779,-0.6427876096865395,DB04
202105240200,105,22.8,0,0,-0.9396926207859084,-0.34202014332566855,DB04
202105240300,105,22.2,0,0,-1.0,-1.8369701987210297e-16,DB04
202105240400,105,22.4,0,0,-0.9396926207859084,-0.34202014332566855,DB04
202105240500,105,22.3,0,0,-0.7660444431189779,-0.6427876096865395,DB04
202105240600,105,22.0,0,0,-0.9396926207859084,-0.34202014332566855,DB04
202105240700,105,21.7,0,0,-0.7660444431189779,-0.6427876096865395,DB04
202105240800,105,21.2,0,0,-0.7660444431189779,-0.6427876096865395,DB04
202105240900,105,21.0,0,0,-0.9396926207859084,-0.34202014332566855,DB04
202105241000,105,21.5,0,0,-1.0,-1.8369701987210297e-16,DB04
202105241100,105,23.4,0,0,-0.3420201433256686,0.9396926207859084,DB03
202105241200,105,24.7,0,0,-0.3420201433256686,0.9396926207859084,DB03
202105241300,105,25.4,0,0,0.9396926207859083,0.3420201433256688,DB04
202105241400,105,25.6,0,0,0.9396926207859083,0.3420201433256688,DB04
202105241500,105,24.9,0,0,0.9396926207859083,0.3420201433256688,DB02
202105241600,105,25.5,0,0,0.9396926207859083,0.3420201433256688,DB01
202105241700,105,25.2,0,0,1.0,6.123233995736766e-17,DB01
202105241800,105,24.3,0,0,1.0,6.123233995736766e-17,DB02
202105241900,105,23.0,0,0,0.6427876096865395,-0.7660444431189779,DB02
202105242000,105,20.5,0,0,-0.7660444431189779,-0.6427876096865395,DB01
202105242100,105,18.8,0,0,-0.7660444431189779,-0.6427876096865395,DB01
202105242200,105,20.1,0,0,-0.34202014332566866,-0.9396926207859084,DB01
202105242300,105,20.4,0,0,1.2246467991473532e-16,-1.0,DB01
202105250000,105,19.8,0,0,0.766044443118978,0.6427876096865394,DB01
202105250100,105,19.0,0,0,-1.0,-1.8369701987210297e-16,DB01
202105250200,105,17.0,0,0,-0.9396926207859083,0.342020143325669,DB01
202105250300,105,15.5,0,0,-0.34202014332566866,-0.9396926207859084,DB01
202105250400,105,14.0,0,0,-0.34202014332566866,-0.9396926207859084,DB03
202105250500,105,14.4,0,0,-0.34202014332566866,-0.9396926207859084,DB04
202105250600,105,14.8,0,0,-0.34202014332566866,-0.9396926207859084,DB03
202105250700,105,15.3,0,0,-0.7660444431189779,-0.6427876096865395,DB04
202105250800,105,16.7,0,0,-0.34202014332566866,-0.9396926207859084,DB04
202105250900,105,15.6,0,0,-0.34202014332566866,-0.9396926207859084,DB03
202105251000,105,16.5,0,0,-0.7660444431189779,-0.6427876096865395,DB02
202105251100,105,18.2,0,0,-0.9396926207859083,0.342020143325669,DB04
202105251200,105,17.0,100,1,-0.7660444431189779,-0.6427876096865395,DB02
202105251300,105,17.7,0,0,-0.3420201433256686,0.9396926207859084,DB03
202105251400,105,20.3,0,0,-0.7660444431189779,-0.6427876096865395,DB02
202105251500,105,17.7,0,0,-0.9396926207859083,0.342020143325669,DB03
202105251600,105,19.4,0,0,-0.9396926207859084,-0.34202014332566855,DB01
202105251700,105,19.2,0,0,-0.9396926207859084,-0.34202014332566855,DB02
202105251800,105,18.5,0,0,-0.9396926207859084,-0.34202014332566855,DB03
202105251900,105,17.9,0,0,-0.9396926207859084,-0.34202014332566855,DB01
202105252000,105,16.9,0,0,1.2246467991473532e-16,-1.0,DB01
202105252100,105,16.7,0,0,-0.9396926207859084,-0.34202014332566855,DB01
202105252200,105,16.2,0,0,-0.7660444431189779,-0.6427876096865395,DB01
202105252300,105,16.0,0,0,-0.9396926207859084,-0.34202014332566855,DB01
202105260000,105,15.7,0,0,-0.7660444431189779,-0.6427876096865395,DB01
202105260100,105,15.3,0,0,-0.9396926207859084,-0.34202014332566855,DB02
202105260200,105,15.5,0,0,-0.9396926207859084,-0.34202014332566855,DB02
202105260300,105,15.5,0,0,-0.9396926207859084,-0.34202014332566855,DB02
202105260400,105,14.5,0,0,-0.7660444431189779,-0.6427876096865395,DB02
202105260500,105,14.9,0,0,-0.7660444431189779,-0.6427876096865395,DB02
202105260600,105,15.0,0,0,-0.7660444431189779,-0.6427876096865395,DB03
202105260700,105,16.2,0,0,-0.7660444431189779,-0.6427876096865395,DB03
202105260800,105,18.0,0,0,-0.7660444431189779,-0.6427876096865395,DB02
202105260900,105,19.7,0,0,-0.7660444431189779,-0.6427876096865395,DB02
202105261000,105,21.3,0,0,-0.7660444431189779,-0.6427876096865395,DB03
202105261100,105,22.2,0,0,-0.9396926207859084,-0.34202014332566855,DB03
202105261200,105,22.6,0,0,-0.34202014332566866,-0.9396926207859084,DB03
202105261300,105,24.1,0,0,-0.7660444431189779,-0.6427876096865395,DB03
202105261400,105,25.2,0,0,1.2246467991473532e-16,-1.0,DB04
202105261500,105,26.2,0,0,-0.7660444431189779,-0.6427876096865395,DB03
202105261600,105,27.0,0,0,-0.7660444431189779,-0.6427876096865395,DB02
202105261700,105,26.4,0,0,-0.9396926207859084,-0.34202014332566855,DB03
202105261800,105,24.5,0,0,-0.7660444431189779,-0.6427876096865395,DB04
202105261900,105,23.7,0,0,-0.7660444431189779,-0.6427876096865395,DB04
202105262000,105,22.9,0,0,-0.7660444431189779,-0.6427876096865395,DB04
202105262100,105,22.6,0,0,-0.9396926207859084,-0.34202014332566855,DB04
202105262200,105,22.4,0,0,-0.7660444431189779,-0.6427876096865395,DB04
202105262300,105,21.8,0,0,-1.0,-1.8369701987210297e-16,DB03
202105270000,105,21.0,0,0,0.3420201433256687,0.9396926207859084,DB03
202105270100,105,20.1,0,0,0.3420201433256689,-0.9396926207859083,DB04
202105270200,105,19.7,0,0,1.2246467991473532e-16,-1.0,DB04
202105270300,105,19.5,0,0,-0.34202014332566866,-0.9396926207859084,DB04
202105270400,105,19.3,0,0,-0.9396926207859084,-0.34202014332566855,DB04
202105270500,105,17.9,0,0,0.0,1.0,DB03
202105270600,105,17.3,0,0,-0.7660444431189779,-0.6427876096865395,DB04
202105270700,105,17.7,0,0,-0.9396926207859084,-0.34202014332566855,DB04
202105270800,105,19.5,0,0,-0.7660444431189779,-0.6427876096865395,DB04
202105270900,105,19.1,0,0,-0.7660444431189779,-0.6427876096865395,DB04
202105271000,105,17.9,100,1,-0.34202014332566866,-0.9396926207859084,DB04
202105271100,105,17.9,100,1,0.766044443118978,0.6427876096865394,DB04
202105271200,105,18.2,0,0,-0.6427876096865396,0.7660444431189778,DB04
202105271300,105,18.7,0,0,-0.34202014332566866,-0.9396926207859084,DB04
202105271400,105,19.6,0,0,-0.3420201433256686,0.9396926207859084,DB04
202105271500,105,17.9,0,0,0.0,1.0,DB04
202105271600,105,19.5,0,0,0.9396926207859083,0.3420201433256688,DB03
202105271700,105,20.5,0,0,0.766044443118978,0.6427876096865394,DB03
202105271800,105,17.5,0,0,-0.6427876096865396,0.7660444431189778,DB02
202105271900,105,17.1,0,0,-0.3420201433256686,0.9396926207859084,DB02
202105272000,105,16.3,0,0,-0.3420201433256686,0.9396926207859084,DB01
202105272100,105,15.7,0,0,0.0,1.0,DB02
202105272200,105,14.9,0,0,-0.7660444431189779,-0.6427876096865395,DB02
202105272300,105,14.2,0,0,-0.7660444431189779,-0.6427876096865395,DB01
202105280000,105,13.6,0,0,0.0,1.0,DB01
202105280100,105,12.9,0,0,-0.9396926207859084,-0.34202014332566855,DB01
202105280200,105,12.6,0,0,1.2246467991473532e-16,-1.0,DB01
202105280300,105,14.8,0,0,-0.7660444431189779,-0.6427876096865395,DB03
202105280400,105,15.6,0,0,-0.34202014332566866,-0.9396926207859084,DB04
202105280500,105,15.4,0,0,0.6427876096865395,-0.7660444431189779,DB04
202105280600,105,16.0,0,0,-0.7660444431189779,-0.6427876096865395,DB04
202105280700,105,17.0,0,0,-0.9396926207859084,-0.34202014332566855,DB04
202105280800,105,16.0,0,0,-0.9396926207859083,0.342020143325669,DB04
202105280900,105,15.8,100,1,-0.9396926207859083,0.342020143325669,DB04
202105281000,105,14.1,100,1,-0.9396926207859084,-0.34202014332566855,DB04
202105281100,105,12.8,100,1,1.2246467991473532e-16,-1.0,DB04
202105281200,105,12.7,100,1,0.3420201433256689,-0.9396926207859083,DB04
202105281300,105,14.4,100,1,1.2246467991473532e-16,-1.0,DB04
202105281400,105,16.4,0,0,-0.34202014332566866,-0.9396926207859084,DB04
202105281500,105,17.9,0,0,-0.7660444431189779,-0.6427876096865395,DB04
202105281600,105,19.6,0,0,-0.34202014332566866,-0.9396926207859084,DB04
202105281700,105,20.6,0,0,-0.9396926207859084,-0.34202014332566855,DB01
202105281800,105,20.3,0,0,-0.7660444431189779,-0.6427876096865395,DB02
202105281900,105,19.3,0,0,-0.9396926207859084,-0.34202014332566855,DB01
202105282000,105,18.4,0,0,-0.7660444431189779,-0.6427876096865395,DB03
202105282100,105,18.2,0,0,-0.9396926207859084,-0.34202014332566855,DB04
202105282200,105,17.7,0,0,-0.6427876096865396,0.7660444431189778,DB04
202105282300,105,16.0,0,0,-0.6427876096865396,0.7660444431189778,DB04
202105290000,105,15.0,100,1,-0.6427876096865396,0.7660444431189778,DB04
202105290100,105,14.6,100,1,-0.6427876096865396,0.7660444431189778,DB04
202105290200,105,14.3,0,0,-0.3420201433256686,0.9396926207859084,DB04
202105290300,105,14.0,100,1,-0.6427876096865396,0.7660444431189778,DB03
202105290400,105,13.8,0,0,-0.9396926207859083,0.342020143325669,DB03
202105290500,105,13.6,0,0,-0.9396926207859083,0.342020143325669,DB03
202105290600,105,13.8,0,0,-0.9396926207859083,0.342020143325669,DB04
202105290700,105,14.6,0,0,-0.3420201433256686,0.9396926207859084,DB01
202105290800,105,15.5,0,0,-1.0,-1.8369701987210297e-16,DB01
202105290900,105,17.4,0,0,1.0,6.123233995736766e-17,DB01
202105291000,105,19.1,0,0,0.766044443118978,0.6427876096865394,DB01
202105291100,105,19.8,0,0,1.0,6.123233995736766e-17,DB01
202105291200,105,20.3,0,0,0.9396926207859084,-0.3420201433256687,DB03
202105291300,105,21.2,0,0,0.9396926207859083,0.3420201433256688,DB03
202105291400,105,20.1,0,0,0.3420201433256687,0.9396926207859084,DB04
202105291500,105,20.9,0,0,-0.9396926207859084,-0.34202014332566855,DB03
202105291600,105,21.4,0,0,-0.9396926207859083,0.342020143325669,DB04
202105291700,105,20.7,0,0,-0.9396926207859084,-0.34202014332566855,DB04
202105291800,105,19.9,0,0,-0.7660444431189779,-0.6427876096865395,DB04
202105291900,105,18.8,0,0,-1.0,-1.8369701987210297e-16,DB04
202105292000,105,16.8,0,0,-0.7660444431189779,-0.6427876096865395,DB03
202105292100,105,17.1,0,0,-0.7660444431189779,-0.6427876096865395,DB03
202105292200,105,16.7,0,0,-0.9396926207859084,-0.34202014332566855,DB01
202105292300,105,16.2,0,0,-0.34202014332566866,-0.9396926207859084,DB01
202105300000,105,16.4,0,0,-0.7660444431189779,-0.6427876096865395,DB01
202105300100,105,16.0,0,0,-0.9396926207859084,-0.34202014332566855,DB01
202105300200,105,15.9,0,0,-0.9396926207859084,-0.34202014332566855,DB01
202105300300,105,15.1,0,0,-0.9396926207859084,-0.34202014332566855,DB01
202105300400,105,14.6,0,0,-0.9396926207859084,-0.34202014332566855,DB01
202105300500,105,14.1,0,0,-0.9396926207859084,-0.34202014332566855,DB01
202105300600,105,14.3,0,0,-0.9396926207859084,-0.34202014332566855,DB01
202105300700,105,15.6,0,0,-0.9396926207859084,-0.34202014332566855,DB01
202105300800,105,17.9,0,0,-0.7660444431189779,-0.6427876096865395,DB01
202105300900,105,20.2,0,0,1.2246467991473532e-16,-1.0,DB01
202105301000,105,22.0,0,0,1.0,6.123233995736766e-17,DB01
202105301100,105,22.8,0,0,0.9396926207859083,0.3420201433256688,DB01
202105301200,105,23.4,0,0,1.0,6.123233995736766e-17,DB01
202105301300,105,22.9,0,0,0.766044443118978,0.6427876096865394,DB01
202105301400,105,23.3,0,0,1.0,6.123233995736766e-17,DB01
202105301500,105,23.8,0,0,1.0,6.123233995736766e-17,DB01
202105301600,105,23.1,0,0,1.0,6.123233995736766e-17,DB01
202105301700,105,23.0,0,0,1.0,6.123233995736766e-17,DB01
202105301800,105,22.8,0,0,0.9396926207859084,-0.3420201433256687,DB01
202105301900,105,21.2,0,0,0.9396926207859084,-0.3420201433256687,DB02
202105302000,105,19.9,0,0,1.2246467991473532e-16,-1.0,DB03
202105302100,105,18.5,0,0,-0.9396926207859084,-0.34202014332566855,DB04
202105302200,105,18.0,0,0,-0.34202014332566866,-0.9396926207859084,DB04
202105302300,105,17.6,0,0,0.6427876096865395,-0.7660444431189779,DB04
202105310000,105,17.6,0,0,-0.3420201433256686,0.9396926207859084,DB04
202105310100,105,16.8,100,1,-0.6427876096865396,0.7660444431189778,DB04
202105310200,105,15.7,100,1,-0.6427876096865396,0.7660444431189778,DB04
202105310300,105,15.2,100,1,-0.34202014332566866,-0.9396926207859084,DB04
202105310400,105,15.1,100,1,0.6427876096865395,-0.7660444431189779,DB04
202105310500,105,14.9,0,0,1.2246467991473532e-16,-1.0,DB04
202105310600,105,15.2,0,0,0.0,1.0,DB03
202105310700,105,15.7,0,0,1.2246467991473532e-16,-1.0,DB03
202105310800,105,16.3,0,0,0.0,1.0,DB03
202105310900,105,17.5,0,0,0.6427876096865395,-0.7660444431189779,DB03
202105311000,105,17.8,0,0,-0.3420201433256686,0.9396926207859084,DB03
202105311100,105,17.4,0,0,0.0,1.0,DB03
202105311200,105,18.2,0,0,-0.3420201433256686,0.9396926207859084,DB03
202105311300,105,19.6,0,0,-0.9396926207859083,0.342020143325669,DB04
202105311400,105,19.8,0,0,0.766044443118978,0.6427876096865394,DB04
202105311500,105,18.8,0,0,0.766044443118978,0.6427876096865394,DB04
202105311600,105,19.1,0,0,-0.3420201433256686,0.9396926207859084,DB03
202105311700,105,19.0,0,0,1.0,6.123233995736766e-17,DB03
202105311800,105,18.4,0,0,1.0,6.123233995736766e-17,DB02
202105311900,105,17.8,0,0,0.6427876096865395,-0.7660444431189779,DB02
202105312000,105,17.6,0,0,0.6427876096865395,-0.7660444431189779,DB03
202105312100,105,17.3,0,0,0.9396926207859084,-0.3420201433256687,DB02
202105312200,105,16.7,0,0,0.6427876096865395,-0.7660444431189779,DB03
202105312300,105,16.1,0,0,0.0,1.0,DB03
202106010000,105,15.5,0,0,0.0,1.0,DB02
202106010100,105,15.2,0,0,0.0,1.0,DB01
202106010200,105,14.8,0,0,0.0,1.0,DB02
202106010300,105,14.4,0,0,0.0,1.0,DB02
202106010400,105,14.0,0,0,0.0,1.0,DB03
202106010500,105,14.1,0,0,-0.9396926207859084,-0.34202014332566855,DB03
202106010600,105,14.1,0,0,0.3420201433256689,-0.9396926207859083,DB03
202106010700,105,15.0,0,0,-0.6427876096865396,0.7660444431189778,DB04
202106010800,105,15.5,100,1,1.2246467991473532e-16,-1.0,DB04
202106010900,105,16.8,0,0,-0.34202014332566866,-0.9396926207859084,DB04
202106011000,105,18.5,0,0,0.3420201433256689,-0.9396926207859083,DB04
202106011100,105,22.1,0,0,0.6427876096865395,-0.7660444431189779,DB04
202106011200,105,23.3,0,0,1.0,6.123233995736766e-17,DB04
202106011300,105,24.9,0,0,0.9396926207859083,0.3420201433256688,DB03
202106011400,105,24.5,0,0,0.3420201433256687,0.9396926207859084,DB04
202106011500,105,25.1,0,0,-0.3420201433256686,0.9396926207859084,DB04
202106011600,105,24.8,0,0,0.766044443118978,0.6427876096865394,DB04
202106011700,105,23.7,0,0,0.0,1.0,DB04
202106011800,105,22.8,0,0,0.6427876096865395,-0.7660444431189779,DB04
202106011900,105,22.4,0,0,-0.6427876096865396,0.7660444431189778,DB04
202106012000,105,21.4,0,0,-0.6427876096865396,0.7660444431189778,DB04
202106012100,105,20.9,0,0,1.2246467991473532e-16,-1.0,DB04
202106012200,105,20.6,0,0,0.0,1.0,DB04
202106012300,105,20.1,0,0,0.0,1.0,DB04
202106020000,105,19.3,0,0,0.0,1.0,DB04
202106020100,105,18.6,0,0,-0.34202014332566866,-0.9396926207859084,DB03
202106020200,105,18.1,0,0,-0.7660444431189779,-0.6427876096865395,DB03
202106020300,105,17.8,0,0,1.2246467991473532e-16,-1.0,DB03
202106020400,105,17.7,0,0,0.6427876096865395,-0.7660444431189779,DB04
202106020500,105,17.4,0,0,0.0,1.0,DB03
202106020600,105,17.1,0,0,0.0,1.0,DB02
202106020700,105,18.0,0,0,-0.34202014332566866,-0.9396926207859084,DB01
202106020800,105,20.3,0,0,0.6427876096865395,-0.7660444431189779,DB01
202106020900,105,22.8,0,0,0.9396926207859084,-0.3420201433256687,DB01
202106021000,105,23.2,0,0,0.9396926207859083,0.3420201433256688,DB01
202106021100,105,23.4,0,0,0.9396926207859083,0.3420201433256688,DB01
202106021200,105,24.8,0,0,0.9396926207859083,0.3420201433256688,DB02
202106021300,105,24.3,0,0,1.0,6.123233995736766e-17,DB03
202106021400,105,23.9,0,0,0.766044443118978,0.6427876096865394,DB03
202106021500,105,24.3,0,0,-0.3420201433256686,0.9396926207859084,DB03
202106021600,105,24.7,0,0,0.766044443118978,0.6427876096865394,DB03
202106021700,105,23.5,0,0,0.3420201433256687,0.9396926207859084,DB01
202106021800,105,22.2,0,0,0.3420201433256687,0.9396926207859084,DB02
202106021900,105,20.8,0,0,-0.3420201433256686,0.9396926207859084,DB02
202106022000,105,19.6,0,0,-0.3420201433256686,0.9396926207859084,DB03
202106022100,105,18.8,0,0,-0.6427876096865396,0.7660444431189778,DB03
202106022200,105,18.0,0,0,-0.6427876096865396,0.7660444431189778,DB03
202106022300,105,17.9,0,0,0.0,1.0,DB01
202106030000,105,17.7,0,0,0.6427876096865395,-0.7660444431189779,DB03
202106030100,105,17.6,0,0,1.2246467991473532e-16,-1.0,DB03
202106030200,105,17.3,0,0,1.0,6.123233995736766e-17,DB03
202106030300,105,17.0,0,0,-0.3420201433256686,0.9396926207859084,DB03
202106030400,105,16.8,0,0,-0.3420201433256686,0.9396926207859084,DB03
202106030500,105,16.7,0,0,-0.6427876096865396,0.7660444431189778,DB03
202106030600,105,16.5,0,0,-0.9396926207859084,-0.34202014332566855,DB03
202106030700,105,16.8,0,0,0.0,1.0,DB03
202106030800,105,18.3,0,0,-0.9396926207859084,-0.34202014332566855,DB03
202106030900,105,21.0,0,0,1.0,6.123233995736766e-17,DB03
202106031000,105,21.3,0,0,0.766044443118978,0.6427876096865394,DB04
202106031100,105,21.3,0,0,0.3420201433256687,0.9396926207859084,DB04
202106031200,105,23.7,0,0,1.0,6.123233995736766e-17,DB04
202106031300,105,24.5,0,0,0.6427876096865395,-0.7660444431189779,DB04
202106031400,105,24.1,0,0,0.6427876096865395,-0.7660444431189779,DB04
202106031500,105,22.0,100,1,-0.34202014332566866,-0.9396926207859084,DB04
202106031600,105,21.8,0,0,1.0,6.123233995736766e-17,DB04
202106031700,105,21.3,100,1,0.9396926207859083,0.3420201433256688,DB04
202106031800,105,20.7,100,1,-0.6427876096865396,0.7660444431189778,DB04
202106031900,105,19.9,100,1,-0.6427876096865396,0.7660444431189778,DB04
202106032000,105,19.0,100,1,-0.9396926207859083,0.342020143325669,DB04
202106032100,105,18.7,100,1,-0.9396926207859083,0.342020143325669,DB04
202106032200,105,16.1,100,1,-0.9396926207859083,0.342020143325669,DB04
202106032300,105,15.1,100,1,1.2246467991473532e-16,-1.0,DB04
202106040000,105,15.1,100,1,-0.34202014332566866,-0.9396926207859084,DB04
202106040100,105,14.7,100,1,-0.6427876096865396,0.7660444431189778,DB04
202106040200,105,14.2,100,1,-0.7660444431189779,-0.6427876096865395,DB04
202106040300,105,14.5,0,0,-0.7660444431189779,-0.6427876096865395,DB04
202106040400,105,14.9,0,0,-0.9396926207859084,-0.34202014332566855,DB03
202106040500,105,14.4,0,0,-0.7660444431189779,-0.6427876096865395,DB03
202106040600,105,14.9,0,0,-0.34202014332566866,-0.9396926207859084,DB03
202106040700,105,16.5,0,0,-0.7660444431189779,-0.6427876096865395,DB03
202106040800,105,17.8,0,0,-0.7660444431189779,-0.6427876096865395,DB03
202106040900,105,19.9,0,0,-0.34202014332566866,-0.9396926207859084,DB03
202106041000,105,21.6,0,0,-0.7660444431189779,-0.6427876096865395,DB01
202106041100,105,23.5,0,0,-0.34202014332566866,-0.9396926207859084,DB01
202106041200,105,24.8,0,0,-0.7660444431189779,-0.6427876096865395,DB01
202106041300,105,25.8,0,0,-1.0,-1.8369701987210297e-16,DB01
202106041400,105,27.1,0,0,-0.9396926207859084,-0.34202014332566855,DB01
202106041500,105,27.1,0,0,-0.7660444431189779,-0.6427876096865395,DB01
202106041600,105,26.3,0,0,-0.7660444431189779,-0.6427876096865395,DB01
202106041700,105,25.7,0,0,-0.7660444431189779,-0.6427876096865395,DB01
202106041800,105,25.5,0,0,-0.7660444431189779,-0.6427876096865395,DB01
202106041900,105,24.5,0,0,-0.7660444431189779,-0.6427876096865395,DB01
202106042000,105,23.3,0,0,-0.7660444431189779,-0.6427876096865395,DB01
202106042100,105,22.4,0,0,-0.7660444431189779,-0.6427876096865395,DB01
202106042200,105,21.4,0,0,-0.34202014332566866,-0.9396926207859084,DB02
202106042300,105,21.2,0,0,-0.7660444431189779,-0.6427876096865395,DB01
202106050000,105,21.7,0,0,-0.7660444431189779,-0.6427876096865395,DB01
202106050100,105,21.4,0,0,-0.7660444431189779,-0.6427876096865395,DB01
202106050200,105,20.7,0,0,-0.34202014332566866,-0.9396926207859084,DB02
202106050300,105,20.2,0,0,0.3420201433256689,-0.9396926207859083,DB01
202106050400,105,19.7,0,0,0.3420201433256689,-0.9396926207859083,DB01
202106050500,105,19.8,0,0,0.3420201433256689,-0.9396926207859083,DB01
202106050600,105,20.3,0,0,1.2246467991473532e-16,-1.0,DB01
202106050700,105,20.7,0,0,-0.7660444431189779,-0.6427876096865395,DB01
202106050800,105,21.7,0,0,-0.34202014332566866,-0.9396926207859084,DB01
202106050900,105,22.2,0,0,1.2246467991473532e-16,-1.0,DB01
202106051000,105,22.8,0,0,-0.34202014332566866,-0.9396926207859084,DB02
202106051100,105,23.2,0,0,-0.34202014332566866,-0.9396926207859084,DB01
202106051200,105,24.6,0,0,-0.34202014332566866,-0.9396926207859084,DB02
202106051300,105,26.0,0,0,-0.7660444431189779,-0.6427876096865395,DB02
202106051400,105,26.3,0,0,-0.7660444431189779,-0.6427876096865395,DB01
202106051500,105,27.2,0,0,-1.0,-1.8369701987210297e-16,DB01
202106051600,105,27.6,0,0,-0.9396926207859084,-0.34202014332566855,DB01
202106051700,105,28.0,0,0,-1.0,-1.8369701987210297e-16,DB01
202106051800,105,27.7,0,0,-0.9396926207859084,-0.34202014332566855,DB01
202106051900,105,26.9,0,0,-0.9396926207859084,-0.34202014332566855,DB01
202106052000,105,25.5,0,0,-1.0,-1.8369701987210297e-16,DB01
202106052100,105,24.7,0,0,-0.9396926207859084,-0.34202014332566855,DB01
202106052200,105,23.9,0,0,-0.9396926207859084,-0.34202014332566855,DB01
202106052300,105,23.5,0,0,-0.7660444431189779,-0.6427876096865395,DB01
202106060000,105,22.8,0,0,-1.0,-1.8369701987210297e-16,DB01
202106060100,105,22.0,0,0,-1.0,-1.8369701987210297e-16,DB01
202106060200,105,21.4,0,0,-0.7660444431189779,-0.6427876096865395,DB01
202106060300,105,20.9,0,0,-0.7660444431189779,-0.6427876096865395,DB01
202106060400,105,20.7,0,0,-0.7660444431189779,-0.6427876096865395,DB01
202106060500,105,20.6,0,0,-0.7660444431189779,-0.6427876096865395,DB01
202106060600,105,21.1,0,0,-0.7660444431189779,-0.6427876096865395,DB01
202106060700,105,22.1,0,0,-0.7660444431189779,-0.6427876096865395,DB01
202106060800,105,23.4,0,0,-0.7660444431189779,-0.6427876096865395,DB01
202106060900,105,25.1,0,0,-0.7660444431189779,-0.6427876096865395,DB02
202106061000,105,27.6,0,0,-0.34202014332566866,-0.9396926207859084,DB02
202106061100,105,29.2,0,0,1.2246467991473532e-16,-1.0,DB01
202106061200,105,28.7,0,0,0.9396926207859083,0.3420201433256688,DB01
202106061300,105,29.2,0,0,0.9396926207859083,0.3420201433256688,DB01
202106061400,105,29.2,0,0,0.9396926207859083,0.3420201433256688,DB01
202106061500,105,29.6,0,0,1.0,6.123233995736766e-17,DB02
202106061600,105,29.3,0,0,1.0,6.123233995736766e-17,DB01
202106061700,105,27.3,0,0,-0.6427876096865396,0.7660444431189778,DB02
202106061800,105,29.0,0,0,0.766044443118978,0.6427876096865394,DB01
202106061900,105,28.4,0,0,-0.3420201433256686,0.9396926207859084,DB01
202106062000,105,25.9,0,0,-1.0,-1.8369701987210297e-16,DB01
202106062100,105,24.8,0,0,0.9396926207859084,-0.3420201433256687,DB01
202106062200,105,25.3,0,0,-0.7660444431189779,-0.6427876096865395,DB01
202106062300,105,24.8,0,0,-0.9396926207859084,-0.34202014332566855,DB03
202106070000,105,25.3,0,0,-0.7660444431189779,-0.6427876096865395,DB03
202106070100,105,25.4,0,0,-0.7660444431189779,-0.6427876096865395,DB03
202106070200,105,25.1,0,0,-0.9396926207859084,-0.34202014332566855,DB03
202106070300,105,24.6,0,0,-0.7660444431189779,-0.6427876096865395,DB01
202106070400,105,23.9,0,0,-0.7660444431189779,-0.6427876096865395,DB01
202106070500,105,23.4,0,0,0.9396926207859083,0.3420201433256688,DB04
202106070600,105,23.1,0,0,-0.34202014332566866,-0.9396926207859084,DB03
202106070700,105,24.2,0,0,-0.34202014332566866,-0.9396926207859084,DB03
202106070800,105,25.4,0,0,-0.34202014332566866,-0.9396926207859084,DB03
202106070900,105,27.0,0,0,-0.9396926207859084,-0.34202014332566855,DB01
202106071000,105,27.9,0,0,-0.34202014332566866,-0.9396926207859084,DB01
202106071100,105,29.3,0,0,-0.7660444431189779,-0.6427876096865395,DB03
202106071200,105,27.5,0,0,-0.9396926207859083,0.342020143325669,DB04
202106071300,105,28.5,0,0,-0.7660444431189779,-0.6427876096865395,DB03
202106071400,105,30.2,0,0,-0.34202014332566866,-0.9396926207859084,DB03
202106071500,105,29.2,0,0,-0.7660444431189779,-0.6427876096865395,DB04
202106071600,105,28.6,0,0,-0.9396926207859084,-0.34202014332566855,DB03
202106071700,105,27.5,0,0,-0.7660444431189779,-0.6427876096865395,DB04
202106071800,105,27.1,0,0,-0.7660444431189779,-0.6427876096865395,DB04
202106071900,105,26.3,0,0,-0.9396926207859084,-0.34202014332566855,DB04
202106072000,105,25.9,0,0,-0.9396926207859084,-0.34202014332566855,DB04
202106072100,105,25.2,0,0,-0.7660444431189779,-0.6427876096865395,DB04
202106072200,105,24.8,0,0,-0.9396926207859084,-0.34202014332566855,DB04
202106072300,105,24.6,0,0,-1.0,-1.8369701987210297e-16,DB04
202106080000,105,24.7,0,0,-0.7660444431189779,-0.6427876096865395,DB04
202106080100,105,24.1,0,0,-0.7660444431189779,-0.6427876096865395,DB04
202106080200,105,23.4,0,0,-0.9396926207859083,0.342020143325669,DB04
202106080300,105,22.5,0,0,-0.7660444431189779,-0.6427876096865395,DB04
202106080400,105,22.0,0,0,-0.7660444431189779,-0.6427876096865395,DB04
202106080500,105,21.5,0,0,-0.7660444431189779,-0.6427876096865395,DB04
202106080600,105,21.8,0,0,-0.9396926207859084,-0.34202014332566855,DB04
202106080700,105,22.5,0,0,-0.9396926207859083,0.342020143325669,DB03
202106080800,105,21.4,0,0,-1.0,-1.8369701987210297e-16,DB04
202106080900,105,22.1,0,0,1.0,6.123233995736766e-17,DB03
202106081000,105,24.3,0,0,0.3420201433256687,0.9396926207859084,DB03
202106081100,105,24.4,0,0,0.3420201433256687,0.9396926207859084,DB03
202106081200,105,25.1,0,0,0.766044443118978,0.6427876096865394,DB03
202106081300,105,25.1,0,0,1.0,6.123233995736766e-17,DB04
202106081400,105,25.5,0,0,0.9396926207859083,0.3420201433256688,DB04
202106081500,105,25.8,0,0,1.0,6.123233995736766e-17,DB03
202106081600,105,24.7,0,0,0.9396926207859083,0.3420201433256688,DB04
202106081700,105,23.3,0,0,1.0,6.123233995736766e-17,DB04
202106081800,105,22.8,0,0,0.3420201433256687,0.9396926207859084,DB04
202106081900,105,22.7,0,0,-0.6427876096865396,0.7660444431189778,DB03
202106082000,105,21.7,0,0,-0.6427876096865396,0.7660444431189778,DB03
202106082100,105,21.0,0,0,-0.9396926207859083,0.342020143325669,DB03
202106082200,105,20.6,0,0,-0.6427876096865396,0.7660444431189778,DB04
202106082300,105,20.0,0,0,-0.7660444431189779,-0.6427876096865395,DB03
202106090000,105,19.5,0,0,-0.7660444431189779,-0.6427876096865395,DB01
202106090100,105,19.2,0,0,-0.9396926207859084,-0.34202014332566855,DB03
202106090200,105,19.1,0,0,-0.7660444431189779,-0.6427876096865395,DB04
202106090300,105,19.3,0,0,-0.34202014332566866,-0.9396926207859084,DB04
202106090400,105,19.4,0,0,-0.6427876096865396,0.7660444431189778,DB04
202106090500,105,19.0,0,0,-0.9396926207859083,0.342020143325669,DB03
202106090600,105,18.7,0,0,-0.6427876096865396,0.7660444431189778,DB02
202106090700,105,19.1,0,0,-0.3420201433256686,0.9396926207859084,DB02
202106090800,105,20.7,0,0,0.9396926207859084,-0.3420201433256687,DB01
202106090900,105,22.4,0,0,0.9396926207859084,-0.3420201433256687,DB03
202106091000,105,23.4,0,0,0.9396926207859083,0.3420201433256688,DB03
202106091100,105,24.1,0,0,0.9396926207859083,0.3420201433256688,DB03
202106091200,105,24.4,0,0,0.766044443118978,0.6427876096865394,DB02
202106091300,105,25.9,0,0,1.0,6.123233995736766e-17,DB01
202106091400,105,27.1,0,0,1.0,6.123233995736766e-17,DB01
202106091500,105,27.4,0,0,1.0,6.123233995736766e-17,DB03
202106091600,105,27.7,0,0,0.9396926207859083,0.3420201433256688,DB02
202106091700,105,27.5,0,0,0.766044443118978,0.6427876096865394,DB02
202106091800,105,26.4,0,0,0.3420201433256687,0.9396926207859084,DB02
202106091900,105,24.3,0,0,0.0,1.0,DB01
202106092000,105,23.0,0,0,-0.6427876096865396,0.7660444431189778,DB03
202106092100,105,21.4,0,0,-0.6427876096865396,0.7660444431189778,DB02
202106092200,105,20.8,0,0,-0.6427876096865396,0.7660444431189778,DB02
202106092300,105,20.4,0,0,0.9396926207859083,0.3420201433256688,DB02
202106100000,105,20.2,0,0,-0.6427876096865396,0.7660444431189778,DB02
202106100100,105,20.0,0,0,0.0,1.0,DB03
202106100200,105,19.5,0,0,-0.6427876096865396,0.7660444431189778,DB03
202106100300,105,18.8,0,0,-0.6427876096865396,0.7660444431189778,DB03
202106100400,105,18.7,0,0,-0.6427876096865396,0.7660444431189778,DB02
202106100500,105,18.8,0,0,-0.6427876096865396,0.7660444431189778,DB02
202106100600,105,18.9,0,0,0.0,1.0,DB03
202106100700,105,19.0,0,0,-0.3420201433256686,0.9396926207859084,DB03
202106100800,105,19.0,0,0,0.0,1.0,DB03
202106100900,105,19.3,0,0,-0.6427876096865396,0.7660444431189778,DB04
202106101000,105,19.8,0,0,-0.9396926207859083,0.342020143325669,DB04
202106101100,105,20.7,0,0,0.9396926207859083,0.3420201433256688,DB04
202106101200,105,21.2,0,0,0.9396926207859083,0.3420201433256688,DB03
202106101300,105,21.1,0,0,1.0,6.123233995736766e-17,DB04
202106101400,105,21.1,0,0,0.3420201433256687,0.9396926207859084,DB04
202106101500,105,21.5,0,0,0.9396926207859083,0.3420201433256688,DB04
202106101600,105,22.0,0,0,-0.6427876096865396,0.7660444431189778,DB04
202106101700,105,22.2,0,0,0.766044443118978,0.6427876096865394,DB04
202106101800,105,21.3,0,0,0.3420201433256687,0.9396926207859084,DB04
202106101900,105,20.6,0,0,0.0,1.0,DB04
202106102000,105,20.1,0,0,-0.6427876096865396,0.7660444431189778,DB04
202106102100,105,19.8,0,0,-0.3420201433256686,0.9396926207859084,DB04
202106102200,105,19.7,0,0,0.0,1.0,DB04
202106102300,105,19.6,0,0,-0.6427876096865396,0.7660444431189778,DB04
202106110000,105,19.5,0,0,0.3420201433256687,0.9396926207859084,DB04
202106110100,105,19.5,0,0,0.0,1.0,DB04
202106110200,105,19.3,100,1,0.3420201433256687,0.9396926207859084,DB04
202106110300,105,19.0,100,1,1.0,6.123233995736766e-17,DB04
202106110400,105,18.9,100,1,-0.3420201433256686,0.9396926207859084,DB04
202106110500,105,19.2,0,0,0.9396926207859083,0.3420201433256688,DB04
202106110600,105,22.9,0,0,1.2246467991473532e-16,-1.0,DB04
202106110700,105,23.2,0,0,1.2246467991473532e-16,-1.0,DB04
202106110800,105,23.4,0,0,1.2246467991473532e-16,-1.0,DB04
202106110900,105,25.0,0,0,1.2246467991473532e-16,-1.0,DB03
202106111000,105,25.9,0,0,1.2246467991473532e-16,-1.0,DB03
202106111100,105,27.1,0,0,1.2246467991473532e-16,-1.0,DB03
202106111200,105,27.9,0,0,1.2246467991473532e-16,-1.0,DB02
202106111300,105,28.7,0,0,-0.7660444431189779,-0.6427876096865395,DB02
202106111400,105,29.3,0,0,-0.7660444431189779,-0.6427876096865395,DB02
202106111500,105,29.4,0,0,-0.9396926207859084,-0.34202014332566855,DB02
202106111600,105,29.8,0,0,-1.0,-1.8369701987210297e-16,DB03
202106111700,105,29.2,0,0,-0.7660444431189779,-0.6427876096865395,DB03
202106111800,105,27.8,0,0,-0.7660444431189779,-0.6427876096865395,DB02
202106111900,105,27.2,0,0,-0.7660444431189779,-0.6427876096865395,DB01
202106112000,105,25.9,0,0,-0.7660444431189779,-0.6427876096865395,DB01
202106112100,105,24.5,0,0,-0.7660444431189779,-0.6427876096865395,DB01
202106112200,105,23.7,0,0,-0.9396926207859084,-0.34202014332566855,DB01
202106112300,105,23.2,0,0,-0.9396926207859084,-0.34202014332566855,DB01
202106120000,105,22.8,0,0,-0.9396926207859084,-0.34202014332566855,DB01
202106120100,105,22.4,0,0,-0.9396926207859084,-0.34202014332566855,DB01
202106120200,105,21.9,0,0,-0.7660444431189779,-0.6427876096865395,DB01
202106120300,105,21.5,0,0,-0.9396926207859084,-0.34202014332566855,DB01
202106120400,105,21.1,0,0,-0.7660444431189779,-0.6427876096865395,DB01
202106120500,105,20.7,0,0,-0.7660444431189779,-0.6427876096865395,DB01
202106120600,105,20.7,0,0,-0.9396926207859084,-0.34202014332566855,DB01
202106120700,105,22.1,0,0,-0.9396926207859084,-0.34202014332566855,DB01
202106120800,105,24.3,0,0,-0.7660444431189779,-0.6427876096865395,DB01
202106120900,105,26.7,0,0,1.0,6.123233995736766e-17,DB02
202106121000,105,27.5,0,0,1.0,6.123233995736766e-17,DB01
202106121100,105,27.9,0,0,1.0,6.123233995736766e-17,DB02
202106121200,105,28.5,0,0,0.9396926207859083,0.3420201433256688,DB02
202106121300,105,28.6,0,0,1.0,6.123233995736766e-17,DB02
202106121400,105,28.8,0,0,1.0,6.123233995736766e-17,DB02
202106121500,105,28.6,0,0,1.0,6.123233995736766e-17,DB03
202106121600,105,28.5,0,0,1.0,6.123233995736766e-17,DB03
202106121700,105,29.0,0,0,0.9396926207859083,0.3420201433256688,DB03
202106121800,105,29.1,0,0,0.766044443118978,0.6427876096865394,DB02
202106121900,105,26.8,0,0,0.0,1.0,DB02
202106122000,105,24.7,0,0,-0.6427876096865396,0.7660444431189778,DB03
202106122100,105,22.9,0,0,-0.6427876096865396,0.7660444431189778,DB03
202106122200,105,22.3,0,0,0.6427876096865395,-0.7660444431189779,DB03
202106122300,105,21.6,0,0,0.3420201433256689,-0.9396926207859083,DB03
202106130000,105,21.1,0,0,1.2246467991473532e-16,-1.0,DB02
202106130100,105,20.3,0,0,-0.9396926207859084,-0.34202014332566855,DB02
202106130200,105,19.6,0,0,-0.9396926207859084,-0.34202014332566855,DB01
202106130300,105,19.1,0,0,0.0,1.0,DB02
202106130400,105,18.6,0,0,-0.34202014332566866,-0.9396926207859084,DB01
202106130500,105,18.0,0,0,-0.34202014332566866,-0.9396926207859084,DB02
202106130600,105,18.4,0,0,1.2246467991473532e-16,-1.0,DB02
202106130700,105,19.9,0,0,-0.6427876096865396,0.7660444431189778,DB03
202106130800,105,21.3,0,0,0.9396926207859083,0.3420201433256688,DB03
202106130900,105,22.8,0,0,0.9396926207859083,0.3420201433256688,DB03
202106131000,105,24.4,0,0,0.9396926207859083,0.3420201433256688,DB03
202106131100,105,24.8,0,0,0.9396926207859083,0.3420201433256688,DB03
202106131200,105,24.9,0,0,0.3420201433256687,0.9396926207859084,DB03
202106131300,105,26.2,0,0,0.9396926207859083,0.3420201433256688,DB02
202106131400,105,26.7,0,0,0.9396926207859083,0.3420201433256688,DB02
202106131500,105,26.9,0,0,1.0,6.123233995736766e-17,DB01
202106131600,105,27.4,0,0,0.3420201433256687,0.9396926207859084,DB02
202106131700,105,27.1,0,0,1.0,6.123233995736766e-17,DB02
202106131800,105,25.7,0,0,0.9396926207859083,0.3420201433256688,DB01
202106131900,105,23.6,0,0,0.9396926207859083,0.3420201433256688,DB01
202106132000,105,22.5,0,0,-0.3420201433256686,0.9396926207859084,DB03
202106132100,105,22.1,0,0,0.9396926207859083,0.3420201433256688,DB03
202106132200,105,21.9,0,0,0.9396926207859083,0.3420201433256688,DB03
202106132300,105,21.6,0,0,0.3420201433256689,-0.9396926207859083,DB03
202106140000,105,21.4,0,0,-0.34202014332566866,-0.9396926207859084,DB03
202106140100,105,20.5,0,0,-0.34202014332566866,-0.9396926207859084,DB03
202106140200,105,20.2,0,0,-0.34202014332566866,-0.9396926207859084,DB03
202106140300,105,19.5,0,0,-0.7660444431189779,-0.6427876096865395,DB03
202106140400,105,19.2,0,0,-0.7660444431189779,-0.6427876096865395,DB03
202106140500,105,19.0,0,0,-0.9396926207859084,-0.34202014332566855,DB03
202106140600,105,18.9,0,0,-0.7660444431189779,-0.6427876096865395,DB02
202106140700,105,19.8,0,0,-0.7660444431189779,-0.6427876096865395,DB03
202106140800,105,20.8,0,0,-0.9396926207859083,0.342020143325669,DB04
202106140900,105,21.9,0,0,-0.3420201433256686,0.9396926207859084,DB04
202106141000,105,24.1,0,0,1.0,6.123233995736766e-17,DB03
202106141100,105,25.1,0,0,0.3420201433256687,0.9396926207859084,DB03
202106141200,105,23.9,0,0,0.0,1.0,DB04
202106141300,105,25.0,0,0,0.766044443118978,0.6427876096865394,DB03
202106141400,105,25.5,0,0,0.766044443118978,0.6427876096865394,DB03
202106141500,105,24.6,0,0,0.766044443118978,0.6427876096865394,DB03
202106141600,105,23.8,0,0,0.9396926207859083,0.3420201433256688,DB03
202106141700,105,23.9,0,0,0.766044443118978,0.6427876096865394,DB02
202106141800,105,23.2,0,0,0.9396926207859083,0.3420201433256688,DB02
202106141900,105,22.2,0,0,0.3420201433256687,0.9396926207859084,DB03
202106142000,105,21.6,0,0,0.9396926207859084,-0.3420201433256687,DB03
202106142100,105,21.4,0,0,0.9396926207859084,-0.3420201433256687,DB03
202106142200,105,21.1,0,0,0.6427876096865395,-0.7660444431189779,DB03
202106142300,105,20.9,0,0,0.6427876096865395,-0.7660444431189779,DB03
202106150000,105,20.8,0,0,-0.34202014332566866,-0.9396926207859084,DB03
202106150100,105,20.7,0,0,0.9396926207859084,-0.3420201433256687,DB02
202106150200,105,20.5,0,0,0.9396926207859084,-0.3420201433256687,DB04
202106150300,105,20.5,0,0,0.9396926207859084,-0.3420201433256687,DB04
202106150400,105,20.3,0,0,0.6427876096865395,-0.7660444431189779,DB04
202106150500,105,20.2,0,0,-0.3420201433256686,0.9396926207859084,DB04
202106150600,105,20.2,0,0,1.0,6.123233995736766e-17,DB03
202106150700,105,20.6,0,0,0.766044443118978,0.6427876096865394,DB04
202106150800,105,20.5,0,0,1.0,6.123233995736766e-17,DB04
202106150900,105,20.6,0,0,1.0,6.123233995736766e-17,DB04
202106151000,105,21.2,0,0,0.766044443118978,0.6427876096865394,DB04
202106151100,105,21.4,0,0,0.766044443118978,0.6427876096865394,DB04
202106151200,105,21.3,0,0,0.766044443118978,0.6427876096865394,DB04
202106151300,105,21.8,0,0,0.9396926207859083,0.3420201433256688,DB04
202106151400,105,22.2,0,0,0.3420201433256687,0.9396926207859084,DB04
202106151500,105,21.9,0,0,0.9396926207859083,0.3420201433256688,DB04
202106151600,105,22.0,0,0,0.766044443118978,0.6427876096865394,DB04
202106151700,105,21.7,0,0,0.9396926207859083,0.3420201433256688,DB04
202106151800,105,21.7,0,0,0.9396926207859083,0.3420201433256688,DB04
202106151900,105,21.9,0,0,0.9396926207859083,0.3420201433256688,DB04
202106152000,105,21.1,0,0,1.0,6.123233995736766e-17,DB04
202106152100,105,20.8,0,0,1.0,6.123233995736766e-17,DB04
202106152200,105,20.4,100,1,1.0,6.123233995736766e-17,DB03
202106152300,105,20.3,0,0,0.9396926207859084,-0.3420201433256687,DB02
202106160000,105,20.2,0,0,0.9396926207859083,0.3420201433256688,DB04
202106160100,105,20.0,0,0,0.9396926207859083,0.3420201433256688,DB03
202106160200,105,19.8,100,1,0.9396926207859083,0.3420201433256688,DB04
202106160300,105,19.4,100,1,0.9396926207859083,0.3420201433256688,DB03
202106160400,105,19.2,100,1,1.0,6.123233995736766e-17,DB02
202106160500,105,19.4,100,1,0.9396926207859083,0.3420201433256688,DB03
202106160600,105,19.4,0,0,0.766044443118978,0.6427876096865394,DB04
202106160700,105,19.4,0,0,0.766044443118978,0.6427876096865394,DB03
202106160800,105,18.9,100,1,1.0,6.123233995736766e-17,DB04
202106160900,105,19.4,100,1,0.9396926207859083,0.3420201433256688,DB04
202106161000,105,20.0,0,0,1.0,6.123233995736766e-17,DB04
202106161100,105,20.1,0,0,1.0,6.123233995736766e-17,DB04
202106161200,105,20.0,100,1,1.0,6.123233995736766e-17,DB04
202106161300,105,19.8,0,0,1.0,6.123233995736766e-17,DB04
202106161400,105,19.8,0,0,1.0,6.123233995736766e-17,DB04
202106161500,105,20.0,0,0,1.0,6.123233995736766e-17,DB04
202106161600,105,20.9,0,0,0.766044443118978,0.6427876096865394,DB04
202106161700,105,20.5,0,0,0.766044443118978,0.6427876096865394,DB04
202106161800,105,20.2,0,0,0.3420201433256687,0.9396926207859084,DB04
202106161900,105,19.8,0,0,-0.3420201433256686,0.9396926207859084,DB04
202106162000,105,19.5,0,0,0.766044443118978,0.6427876096865394,DB04
202106162100,105,19.3,0,0,0.0,1.0,DB04
202106162200,105,19.1,0,0,0.9396926207859084,-0.3420201433256687,DB04
202106162300,105,18.8,0,0,0.3420201433256689,-0.9396926207859083,DB03
202106170000,105,18.7,0,0,-0.3420201433256686,0.9396926207859084,DB03
202106170100,105,18.5,0,0,0.0,1.0,DB04
202106170200,105,18.3,0,0,-0.7660444431189779,-0.6427876096865395,DB04
202106170300,105,18.0,0,0,-0.7660444431189779,-0.6427876096865395,DB04
202106170400,105,17.8,0,0,-0.7660444431189779,-0.6427876096865395,DB03
202106170500,105,17.2,0,0,-0.9396926207859084,-0.34202014332566855,DB04
202106170600,105,16.9,0,0,-0.7660444431189779,-0.6427876096865395,DB04
202106170700,105,17.1,0,0,-0.7660444431189779,-0.6427876096865395,DB04
202106170800,105,17.7,0,0,-0.7660444431189779,-0.6427876096865395,DB04
202106170900,105,18.8,0,0,1.2246467991473532e-16,-1.0,DB04
202106171000,105,19.9,0,0,0.6427876096865395,-0.7660444431189779,DB04
202106171100,105,20.8,0,0,0.9396926207859084,-0.3420201433256687,DB04
202106171200,105,21.4,0,0,1.0,6.123233995736766e-17,DB04
202106171300,105,21.7,0,0,0.6427876096865395,-0.7660444431189779,DB04
202106171400,105,22.1,0,0,1.0,6.123233995736766e-17,DB04
202106171500,105,21.1,0,0,0.9396926207859084,-0.3420201433256687,DB04
202106171600,105,21.2,0,0,0.9396926207859084,-0.3420201433256687,DB04
202106171700,105,21.3,0,0,1.0,6.123233995736766e-17,DB04
202106171800,105,20.7,0,0,0.9396926207859084,-0.3420201433256687,DB04
202106171900,105,20.6,0,0,0.3420201433256689,-0.9396926207859083,DB04
202106172000,105,20.2,0,0,0.3420201433256689,-0.9396926207859083,DB04
202106172100,105,19.9,0,0,0.9396926207859084,-0.3420201433256687,DB04
202106172200,105,19.6,0,0,-0.7660444431189779,-0.6427876096865395,DB04
202106172300,105,19.3,0,0,0.0,1.0,DB04
202106180000,105,18.9,0,0,-0.34202014332566866,-0.9396926207859084,DB04
202106180100,105,18.8,0,0,-0.7660444431189779,-0.6427876096865395,DB04
202106180200,105,18.7,0,0,-0.7660444431189779,-0.6427876096865395,DB04
202106180300,105,18.7,0,0,0.3420201433256689,-0.9396926207859083,DB04
202106180400,105,18.8,0,0,0.3420201433256689,-0.9396926207859083,DB04
202106180500,105,18.9,0,0,-0.9396926207859084,-0.34202014332566855,DB04
202106180600,105,21.0,0,0,-0.7660444431189779,-0.6427876096865395,DB04
202106180700,105,22.7,0,0,-0.7660444431189779,-0.6427876096865395,DB04
202106180800,105,23.8,0,0,-0.7660444431189779,-0.6427876096865395,DB04
202106180900,105,25.6,0,0,-0.34202014332566866,-0.9396926207859084,DB04
202106181000,105,25.6,0,0,-0.7660444431189779,-0.6427876096865395,DB04
202106181100,105,26.0,0,0,-0.7660444431189779,-0.6427876096865395,DB03
202106181200,105,26.4,0,0,-0.9396926207859084,-0.34202014332566855,DB03
202106181300,105,27.3,0,0,-0.9396926207859084,-0.34202014332566855,DB04
202106181400,105,27.0,0,0,-0.7660444431189779,-0.6427876096865395,DB04
202106181500,105,27.6,0,0,-0.7660444431189779,-0.6427876096865395,DB04
202106181600,105,27.1,0,0,-0.34202014332566866,-0.9396926207859084,DB04
202106181700,105,27.0,0,0,-0.7660444431189779,-0.6427876096865395,DB04
202106181800,105,26.4,0,0,-0.34202014332566866,-0.9396926207859084,DB04
202106181900,105,25.8,0,0,-0.9396926207859084,-0.34202014332566855,DB03
202106182000,105,25.0,0,0,-0.9396926207859084,-0.34202014332566855,DB04
202106182100,105,24.2,0,0,-0.9396926207859084,-0.34202014332566855,DB02
202106182200,105,23.6,0,0,-0.9396926207859084,-0.34202014332566855,DB02
202106182300,105,23.2,0,0,-0.9396926207859084,-0.34202014332566855,DB01
202106190000,105,22.6,0,0,-0.7660444431189779,-0.6427876096865395,DB01
202106190100,105,22.3,0,0,0.9396926207859083,0.3420201433256688,DB01
202106190200,105,21.8,0,0,-0.7660444431189779,-0.6427876096865395,DB01
202106190300,105,21.3,0,0,-0.7660444431189779,-0.6427876096865395,DB01
202106190400,105,21.3,0,0,-0.9396926207859084,-0.34202014332566855,DB01
202106190500,105,20.8,0,0,-0.9396926207859084,-0.34202014332566855,DB01
202106190600,105,20.2,0,0,0.0,1.0,DB01
202106190700,105,21.4,0,0,0.0,1.0,DB01
202106190800,105,23.2,0,0,0.766044443118978,0.6427876096865394,DB01
202106190900,105,23.5,0,0,0.766044443118978,0.6427876096865394,DB01
202106191000,105,24.2,0,0,0.766044443118978,0.6427876096865394,DB01
202106191100,105,25.1,0,0,0.9396926207859083,0.3420201433256688,DB01
202106191200,105,25.3,0,0,0.766044443118978,0.6427876096865394,DB01
202106191300,105,25.3,0,0,0.9396926207859083,0.3420201433256688,DB01
202106191400,105,25.5,0,0,0.9396926207859083,0.3420201433256688,DB01
202106191500,105,25.8,0,0,0.9396926207859083,0.3420201433256688,DB01
202106191600,105,25.0,0,0,1.0,6.123233995736766e-17,DB02
202106191700,105,25.1,0,0,0.9396926207859083,0.3420201433256688,DB03
202106191800,105,25.0,0,0,-0.9396926207859083,0.342020143325669,DB02
202106191900,105,24.0,0,0,0.0,1.0,DB03
202106192000,105,22.4,0,0,-0.3420201433256686,0.9396926207859084,DB01
202106192100,105,21.3,0,0,-0.9396926207859083,0.342020143325669,DB03
202106192200,105,20.5,0,0,-0.6427876096865396,0.7660444431189778,DB01
202106192300,105,19.9,0,0,-0.6427876096865396,0.7660444431189778,DB03
202106200000,105,19.9,0,0,-0.6427876096865396,0.7660444431189778,DB03
202106200100,105,20.1,0,0,0.3420201433256687,0.9396926207859084,DB03
202106200200,105,19.8,0,0,0.3420201433256689,-0.9396926207859083,DB03
202106200300,105,19.5,0,0,1.0,6.123233995736766e-17,DB03
202106200400,105,19.3,0,0,0.9396926207859083,0.3420201433256688,DB03
202106200500,105,19.3,0,0,0.9396926207859084,-0.3420201433256687,DB03
202106200600,105,19.2,0,0,-0.34202014332566866,-0.9396926207859084,DB01
202106200700,105,19.6,0,0,1.2246467991473532e-16,-1.0,DB01
202106200800,105,21.1,0,0,0.3420201433256689,-0.9396926207859083,DB01
202106200900,105,22.9,0,0,-0.6427876096865396,0.7660444431189778,DB01
202106201000,105,24.5,0,0,0.3420201433256687,0.9396926207859084,DB01
202106201100,105,26.5,0,0,0.9396926207859083,0.3420201433256688,DB01
202106201200,105,27.2,0,0,1.0,6.123233995736766e-17,DB02
202106201300,105,27.7,0,0,1.0,6.123233995736766e-17,DB01
202106201400,105,27.0,0,0,1.0,6.123233995736766e-17,DB04
202106201500,105,27.7,0,0,0.0,1.0,DB03
202106201600,105,29.6,0,0,0.3420201433256687,0.9396926207859084,DB01
202106201700,105,29.7,0,0,0.9396926207859083,0.3420201433256688,DB01
202106201800,105,29.6,0,0,1.0,6.123233995736766e-17,DB02
202106201900,105,29.1,0,0,-0.7660444431189779,-0.6427876096865395,DB01
202106202000,105,27.6,0,0,-0.3420201433256686,0.9396926207859084,DB01
202106202100,105,23.3,0,0,-0.9396926207859083,0.342020143325669,DB01
202106202200,105,22.1,0,0,0.3420201433256687,0.9396926207859084,DB01
202106202300,105,21.3,0,0,-0.6427876096865396,0.7660444431189778,DB01
202106210000,105,20.6,0,0,-0.9396926207859084,-0.34202014332566855,DB01
202106210100,105,19.9,0,0,-0.34202014332566866,-0.9396926207859084,DB02
202106210200,105,19.8,0,0,1.2246467991473532e-16,-1.0,DB03
202106210300,105,19.3,0,0,-0.3420201433256686,0.9396926207859084,DB02
202106210400,105,19.0,0,0,-1.0,-1.8369701987210297e-16,DB01
202106210500,105,18.7,0,0,0.766044443118978,0.6427876096865394,DB01
202106210600,105,19.3,0,0,-0.9396926207859083,0.342020143325669,DB02
202106210700,105,20.2,0,0,-0.6427876096865396,0.7660444431189778,DB02
202106210800,105,21.6,0,0,-0.9396926207859083,0.342020143325669,DB02
202106210900,105,22.6,0,0,0.3420201433256687,0.9396926207859084,DB03
202106211000,105,22.8,0,0,-0.6427876096865396,0.7660444431189778,DB02
202106211100,105,23.0,0,0,-0.9396926207859083,0.342020143325669,DB02
202106211200,105,22.2,0,0,0.9396926207859083,0.3420201433256688,DB03
202106211300,105,21.0,0,0,0.766044443118978,0.6427876096865394,DB03
202106211400,105,21.0,0,0,1.0,6.123233995736766e-17,DB04
202106211500,105,20.5,0,0,0.766044443118978,0.6427876096865394,DB04
202106211600,105,20.2,0,0,-0.3420201433256686,0.9396926207859084,DB03
202106211700,105,20.3,0,0,0.766044443118978,0.6427876096865394,DB03
202106211800,105,20.1,0,0,-0.3420201433256686,0.9396926207859084,DB03
202106211900,105,19.6,0,0,0.766044443118978,0.6427876096865394,DB03
202106212000,105,19.3,0,0,0.0,1.0,DB03
202106212100,105,19.0,0,0,0.9396926207859083,0.3420201433256688,DB03
202106212200,105,18.8,0,0,0.766044443118978,0.6427876096865394,DB03
202106212300,105,18.6,0,0,0.9396926207859084,-0.3420201433256687,DB03
202106220000,105,18.2,0,0,0.0,1.0,DB03
202106220100,105,17.8,0,0,0.3420201433256689,-0.9396926207859083,DB02
202106220200,105,17.6,0,0,-0.9396926207859084,-0.34202014332566855,DB03
202106220300,105,17.5,0,0,-0.7660444431189779,-0.6427876096865395,DB03
202106220400,105,17.5,0,0,-0.7660444431189779,-0.6427876096865395,DB03
202106220500,105,17.4,0,0,1.2246467991473532e-16,-1.0,DB04
202106220600,105,17.4,100,1,1.2246467991473532e-16,-1.0,DB03
202106220700,105,18.1,0,0,0.9396926207859084,-0.3420201433256687,DB04
202106220800,105,18.2,0,0,0.9396926207859083,0.3420201433256688,DB03
202106220900,105,18.6,0,0,1.0,6.123233995736766e-17,DB03
202106221000,105,18.6,0,0,0.6427876096865395,-0.7660444431189779,DB04
202106221100,105,19.4,0,0,0.6427876096865395,-0.7660444431189779,DB03
202106221200,105,19.6,0,0,1.0,6.123233995736766e-17,DB03
202106221300,105,19.5,0,0,1.0,6.123233995736766e-17,DB04
202106221400,105,19.1,0,0,0.9396926207859084,-0.3420201433256687,DB04
202106221500,105,19.3,0,0,0.9396926207859084,-0.3420201433256687,DB04
202106221600,105,19.3,0,0,1.0,6.123233995736766e-17,DB04
202106221700,105,19.3,0,0,0.9396926207859083,0.3420201433256688,DB04
202106221800,105,19.3,0,0,0.9396926207859084,-0.3420201433256687,DB04
202106221900,105,18.9,0,0,1.0,6.123233995736766e-17,DB03
202106222000,105,18.7,0,0,0.9396926207859083,0.3420201433256688,DB04
202106222100,105,18.6,0,0,0.9396926207859083,0.3420201433256688,DB04
202106222200,105,18.3,0,0,1.2246467991473532e-16,-1.0,DB04
202106222300,105,18.1,0,0,0.0,1.0,DB04
202106230000,105,18.0,100,1,0.0,1.0,DB04
202106230100,105,17.7,0,0,-1.0,-1.8369701987210297e-16,DB04
202106230200,105,17.7,0,0,-0.6427876096865396,0.7660444431189778,DB03
202106230300,105,17.5,0,0,-0.7660444431189779,-0.6427876096865395,DB03
202106230400,105,17.3,0,0,-0.7660444431189779,-0.6427876096865395,DB04
202106230500,105,17.3,0,0,0.0,1.0,DB04
202106230600,105,17.2,0,0,-0.7660444431189779,-0.6427876096865395,DB03
202106230700,105,17.7,0,0,0.3420201433256689,-0.9396926207859083,DB03
202106230800,105,18.6,0,0,-0.34202014332566866,-0.9396926207859084,DB03
202106230900,105,20.2,0,0,0.9396926207859084,-0.3420201433256687,DB04
202106231000,105,21.4,0,0,0.3420201433256687,0.9396926207859084,DB04
202106231100,105,21.4,0,0,1.0,6.123233995736766e-17,DB04
202106231200,105,21.5,0,0,1.0,6.123233995736766e-17,DB04
202106231300,105,21.7,0,0,0.9396926207859083,0.3420201433256688,DB04
202106231400,105,21.9,0,0,0.9396926207859084,-0.3420201433256687,DB04
202106231500,105,21.3,0,0,0.9396926207859083,0.3420201433256688,DB03
202106231600,105,21.3,0,0,1.0,6.123233995736766e-17,DB04
202106231700,105,21.1,0,0,1.0,6.123233995736766e-17,DB03
202106231800,105,20.8,0,0,0.9396926207859084,-0.3420201433256687,DB03
202106231900,105,20.4,0,0,0.9396926207859083,0.3420201433256688,DB01
202106232000,105,19.6,0,0,1.2246467991473532e-16,-1.0,DB01
202106232100,105,18.7,0,0,-0.34202014332566866,-0.9396926207859084,DB01
202106232200,105,17.7,0,0,-0.34202014332566866,-0.9396926207859084,DB01
202106232300,105,17.0,0,0,-0.7660444431189779,-0.6427876096865395,DB02
202106240000,105,16.4,0,0,-0.34202014332566866,-0.9396926207859084,DB01
202106240100,105,16.0,0,0,-0.7660444431189779,-0.6427876096865395,DB01
202106240200,105,15.7,0,0,-0.7660444431189779,-0.6427876096865395,DB02
202106240300,105,15.4,0,0,-0.7660444431189779,-0.6427876096865395,DB02
202106240400,105,15.3,0,0,-0.7660444431189779,-0.6427876096865395,DB02
202106240500,105,14.9,0,0,-0.7660444431189779,-0.6427876096865395,DB01
202106240600,105,15.0,0,0,0.0,1.0,DB01
202106240700,105,16.9,0,0,0.0,1.0,DB01
202106240800,105,19.6,0,0,1.0,6.123233995736766e-17,DB01
202106240900,105,21.8,0,0,0.6427876096865395,-0.7660444431189779,DB01
202106241000,105,23.7,0,0,0.9396926207859083,0.3420201433256688,DB01
202106241100,105,24.9,0,0,0.9396926207859083,0.3420201433256688,DB01
202106241200,105,26.3,0,0,0.9396926207859083,0.3420201433256688,DB01
202106241300,105,26.7,0,0,1.0,6.123233995736766e-17,DB01
202106241400,105,27.3,0,0,1.0,6.123233995736766e-17,DB02
202106241500,105,26.8,0,0,1.0,6.123233995736766e-17,DB03
202106241600,105,26.1,0,0,1.0,6.123233995736766e-17,DB02
202106241700,105,25.6,0,0,0.9396926207859084,-0.3420201433256687,DB03
202106241800,105,25.9,0,0,0.9396926207859083,0.3420201433256688,DB02
202106241900,105,24.8,0,0,0.9396926207859084,-0.3420201433256687,DB03
202106242000,105,23.8,0,0,-0.9396926207859084,-0.34202014332566855,DB03
202106242100,105,22.7,0,0,-1.0,-1.8369701987210297e-16,DB03
202106242200,105,21.7,0,0,-0.9396926207859084,-0.34202014332566855,DB03
202106242300,105,21.2,0,0,1.2246467991473532e-16,-1.0,DB04
202106250000,105,20.8,0,0,-0.7660444431189779,-0.6427876096865395,DB03
202106250100,105,20.6,0,0,-0.34202014332566866,-0.9396926207859084,DB03
202106250200,105,20.4,0,0,-0.7660444431189779,-0.6427876096865395,DB03
202106250300,105,20.2,0,0,-0.34202014332566866,-0.9396926207859084,DB03
202106250400,105,19.7,0,0,-0.7660444431189779,-0.6427876096865395,DB03
202106250500,105,19.1,0,0,0.0,1.0,DB01
202106250600,105,18.9,0,0,0.0,1.0,DB02
202106250700,105,20.3,0,0,1.2246467991473532e-16,-1.0,DB01
202106250800,105,22.4,0,0,0.6427876096865395,-0.7660444431189779,DB01
202106250900,105,23.9,0,0,0.9396926207859084,-0.3420201433256687,DB01
202106251000,105,25.4,0,0,1.0,6.123233995736766e-17,DB01
202106251100,105,26.1,0,0,0.9396926207859083,0.3420201433256688,DB02
202106251200,105,27.4,0,0,1.0,6.123233995736766e-17,DB02
202106251300,105,28.5,0,0,1.0,6.123233995736766e-17,DB02
202106251400,105,28.8,0,0,1.0,6.123233995736766e-17,DB02
202106251500,105,28.2,0,0,1.0,6.123233995736766e-17,DB02
202106251600,105,28.5,0,0,1.0,6.123233995736766e-17,DB03
202106251700,105,27.9,0,0,0.9396926207859083,0.3420201433256688,DB03
202106251800,105,26.2,0,0,-0.9396926207859084,-0.34202014332566855,DB03
202106251900,105,25.7,0,0,-0.9396926207859084,-0.34202014332566855,DB03
202106252000,105,24.5,0,0,-0.7660444431189779,-0.6427876096865395,DB03
202106252100,105,23.6,0,0,-0.9396926207859083,0.342020143325669,DB03
202106252200,105,23.0,0,0,0.3420201433256689,-0.9396926207859083,DB03
202106252300,105,22.2,0,0,-0.9396926207859084,-0.34202014332566855,DB03
202106260000,105,21.7,0,0,-0.7660444431189779,-0.6427876096865395,DB03
202106260100,105,21.3,0,0,1.2246467991473532e-16,-1.0,DB03
202106260200,105,21.1,0,0,-0.7660444431189779,-0.6427876096865395,DB04
202106260300,105,20.8,0,0,0.0,1.0,DB04
202106260400,105,20.8,0,0,-0.34202014332566866,-0.9396926207859084,DB04
202106260500,105,22.5,0,0,-0.7660444431189779,-0.6427876096865395,DB04
202106260600,105,23.1,0,0,-0.7660444431189779,-0.6427876096865395,DB04
202106260700,105,22.5,0,0,-0.9396926207859083,0.342020143325669,DB04
202106260800,105,22.0,100,1,-0.6427876096865396,0.7660444431189778,DB04
202106260900,105,21.7,100,1,1.2246467991473532e-16,-1.0,DB04
202106261000,105,22.7,0,0,0.9396926207859083,0.3420201433256688,DB04
202106261100,105,23.2,0,0,0.766044443118978,0.6427876096865394,DB04
202106261200,105,23.0,0,0,0.766044443118978,0.6427876096865394,DB04
202106261300,105,23.1,0,0,0.766044443118978,0.6427876096865394,DB04
202106261400,105,23.2,0,0,0.3420201433256687,0.9396926207859084,DB04
202106261500,105,23.0,0,0,-0.6427876096865396,0.7660444431189778,DB04
202106261600,105,23.0,0,0,-1.0,-1.8369701987210297e-16,DB04
202106261700,105,22.3,100,1,-0.3420201433256686,0.9396926207859084,DB04
202106261800,105,21.9,100,1,0.0,1.0,DB04
202106261900,105,21.7,100,1,-0.6427876096865396,0.7660444431189778,DB04
202106262000,105,21.3,100,1,-0.3420201433256686,0.9396926207859084,DB04
202106262100,105,21.2,100,1,0.0,1.0,DB04
202106262200,105,21.0,0,0,0.0,1.0,DB04
202106262300,105,20.7,0,0,-0.7660444431189779,-0.6427876096865395,DB04
202106270000,105,20.6,100,1,0.0,1.0,DB04
202106270100,105,20.5,0,0,0.0,1.0,DB04
202106270200,105,20.3,0,0,-0.7660444431189779,-0.6427876096865395,DB04
202106270300,105,20.3,0,0,0.0,1.0,DB04
202106270400,105,20.0,0,0,-0.34202014332566866,-0.9396926207859084,DB04
202106270500,105,19.8,0,0,-0.7660444431189779,-0.6427876096865395,DB04
202106270600,105,19.8,0,0,0.0,1.0,DB03
202106270700,105,20.2,0,0,-0.34202014332566866,-0.9396926207859084,DB04
202106270800,105,21.0,0,0,-0.6427876096865396,0.7660444431189778,DB04
202106270900,105,22.9,0,0,1.0,6.123233995736766e-17,DB03
202106271000,105,24.0,0,0,-0.6427876096865396,0.7660444431189778,DB04
202106271100,105,25.1,0,0,0.766044443118978,0.6427876096865394,DB04
202106271200,105,26.0,0,0,1.0,6.123233995736766e-17,DB03
202106271300,105,26.3,0,0,1.0,6.123233995736766e-17,DB03
202106271400,105,26.0,0,0,0.9396926207859083,0.3420201433256688,DB03
202106271500,105,24.5,0,0,0.9396926207859083,0.3420201433256688,DB04
202106271600,105,24.0,0,0,0.9396926207859083,0.3420201433256688,DB03
202106271700,105,23.6,0,0,0.9396926207859083,0.3420201433256688,DB04
202106271800,105,23.3,0,0,0.9396926207859083,0.3420201433256688,DB04
202106271900,105,22.8,0,0,0.9396926207859083,0.3420201433256688,DB04
202106272000,105,22.4,0,0,1.0,6.123233995736766e-17,DB04
202106272100,105,22.0,0,0,0.0,1.0,DB04
202106272200,105,21.9,0,0,0.6427876096865395,-0.7660444431189779,DB03
202106272300,105,21.6,0,0,1.2246467991473532e-16,-1.0,DB03
202106280000,105,21.4,0,0,-0.34202014332566866,-0.9396926207859084,DB04
202106280100,105,21.0,0,0,-0.7660444431189779,-0.6427876096865395,DB04
202106280200,105,20.9,0,0,-0.34202014332566866,-0.9396926207859084,DB04
202106280300,105,20.6,0,0,-0.7660444431189779,-0.6427876096865395,DB04
202106280400,105,20.3,0,0,-0.7660444431189779,-0.6427876096865395,DB03
202106280500,105,20.1,0,0,-0.9396926207859084,-0.34202014332566855,DB04
202106280600,105,20.2,0,0,-0.9396926207859084,-0.34202014332566855,DB04
202106280700,105,20.6,0,0,-0.7660444431189779,-0.6427876096865395,DB04
202106280800,105,21.4,0,0,-0.7660444431189779,-0.6427876096865395,DB04
202106280900,105,22.7,0,0,-0.6427876096865396,0.7660444431189778,DB04
202106281000,105,23.2,0,0,0.9396926207859083,0.3420201433256688,DB04
202106281100,105,23.5,0,0,1.0,6.123233995736766e-17,DB04
202106281200,105,23.7,0,0,1.0,6.123233995736766e-17,DB03
202106281300,105,23.7,0,0,1.0,6.123233995736766e-17,DB04
202106281400,105,24.3,0,0,0.9396926207859083,0.3420201433256688,DB03
202106281500,105,25.0,0,0,0.9396926207859083,0.3420201433256688,DB03
202106281600,105,24.8,0,0,0.9396926207859083,0.3420201433256688,DB03
202106281700,105,24.1,0,0,1.0,6.123233995736766e-17,DB03
202106281800,105,24.1,0,0,0.9396926207859084,-0.3420201433256687,DB01
202106281900,105,23.1,0,0,0.3420201433256687,0.9396926207859084,DB02
202106282000,105,22.2,0,0,0.9396926207859083,0.3420201433256688,DB03
202106282100,105,21.9,0,0,0.9396926207859083,0.3420201433256688,DB03
202106282200,105,21.6,0,0,0.9396926207859083,0.3420201433256688,DB02
202106282300,105,20.9,0,0,-0.7660444431189779,-0.6427876096865395,DB02
202106290000,105,20.3,0,0,-0.7660444431189779,-0.6427876096865395,DB01
202106290100,105,19.7,0,0,-0.7660444431189779,-0.6427876096865395,DB01
202106290200,105,19.1,0,0,-0.9396926207859084,-0.34202014332566855,DB01
202106290300,105,18.6,0,0,-0.9396926207859084,-0.34202014332566855,DB01
202106290400,105,18.1,0,0,-0.7660444431189779,-0.6427876096865395,DB01
202106290500,105,18.0,0,0,-0.7660444431189779,-0.6427876096865395,DB02
202106290600,105,17.9,0,0,-0.7660444431189779,-0.6427876096865395,DB01
202106290700,105,19.3,0,0,-0.7660444431189779,-0.6427876096865395,DB01
202106290800,105,21.0,0,0,-0.9396926207859083,0.342020143325669,DB01
202106290900,105,23.1,0,0,0.6427876096865395,-0.7660444431189779,DB03
202106291000,105,23.8,0,0,-0.6427876096865396,0.7660444431189778,DB04
202106291100,105,24.0,0,0,-0.9396926207859083,0.342020143325669,DB04
202106291200,105,25.6,0,0,0.766044443118978,0.6427876096865394,DB02
202106291300,105,26.4,0,0,1.0,6.123233995736766e-17,DB01
202106291400,105,26.2,0,0,0.9396926207859083,0.3420201433256688,DB01
202106291500,105,26.5,0,0,0.9396926207859083,0.3420201433256688,DB02
202106291600,105,25.4,0,0,1.0,6.123233995736766e-17,DB03
202106291700,105,24.9,0,0,1.0,6.123233995736766e-17,DB03
202106291800,105,24.6,0,0,0.9396926207859084,-0.3420201433256687,DB04
202106291900,105,23.5,0,0,0.9396926207859084,-0.3420201433256687,DB03
202106292000,105,23.0,0,0,1.0,6.123233995736766e-17,DB03
202106292100,105,22.5,0,0,1.0,6.123233995736766e-17,DB03
202106292200,105,22.1,0,0,1.2246467991473532e-16,-1.0,DB03
202106292300,105,21.6,0,0,0.3420201433256689,-0.9396926207859083,DB02
202106300000,105,21.3,0,0,-0.34202014332566866,-0.9396926207859084,DB03
202106300100,105,21.0,0,0,-0.7660444431189779,-0.6427876096865395,DB04
202106300200,105,20.8,0,0,-0.9396926207859084,-0.34202014332566855,DB03
202106300300,105,20.5,0,0,-0.7660444431189779,-0.6427876096865395,DB03
202106300400,105,20.2,0,0,-0.7660444431189779,-0.6427876096865395,DB03
202106300500,105,20.1,0,0,-0.7660444431189779,-0.6427876096865395,DB04
202106300600,105,20.1,0,0,0.0,1.0,DB04
202106300700,105,20.3,0,0,-0.7660444431189779,-0.6427876096865395,DB04
202106300800,105,21.4,0,0,0.0,1.0,DB04
202106300900,105,22.6,0,0,0.6427876096865395,-0.7660444431189779,DB04
202106301000,105,23.1,0,0,0.9396926207859084,-0.3420201433256687,DB04
202106301100,105,23.4,0,0,0.9396926207859083,0.3420201433256688,DB04
202106301200,105,23.7,0,0,1.0,6.123233995736766e-17,DB04
202106301300,105,24.6,0,0,0.9396926207859084,-0.3420201433256687,DB04
202106301400,105,24.7,0,0,1.0,6.123233995736766e-17,DB04
202106301500,105,24.1,0,0,1.0,6.123233995736766e-17,DB04
202106301600,105,24.1,0,0,1.0,6.123233995736766e-17,DB04
202106301700,105,23.8,0,0,0.9396926207859083,0.3420201433256688,DB04
202106301800,105,23.4,100,1,0.6427876096865395,-0.7660444431189779,DB04
202106301900,105,23.0,0,0,0.6427876096865395,-0.7660444431189779,DB03
202106302000,105,22.3,0,0,0.766044443118978,0.6427876096865394,DB04
202106302100,105,21.9,0,0,-0.6427876096865396,0.7660444431189778,DB04
202106302200,105,21.7,0,0,-0.6427876096865396,0.7660444431189778,DB04
202106302300,105,21.7,0,0,0.9396926207859084,-0.3420201433256687,DB03
202107010000,105,21.6,0,0,-0.9396926207859084,-0.34202014332566855,DB02
202107010100,105,21.3,0,0,-0.7660444431189779,-0.6427876096865395,DB02
202107010200,105,21.0,0,0,-0.7660444431189779,-0.6427876096865395,DB02
202107010300,105,20.8,0,0,0.0,1.0,DB01
202107010400,105,20.0,0,0,-0.7660444431189779,-0.6427876096865395,DB02
202107010500,105,20.2,0,0,-1.0,-1.8369701987210297e-16,DB02
202107010600,105,19.9,0,0,-0.7660444431189779,-0.6427876096865395,DB02
202107010700,105,20.4,0,0,1.2246467991473532e-16,-1.0,DB01
202107010800,105,22.6,0,0,0.0,1.0,DB01
202107010900,105,24.7,0,0,0.766044443118978,0.6427876096865394,DB01
202107011000,105,26.1,0,0,1.0,6.123233995736766e-17,DB01
202107011100,105,27.2,0,0,0.9396926207859083,0.3420201433256688,DB01
202107011200,105,28.4,0,0,1.0,6.123233995736766e-17,DB02
202107011300,105,28.6,0,0,1.0,6.123233995736766e-17,DB02
202107011400,105,29.0,0,0,1.0,6.123233995736766e-17,DB03
202107011500,105,28.4,0,0,0.9396926207859083,0.3420201433256688,DB03
202107011600,105,28.0,0,0,1.0,6.123233995736766e-17,DB03
202107011700,105,27.3,0,0,0.9396926207859083,0.3420201433256688,DB03
202107011800,105,26.2,0,0,0.9396926207859083,0.3420201433256688,DB03
202107011900,105,24.7,0,0,0.3420201433256687,0.9396926207859084,DB03
202107012000,105,24.0,0,0,1.0,6.123233995736766e-17,DB04
202107012100,105,23.4,0,0,1.0,6.123233995736766e-17,DB04
202107012200,105,23.1,0,0,-0.9396926207859083,0.342020143325669,DB04
202107012300,105,22.8,0,0,0.9396926207859083,0.3420201433256688,DB03
202107020000,105,22.6,0,0,-0.6427876096865396,0.7660444431189778,DB03
202107020100,105,22.3,0,0,-0.6427876096865396,0.7660444431189778,DB03
202107020200,105,22.0,0,0,-0.6427876096865396,0.7660444431189778,DB03
202107020300,105,21.8,0,0,-0.6427876096865396,0.7660444431189778,DB03
202107020400,105,21.8,0,0,-0.3420201433256686,0.9396926207859084,DB03
202107020500,105,21.7,0,0,-0.3420201433256686,0.9396926207859084,DB03
202107020600,105,21.6,0,0,-0.6427876096865396,0.7660444431189778,DB03
202107020700,105,22.1,0,0,0.0,1.0,DB03
202107020800,105,22.7,0,0,-0.3420201433256686,0.9396926207859084,DB03
202107020900,105,22.8,0,0,-0.3420201433256686,0.9396926207859084,DB04
202107021000,105,23.6,0,0,0.766044443118978,0.6427876096865394,DB04
202107021100,105,24.0,0,0,0.9396926207859083,0.3420201433256688,DB04
202107021200,105,24.1,0,0,0.0,1.0,DB04
202107021300,105,24.1,0,0,0.0,1.0,DB04
202107021400,105,24.2,0,0,-0.3420201433256686,0.9396926207859084,DB04
202107021500,105,25.3,0,0,-0.3420201433256686,0.9396926207859084,DB03
202107021600,105,26.0,0,0,0.766044443118978,0.6427876096865394,DB03
202107021700,105,26.1,0,0,0.766044443118978,0.6427876096865394,DB02
202107021800,105,25.9,0,0,0.766044443118978,0.6427876096865394,DB02
202107021900,105,24.9,0,0,0.0,1.0,DB02
202107022000,105,23.5,0,0,-0.3420201433256686,0.9396926207859084,DB03
202107022100,105,22.7,0,0,-0.6427876096865396,0.7660444431189778,DB02
202107022200,105,21.9,0,0,-0.7660444431189779,-0.6427876096865395,DB01
202107022300,105,21.3,0,0,-0.7660444431189779,-0.6427876096865395,DB03
202107030000,105,21.1,0,0,-0.7660444431189779,-0.6427876096865395,DB04
202107030100,105,21.2,0,0,-0.9396926207859084,-0.34202014332566855,DB02
202107030200,105,21.3,0,0,1.2246467991473532e-16,-1.0,DB03
202107030300,105,21.3,0,0,-0.7660444431189779,-0.6427876096865395,DB03
202107030400,105,21.1,0,0,-0.9396926207859084,-0.34202014332566855,DB04
202107030500,105,21.2,0,0,-0.7660444431189779,-0.6427876096865395,DB04
202107030600,105,21.3,0,0,-0.7660444431189779,-0.6427876096865395,DB04
202107030700,105,21.3,0,0,-0.34202014332566866,-0.9396926207859084,DB04
202107030800,105,21.4,0,0,-0.7660444431189779,-0.6427876096865395,DB04
202107030900,105,21.9,0,0,-0.34202014332566866,-0.9396926207859084,DB04
202107031000,105,21.9,0,0,0.9396926207859084,-0.3420201433256687,DB04
202107031100,105,23.0,0,0,1.0,6.123233995736766e-17,DB04
202107031200,105,22.7,0,0,1.0,6.123233995736766e-17,DB04
202107031300,105,22.7,0,0,0.9396926207859084,-0.3420201433256687,DB04
202107031400,105,22.8,0,0,0.9396926207859084,-0.3420201433256687,DB04
202107031500,105,22.6,0,0,1.0,6.123233995736766e-17,DB04
202107031600,105,22.0,0,0,1.0,6.123233995736766e-17,DB04
202107031700,105,21.8,100,1,0.9396926207859083,0.3420201433256688,DB04
202107031800,105,21.4,100,1,1.0,6.123233995736766e-17,DB04
202107031900,105,21.0,100,1,0.9396926207859084,-0.3420201433256687,DB04
202107032000,105,20.8,100,1,1.0,6.123233995736766e-17,DB04
202107032100,105,20.8,100,1,1.0,6.123233995736766e-17,DB04
202107032200,105,20.9,100,1,0.9396926207859083,0.3420201433256688,DB04
202107032300,105,21.1,100,1,1.0,6.123233995736766e-17,DB04
202107040000,105,21.0,100,1,1.0,6.123233995736766e-17,DB04
202107040100,105,21.2,100,1,1.0,6.123233995736766e-17,DB04
202107040200,105,21.4,100,1,1.0,6.123233995736766e-17,DB04
202107040300,105,21.3,100,1,0.766044443118978,0.6427876096865394,DB04
202107040400,105,21.3,100,1,-0.9396926207859083,0.342020143325669,DB03
202107040500,105,21.3,100,1,-0.34202014332566866,-0.9396926207859084,DB04
202107040600,105,21.2,0,0,-0.6427876096865396,0.7660444431189778,DB03
202107040700,105,21.9,0,0,0.6427876096865395,-0.7660444431189779,DB03
202107040800,105,21.8,0,0,0.6427876096865395,-0.7660444431189779,DB03
202107040900,105,22.8,0,0,0.9396926207859083,0.3420201433256688,DB04
202107041000,105,22.8,0,0,-0.6427876096865396,0.7660444431189778,DB04
202107041100,105,22.7,0,0,-0.6427876096865396,0.7660444431189778,DB03
202107041200,105,22.1,0,0,-0.6427876096865396,0.7660444431189778,DB04
202107041300,105,22.0,0,0,-0.6427876096865396,0.7660444431189778,DB04
202107041400,105,21.6,0,0,-0.6427876096865396,0.7660444431189778,DB04
202107041500,105,21.6,0,0,-0.6427876096865396,0.7660444431189778,DB04
202107041600,105,21.5,0,0,-0.6427876096865396,0.7660444431189778,DB04
202107041700,105,21.1,0,0,-0.6427876096865396,0.7660444431189778,DB04
202107041800,105,20.8,100,1,-0.6427876096865396,0.7660444431189778,DB04
202107041900,105,20.6,100,1,-0.6427876096865396,0.7660444431189778,DB04
202107042000,105,20.3,100,1,-0.6427876096865396,0.7660444431189778,DB04
202107042100,105,20.2,100,1,-0.6427876096865396,0.7660444431189778,DB04
202107042200,105,20.2,100,1,0.0,1.0,DB04
202107042300,105,20.2,0,0,0.0,1.0,DB03
202107050000,105,20.0,0,0,0.3420201433256689,-0.9396926207859083,DB01
202107050100,105,19.8,0,0,0.3420201433256689,-0.9396926207859083,DB04
202107050200,105,19.6,0,0,0.6427876096865395,-0.7660444431189779,DB04
202107050300,105,19.4,0,0,0.0,1.0,DB04
202107050400,105,19.3,0,0,0.766044443118978,0.6427876096865394,DB04
202107050500,105,19.1,0,0,0.3420201433256687,0.9396926207859084,DB04
202107050600,105,19.0,0,0,0.0,1.0,DB03
202107050700,105,20.1,0,0,0.0,1.0,DB04
202107050800,105,21.6,0,0,-0.34202014332566866,-0.9396926207859084,DB04
202107050900,105,24.7,0,0,-0.7660444431189779,-0.6427876096865395,DB04
202107051000,105,25.6,0,0,-0.34202014332566866,-0.9396926207859084,DB04
202107051100,105,26.5,0,0,-0.7660444431189779,-0.6427876096865395,DB04
202107051200,105,28.3,0,0,1.2246467991473532e-16,-1.0,DB04
202107051300,105,29.0,0,0,-0.7660444431189779,-0.6427876096865395,DB03
202107051400,105,29.7,0,0,-0.34202014332566866,-0.9396926207859084,DB03
202107051500,105,30.1,0,0,-0.7660444431189779,-0.6427876096865395,DB04
202107051600,105,29.6,0,0,0.766044443118978,0.6427876096865394,DB04
202107051700,105,28.6,0,0,-0.6427876096865396,0.7660444431189778,DB04
202107051800,105,27.9,0,0,-0.7660444431189779,-0.6427876096865395,DB04
202107051900,105,27.1,0,0,-1.0,-1.8369701987210297e-16,DB04
202107052000,105,26.1,0,0,-0.9396926207859084,-0.34202014332566855,DB04
202107052100,105,25.5,0,0,-0.7660444431189779,-0.6427876096865395,DB04
202107052200,105,25.0,0,0,-0.9396926207859084,-0.34202014332566855,DB04
202107052300,105,24.5,0,0,-0.34202014332566866,-0.9396926207859084,DB03
202107060000,105,24.1,0,0,-0.9396926207859084,-0.34202014332566855,DB02
202107060100,105,23.9,0,0,-0.7660444431189779,-0.6427876096865395,DB04
202107060200,105,23.4,0,0,-0.9396926207859084,-0.34202014332566855,DB03
202107060300,105,22.9,0,0,-0.7660444431189779,-0.6427876096865395,DB04
202107060400,105,22.9,0,0,-0.34202014332566866,-0.9396926207859084,DB03
202107060500,105,22.4,0,0,-0.9396926207859084,-0.34202014332566855,DB03
202107060600,105,22.2,0,0,-0.9396926207859084,-0.34202014332566855,DB04
202107060700,105,23.4,0,0,-0.9396926207859084,-0.34202014332566855,DB03
202107060800,105,24.9,0,0,-0.7660444431189779,-0.6427876096865395,DB03
202107060900,105,26.5,0,0,0.0,1.0,DB03
202107061000,105,27.2,0,0,0.0,1.0,DB03
202107061100,105,27.2,0,0,-0.3420201433256686,0.9396926207859084,DB03
202107061200,105,28.2,0,0,0.3420201433256687,0.9396926207859084,DB03
202107061300,105,28.2,0,0,0.766044443118978,0.6427876096865394,DB03
202107061400,105,28.3,0,0,0.0,1.0,DB03
202107061500,105,28.2,0,0,0.9396926207859083,0.3420201433256688,DB03
202107061600,105,28.1,0,0,1.0,6.123233995736766e-17,DB03
202107061700,105,28.2,0,0,0.9396926207859084,-0.3420201433256687,DB03
202107061800,105,26.8,0,0,1.0,6.123233995736766e-17,DB03
202107061900,105,25.8,0,0,1.0,6.123233995736766e-17,DB04
202107062000,105,25.0,0,0,-0.6427876096865396,0.7660444431189778,DB04
202107062100,105,24.5,0,0,-0.9396926207859083,0.342020143325669,DB04
202107062200,105,23.7,0,0,-0.7660444431189779,-0.6427876096865395,DB04
202107062300,105,23.3,0,0,-0.7660444431189779,-0.6427876096865395,DB02
202107070000,105,22.3,0,0,-0.7660444431189779,-0.6427876096865395,DB03
202107070100,105,22.3,0,0,-0.7660444431189779,-0.6427876096865395,DB03
202107070200,105,22.2,0,0,-0.7660444431189779,-0.6427876096865395,DB03
202107070300,105,21.9,0,0,-0.7660444431189779,-0.6427876096865395,DB04
202107070400,105,22.0,0,0,-0.34202014332566866,-0.9396926207859084,DB04
202107070500,105,22.1,0,0,0.0,1.0,DB04
202107070600,105,22.1,0,0,-0.3420201433256686,0.9396926207859084,DB03
202107070700,105,22.8,0,0,0.0,1.0,DB02
202107070800,105,24.0,0,0,-0.6427876096865396,0.7660444431189778,DB03
202107070900,105,25.4,0,0,0.9396926207859084,-0.3420201433256687,DB03
202107071000,105,26.9,0,0,1.0,6.123233995736766e-17,DB04
202107071100,105,28.4,0,0,0.766044443118978,0.6427876096865394,DB03
202107071200,105,28.8,0,0,0.766044443118978,0.6427876096865394,DB04
202107071300,105,28.3,0,0,0.9396926207859083,0.3420201433256688,DB03
202107071400,105,27.6,0,0,0.766044443118978,0.6427876096865394,DB04
202107071500,105,27.3,0,0,0.9396926207859083,0.3420201433256688,DB04
202107071600,105,26.9,0,0,0.766044443118978,0.6427876096865394,DB04
202107071700,105,26.1,0,0,0.766044443118978,0.6427876096865394,DB04
202107071800,105,26.2,0,0,0.3420201433256687,0.9396926207859084,DB04
202107071900,105,25.9,0,0,1.0,6.123233995736766e-17,DB04
202107072000,105,25.3,0,0,-0.6427876096865396,0.7660444431189778,DB04
202107072100,105,24.8,0,0,-0.3420201433256686,0.9396926207859084,DB04
202107072200,105,24.4,0,0,-0.3420201433256686,0.9396926207859084,DB04
202107072300,105,24.2,0,0,-0.9396926207859083,0.342020143325669,DB04
202107080000,105,24.0,0,0,0.9396926207859084,-0.3420201433256687,DB04
202107080100,105,23.9,0,0,0.3420201433256687,0.9396926207859084,DB04
202107080200,105,23.6,0,0,0.766044443118978,0.6427876096865394,DB04
202107080300,105,23.3,0,0,0.3420201433256687,0.9396926207859084,DB04
202107080400,105,23.0,0,0,0.3420201433256687,0.9396926207859084,DB04
202107080500,105,22.9,100,1,0.9396926207859083,0.3420201433256688,DB04
202107080600,105,22.9,0,0,0.3420201433256689,-0.9396926207859083,DB04
202107080700,105,23.2,0,0,-0.6427876096865396,0.7660444431189778,DB03
202107080800,105,23.6,0,0,-0.6427876096865396,0.7660444431189778,DB03
202107080900,105,25.5,0,0,1.2246467991473532e-16,-1.0,DB03
202107081000,105,25.8,0,0,0.766044443118978,0.6427876096865394,DB03
202107081100,105,27.7,0,0,1.0,6.123233995736766e-17,DB02
202107081200,105,28.4,0,0,0.9396926207859083,0.3420201433256688,DB03
202107081300,105,28.0,0,0,0.9396926207859083,0.3420201433256688,DB02
202107081400,105,28.3,0,0,0.9396926207859083,0.3420201433256688,DB03
202107081500,105,28.4,0,0,0.766044443118978,0.6427876096865394,DB02
202107081600,105,27.5,0,0,0.9396926207859083,0.3420201433256688,DB02
202107081700,105,27.0,0,0,1.0,6.123233995736766e-17,DB02
202107081800,105,26.5,0,0,1.0,6.123233995736766e-17,DB03
202107081900,105,25.5,0,0,0.9396926207859083,0.3420201433256688,DB02
202107082000,105,24.9,0,0,-0.3420201433256686,0.9396926207859084,DB03
202107082100,105,24.3,0,0,0.9396926207859083,0.3420201433256688,DB04
202107082200,105,24.1,0,0,1.0,6.123233995736766e-17,DB04
202107082300,105,23.7,0,0,0.3420201433256689,-0.9396926207859083,DB04
202107090000,105,23.7,0,0,0.0,1.0,DB04
202107090100,105,23.2,100,1,0.6427876096865395,-0.7660444431189779,DB04
202107090200,105,23.1,100,1,0.9396926207859083,0.3420201433256688,DB04
202107090300,105,22.9,100,1,0.766044443118978,0.6427876096865394,DB04
202107090400,105,22.6,100,1,0.9396926207859084,-0.3420201433256687,DB04
202107090500,105,22.4,0,0,1.0,6.123233995736766e-17,DB04
202107090600,105,22.5,0,0,-0.3420201433256686,0.9396926207859084,DB03
202107090700,105,23.0,0,0,0.0,1.0,DB03
202107090800,105,24.0,0,0,1.2246467991473532e-16,-1.0,DB03
202107090900,105,25.5,0,0,0.9396926207859084,-0.3420201433256687,DB02
202107091000,105,27.0,0,0,0.9396926207859083,0.3420201433256688,DB03
202107091100,105,27.6,0,0,0.9396926207859084,-0.3420201433256687,DB02
202107091200,105,28.0,0,0,0.9396926207859083,0.3420201433256688,DB02
202107091300,105,28.2,0,0,1.0,6.123233995736766e-17,DB02
202107091400,105,28.7,0,0,1.0,6.123233995736766e-17,DB02
202107091500,105,28.9,0,0,1.0,6.123233995736766e-17,DB03
202107091600,105,28.4,0,0,1.0,6.123233995736766e-17,DB02
202107091700,105,27.4,0,0,1.0,6.123233995736766e-17,DB03
202107091800,105,26.7,0,0,0.9396926207859083,0.3420201433256688,DB04
202107091900,105,25.3,0,0,-0.9396926207859083,0.342020143325669,DB04
202107092000,105,24.1,0,0,-0.6427876096865396,0.7660444431189778,DB04
202107092100,105,23.5,100,1,0.0,1.0,DB04
202107092200,105,22.9,0,0,0.3420201433256689,-0.9396926207859083,DB04
202107092300,105,22.6,0,0,-0.6427876096865396,0.7660444431189778,DB03
202107100000,105,22.2,0,0,-0.6427876096865396,0.7660444431189778,DB01
202107100100,105,22.0,0,0,-0.9396926207859084,-0.34202014332566855,DB02
202107100200,105,21.4,0,0,-0.7660444431189779,-0.6427876096865395,DB02
202107100300,105,21.0,0,0,-0.7660444431189779,-0.6427876096865395,DB02
202107100400,105,20.9,0,0,0.0,1.0,DB03
202107100500,105,21.1,0,0,0.0,1.0,DB03
202107100600,105,21.2,0,0,0.0,1.0,DB01
202107100700,105,21.9,0,0,0.0,1.0,DB02
202107100800,105,23.1,0,0,1.2246467991473532e-16,-1.0,DB03
202107100900,105,24.9,0,0,-0.6427876096865396,0.7660444431189778,DB02
202107101000,105,25.7,0,0,0.3420201433256689,-0.9396926207859083,DB04
202107101100,105,27.7,0,0,0.9396926207859083,0.3420201433256688,DB04
202107101200,105,26.6,0,0,0.766044443118978,0.6427876096865394,DB04
202107101300,105,27.2,0,0,0.9396926207859083,0.3420201433256688,DB03
202107101400,105,28.5,0,0,-0.6427876096865396,0.7660444431189778,DB03
202107101500,105,26.7,100,1,1.0,6.123233995736766e-17,DB04
202107101600,105,24.4,100,1,-0.7660444431189779,-0.6427876096865395,DB04
202107101700,105,23.5,100,1,-0.7660444431189779,-0.6427876096865395,DB04
202107101800,105,23.6,100,1,-0.9396926207859084,-0.34202014332566855,DB04
202107101900,105,24.0,0,0,-0.7660444431189779,-0.6427876096865395,DB04
202107102000,105,24.0,0,0,-0.9396926207859083,0.342020143325669,DB03
202107102100,105,23.5,0,0,0.0,1.0,DB04
202107102200,105,23.1,0,0,-0.7660444431189779,-0.6427876096865395,DB04
202107102300,105,23.3,0,0,-0.7660444431189779,-0.6427876096865395,DB04
202107110000,105,23.9,0,0,-0.7660444431189779,-0.6427876096865395,DB04
202107110100,105,23.7,0,0,-0.9396926207859084,-0.34202014332566855,DB02
202107110200,105,23.5,0,0,-0.9396926207859084,-0.34202014332566855,DB03
202107110300,105,23.5,0,0,-0.7660444431189779,-0.6427876096865395,DB03
202107110400,105,23.6,0,0,-0.7660444431189779,-0.6427876096865395,DB02
202107110500,105,23.4,0,0,-1.0,-1.8369701987210297e-16,DB02
202107110600,105,23.7,0,0,1.0,6.123233995736766e-17,DB03
202107110700,105,24.5,0,0,0.0,1.0,DB01
202107110800,105,26.5,0,0,0.766044443118978,0.6427876096865394,DB01
202107110900,105,28.2,0,0,-0.3420201433256686,0.9396926207859084,DB02
202107111000,105,29.5,0,0,0.9396926207859083,0.3420201433256688,DB01
202107111100,105,30.8,0,0,0.9396926207859084,-0.3420201433256687,DB02
202107111200,105,31.6,0,0,1.0,6.123233995736766e-17,DB02
202107111300,105,31.9,0,0,0.766044443118978,0.6427876096865394,DB02
202107111400,105,32.6,0,0,1.0,6.123233995736766e-17,DB02
202107111500,105,32.8,0,0,-0.6427876096865396,0.7660444431189778,DB02
202107111600,105,32.9,0,0,0.766044443118978,0.6427876096865394,DB02
202107111700,105,32.0,0,0,-0.7660444431189779,-0.6427876096865395,DB03
202107111800,105,30.6,0,0,-0.7660444431189779,-0.6427876096865395,DB03
202107111900,105,29.9,0,0,-0.7660444431189779,-0.6427876096865395,DB03
202107112000,105,29.2,0,0,-0.34202014332566866,-0.9396926207859084,DB03
202107112100,105,28.9,0,0,-0.7660444431189779,-0.6427876096865395,DB03
202107112200,105,28.6,0,0,-1.0,-1.8369701987210297e-16,DB02
202107112300,105,28.2,0,0,-0.9396926207859084,-0.34202014332566855,DB02
202107120000,105,27.4,0,0,-0.9396926207859084,-0.34202014332566855,DB02
202107120100,105,26.8,0,0,-0.9396926207859084,-0.34202014332566855,DB03
202107120200,105,26.3,0,0,-0.9396926207859084,-0.34202014332566855,DB03
202107120300,105,26.0,0,0,-0.7660444431189779,-0.6427876096865395,DB01
202107120400,105,26.2,0,0,-0.7660444431189779,-0.6427876096865395,DB01
202107120500,105,25.6,0,0,-0.9396926207859084,-0.34202014332566855,DB01
202107120600,105,25.6,0,0,-0.9396926207859084,-0.34202014332566855,DB01
202107120700,105,26.2,0,0,-0.7660444431189779,-0.6427876096865395,DB01
202107120800,105,28.2,0,0,-0.7660444431189779,-0.6427876096865395,DB01
202107120900,105,30.3,0,0,-0.7660444431189779,-0.6427876096865395,DB01
202107121000,105,30.7,0,0,0.9396926207859083,0.3420201433256688,DB02
202107121100,105,31.4,0,0,0.766044443118978,0.6427876096865394,DB02
202107121200,105,31.8,0,0,0.9396926207859083,0.3420201433256688,DB02
202107121300,105,31.9,0,0,0.9396926207859084,-0.3420201433256687,DB02
202107121400,105,32.2,0,0,0.9396926207859083,0.3420201433256688,DB02
202107121500,105,32.8,0,0,1.0,6.123233995736766e-17,DB02
202107121600,105,33.1,0,0,1.0,6.123233995736766e-17,DB02
202107121700,105,32.5,0,0,0.9396926207859084,-0.3420201433256687,DB02
202107121800,105,31.6,0,0,1.0,6.123233995736766e-17,DB01
202107121900,105,30.5,0,0,0.9396926207859084,-0.3420201433256687,DB01
202107122000,105,29.4,0,0,-0.9396926207859083,0.342020143325669,DB03
202107122100,105,28.8,0,0,-0.9396926207859083,0.342020143325669,DB02
202107122200,105,27.4,0,0,-0.7660444431189779,-0.6427876096865395,DB03
202107122300,105,26.4,0,0,-0.9396926207859084,-0.34202014332566855,DB03
202107130000,105,26.1,0,0,-0.9396926207859084,-0.34202014332566855,DB03
202107130100,105,25.7,0,0,0.0,1.0,DB03
202107130200,105,25.1,0,0,-0.34202014332566866,-0.9396926207859084,DB03
202107130300,105,24.8,0,0,-0.7660444431189779,-0.6427876096865395,DB03
202107130400,105,24.4,0,0,-0.7660444431189779,-0.6427876096865395,DB02
202107130500,105,24.3,0,0,-0.9396926207859084,-0.34202014332566855,DB02
202107130600,105,24.4,0,0,-0.6427876096865396,0.7660444431189778,DB03
202107130700,105,25.5,0,0,0.3420201433256689,-0.9396926207859083,DB03
202107130800,105,26.7,0,0,0.6427876096865395,-0.7660444431189779,DB03
202107130900,105,28.4,0,0,-0.3420201433256686,0.9396926207859084,DB03
202107131000,105,28.1,0,0,0.9396926207859083,0.3420201433256688,DB03
202107131100,105,29.1,0,0,0.766044443118978,0.6427876096865394,DB03
202107131200,105,30.3,0,0,0.3420201433256687,0.9396926207859084,DB03
202107131300,105,30.8,0,0,0.0,1.0,DB03
202107131400,105,30.9,0,0,1.0,6.123233995736766e-17,DB02
202107131500,105,31.1,0,0,0.9396926207859083,0.3420201433256688,DB02
202107131600,105,31.0,0,0,0.9396926207859083,0.3420201433256688,DB02
202107131700,105,30.7,0,0,0.9396926207859083,0.3420201433256688,DB02
202107131800,105,29.5,0,0,0.9396926207859083,0.3420201433256688,DB02
202107131900,105,28.0,0,0,0.3420201433256687,0.9396926207859084,DB02
202107132000,105,26.9,0,0,-0.6427876096865396,0.7660444431189778,DB02
202107132100,105,25.9,0,0,-0.6427876096865396,0.7660444431189778,DB02
202107132200,105,25.4,0,0,-0.6427876096865396,0.7660444431189778,DB02
202107132300,105,25.4,0,0,-0.9396926207859083,0.342020143325669,DB02
202107140000,105,25.3,0,0,-0.3420201433256686,0.9396926207859084,DB02
202107140100,105,25.1,0,0,-0.6427876096865396,0.7660444431189778,DB02
202107140200,105,25.0,0,0,-0.3420201433256686,0.9396926207859084,DB02
202107140300,105,25.0,0,0,0.3420201433256687,0.9396926207859084,DB02
202107140400,105,24.8,0,0,-0.3420201433256686,0.9396926207859084,DB03
202107140500,105,24.8,0,0,0.0,1.0,DB03
202107140600,105,24.8,0,0,0.0,1.0,DB01
202107140700,105,24.9,0,0,-0.7660444431189779,-0.6427876096865395,DB02
202107140800,105,25.6,0,0,0.6427876096865395,-0.7660444431189779,DB03
202107140900,105,26.0,0,0,0.6427876096865395,-0.7660444431189779,DB02
202107141000,105,26.6,0,0,1.0,6.123233995736766e-17,DB03
202107141100,105,26.8,0,0,1.0,6.123233995736766e-17,DB03
202107141200,105,27.1,0,0,1.0,6.123233995736766e-17,DB03
202107141300,105,28.3,0,0,0.9396926207859083,0.3420201433256688,DB03
202107141400,105,29.6,0,0,0.9396926207859084,-0.3420201433256687,DB02
202107141500,105,30.3,0,0,0.9396926207859083,0.3420201433256688,DB03
202107141600,105,29.6,0,0,1.0,6.123233995736766e-17,DB03
202107141700,105,29.2,0,0,1.0,6.123233995736766e-17,DB03
202107141800,105,28.9,0,0,0.9396926207859083,0.3420201433256688,DB02
202107141900,105,28.0,0,0,1.0,6.123233995736766e-17,DB02
202107142000,105,27.8,0,0,0.766044443118978,0.6427876096865394,DB01
202107142100,105,27.4,0,0,0.9396926207859083,0.3420201433256688,DB02
202107142200,105,27.1,0,0,0.9396926207859084,-0.3420201433256687,DB01
202107142300,105,27.0,0,0,-0.6427876096865396,0.7660444431189778,DB02
202107150000,105,26.7,0,0,0.0,1.0,DB02
202107150100,105,26.5,0,0,0.766044443118978,0.6427876096865394,DB02
202107150200,105,26.4,0,0,-0.6427876096865396,0.7660444431189778,DB02
202107150300,105,26.2,0,0,-0.6427876096865396,0.7660444431189778,DB03
202107150400,105,26.1,0,0,-0.3420201433256686,0.9396926207859084,DB02
202107150500,105,25.9,0,0,0.0,1.0,DB01
202107150600,105,25.9,0,0,-0.9396926207859083,0.342020143325669,DB02
202107150700,105,25.9,0,0,-0.7660444431189779,-0.6427876096865395,DB02
202107150800,105,26.1,0,0,-0.34202014332566866,-0.9396926207859084,DB03
202107150900,105,27.2,0,0,0.6427876096865395,-0.7660444431189779,DB03
202107151000,105,28.1,0,0,0.9396926207859083,0.3420201433256688,DB03
202107151100,105,28.3,0,0,0.766044443118978,0.6427876096865394,DB03
202107151200,105,29.0,0,0,1.0,6.123233995736766e-17,DB04
202107151300,105,29.7,0,0,0.9396926207859083,0.3420201433256688,DB03
202107151400,105,30.3,0,0,1.0,6.123233995736766e-17,DB02
202107151500,105,30.7,0,0,0.766044443118978,0.6427876096865394,DB02
202107151600,105,30.7,0,0,0.9396926207859083,0.3420201433256688,DB02
202107151700,105,30.4,0,0,1.0,6.123233995736766e-17,DB02
202107151800,105,29.3,0,0,1.0,6.123233995736766e-17,DB01
202107151900,105,28.6,0,0,0.9396926207859083,0.3420201433256688,DB01
202107152000,105,27.8,0,0,0.0,1.0,DB02
202107152100,105,27.4,0,0,0.3420201433256687,0.9396926207859084,DB02
202107152200,105,27.1,0,0,0.0,1.0,DB03
202107152300,105,26.9,0,0,0.0,1.0,DB03
202107160000,105,26.7,0,0,0.0,1.0,DB03
202107160100,105,26.5,0,0,0.0,1.0,DB03
202107160200,105,26.2,0,0,0.0,1.0,DB02
202107160300,105,25.6,0,0,0.0,1.0,DB01
202107160400,105,24.8,0,0,-0.7660444431189779,-0.6427876096865395,DB01
202107160500,105,24.3,0,0,-0.7660444431189779,-0.6427876096865395,DB01
202107160600,105,24.0,0,0,-0.9396926207859084,-0.34202014332566855,DB01
202107160700,105,25.0,0,0,-0.9396926207859084,-0.34202014332566855,DB01
202107160800,105,25.9,0,0,-0.3420201433256686,0.9396926207859084,DB02
202107160900,105,26.7,0,0,0.766044443118978,0.6427876096865394,DB01
202107161000,105,27.4,0,0,1.2246467991473532e-16,-1.0,DB04
202107161100,105,28.8,0,0,-0.3420201433256686,0.9396926207859084,DB02
202107161200,105,30.1,0,0,1.0,6.123233995736766e-17,DB02
202107161300,105,30.4,0,0,1.0,6.123233995736766e-17,DB01
202107161400,105,31.1,0,0,1.0,6.123233995736766e-17,DB01
202107161500,105,30.8,0,0,1.0,6.123233995736766e-17,DB01
202107161600,105,30.6,0,0,1.0,6.123233995736766e-17,DB01
202107161700,105,30.2,0,0,1.0,6.123233995736766e-17,DB01
202107161800,105,28.8,0,0,0.9396926207859084,-0.3420201433256687,DB01
202107161900,105,27.9,0,0,1.0,6.123233995736766e-17,DB01
202107162000,105,27.0,0,0,1.0,6.123233995736766e-17,DB01
202107162100,105,26.1,0,0,-0.34202014332566866,-0.9396926207859084,DB02
202107162200,105,25.1,0,0,-0.7660444431189779,-0.6427876096865395,DB02
202107162300,105,24.4,0,0,-0.9396926207859084,-0.34202014332566855,DB03
202107170000,105,23.7,0,0,-0.9396926207859084,-0.34202014332566855,DB02
202107170100,105,23.3,0,0,-0.7660444431189779,-0.6427876096865395,DB02
202107170200,105,22.9,0,0,-0.7660444431189779,-0.6427876096865395,DB02
202107170300,105,22.7,0,0,-0.7660444431189779,-0.6427876096865395,DB03
202107170400,105,22.8,0,0,-0.9396926207859084,-0.34202014332566855,DB02
202107170500,105,22.7,0,0,-0.34202014332566866,-0.9396926207859084,DB03
202107170600,105,22.7,100,1,-0.7660444431189779,-0.6427876096865395,DB03
202107170700,105,23.1,0,0,-0.34202014332566866,-0.9396926207859084,DB03
202107170800,105,24.0,0,0,-0.7660444431189779,-0.6427876096865395,DB04
202107170900,105,24.9,0,0,-0.6427876096865396,0.7660444431189778,DB04
202107171000,105,24.9,100,1,-0.7660444431189779,-0.6427876096865395,DB04
202107171100,105,24.4,100,1,-1.0,-1.8369701987210297e-16,DB04
202107171200,105,26.7,100,1,-0.9396926207859083,0.342020143325669,DB03
202107171300,105,27.5,0,0,0.0,1.0,DB02
202107171400,105,27.8,0,0,0.9396926207859083,0.3420201433256688,DB03
202107171500,105,28.6,0,0,1.0,6.123233995736766e-17,DB02
202107171600,105,28.4,0,0,0.9396926207859083,0.3420201433256688,DB03
202107171700,105,28.2,0,0,0.9396926207859084,-0.3420201433256687,DB03
202107171800,105,27.7,0,0,1.0,6.123233995736766e-17,DB02
202107171900,105,27.1,0,0,0.9396926207859084,-0.3420201433256687,DB02
202107172000,105,26.5,0,0,0.9396926207859084,-0.3420201433256687,DB02
202107172100,105,25.9,0,0,-0.7660444431189779,-0.6427876096865395,DB02
202107172200,105,25.2,0,0,-0.7660444431189779,-0.6427876096865395,DB03
202107172300,105,24.8,0,0,-0.7660444431189779,-0.6427876096865395,DB03
202107180000,105,24.6,0,0,-0.9396926207859084,-0.34202014332566855,DB03
202107180100,105,24.2,0,0,-0.7660444431189779,-0.6427876096865395,DB02
202107180200,105,23.7,0,0,-0.7660444431189779,-0.6427876096865395,DB02
202107180300,105,23.4,0,0,-0.34202014332566866,-0.9396926207859084,DB02
202107180400,105,22.9,0,0,-0.7660444431189779,-0.6427876096865395,DB02
202107180500,105,22.8,0,0,-0.9396926207859084,-0.34202014332566855,DB02
202107180600,105,22.7,0,0,-0.9396926207859084,-0.34202014332566855,DB02
202107180700,105,23.5,0,0,-0.7660444431189779,-0.6427876096865395,DB02
202107180800,105,26.0,0,0,0.6427876096865395,-0.7660444431189779,DB03
202107180900,105,27.9,0,0,0.9396926207859083,0.3420201433256688,DB03
202107181000,105,29.3,0,0,1.0,6.123233995736766e-17,DB03
202107181100,105,30.3,0,0,1.0,6.123233995736766e-17,DB02
202107181200,105,30.6,0,0,0.9396926207859083,0.3420201433256688,DB02
202107181300,105,30.5,0,0,1.0,6.123233995736766e-17,DB02
202107181400,105,31.3,0,0,1.0,6.123233995736766e-17,DB01
202107181500,105,31.0,0,0,0.9396926207859083,0.3420201433256688,DB03
202107181600,105,30.4,0,0,1.0,6.123233995736766e-17,DB03
202107181700,105,29.9,0,0,0.9396926207859083,0.3420201433256688,DB03
202107181800,105,28.8,0,0,0.6427876096865395,-0.7660444431189779,DB04
202107181900,105,28.2,0,0,0.3420201433256689,-0.9396926207859083,DB04
202107182000,105,27.6,0,0,0.3420201433256689,-0.9396926207859083,DB04
202107182100,105,26.6,0,0,-0.9396926207859084,-0.34202014332566855,DB02
202107182200,105,26.2,0,0,-0.9396926207859084,-0.34202014332566855,DB03
202107182300,105,25.5,0,0,-0.9396926207859084,-0.34202014332566855,DB03
202107190000,105,25.1,0,0,-0.34202014332566866,-0.9396926207859084,DB03
202107190100,105,24.9,0,0,-0.34202014332566866,-0.9396926207859084,DB04
202107190200,105,24.3,0,0,-0.7660444431189779,-0.6427876096865395,DB01
202107190300,105,24.0,0,0,-0.34202014332566866,-0.9396926207859084,DB02
202107190400,105,23.8,0,0,-0.9396926207859084,-0.34202014332566855,DB02
202107190500,105,24.1,0,0,-0.9396926207859083,0.342020143325669,DB03
202107190600,105,24.4,0,0,-0.9396926207859084,-0.34202014332566855,DB04
202107190700,105,24.6,0,0,-0.9396926207859084,-0.34202014332566855,DB03
202107190800,105,25.7,0,0,-0.7660444431189779,-0.6427876096865395,DB03
202107190900,105,26.8,0,0,-0.34202014332566866,-0.9396926207859084,DB04
202107191000,105,27.7,0,0,0.9396926207859084,-0.3420201433256687,DB04
202107191100,105,28.2,0,0,-0.34202014332566866,-0.9396926207859084,DB04
202107191200,105,30.6,0,0,0.3420201433256687,0.9396926207859084,DB02
202107191300,105,31.3,0,0,0.9396926207859084,-0.3420201433256687,DB03
202107191400,105,31.2,0,0,1.0,6.123233995736766e-17,DB03
202107191500,105,31.2,0,0,0.9396926207859083,0.3420201433256688,DB03
202107191600,105,31.3,0,0,1.0,6.123233995736766e-17,DB03
202107191700,105,30.7,0,0,1.0,6.123233995736766e-17,DB04
202107191800,105,30.7,0,0,0.9396926207859083,0.3420201433256688,DB04
202107191900,105,29.8,0,0,-0.6427876096865396,0.7660444431189778,DB03
202107192000,105,29.0,0,0,-0.6427876096865396,0.7660444431189778,DB03
202107192100,105,28.2,0,0,-0.6427876096865396,0.7660444431189778,DB04
202107192200,105,27.5,0,0,-0.7660444431189779,-0.6427876096865395,DB04
202107192300,105,26.9,0,0,-0.9396926207859083,0.342020143325669,DB03
202107200000,105,26.5,0,0,-0.9396926207859084,-0.34202014332566855,DB03
202107200100,105,26.1,0,0,-0.7660444431189779,-0.6427876096865395,DB02
202107200200,105,25.7,0,0,0.0,1.0,DB03
202107200300,105,25.3,0,0,-0.9396926207859084,-0.34202014332566855,DB03
202107200400,105,24.8,0,0,-0.7660444431189779,-0.6427876096865395,DB03
202107200500,105,24.6,0,0,-0.34202014332566866,-0.9396926207859084,DB03
202107200600,105,24.4,0,0,-0.9396926207859084,-0.34202014332566855,DB03
202107200700,105,25.4,0,0,-0.9396926207859084,-0.34202014332566855,DB03
202107200800,105,26.8,0,0,-0.7660444431189779,-0.6427876096865395,DB03
202107200900,105,28.9,0,0,-0.3420201433256686,0.9396926207859084,DB03
202107201000,105,30.7,0,0,0.9396926207859084,-0.3420201433256687,DB03
202107201100,105,31.0,0,0,1.0,6.123233995736766e-17,DB03
202107201200,105,31.3,0,0,-0.3420201433256686,0.9396926207859084,DB03
202107201300,105,31.7,0,0,0.9396926207859083,0.3420201433256688,DB02
202107201400,105,31.9,0,0,0.9396926207859083,0.3420201433256688,DB03
202107201500,105,32.3,0,0,1.0,6.123233995736766e-17,DB03
202107201600,105,30.6,0,0,1.0,6.123233995736766e-17,DB03
202107201700,105,30.2,0,0,0.3420201433256689,-0.9396926207859083,DB03
202107201800,105,29.7,0,0,-0.9396926207859083,0.342020143325669,DB03
202107201900,105,29.3,0,0,-0.34202014332566866,-0.9396926207859084,DB03
202107202000,105,28.5,0,0,-0.7660444431189779,-0.6427876096865395,DB03
202107202100,105,27.6,0,0,-0.9396926207859084,-0.34202014332566855,DB03
202107202200,105,27.0,0,0,-0.7660444431189779,-0.6427876096865395,DB03
202107202300,105,26.5,0,0,-0.34202014332566866,-0.9396926207859084,DB03
202107210000,105,26.1,0,0,-0.34202014332566866,-0.9396926207859084,DB03
202107210100,105,25.6,0,0,-0.7660444431189779,-0.6427876096865395,DB03
202107210200,105,25.2,0,0,-0.7660444431189779,-0.6427876096865395,DB03
202107210300,105,24.9,0,0,1.2246467991473532e-16,-1.0,DB03
202107210400,105,24.8,0,0,-0.7660444431189779,-0.6427876096865395,DB03
202107210500,105,24.4,0,0,0.3420201433256689,-0.9396926207859083,DB03
202107210600,105,24.3,0,0,0.0,1.0,DB03
202107210700,105,25.0,0,0,0.0,1.0,DB03
202107210800,105,26.9,0,0,-0.9396926207859083,0.342020143325669,DB03
202107210900,105,28.8,0,0,-0.6427876096865396,0.7660444431189778,DB02
202107211000,105,30.4,0,0,0.0,1.0,DB02
202107211100,105,30.6,0,0,0.766044443118978,0.6427876096865394,DB02
202107211200,105,31.3,0,0,-0.6427876096865396,0.7660444431189778,DB03
202107211300,105,31.7,0,0,0.9396926207859083,0.3420201433256688,DB03
202107211400,105,32.0,0,0,1.0,6.123233995736766e-17,DB03
202107211500,105,32.6,0,0,0.9396926207859084,-0.3420201433256687,DB03
202107211600,105,32.3,0,0,1.0,6.123233995736766e-17,DB03
202107211700,105,32.2,0,0,1.0,6.123233995736766e-17,DB03
202107211800,105,30.4,0,0,0.9396926207859084,-0.3420201433256687,DB03
202107211900,105,29.6,0,0,-0.3420201433256686,0.9396926207859084,DB02
202107212000,105,28.6,0,0,0.0,1.0,DB02
202107212100,105,27.5,0,0,-0.9396926207859083,0.342020143325669,DB03
202107212200,105,26.0,0,0,-0.9396926207859084,-0.34202014332566855,DB03
202107212300,105,25.2,0,0,-0.7660444431189779,-0.6427876096865395,DB03
202107220000,105,24.4,0,0,-0.9396926207859084,-0.34202014332566855,DB03
202107220100,105,23.8,0,0,-0.7660444431189779,-0.6427876096865395,DB03
202107220200,105,23.4,0,0,-0.7660444431189779,-0.6427876096865395,DB02
202107220300,105,23.2,0,0,-0.9396926207859084,-0.34202014332566855,DB03
202107220400,105,22.8,0,0,-0.7660444431189779,-0.6427876096865395,DB03
202107220500,105,22.7,0,0,-0.9396926207859084,-0.34202014332566855,DB02
202107220600,105,22.4,0,0,-0.9396926207859084,-0.34202014332566855,DB02
202107220700,105,23.9,0,0,-0.9396926207859084,-0.34202014332566855,DB02
202107220800,105,25.9,0,0,-0.6427876096865396,0.7660444431189778,DB02
202107220900,105,28.4,0,0,-1.0,-1.8369701987210297e-16,DB03
202107221000,105,29.8,0,0,0.9396926207859083,0.3420201433256688,DB02
202107221100,105,30.5,0,0,1.0,6.123233995736766e-17,DB02
202107221200,105,30.4,0,0,0.9396926207859083,0.3420201433256688,DB04
202107221300,105,31.0,0,0,0.9396926207859083,0.3420201433256688,DB04
202107221400,105,31.5,0,0,0.9396926207859083,0.3420201433256688,DB04
202107221500,105,31.3,0,0,1.0,6.123233995736766e-17,DB02
202107221600,105,31.4,0,0,1.0,6.123233995736766e-17,DB03
202107221700,105,30.5,0,0,0.9396926207859084,-0.3420201433256687,DB02
202107221800,105,30.5,0,0,1.0,6.123233995736766e-17,DB01
202107221900,105,29.3,0,0,0.9396926207859084,-0.3420201433256687,DB02
202107222000,105,27.9,0,0,0.9396926207859084,-0.3420201433256687,DB01
202107222100,105,26.9,0,0,0.3420201433256689,-0.9396926207859083,DB01
202107222200,105,26.3,0,0,-0.7660444431189779,-0.6427876096865395,DB01
202107222300,105,25.7,0,0,-0.7660444431189779,-0.6427876096865395,DB02
202107230000,105,25.2,0,0,-0.7660444431189779,-0.6427876096865395,DB01
202107230100,105,24.6,0,0,-0.9396926207859084,-0.34202014332566855,DB01
202107230200,105,24.0,0,0,-0.7660444431189779,-0.6427876096865395,DB01
202107230300,105,23.8,0,0,-0.9396926207859084,-0.34202014332566855,DB01
202107230400,105,23.3,0,0,-0.9396926207859084,-0.34202014332566855,DB02
202107230500,105,22.9,0,0,-0.9396926207859084,-0.34202014332566855,DB02
202107230600,105,22.8,0,0,-0.7660444431189779,-0.6427876096865395,DB02
202107230700,105,24.1,0,0,-0.7660444431189779,-0.6427876096865395,DB02
202107230800,105,26.3,0,0,-0.3420201433256686,0.9396926207859084,DB02
202107230900,105,27.9,0,0,0.9396926207859084,-0.3420201433256687,DB01
202107231000,105,29.7,0,0,0.9396926207859084,-0.3420201433256687,DB01
202107231100,105,30.5,0,0,1.0,6.123233995736766e-17,DB01
202107231200,105,30.9,0,0,1.0,6.123233995736766e-17,DB02
202107231300,105,31.4,0,0,1.0,6.123233995736766e-17,DB02
202107231400,105,32.1,0,0,0.9396926207859084,-0.3420201433256687,DB01
202107231500,105,32.5,0,0,1.0,6.123233995736766e-17,DB02
202107231600,105,32.1,0,0,1.0,6.123233995736766e-17,DB03
202107231700,105,31.9,0,0,1.0,6.123233995736766e-17,DB02
202107231800,105,32.0,0,0,0.3420201433256687,0.9396926207859084,DB01
202107231900,105,30.8,0,0,-0.9396926207859083,0.342020143325669,DB01
202107232000,105,29.4,0,0,1.0,6.123233995736766e-17,DB01
202107232100,105,28.3,0,0,-0.6427876096865396,0.7660444431189778,DB01
202107232200,105,27.8,0,0,-0.7660444431189779,-0.6427876096865395,DB02
202107232300,105,27.1,0,0,-0.7660444431189779,-0.6427876096865395,DB02
202107240000,105,26.6,0,0,-0.7660444431189779,-0.6427876096865395,DB02
202107240100,105,26.1,0,0,-0.7660444431189779,-0.6427876096865395,DB02
202107240200,105,25.5,0,0,-0.7660444431189779,-0.6427876096865395,DB02
202107240300,105,25.2,0,0,-0.7660444431189779,-0.6427876096865395,DB03
202107240400,105,24.9,0,0,0.0,1.0,DB03
202107240500,105,24.7,0,0,-0.7660444431189779,-0.6427876096865395,DB03
202107240600,105,24.7,0,0,-0.7660444431189779,-0.6427876096865395,DB03
202107240700,105,25.0,0,0,-0.7660444431189779,-0.6427876096865395,DB03
202107240800,105,26.1,0,0,-0.9396926207859084,-0.34202014332566855,DB03
202107240900,105,27.8,0,0,0.3420201433256689,-0.9396926207859083,DB03
202107241000,105,29.0,0,0,1.0,6.123233995736766e-17,DB03
202107241100,105,28.8,0,0,0.9396926207859083,0.3420201433256688,DB03
202107241200,105,30.1,0,0,0.9396926207859083,0.3420201433256688,DB03
202107241300,105,30.0,0,0,1.0,6.123233995736766e-17,DB03
202107241400,105,31.3,0,0,1.0,6.123233995736766e-17,DB03
202107241500,105,32.0,0,0,0.9396926207859083,0.3420201433256688,DB01
202107241600,105,31.9,0,0,1.0,6.123233995736766e-17,DB02
202107241700,105,31.8,0,0,1.0,6.123233995736766e-17,DB03
202107241800,105,31.7,0,0,1.0,6.123233995736766e-17,DB01
202107241900,105,30.6,0,0,0.9396926207859084,-0.3420201433256687,DB01
202107242000,105,29.1,0,0,0.766044443118978,0.6427876096865394,DB01
202107242100,105,28.0,0,0,-0.6427876096865396,0.7660444431189778,DB01
202107242200,105,27.3,0,0,1.2246467991473532e-16,-1.0,DB02
202107242300,105,26.2,0,0,-0.7660444431189779,-0.6427876096865395,DB01
202107250000,105,25.5,0,0,-0.7660444431189779,-0.6427876096865395,DB01
202107250100,105,24.8,0,0,-0.9396926207859084,-0.34202014332566855,DB01
202107250200,105,24.4,0,0,1.2246467991473532e-16,-1.0,DB01
202107250300,105,24.1,0,0,-0.7660444431189779,-0.6427876096865395,DB02
202107250400,105,23.7,0,0,-0.9396926207859084,-0.34202014332566855,DB02
202107250500,105,23.6,0,0,-0.7660444431189779,-0.6427876096865395,DB02
202107250600,105,23.5,0,0,-0.7660444431189779,-0.6427876096865395,DB02
202107250700,105,23.8,0,0,-0.7660444431189779,-0.6427876096865395,DB01
202107250800,105,24.9,0,0,-0.34202014332566866,-0.9396926207859084,DB03
202107250900,105,26.8,0,0,-0.9396926207859084,-0.34202014332566855,DB03
202107251000,105,28.9,0,0,0.9396926207859084,-0.3420201433256687,DB02
202107251100,105,30.1,0,0,0.9396926207859083,0.3420201433256688,DB02
202107251200,105,30.4,0,0,0.3420201433256687,0.9396926207859084,DB02
202107251300,105,30.2,0,0,-0.6427876096865396,0.7660444431189778,DB02
202107251400,105,31.0,0,0,0.3420201433256687,0.9396926207859084,DB02
202107251500,105,31.4,0,0,0.766044443118978,0.6427876096865394,DB02
202107251600,105,31.8,0,0,0.9396926207859083,0.3420201433256688,DB02
202107251700,105,30.8,0,0,1.0,6.123233995736766e-17,DB02
202107251800,105,30.3,0,0,1.0,6.123233995736766e-17,DB02
202107251900,105,29.0,0,0,0.9396926207859084,-0.3420201433256687,DB02
202107252000,105,28.3,0,0,0.9396926207859084,-0.3420201433256687,DB03
202107252100,105,28.0,0,0,0.9396926207859084,-0.3420201433256687,DB02
202107252200,105,27.5,0,0,0.9396926207859084,-0.3420201433256687,DB02
202107252300,105,27.0,0,0,1.2246467991473532e-16,-1.0,DB01
202107260000,105,26.4,0,0,-1.0,-1.8369701987210297e-16,DB01
202107260100,105,25.9,0,0,0.0,1.0,DB01
202107260200,105,25.3,0,0,-0.9396926207859083,0.342020143325669,DB01
202107260300,105,24.8,0,0,-0.7660444431189779,-0.6427876096865395,DB01
202107260400,105,24.4,0,0,0.0,1.0,DB01
202107260500,105,24.2,0,0,0.0,1.0,DB01
202107260600,105,24.0,0,0,-1.0,-1.8369701987210297e-16,DB03
202107260700,105,24.2,0,0,-0.7660444431189779,-0.6427876096865395,DB01
202107260800,105,25.8,0,0,1.2246467991473532e-16,-1.0,DB01
202107260900,105,27.6,0,0,0.9396926207859083,0.3420201433256688,DB01
202107261000,105,29.1,0,0,0.766044443118978,0.6427876096865394,DB02
202107261100,105,30.6,0,0,0.9396926207859083,0.3420201433256688,DB01
202107261200,105,31.0,0,0,0.0,1.0,DB02
202107261300,105,31.6,0,0,0.9396926207859083,0.3420201433256688,DB02
202107261400,105,32.1,0,0,0.9396926207859083,0.3420201433256688,DB02
202107261500,105,32.4,0,0,0.9396926207859083,0.3420201433256688,DB01
202107261600,105,32.6,0,0,0.9396926207859084,-0.3420201433256687,DB01
202107261700,105,32.0,0,0,1.0,6.123233995736766e-17,DB02
202107261800,105,31.2,0,0,1.0,6.123233995736766e-17,DB02
202107261900,105,30.2,0,0,1.0,6.123233995736766e-17,DB02
202107262000,105,28.9,0,0,1.0,6.123233995736766e-17,DB02
202107262100,105,28.3,0,0,0.0,1.0,DB04
202107262200,105,27.7,0,0,1.2246467991473532e-16,-1.0,DB01
202107262300,105,27.1,0,0,-0.6427876096865396,0.7660444431189778,DB01
202107270000,105,26.9,0,0,-0.9396926207859084,-0.34202014332566855,DB02
202107270100,105,26.3,0,0,1.2246467991473532e-16,-1.0,DB02
202107270200,105,26.0,0,0,-0.7660444431189779,-0.6427876096865395,DB01
202107270300,105,25.7,0,0,0.0,1.0,DB03
202107270400,105,25.9,0,0,-0.6427876096865396,0.7660444431189778,DB03
202107270500,105,25.9,0,0,-0.6427876096865396,0.7660444431189778,DB03
202107270600,105,25.9,0,0,0.0,1.0,DB02
202107270700,105,26.3,0,0,-0.7660444431189779,-0.6427876096865395,DB02
202107270800,105,27.7,0,0,-0.6427876096865396,0.7660444431189778,DB02
202107270900,105,29.4,0,0,0.9396926207859084,-0.3420201433256687,DB01
202107271000,105,31.0,0,0,0.9396926207859084,-0.3420201433256687,DB01
202107271100,105,31.2,0,0,1.0,6.123233995736766e-17,DB01
202107271200,105,31.1,0,0,0.766044443118978,0.6427876096865394,DB02
202107271300,105,31.7,0,0,0.9396926207859083,0.3420201433256688,DB02
202107271400,105,31.5,0,0,1.0,6.123233995736766e-17,DB02
202107271500,105,32.2,0,0,0.9396926207859083,0.3420201433256688,DB01
202107271600,105,31.7,0,0,0.766044443118978,0.6427876096865394,DB01
202107271700,105,30.8,0,0,1.0,6.123233995736766e-17,DB01
202107271800,105,30.2,0,0,0.9396926207859084,-0.3420201433256687,DB02
202107271900,105,29.1,0,0,0.9396926207859083,0.3420201433256688,DB01
202107272000,105,28.2,0,0,0.766044443118978,0.6427876096865394,DB01
202107272100,105,27.6,0,0,-0.7660444431189779,-0.6427876096865395,DB01
202107272200,105,26.7,0,0,-0.9396926207859084,-0.34202014332566855,DB01
202107272300,105,25.9,0,0,-0.9396926207859084,-0.34202014332566855,DB02
202107280000,105,25.2,0,0,-0.7660444431189779,-0.6427876096865395,DB02
202107280100,105,24.7,0,0,-0.7660444431189779,-0.6427876096865395,DB01
202107280200,105,24.3,0,0,-0.7660444431189779,-0.6427876096865395,DB01
202107280300,105,23.9,0,0,-0.7660444431189779,-0.6427876096865395,DB01
202107280400,105,23.6,0,0,-0.9396926207859084,-0.34202014332566855,DB02
202107280500,105,23.3,0,0,-0.7660444431189779,-0.6427876096865395,DB02
202107280600,105,23.3,0,0,-0.9396926207859084,-0.34202014332566855,DB02
202107280700,105,24.1,0,0,-0.7660444431189779,-0.6427876096865395,DB01
202107280800,105,26.5,0,0,-0.9396926207859084,-0.34202014332566855,DB01
202107280900,105,29.1,0,0,0.9396926207859084,-0.3420201433256687,DB01
202107281000,105,30.2,0,0,0.766044443118978,0.6427876096865394,DB01
202107281100,105,31.1,0,0,0.9396926207859083,0.3420201433256688,DB01
202107281200,105,31.6,0,0,0.9396926207859083,0.3420201433256688,DB02
202107281300,105,31.4,0,0,0.9396926207859083,0.3420201433256688,DB02
202107281400,105,32.0,0,0,1.0,6.123233995736766e-17,DB02
202107281500,105,32.0,0,0,1.0,6.123233995736766e-17,DB01
202107281600,105,31.1,0,0,0.9396926207859083,0.3420201433256688,DB01
202107281700,105,30.8,0,0,1.0,6.123233995736766e-17,DB01
202107281800,105,30.2,0,0,0.9396926207859083,0.3420201433256688,DB01
202107281900,105,29.1,0,0,1.0,6.123233995736766e-17,DB01
202107282000,105,28.4,0,0,0.9396926207859084,-0.3420201433256687,DB02
202107282100,105,27.9,0,0,0.9396926207859084,-0.3420201433256687,DB02
202107282200,105,27.4,0,0,0.6427876096865395,-0.7660444431189779,DB02
202107282300,105,26.6,0,0,-0.7660444431189779,-0.6427876096865395,DB01
202107290000,105,26.1,0,0,-0.7660444431189779,-0.6427876096865395,DB01
202107290100,105,25.6,0,0,-0.7660444431189779,-0.6427876096865395,DB01
202107290200,105,25.0,0,0,-0.9396926207859084,-0.34202014332566855,DB02
202107290300,105,24.6,0,0,-0.9396926207859084,-0.34202014332566855,DB03
202107290400,105,24.1,0,0,-0.34202014332566866,-0.9396926207859084,DB02
202107290500,105,23.8,0,0,-0.7660444431189779,-0.6427876096865395,DB02
202107290600,105,23.7,0,0,-0.7660444431189779,-0.6427876096865395,DB03
202107290700,105,24.6,0,0,-0.9396926207859084,-0.34202014332566855,DB02
202107290800,105,27.0,0,0,0.3420201433256689,-0.9396926207859083,DB01
202107290900,105,29.1,0,0,0.9396926207859084,-0.3420201433256687,DB02
202107291000,105,30.4,0,0,1.0,6.123233995736766e-17,DB01
202107291100,105,31.3,0,0,1.0,6.123233995736766e-17,DB01
202107291200,105,31.9,0,0,1.0,6.123233995736766e-17,DB03
202107291300,105,32.3,0,0,1.0,6.123233995736766e-17,DB02
202107291400,105,32.6,0,0,1.0,6.123233995736766e-17,DB03
202107291500,105,33.6,0,0,0.9396926207859084,-0.3420201433256687,DB03
202107291600,105,33.5,0,0,1.0,6.123233995736766e-17,DB03
202107291700,105,32.5,0,0,0.9396926207859084,-0.3420201433256687,DB04
202107291800,105,32.1,0,0,0.9396926207859084,-0.3420201433256687,DB03
202107291900,105,31.0,0,0,0.9396926207859083,0.3420201433256688,DB03
202107292000,105,30.0,0,0,-1.0,-1.8369701987210297e-16,DB03
202107292100,105,28.7,0,0,-0.9396926207859084,-0.34202014332566855,DB03
202107292200,105,28.2,0,0,-0.7660444431189779,-0.6427876096865395,DB03
202107292300,105,27.6,0,0,-0.34202014332566866,-0.9396926207859084,DB03
202107300000,105,27.2,0,0,-0.7660444431189779,-0.6427876096865395,DB03
202107300100,105,26.6,0,0,-0.7660444431189779,-0.6427876096865395,DB03
202107300200,105,26.2,0,0,1.2246467991473532e-16,-1.0,DB03
202107300300,105,25.9,0,0,-0.34202014332566866,-0.9396926207859084,DB03
202107300400,105,25.6,0,0,1.2246467991473532e-16,-1.0,DB03
202107300500,105,25.4,0,0,0.0,1.0,DB02
202107300600,105,25.3,0,0,0.0,1.0,DB03
202107300700,105,25.9,0,0,1.2246467991473532e-16,-1.0,DB03
202107300800,105,28.2,0,0,0.3420201433256689,-0.9396926207859083,DB02
202107300900,105,30.6,0,0,-0.34202014332566866,-0.9396926207859084,DB01
202107301000,105,32.4,0,0,1.0,6.123233995736766e-17,DB01
202107301100,105,32.9,0,0,1.0,6.123233995736766e-17,DB02
202107301200,105,33.4,0,0,0.9396926207859083,0.3420201433256688,DB02
202107301300,105,33.7,0,0,0.9396926207859083,0.3420201433256688,DB01
202107301400,105,34.0,0,0,1.0,6.123233995736766e-17,DB02
202107301500,105,34.3,0,0,1.0,6.123233995736766e-17,DB01
202107301600,105,33.8,0,0,1.0,6.123233995736766e-17,DB01
202107301700,105,33.7,0,0,1.0,6.123233995736766e-17,DB02
202107301800,105,32.3,0,0,0.9396926207859084,-0.3420201433256687,DB03
202107301900,105,31.4,0,0,1.2246467991473532e-16,-1.0,DB03
202107302000,105,30.3,0,0,-0.9396926207859084,-0.34202014332566855,DB03
202107302100,105,29.6,0,0,-1.0,-1.8369701987210297e-16,DB04
202107302200,105,28.9,0,0,-0.9396926207859084,-0.34202014332566855,DB04
202107302300,105,28.5,0,0,-0.9396926207859084,-0.34202014332566855,DB03
202107310000,105,28.2,0,0,-0.9396926207859084,-0.34202014332566855,DB02
202107310100,105,27.8,0,0,-0.7660444431189779,-0.6427876096865395,DB01
202107310200,105,27.8,0,0,1.2246467991473532e-16,-1.0,DB01
202107310300,105,27.4,0,0,1.2246467991473532e-16,-1.0,DB01
202107310400,105,27.1,0,0,-0.7660444431189779,-0.6427876096865395,DB01
202107310500,105,26.9,0,0,0.0,1.0,DB01
202107310600,105,26.7,0,0,0.0,1.0,DB01
202107310700,105,27.8,0,0,-0.34202014332566866,-0.9396926207859084,DB02
202107310800,105,30.5,0,0,-0.34202014332566866,-0.9396926207859084,DB03
202107310900,105,32.2,0,0,-0.7660444431189779,-0.6427876096865395,DB03
202107311000,105,34.1,0,0,0.9396926207859083,0.3420201433256688,DB02
202107311100,105,34.9,0,0,0.9396926207859083,0.3420201433256688,DB02
202107311200,105,34.6,0,0,0.766044443118978,0.6427876096865394,DB02
202107311300,105,35.1,0,0,0.9396926207859083,0.3420201433256688,DB02
202107311400,105,35.0,0,0,0.9396926207859083,0.3420201433256688,DB02
202107311500,105,35.5,0,0,0.9396926207859083,0.3420201433256688,DB02
202107311600,105,35.1,0,0,0.9396926207859083,0.3420201433256688,DB03
202107311700,105,34.9,0,0,1.0,6.123233995736766e-17,DB02
202107311800,105,34.0,0,0,1.0,6.123233995736766e-17,DB03
202107311900,105,32.8,0,0,-0.6427876096865396,0.7660444431189778,DB03
202107312000,105,31.7,0,0,-0.9396926207859083,0.342020143325669,DB03
202107312100,105,30.3,0,0,-0.6427876096865396,0.7660444431189778,DB04
202107312200,105,29.9,0,0,-0.7660444431189779,-0.6427876096865395,DB03
202107312300,105,29.4,0,0,-0.7660444431189779,-0.6427876096865395,DB04
202108010000,105,29.2,0,0,0.9396926207859084,-0.3420201433256687,DB04
202108010100,105,29.0,0,0,-0.7660444431189779,-0.6427876096865395,DB04
202108010200,105,28.4,0,0,-0.7660444431189779,-0.6427876096865395,DB02
202108010300,105,27.8,0,0,-0.9396926207859084,-0.34202014332566855,DB01
202108010400,105,27.3,0,0,-1.0,-1.8369701987210297e-16,DB02
202108010500,105,26.9,0,0,-0.7660444431189779,-0.6427876096865395,DB02
202108010600,105,26.7,0,0,-0.7660444431189779,-0.6427876096865395,DB02
202108010700,105,27.4,0,0,1.2246467991473532e-16,-1.0,DB02
202108010800,105,29.3,0,0,0.3420201433256689,-0.9396926207859083,DB03
202108010900,105,30.6,0,0,1.0,6.123233995736766e-17,DB02
202108011000,105,31.7,0,0,1.0,6.123233995736766e-17,DB03
202108011100,105,32.5,0,0,1.0,6.123233995736766e-17,DB03
202108011200,105,33.5,0,0,1.0,6.123233995736766e-17,DB03
202108011300,105,33.9,0,0,0.3420201433256687,0.9396926207859084,DB03
202108011400,105,32.8,0,0,1.0,6.123233995736766e-17,DB03
202108011500,105,32.4,0,0,0.766044443118978,0.6427876096865394,DB04
202108011600,105,32.5,0,0,0.6427876096865395,-0.7660444431189779,DB03
202108011700,105,31.1,0,0,0.9396926207859084,-0.3420201433256687,DB03
202108011800,105,30.4,0,0,0.9396926207859084,-0.3420201433256687,DB04
202108011900,105,29.7,0,0,0.9396926207859084,-0.3420201433256687,DB04
202108012000,105,28.8,0,0,0.6427876096865395,-0.7660444431189779,DB04
202108012100,105,28.6,100,1,-0.9396926207859084,-0.34202014332566855,DB04
202108012200,105,28.1,0,0,-0.7660444431189779,-0.6427876096865395,DB04
202108012300,105,27.8,0,0,-0.9396926207859084,-0.34202014332566855,DB04
202108020000,105,27.5,0,0,0.0,1.0,DB03
202108020100,105,27.2,0,0,0.0,1.0,DB03
202108020200,105,27.0,0,0,-0.9396926207859084,-0.34202014332566855,DB04
202108020300,105,27.0,0,0,-0.9396926207859083,0.342020143325669,DB04
202108020400,105,26.7,100,1,-0.9396926207859083,0.342020143325669,DB04
202108020500,105,26.6,100,1,-0.34202014332566866,-0.9396926207859084,DB04
202108020600,105,26.5,0,0,-0.9396926207859083,0.342020143325669,DB04
202108020700,105,26.5,0,0,-0.34202014332566866,-0.9396926207859084,DB03
202108020800,105,27.8,0,0,-0.34202014332566866,-0.9396926207859084,DB03
202108020900,105,29.4,0,0,1.0,6.123233995736766e-17,DB04
202108021000,105,30.1,0,0,0.3420201433256689,-0.9396926207859083,DB04
202108021100,105,32.3,0,0,0.9396926207859083,0.3420201433256688,DB03
202108021200,105,34.3,0,0,0.9396926207859084,-0.3420201433256687,DB03
202108021300,105,34.2,0,0,0.9396926207859083,0.3420201433256688,DB03
202108021400,105,33.6,0,0,1.0,6.123233995736766e-17,DB03
202108021500,105,30.4,100,1,-0.6427876096865396,0.7660444431189778,DB04
202108021600,105,29.1,0,0,0.6427876096865395,-0.7660444431189779,DB04
202108021700,105,29.2,0,0,-0.7660444431189779,-0.6427876096865395,DB04
202108021800,105,30.1,0,0,1.0,6.123233995736766e-17,DB03
202108021900,105,29.3,0,0,0.9396926207859084,-0.3420201433256687,DB03
202108022000,105,28.6,0,0,-1.0,-1.8369701987210297e-16,DB02
202108022100,105,28.2,0,0,-0.34202014332566866,-0.9396926207859084,DB03
202108022200,105,27.9,0,0,-0.34202014332566866,-0.9396926207859084,DB04
202108022300,105,27.6,0,0,-0.7660444431189779,-0.6427876096865395,DB04
202108030000,105,27.5,0,0,-0.34202014332566866,-0.9396926207859084,DB04
202108030100,105,27.3,0,0,-0.34202014332566866,-0.9396926207859084,DB04
202108030200,105,27.1,0,0,-0.7660444431189779,-0.6427876096865395,DB04
202108030300,105,26.9,0,0,-0.9396926207859084,-0.34202014332566855,DB03
202108030400,105,26.8,0,0,-0.9396926207859084,-0.34202014332566855,DB04
202108030500,105,26.6,0,0,-0.7660444431189779,-0.6427876096865395,DB04
202108030600,105,26.5,0,0,-0.7660444431189779,-0.6427876096865395,DB04
202108030700,105,26.8,0,0,0.0,1.0,DB04
202108030800,105,27.8,0,0,-0.34202014332566866,-0.9396926207859084,DB04
202108030900,105,28.8,0,0,-0.7660444431189779,-0.6427876096865395,DB04
202108031000,105,29.3,0,0,-0.3420201433256686,0.9396926207859084,DB04
202108031100,105,31.2,0,0,-0.34202014332566866,-0.9396926207859084,DB03
202108031200,105,32.7,0,0,1.0,6.123233995736766e-17,DB03
202108031300,105,33.2,0,0,0.9396926207859083,0.3420201433256688,DB03
202108031400,105,32.3,0,0,1.0,6.123233995736766e-17,DB03
202108031500,105,31.7,0,0,0.0,1.0,DB03
202108031600,105,31.4,0,0,0.0,1.0,DB03
202108031700,105,31.3,0,0,0.9396926207859084,-0.3420201433256687,DB03
202108031800,105,31.0,0,0,1.0,6.123233995736766e-17,DB03
202108031900,105,30.3,0,0,0.3420201433256689,-0.9396926207859083,DB03
202108032000,105,29.8,0,0,-0.6427876096865396,0.7660444431189778,DB03
202108032100,105,29.1,0,0,-0.6427876096865396,0.7660444431189778,DB02
202108032200,105,28.4,0,0,-0.7660444431189779,-0.6427876096865395,DB02
202108032300,105,28.1,0,0,-0.9396926207859084,-0.34202014332566855,DB03
202108040000,105,28.0,0,0,-0.7660444431189779,-0.6427876096865395,DB03
202108040100,105,28.0,0,0,-0.7660444431189779,-0.6427876096865395,DB04
202108040200,105,28.2,0,0,-0.9396926207859083,0.342020143325669,DB04
202108040300,105,28.8,0,0,-0.9396926207859084,-0.34202014332566855,DB03
202108040400,105,28.3,0,0,-0.9396926207859084,-0.34202014332566855,DB03
202108040500,105,28.0,0,0,-0.7660444431189779,-0.6427876096865395,DB04
202108040600,105,28.0,0,0,1.2246467991473532e-16,-1.0,DB03
202108040700,105,28.7,0,0,-0.7660444431189779,-0.6427876096865395,DB03
202108040800,105,31.1,0,0,-1.0,-1.8369701987210297e-16,DB03
202108040900,105,32.6,0,0,1.2246467991473532e-16,-1.0,DB02
202108041000,105,33.5,0,0,1.0,6.123233995736766e-17,DB01
202108041100,105,33.8,0,0,1.0,6.123233995736766e-17,DB01
202108041200,105,33.7,0,0,1.0,6.123233995736766e-17,DB04
202108041300,105,34.8,0,0,1.0,6.123233995736766e-17,DB02
202108041400,105,34.9,0,0,1.0,6.123233995736766e-17,DB03
202108041500,105,33.8,0,0,0.3420201433256687,0.9396926207859084,DB03
202108041600,105,33.9,0,0,0.9396926207859084,-0.3420201433256687,DB03
202108041700,105,34.7,0,0,0.6427876096865395,-0.7660444431189779,DB01
202108041800,105,33.8,0,0,0.9396926207859084,-0.3420201433256687,DB02
202108041900,105,32.9,0,0,1.0,6.123233995736766e-17,DB02
202108042000,105,31.7,0,0,-1.0,-1.8369701987210297e-16,DB02
202108042100,105,30.5,0,0,-0.9396926207859084,-0.34202014332566855,DB02
202108042200,105,29.5,0,0,-0.7660444431189779,-0.6427876096865395,DB02
202108042300,105,29.1,0,0,-0.7660444431189779,-0.6427876096865395,DB01
202108050000,105,28.4,0,0,-0.7660444431189779,-0.6427876096865395,DB01
202108050100,105,28.3,0,0,-0.7660444431189779,-0.6427876096865395,DB02
202108050200,105,28.4,0,0,-0.9396926207859084,-0.34202014332566855,DB02
202108050300,105,28.2,0,0,-0.9396926207859084,-0.34202014332566855,DB01
202108050400,105,28.1,0,0,-0.7660444431189779,-0.6427876096865395,DB02
202108050500,105,27.7,0,0,-0.9396926207859084,-0.34202014332566855,DB02
202108050600,105,27.6,0,0,-0.7660444431189779,-0.6427876096865395,DB03
202108050700,105,27.7,0,0,-0.9396926207859084,-0.34202014332566855,DB02
202108050800,105,29.3,0,0,-0.7660444431189779,-0.6427876096865395,DB03
202108050900,105,31.8,0,0,-0.9396926207859084,-0.34202014332566855,DB02
202108051000,105,33.9,0,0,0.9396926207859084,-0.3420201433256687,DB01
202108051100,105,35.2,0,0,0.766044443118978,0.6427876096865394,DB02
202108051200,105,36.2,0,0,1.0,6.123233995736766e-17,DB02
202108051300,105,36.0,0,0,0.9396926207859084,-0.3420201433256687,DB02
202108051400,105,35.7,0,0,0.9396926207859084,-0.3420201433256687,DB02
202108051500,105,34.9,0,0,0.9396926207859084,-0.3420201433256687,DB03
202108051600,105,35.9,0,0,0.9396926207859084,-0.3420201433256687,DB03
202108051700,105,34.3,0,0,0.9396926207859084,-0.3420201433256687,DB03
202108051800,105,33.4,0,0,0.0,1.0,DB03
202108051900,105,32.1,0,0,-0.9396926207859083,0.342020143325669,DB02
202108052000,105,31.4,0,0,-0.9396926207859083,0.342020143325669,DB02
202108052100,105,30.4,0,0,-0.7660444431189779,-0.6427876096865395,DB02
202108052200,105,29.5,0,0,-0.9396926207859084,-0.34202014332566855,DB02
202108052300,105,28.9,0,0,-0.7660444431189779,-0.6427876096865395,DB02
202108060000,105,28.7,0,0,-0.9396926207859084,-0.34202014332566855,DB02
202108060100,105,28.4,0,0,-0.7660444431189779,-0.6427876096865395,DB02
202108060200,105,28.1,0,0,-0.9396926207859084,-0.34202014332566855,DB02
202108060300,105,28.2,0,0,-0.7660444431189779,-0.6427876096865395,DB02
202108060400,105,27.9,0,0,-0.7660444431189779,-0.6427876096865395,DB02
202108060500,105,27.8,0,0,-1.0,-1.8369701987210297e-16,DB03
202108060600,105,27.6,0,0,-0.34202014332566866,-0.9396926207859084,DB03
202108060700,105,28.2,0,0,-0.7660444431189779,-0.6427876096865395,DB03
202108060800,105,29.3,0,0,-0.34202014332566866,-0.9396926207859084,DB03
202108060900,105,31.0,0,0,0.6427876096865395,-0.7660444431189779,DB02
202108061000,105,32.7,0,0,1.0,6.123233995736766e-17,DB02
202108061100,105,33.6,0,0,0.9396926207859083,0.3420201433256688,DB01
202108061200,105,33.9,0,0,1.0,6.123233995736766e-17,DB02
202108061300,105,34.4,0,0,0.9396926207859083,0.3420201433256688,DB02
202108061400,105,34.4,0,0,0.9396926207859083,0.3420201433256688,DB03
202108061500,105,34.1,0,0,1.0,6.123233995736766e-17,DB03
202108061600,105,33.4,0,0,1.0,6.123233995736766e-17,DB04
202108061700,105,30.3,0,0,-0.9396926207859084,-0.34202014332566855,DB04
202108061800,105,28.6,0,0,-0.7660444431189779,-0.6427876096865395,DB04
202108061900,105,27.7,0,0,-0.7660444431189779,-0.6427876096865395,DB04
202108062000,105,27.1,100,1,-0.9396926207859083,0.342020143325669,DB04
202108062100,105,26.3,0,0,-0.7660444431189779,-0.6427876096865395,DB03
202108062200,105,25.7,0,0,-0.7660444431189779,-0.6427876096865395,DB03
202108062300,105,25.2,0,0,-0.7660444431189779,-0.6427876096865395,DB04
202108070000,105,25.1,0,0,-0.9396926207859084,-0.34202014332566855,DB03
202108070100,105,24.9,0,0,-0.7660444431189779,-0.6427876096865395,DB04
202108070200,105,24.8,0,0,-0.9396926207859084,-0.34202014332566855,DB04
202108070300,105,24.8,0,0,-0.9396926207859084,-0.34202014332566855,DB04
202108070400,105,24.6,0,0,-0.9396926207859084,-0.34202014332566855,DB03
202108070500,105,24.6,0,0,-0.9396926207859084,-0.34202014332566855,DB02
202108070600,105,24.5,0,0,-0.7660444431189779,-0.6427876096865395,DB02
202108070700,105,25.1,0,0,-0.7660444431189779,-0.6427876096865395,DB03
202108070800,105,25.8,0,0,-0.7660444431189779,-0.6427876096865395,DB03
202108070900,105,28.2,0,0,-0.3420201433256686,0.9396926207859084,DB03
202108071000,105,29.6,0,0,0.3420201433256687,0.9396926207859084,DB03
202108071100,105,30.5,0,0,0.3420201433256687,0.9396926207859084,DB02
202108071200,105,31.7,0,0,0.766044443118978,0.6427876096865394,DB03
202108071300,105,31.1,0,0,0.766044443118978,0.6427876096865394,DB03
202108071400,105,31.6,0,0,0.766044443118978,0.6427876096865394,DB03
202108071500,105,31.2,0,0,0.3420201433256687,0.9396926207859084,DB04
202108071600,105,31.3,0,0,0.3420201433256687,0.9396926207859084,DB04
202108071700,105,30.5,0,0,0.0,1.0,DB03
202108071800,105,29.6,0,0,-0.3420201433256686,0.9396926207859084,DB03
202108071900,105,29.3,0,0,-0.9396926207859083,0.342020143325669,DB03
202108072000,105,28.5,0,0,-0.3420201433256686,0.9396926207859084,DB03
202108072100,105,27.9,0,0,-0.7660444431189779,-0.6427876096865395,DB03
202108072200,105,27.4,0,0,-0.7660444431189779,-0.6427876096865395,DB03
202108072300,105,26.8,0,0,-0.7660444431189779,-0.6427876096865395,DB02
202108080000,105,26.5,0,0,-0.9396926207859084,-0.34202014332566855,DB01
202108080100,105,26.3,0,0,-0.9396926207859084,-0.34202014332566855,DB02
202108080200,105,26.0,0,0,-0.7660444431189779,-0.6427876096865395,DB02
202108080300,105,25.7,0,0,-0.7660444431189779,-0.6427876096865395,DB02
202108080400,105,25.6,0,0,-0.7660444431189779,-0.6427876096865395,DB03
202108080500,105,25.5,0,0,-0.9396926207859083,0.342020143325669,DB03
202108080600,105,25.6,0,0,-0.7660444431189779,-0.6427876096865395,DB03
202108080700,105,26.0,0,0,-0.9396926207859084,-0.34202014332566855,DB04
202108080800,105,26.6,0,0,-0.7660444431189779,-0.6427876096865395,DB04
202108080900,105,27.5,0,0,-0.6427876096865396,0.7660444431189778,DB03
202108081000,105,26.7,100,1,-0.6427876096865396,0.7660444431189778,DB04
202108081100,105,26.7,100,1,-0.9396926207859084,-0.34202014332566855,DB04
202108081200,105,25.7,100,1,-0.9396926207859083,0.342020143325669,DB03
202108081300,105,24.3,100,1,-0.9396926207859084,-0.34202014332566855,DB04
202108081400,105,24.3,100,1,-1.0,-1.8369701987210297e-16,DB04
202108081500,105,23.5,100,1,0.0,1.0,DB04
202108081600,105,23.4,100,1,-0.9396926207859084,-0.34202014332566855,DB04
202108081700,105,23.9,100,1,0.0,1.0,DB04
202108081800,105,23.7,0,0,-0.34202014332566866,-0.9396926207859084,DB04
202108081900,105,23.2,100,1,-0.9396926207859084,-0.34202014332566855,DB04
202108082000,105,22.9,0,0,0.0,1.0,DB04
202108082100,105,22.7,0,0,-0.7660444431189779,-0.6427876096865395,DB04
202108082200,105,22.7,0,0,-0.9396926207859084,-0.34202014332566855,DB04
202108082300,105,22.8,100,1,-0.9396926207859083,0.342020143325669,DB04
202108090000,105,22.6,100,1,0.9396926207859084,-0.3420201433256687,DB04
202108090100,105,22.6,100,1,-1.0,-1.8369701987210297e-16,DB04
202108090200,105,22.4,0,0,0.0,1.0,DB04
202108090300,105,22.5,100,1,-0.9396926207859083,0.342020143325669,DB04
202108090400,105,22.6,100,1,-1.0,-1.8369701987210297e-16,DB04
202108090500,105,22.3,100,1,-0.7660444431189779,-0.6427876096865395,DB04
202108090600,105,22.5,100,1,-0.9396926207859084,-0.34202014332566855,DB04
202108090700,105,21.4,100,1,-0.7660444431189779,-0.6427876096865395,DB04
202108090800,105,21.8,100,1,-0.7660444431189779,-0.6427876096865395,DB04
202108090900,105,24.6,100,1,-0.9396926207859083,0.342020143325669,DB03
202108091000,105,26.2,0,0,-0.6427876096865396,0.7660444431189778,DB03
202108091100,105,26.6,0,0,0.3420201433256687,0.9396926207859084,DB03
202108091200,105,27.0,0,0,-0.3420201433256686,0.9396926207859084,DB04
202108091300,105,26.8,0,0,1.0,6.123233995736766e-17,DB03
202108091400,105,26.8,0,0,0.766044443118978,0.6427876096865394,DB03
202108091500,105,26.4,0,0,-0.6427876096865396,0.7660444431189778,DB03
202108091600,105,26.0,0,0,0.0,1.0,DB03
202108091700,105,25.8,0,0,-0.6427876096865396,0.7660444431189778,DB03
202108091800,105,25.5,0,0,-0.6427876096865396,0.7660444431189778,DB02
202108091900,105,25.0,0,0,-0.9396926207859083,0.342020143325669,DB02
202108092000,105,24.4,0,0,-0.6427876096865396,0.7660444431189778,DB02
202108092100,105,23.8,0,0,-0.9396926207859084,-0.34202014332566855,DB03
202108092200,105,23.4,0,0,-0.7660444431189779,-0.6427876096865395,DB03
202108092300,105,22.8,0,0,-0.9396926207859084,-0.34202014332566855,DB03
202108100000,105,22.5,0,0,-0.9396926207859084,-0.34202014332566855,DB02
202108100100,105,22.2,0,0,-0.7660444431189779,-0.6427876096865395,DB04
202108100200,105,21.9,0,0,-0.9396926207859084,-0.34202014332566855,DB04
202108100300,105,21.7,0,0,-0.7660444431189779,-0.6427876096865395,DB04
202108100400,105,21.5,0,0,-0.9396926207859084,-0.34202014332566855,DB03
202108100500,105,21.3,0,0,-0.9396926207859084,-0.34202014332566855,DB02
202108100600,105,20.9,0,0,-0.9396926207859084,-0.34202014332566855,DB02
202108100700,105,21.5,0,0,-0.7660444431189779,-0.6427876096865395,DB02
202108100800,105,23.6,0,0,-0.9396926207859084,-0.34202014332566855,DB01
202108100900,105,26.0,0,0,1.0,6.123233995736766e-17,DB02
202108101000,105,27.6,0,0,1.0,6.123233995736766e-17,DB02
202108101100,105,27.4,0,0,1.0,6.123233995736766e-17,DB03
202108101200,105,28.6,0,0,0.9396926207859084,-0.3420201433256687,DB03
202108101300,105,27.4,0,0,0.9396926207859084,-0.3420201433256687,DB03
202108101400,105,25.7,100,1,0.6427876096865395,-0.7660444431189779,DB04
202108101500,105,25.0,100,1,0.9396926207859084,-0.3420201433256687,DB04
202108101600,105,26.3,100,1,0.3420201433256689,-0.9396926207859083,DB03
202108101700,105,27.0,0,0,0.9396926207859084,-0.3420201433256687,DB04
202108101800,105,25.9,0,0,-0.6427876096865396,0.7660444431189778,DB04
202108101900,105,25.2,0,0,-0.6427876096865396,0.7660444431189778,DB04
202108102000,105,24.8,0,0,-0.9396926207859084,-0.34202014332566855,DB04
202108102100,105,24.4,0,0,0.0,1.0,DB02
202108102200,105,23.5,0,0,-0.7660444431189779,-0.6427876096865395,DB01
202108102300,105,23.1,0,0,-0.34202014332566866,-0.9396926207859084,DB01
202108110000,105,23.2,0,0,-0.7660444431189779,-0.6427876096865395,DB02
202108110100,105,23.4,0,0,-0.9396926207859084,-0.34202014332566855,DB03
202108110200,105,23.1,0,0,0.0,1.0,DB03
202108110300,105,22.8,0,0,0.0,1.0,DB03
202108110400,105,22.3,0,0,-0.7660444431189779,-0.6427876096865395,DB02
202108110500,105,21.9,0,0,-0.7660444431189779,-0.6427876096865395,DB02
202108110600,105,22.0,0,0,-0.7660444431189779,-0.6427876096865395,DB02
202108110700,105,22.7,0,0,-0.7660444431189779,-0.6427876096865395,DB03
202108110800,105,24.6,0,0,-0.7660444431189779,-0.6427876096865395,DB03
202108110900,105,26.0,0,0,-0.6427876096865396,0.7660444431189778,DB03
202108111000,105,26.8,0,0,1.0,6.123233995736766e-17,DB03
202108111100,105,28.3,0,0,0.9396926207859083,0.3420201433256688,DB03
202108111200,105,28.4,0,0,0.3420201433256687,0.9396926207859084,DB03
202108111300,105,28.3,0,0,0.766044443118978,0.6427876096865394,DB03
202108111400,105,29.0,0,0,0.9396926207859083,0.3420201433256688,DB02
202108111500,105,28.7,0,0,0.9396926207859083,0.3420201433256688,DB04
202108111600,105,28.3,0,0,1.0,6.123233995736766e-17,DB03
202108111700,105,27.7,0,0,-0.3420201433256686,0.9396926207859084,DB03
202108111800,105,27.0,0,0,0.3420201433256687,0.9396926207859084,DB01
202108111900,105,26.6,0,0,0.3420201433256687,0.9396926207859084,DB02
202108112000,105,26.1,0,0,0.3420201433256687,0.9396926207859084,DB02
202108112100,105,25.8,0,0,-0.3420201433256686,0.9396926207859084,DB02
202108112200,105,25.7,0,0,-0.9396926207859083,0.342020143325669,DB03
202108112300,105,25.4,0,0,-1.0,-1.8369701987210297e-16,DB03
202108120000,105,25.1,0,0,-0.7660444431189779,-0.6427876096865395,DB02
202108120100,105,24.8,0,0,-0.7660444431189779,-0.6427876096865395,DB03
202108120200,105,24.3,0,0,-0.7660444431189779,-0.6427876096865395,DB02
202108120300,105,23.6,0,0,-0.7660444431189779,-0.6427876096865395,DB02
202108120400,105,23.2,0,0,-1.0,-1.8369701987210297e-16,DB02
202108120500,105,23.1,0,0,-0.7660444431189779,-0.6427876096865395,DB03
202108120600,105,23.0,0,0,-0.7660444431189779,-0.6427876096865395,DB03
202108120700,105,23.3,0,0,-0.9396926207859084,-0.34202014332566855,DB03
202108120800,105,24.0,0,0,-0.7660444431189779,-0.6427876096865395,DB03
202108120900,105,25.0,0,0,-0.7660444431189779,-0.6427876096865395,DB03
202108121000,105,26.6,0,0,-0.6427876096865396,0.7660444431189778,DB03
202108121100,105,26.5,0,0,-0.3420201433256686,0.9396926207859084,DB04
202108121200,105,27.5,0,0,0.766044443118978,0.6427876096865394,DB04
202108121300,105,28.0,0,0,0.3420201433256687,0.9396926207859084,DB03
202108121400,105,27.8,0,0,1.0,6.123233995736766e-17,DB04
202108121500,105,27.3,0,0,-0.3420201433256686,0.9396926207859084,DB04
202108121600,105,26.8,0,0,0.0,1.0,DB04
202108121700,105,26.8,0,0,-0.3420201433256686,0.9396926207859084,DB04
202108121800,105,26.4,0,0,-0.3420201433256686,0.9396926207859084,DB04
202108121900,105,26.1,0,0,-0.3420201433256686,0.9396926207859084,DB04
202108122000,105,25.6,0,0,-0.9396926207859083,0.342020143325669,DB04
202108122100,105,25.5,0,0,-0.9396926207859083,0.342020143325669,DB04
202108122200,105,25.1,0,0,-0.34202014332566866,-0.9396926207859084,DB04
202108122300,105,24.6,0,0,-0.7660444431189779,-0.6427876096865395,DB04
202108130000,105,24.4,0,0,-0.7660444431189779,-0.6427876096865395,DB04
202108130100,105,23.8,0,0,-0.34202014332566866,-0.9396926207859084,DB04
202108130200,105,23.7,0,0,-0.7660444431189779,-0.6427876096865395,DB04
202108130300,105,23.7,0,0,-0.9396926207859084,-0.34202014332566855,DB03
202108130400,105,23.6,0,0,-0.7660444431189779,-0.6427876096865395,DB03
202108130500,105,23.6,0,0,-0.9396926207859084,-0.34202014332566855,DB02
202108130600,105,23.4,0,0,1.2246467991473532e-16,-1.0,DB03
202108130700,105,23.6,0,0,0.0,1.0,DB03
202108130800,105,24.2,0,0,-0.9396926207859084,-0.34202014332566855,DB04
202108130900,105,24.8,0,0,-0.9396926207859083,0.342020143325669,DB04
202108131000,105,25.6,0,0,-0.9396926207859083,0.342020143325669,DB04
202108131100,105,26.2,0,0,-0.6427876096865396,0.7660444431189778,DB04
202108131200,105,27.0,0,0,0.0,1.0,DB04
202108131300,105,27.3,0,0,0.0,1.0,DB04
202108131400,105,27.5,0,0,0.9396926207859083,0.3420201433256688,DB04
202108131500,105,27.3,0,0,-0.3420201433256686,0.9396926207859084,DB04
202108131600,105,26.7,0,0,0.0,1.0,DB04
202108131700,105,26.2,0,0,-0.6427876096865396,0.7660444431189778,DB04
202108131800,105,25.7,0,0,-0.6427876096865396,0.7660444431189778,DB04
202108131900,105,25.2,0,0,-0.6427876096865396,0.7660444431189778,DB03
202108132000,105,24.7,0,0,-0.6427876096865396,0.7660444431189778,DB04
202108132100,105,24.3,0,0,-0.6427876096865396,0.7660444431189778,DB04
202108132200,105,24.2,0,0,-0.6427876096865396,0.7660444431189778,DB04
202108132300,105,24.2,0,0,-0.9396926207859083,0.342020143325669,DB04
202108140000,105,24.1,0,0,-0.6427876096865396,0.7660444431189778,DB04
202108140100,105,23.9,0,0,-0.6427876096865396,0.7660444431189778,DB04
202108140200,105,23.2,100,1,-0.6427876096865396,0.7660444431189778,DB04
202108140300,105,22.7,100,1,-0.6427876096865396,0.7660444431189778,DB04
202108140400,105,22.7,0,0,-1.0,-1.8369701987210297e-16,DB04
202108140500,105,22.7,0,0,-0.7660444431189779,-0.6427876096865395,DB04
202108140600,105,22.6,0,0,-0.9396926207859084,-0.34202014332566855,DB04
202108140700,105,22.9,0,0,-0.9396926207859083,0.342020143325669,DB04
202108140800,105,22.5,100,1,-1.0,-1.8369701987210297e-16,DB04
202108140900,105,22.4,100,1,0.0,1.0,DB04
202108141000,105,22.0,100,1,-1.0,-1.8369701987210297e-16,DB04
202108141100,105,22.3,100,1,-1.0,-1.8369701987210297e-16,DB04
202108141200,105,23.6,100,1,0.9396926207859083,0.3420201433256688,DB04
202108141300,105,24.6,0,0,0.9396926207859083,0.3420201433256688,DB04
202108141400,105,24.7,0,0,0.766044443118978,0.6427876096865394,DB04
202108141500,105,24.4,0,0,0.9396926207859083,0.3420201433256688,DB04
202108141600,105,24.8,0,0,0.9396926207859083,0.3420201433256688,DB04
202108141700,105,25.0,0,0,0.3420201433256687,0.9396926207859084,DB04
202108141800,105,25.1,0,0,-0.6427876096865396,0.7660444431189778,DB04
202108141900,105,24.3,0,0,-0.6427876096865396,0.7660444431189778,DB04
202108142000,105,23.3,0,0,-0.9396926207859083,0.342020143325669,DB03
202108142100,105,23.0,0,0,-0.9396926207859083,0.342020143325669,DB03
202108142200,105,22.0,100,1,-0.6427876096865396,0.7660444431189778,DB02
202108142300,105,21.6,0,0,-0.9396926207859083,0.342020143325669,DB03
202108150000,105,21.5,0,0,0.766044443118978,0.6427876096865394,DB02
202108150100,105,21.1,100,1,-1.0,-1.8369701987210297e-16,DB02
202108150200,105,21.0,0,0,0.0,1.0,DB02
202108150300,105,21.1,100,1,0.0,1.0,DB02
202108150400,105,21.0,100,1,-0.7660444431189779,-0.6427876096865395,DB02
202108150500,105,21.0,0,0,-0.34202014332566866,-0.9396926207859084,DB02
202108150600,105,21.0,0,0,0.0,1.0,DB01
202108150700,105,21.4,0,0,-0.34202014332566866,-0.9396926207859084,DB03
202108150800,105,22.5,0,0,-0.6427876096865396,0.7660444431189778,DB03
202108150900,105,23.6,0,0,-0.6427876096865396,0.7660444431189778,DB03
202108151000,105,24.3,0,0,-0.6427876096865396,0.7660444431189778,DB04
202108151100,105,25.3,0,0,0.3420201433256687,0.9396926207859084,DB04
202108151200,105,25.8,0,0,-0.6427876096865396,0.7660444431189778,DB03
202108151300,105,26.3,0,0,-0.6427876096865396,0.7660444431189778,DB03
202108151400,105,26.3,0,0,0.3420201433256687,0.9396926207859084,DB03
202108151500,105,25.5,0,0,-0.3420201433256686,0.9396926207859084,DB03
202108151600,105,25.2,0,0,0.0,1.0,DB04
202108151700,105,24.8,0,0,0.0,1.0,DB03
202108151800,105,24.4,0,0,-0.6427876096865396,0.7660444431189778,DB04
202108151900,105,23.9,0,0,-0.6427876096865396,0.7660444431189778,DB04
202108152000,105,23.1,0,0,-0.7660444431189779,-0.6427876096865395,DB04
202108152100,105,22.7,0,0,-0.7660444431189779,-0.6427876096865395,DB03
202108152200,105,22.3,0,0,-0.7660444431189779,-0.6427876096865395,DB03
202108152300,105,22.0,0,0,-0.9396926207859084,-0.34202014332566855,DB03
202108160000,105,21.9,0,0,-0.7660444431189779,-0.6427876096865395,DB03
202108160100,105,21.8,0,0,-0.9396926207859084,-0.34202014332566855,DB03
202108160200,105,21.8,0,0,-0.9396926207859084,-0.34202014332566855,DB03
202108160300,105,21.7,0,0,-0.7660444431189779,-0.6427876096865395,DB04
202108160400,105,21.6,0,0,-0.7660444431189779,-0.6427876096865395,DB03
202108160500,105,21.3,0,0,-0.9396926207859084,-0.34202014332566855,DB02
202108160600,105,20.8,0,0,-0.7660444431189779,-0.6427876096865395,DB02
202108160700,105,20.9,0,0,-0.7660444431189779,-0.6427876096865395,DB02
202108160800,105,22.0,0,0,-0.7660444431189779,-0.6427876096865395,DB03
202108160900,105,23.2,0,0,-0.6427876096865396,0.7660444431189778,DB02
202108161000,105,23.9,0,0,0.0,1.0,DB04
202108161100,105,24.3,0,0,-0.3420201433256686,0.9396926207859084,DB04
202108161200,105,25.6,0,0,0.766044443118978,0.6427876096865394,DB04
202108161300,105,25.9,0,0,1.0,6.123233995736766e-17,DB04
202108161400,105,26.0,0,0,1.0,6.123233995736766e-17,DB04
202108161500,105,26.3,0,0,1.0,6.123233995736766e-17,DB04
202108161600,105,26.2,0,0,1.0,6.123233995736766e-17,DB04
202108161700,105,26.1,0,0,0.9396926207859083,0.3420201433256688,DB04
202108161800,105,25.5,0,0,0.9396926207859083,0.3420201433256688,DB04
202108161900,105,24.8,0,0,0.9396926207859083,0.3420201433256688,DB04
202108162000,105,23.8,0,0,-0.7660444431189779,-0.6427876096865395,DB04
202108162100,105,22.9,0,0,-0.7660444431189779,-0.6427876096865395,DB04
202108162200,105,22.4,0,0,-0.9396926207859084,-0.34202014332566855,DB04
202108162300,105,22.3,0,0,-0.7660444431189779,-0.6427876096865395,DB04
202108170000,105,21.8,0,0,-0.7660444431189779,-0.6427876096865395,DB04
202108170100,105,21.4,0,0,-0.7660444431189779,-0.6427876096865395,DB04
202108170200,105,21.2,0,0,-0.7660444431189779,-0.6427876096865395,DB04
202108170300,105,21.0,0,0,-0.9396926207859084,-0.34202014332566855,DB04
202108170400,105,21.1,0,0,-0.7660444431189779,-0.6427876096865395,DB04
202108170500,105,21.1,0,0,-0.34202014332566866,-0.9396926207859084,DB04
202108170600,105,21.0,100,1,1.2246467991473532e-16,-1.0,DB04
202108170700,105,20.9,100,1,-0.9396926207859084,-0.34202014332566855,DB04
202108170800,105,21.5,0,0,-1.0,-1.8369701987210297e-16,DB04
202108170900,105,21.7,100,1,-0.6427876096865396,0.7660444431189778,DB04
202108171000,105,21.6,100,1,-0.6427876096865396,0.7660444431189778,DB04
202108171100,105,21.6,100,1,-0.6427876096865396,0.7660444431189778,DB04
202108171200,105,21.9,100,1,-0.6427876096865396,0.7660444431189778,DB04
202108171300,105,22.5,0,0,-0.6427876096865396,0.7660444431189778,DB04
202108171400,105,23.1,0,0,-0.6427876096865396,0.7660444431189778,DB04
202108171500,105,23.2,0,0,-0.3420201433256686,0.9396926207859084,DB04
202108171600,105,22.9,100,1,-0.6427876096865396,0.7660444431189778,DB04
202108171700,105,22.8,100,1,-0.6427876096865396,0.7660444431189778,DB04
202108171800,105,23.0,100,1,-0.6427876096865396,0.7660444431189778,DB04
202108171900,105,22.9,0,0,-0.6427876096865396,0.7660444431189778,DB04
202108172000,105,22.4,0,0,-0.6427876096865396,0.7660444431189778,DB03
202108172100,105,22.0,0,0,-0.6427876096865396,0.7660444431189778,DB04
202108172200,105,21.6,0,0,-0.7660444431189779,-0.6427876096865395,DB04
202108172300,105,21.5,100,1,-0.6427876096865396,0.7660444431189778,DB04
202108180000,105,21.6,0,0,-0.6427876096865396,0.7660444431189778,DB03
202108180100,105,21.4,100,1,-0.9396926207859083,0.342020143325669,DB03
202108180200,105,21.3,100,1,-0.6427876096865396,0.7660444431189778,DB04
202108180300,105,21.5,100,1,1.0,6.123233995736766e-17,DB04
202108180400,105,21.2,100,1,-0.7660444431189779,-0.6427876096865395,DB04
202108180500,105,21.1,100,1,-0.7660444431189779,-0.6427876096865395,DB04
202108180600,105,21.3,100,1,-1.0,-1.8369701987210297e-16,DB04
202108180700,105,21.1,100,1,-0.9396926207859083,0.342020143325669,DB04
202108180800,105,21.1,100,1,-0.6427876096865396,0.7660444431189778,DB04
202108180900,105,20.8,100,1,-0.9396926207859084,-0.34202014332566855,DB04
202108181000,105,21.1,100,1,-0.6427876096865396,0.7660444431189778,DB04
202108181100,105,20.9,100,1,1.2246467991473532e-16,-1.0,DB04
202108181200,105,22.0,100,1,1.2246467991473532e-16,-1.0,DB04
202108181300,105,22.7,0,0,-0.6427876096865396,0.7660444431189778,DB04
202108181400,105,23.6,0,0,0.3420201433256687,0.9396926207859084,DB04
202108181500,105,24.4,0,0,-0.3420201433256686,0.9396926207859084,DB04
202108181600,105,24.5,0,0,-0.3420201433256686,0.9396926207859084,DB04
202108181700,105,24.5,0,0,-0.6427876096865396,0.7660444431189778,DB04
202108181800,105,24.2,0,0,-0.3420201433256686,0.9396926207859084,DB03
202108181900,105,24.0,0,0,0.766044443118978,0.6427876096865394,DB03
202108182000,105,23.5,0,0,-0.6427876096865396,0.7660444431189778,DB03
202108182100,105,23.1,0,0,-0.6427876096865396,0.7660444431189778,DB04
202108182200,105,22.5,0,0,-0.6427876096865396,0.7660444431189778,DB04
202108182300,105,22.1,0,0,-0.6427876096865396,0.7660444431189778,DB03
202108190000,105,21.8,0,0,-0.6427876096865396,0.7660444431189778,DB03
202108190100,105,21.5,0,0,-0.6427876096865396,0.7660444431189778,DB02
202108190200,105,21.5,0,0,-0.6427876096865396,0.7660444431189778,DB03
202108190300,105,21.5,0,0,-0.6427876096865396,0.7660444431189778,DB03
202108190400,105,21.5,0,0,-0.6427876096865396,0.7660444431189778,DB03
202108190500,105,21.6,0,0,-0.6427876096865396,0.7660444431189778,DB03
202108190600,105,21.7,0,0,-0.6427876096865396,0.7660444431189778,DB03
202108190700,105,21.8,0,0,-0.6427876096865396,0.7660444431189778,DB03
202108190800,105,22.2,0,0,-0.6427876096865396,0.7660444431189778,DB04
202108190900,105,22.7,0,0,-0.6427876096865396,0.7660444431189778,DB04
202108191000,105,24.0,0,0,-0.6427876096865396,0.7660444431189778,DB03
202108191100,105,25.1,0,0,-0.6427876096865396,0.7660444431189778,DB03
202108191200,105,25.9,0,0,0.766044443118978,0.6427876096865394,DB04
202108191300,105,25.4,0,0,-0.6427876096865396,0.7660444431189778,DB04
202108191400,105,25.8,0,0,0.766044443118978,0.6427876096865394,DB04
202108191500,105,25.8,0,0,-0.6427876096865396,0.7660444431189778,DB04
202108191600,105,25.0,0,0,-0.6427876096865396,0.7660444431189778,DB04
202108191700,105,24.0,100,1,-0.6427876096865396,0.7660444431189778,DB04
202108191800,105,23.8,100,1,-0.3420201433256686,0.9396926207859084,DB04
202108191900,105,23.3,100,1,-0.6427876096865396,0.7660444431189778,DB04
202108192000,105,22.0,100,1,-0.6427876096865396,0.7660444431189778,DB03
202108192100,105,21.8,100,1,-0.34202014332566866,-0.9396926207859084,DB03
202108192200,105,21.7,100,1,-1.0,-1.8369701987210297e-16,DB04
202108192300,105,21.5,0,0,-0.7660444431189779,-0.6427876096865395,DB03
202108200000,105,21.5,0,0,0.0,1.0,DB03
202108200100,105,21.4,0,0,-0.7660444431189779,-0.6427876096865395,DB03
202108200200,105,21.3,0,0,-0.9396926207859084,-0.34202014332566855,DB03
202108200300,105,21.4,0,0,-0.9396926207859084,-0.34202014332566855,DB03
202108200400,105,21.3,0,0,-0.9396926207859084,-0.34202014332566855,DB04
202108200500,105,21.2,0,0,-0.7660444431189779,-0.6427876096865395,DB03
202108200600,105,21.0,0,0,-0.7660444431189779,-0.6427876096865395,DB03
202108200700,105,21.2,0,0,-0.9396926207859084,-0.34202014332566855,DB02
202108200800,105,22.9,0,0,-0.34202014332566866,-0.9396926207859084,DB02
202108200900,105,25.0,0,0,0.3420201433256687,0.9396926207859084,DB02
202108201000,105,25.2,0,0,1.0,6.123233995736766e-17,DB03
202108201100,105,25.7,0,0,-0.6427876096865396,0.7660444431189778,DB04
202108201200,105,26.3,0,0,0.766044443118978,0.6427876096865394,DB04
202108201300,105,26.6,0,0,0.9396926207859083,0.3420201433256688,DB03
202108201400,105,27.1,0,0,1.0,6.123233995736766e-17,DB03
202108201500,105,27.0,0,0,1.0,6.123233995736766e-17,DB02
202108201600,105,26.7,0,0,0.766044443118978,0.6427876096865394,DB03
202108201700,105,26.4,0,0,1.0,6.123233995736766e-17,DB02
202108201800,105,25.6,0,0,0.9396926207859084,-0.3420201433256687,DB02
202108201900,105,24.9,0,0,0.9396926207859084,-0.3420201433256687,DB02
202108202000,105,24.7,0,0,0.9396926207859084,-0.3420201433256687,DB03
202108202100,105,24.4,0,0,0.0,1.0,DB02
202108202200,105,23.5,0,0,-0.7660444431189779,-0.6427876096865395,DB01
202108202300,105,22.7,0,0,-0.9396926207859084,-0.34202014332566855,DB01
202108210000,105,22.2,0,0,-0.7660444431189779,-0.6427876096865395,DB03
202108210100,105,21.9,0,0,-0.7660444431189779,-0.6427876096865395,DB03
202108210200,105,21.7,0,0,-0.9396926207859084,-0.34202014332566855,DB02
202108210300,105,21.4,0,0,0.3420201433256689,-0.9396926207859083,DB03
202108210400,105,21.3,0,0,-0.9396926207859084,-0.34202014332566855,DB03
202108210500,105,21.2,0,0,-0.34202014332566866,-0.9396926207859084,DB03
202108210600,105,21.4,0,0,-0.34202014332566866,-0.9396926207859084,DB04
202108210700,105,21.7,0,0,0.6427876096865395,-0.7660444431189779,DB04
202108210800,105,22.3,0,0,0.0,1.0,DB04
202108210900,105,23.3,0,0,1.2246467991473532e-16,-1.0,DB04
202108211000,105,23.7,100,1,-0.7660444431189779,-0.6427876096865395,DB04
202108211100,105,23.9,100,1,0.0,1.0,DB04
202108211200,105,24.2,100,1,-0.9396926207859083,0.342020143325669,DB04
202108211300,105,24.5,100,1,0.0,1.0,DB04
202108211400,105,25.1,100,1,0.6427876096865395,-0.7660444431189779,DB04
202108211500,105,26.0,0,0,1.0,6.123233995736766e-17,DB04
202108211600,105,25.8,0,0,1.0,6.123233995736766e-17,DB04
202108211700,105,26.3,100,1,1.2246467991473532e-16,-1.0,DB04
202108211800,105,28.3,0,0,1.2246467991473532e-16,-1.0,DB04
202108211900,105,27.9,0,0,-0.7660444431189779,-0.6427876096865395,DB04
202108212000,105,27.0,0,0,1.2246467991473532e-16,-1.0,DB03
202108212100,105,27.3,0,0,-1.0,-1.8369701987210297e-16,DB01
202108212200,105,27.1,0,0,-0.34202014332566866,-0.9396926207859084,DB02
202108212300,105,27.3,0,0,-0.9396926207859084,-0.34202014332566855,DB01
202108220000,105,27.0,0,0,-0.9396926207859084,-0.34202014332566855,DB01
202108220100,105,26.7,0,0,-0.9396926207859084,-0.34202014332566855,DB01
202108220200,105,26.5,0,0,-0.9396926207859084,-0.34202014332566855,DB01
202108220300,105,26.5,0,0,-0.9396926207859084,-0.34202014332566855,DB01
202108220400,105,26.4,0,0,-0.9396926207859084,-0.34202014332566855,DB03
202108220500,105,26.0,0,0,-0.7660444431189779,-0.6427876096865395,DB02
202108220600,105,25.8,0,0,-0.7660444431189779,-0.6427876096865395,DB01
202108220700,105,26.0,0,0,-0.7660444431189779,-0.6427876096865395,DB02
202108220800,105,26.5,0,0,-0.7660444431189779,-0.6427876096865395,DB03
202108220900,105,26.8,0,0,1.2246467991473532e-16,-1.0,DB04
202108221000,105,27.0,0,0,-0.7660444431189779,-0.6427876096865395,DB04
202108221100,105,27.5,0,0,-0.7660444431189779,-0.6427876096865395,DB04
202108221200,105,27.7,0,0,-0.7660444431189779,-0.6427876096865395,DB04
202108221300,105,28.0,0,0,-0.7660444431189779,-0.6427876096865395,DB04
202108221400,105,28.3,0,0,-0.7660444431189779,-0.6427876096865395,DB04
202108221500,105,28.7,0,0,-0.9396926207859084,-0.34202014332566855,DB03
202108221600,105,28.7,0,0,-0.9396926207859084,-0.34202014332566855,DB04
202108221700,105,27.9,0,0,-0.7660444431189779,-0.6427876096865395,DB03
202108221800,105,27.2,0,0,-0.7660444431189779,-0.6427876096865395,DB04
202108221900,105,26.7,0,0,-0.7660444431189779,-0.6427876096865395,DB04
202108222000,105,26.4,0,0,-0.7660444431189779,-0.6427876096865395,DB04
202108222100,105,26.3,0,0,-0.7660444431189779,-0.6427876096865395,DB04
202108222200,105,26.0,0,0,-0.9396926207859084,-0.34202014332566855,DB04
202108222300,105,26.1,0,0,-0.7660444431189779,-0.6427876096865395,DB04
202108230000,105,26.1,0,0,-0.9396926207859084,-0.34202014332566855,DB04
202108230100,105,25.9,0,0,-0.7660444431189779,-0.6427876096865395,DB04
202108230200,105,25.5,0,0,-0.7660444431189779,-0.6427876096865395,DB03
202108230300,105,25.2,0,0,-0.7660444431189779,-0.6427876096865395,DB02
202108230400,105,24.7,0,0,-0.9396926207859084,-0.34202014332566855,DB04
202108230500,105,24.3,0,0,-0.7660444431189779,-0.6427876096865395,DB04
202108230600,105,24.4,0,0,-0.7660444431189779,-0.6427876096865395,DB04
202108230700,105,24.3,0,0,-0.9396926207859084,-0.34202014332566855,DB04
202108230800,105,24.2,0,0,-0.9396926207859084,-0.34202014332566855,DB04
202108230900,105,25.0,0,0,-0.9396926207859084,-0.34202014332566855,DB04
202108231000,105,25.5,0,0,-0.7660444431189779,-0.6427876096865395,DB04
202108231100,105,26.1,0,0,-0.7660444431189779,-0.6427876096865395,DB04
202108231200,105,27.0,0,0,0.3420201433256689,-0.9396926207859083,DB04
202108231300,105,27.3,0,0,-0.9396926207859084,-0.34202014332566855,DB04
202108231400,105,27.2,0,0,-0.9396926207859084,-0.34202014332566855,DB04
202108231500,105,26.8,0,0,-0.9396926207859084,-0.34202014332566855,DB04
202108231600,105,25.2,0,0,-0.34202014332566866,-0.9396926207859084,DB04
202108231700,105,24.6,0,0,-0.7660444431189779,-0.6427876096865395,DB04
202108231800,105,24.0,100,1,1.2246467991473532e-16,-1.0,DB04
202108231900,105,23.9,0,0,-0.7660444431189779,-0.6427876096865395,DB04
202108232000,105,24.3,0,0,-0.7660444431189779,-0.6427876096865395,DB04
202108232100,105,24.2,0,0,0.0,1.0,DB04
202108232200,105,23.5,100,1,1.2246467991473532e-16,-1.0,DB04
202108232300,105,22.8,100,1,0.0,1.0,DB04
202108240000,105,22.5,100,1,0.9396926207859083,0.3420201433256688,DB04
202108240100,105,22.5,100,1,1.2246467991473532e-16,-1.0,DB04
202108240200,105,22.4,100,1,1.0,6.123233995736766e-17,DB04
202108240300,105,22.0,100,1,0.766044443118978,0.6427876096865394,DB04
202108240400,105,21.9,100,1,0.0,1.0,DB04
202108240500,105,21.8,100,1,-0.6427876096865396,0.7660444431189778,DB04
202108240600,105,21.6,100,1,-0.3420201433256686,0.9396926207859084,DB04
202108240700,105,21.6,100,1,-0.6427876096865396,0.7660444431189778,DB04
202108240800,105,21.7,100,1,0.0,1.0,DB04
202108240900,105,22.3,0,0,0.0,1.0,DB04
202108241000,105,22.6,0,0,0.3420201433256687,0.9396926207859084,DB04
202108241100,105,22.5,100,1,0.0,1.0,DB04
202108241200,105,23.1,100,1,0.9396926207859084,-0.3420201433256687,DB04
202108241300,105,24.6,100,1,0.9396926207859083,0.3420201433256688,DB03
202108241400,105,25.5,0,0,0.9396926207859084,-0.3420201433256687,DB04
202108241500,105,24.9,0,0,-0.6427876096865396,0.7660444431189778,DB04
202108241600,105,24.9,0,0,0.9396926207859084,-0.3420201433256687,DB04
202108241700,105,24.5,100,1,1.0,6.123233995736766e-17,DB04
202108241800,105,24.6,100,1,0.0,1.0,DB03
202108241900,105,24.3,0,0,-0.9396926207859083,0.342020143325669,DB03
202108242000,105,24.1,100,1,0.0,1.0,DB04
202108242100,105,23.8,100,1,-0.6427876096865396,0.7660444431189778,DB04
202108242200,105,23.5,0,0,-1.0,-1.8369701987210297e-16,DB04
202108242300,105,23.5,0,0,-0.7660444431189779,-0.6427876096865395,DB04
202108250000,105,23.4,0,0,-0.7660444431189779,-0.6427876096865395,DB04
202108250100,105,23.2,0,0,-0.6427876096865396,0.7660444431189778,DB04
202108250200,105,23.0,0,0,-0.6427876096865396,0.7660444431189778,DB04
202108250300,105,22.9,0,0,-0.6427876096865396,0.7660444431189778,DB04
202108250400,105,22.8,0,0,0.0,1.0,DB04
202108250500,105,22.8,0,0,0.0,1.0,DB04
202108250600,105,22.7,0,0,0.0,1.0,DB04
202108250700,105,22.7,0,0,0.3420201433256689,-0.9396926207859083,DB04
202108250800,105,22.9,0,0,0.0,1.0,DB04
202108250900,105,23.2,0,0,0.9396926207859084,-0.3420201433256687,DB04
202108251000,105,23.7,0,0,1.2246467991473532e-16,-1.0,DB04
202108251100,105,24.0,100,1,1.0,6.123233995736766e-17,DB04
202108251200,105,24.4,100,1,0.9396926207859084,-0.3420201433256687,DB04
202108251300,105,25.3,0,0,1.0,6.123233995736766e-17,DB04
202108251400,105,24.2,0,0,-0.3420201433256686,0.9396926207859084,DB04
202108251500,105,23.8,0,0,-0.3420201433256686,0.9396926207859084,DB04
202108251600,105,23.9,100,1,-0.6427876096865396,0.7660444431189778,DB04
202108251700,105,23.9,0,0,0.0,1.0,DB04
202108251800,105,23.8,100,1,0.0,1.0,DB02
202108251900,105,23.6,100,1,-0.6427876096865396,0.7660444431189778,DB02
202108252000,105,23.3,0,0,0.0,1.0,DB03
202108252100,105,23.2,0,0,0.0,1.0,DB02
202108252200,105,22.8,0,0,-0.9396926207859083,0.342020143325669,DB02
202108252300,105,22.1,0,0,0.0,1.0,DB02
202108260000,105,21.6,0,0,0.0,1.0,DB02
202108260100,105,21.5,0,0,-0.7660444431189779,-0.6427876096865395,DB04
202108260200,105,21.5,0,0,-0.7660444431189779,-0.6427876096865395,DB03
202108260300,105,21.3,0,0,0.0,1.0,DB02
202108260400,105,20.9,0,0,0.0,1.0,DB03
202108260500,105,20.6,0,0,0.0,1.0,DB04
202108260600,105,20.4,0,0,0.0,1.0,DB04
202108260700,105,20.9,0,0,0.0,1.0,DB04
202108260800,105,21.8,0,0,0.3420201433256689,-0.9396926207859083,DB04
202108260900,105,22.9,0,0,1.0,6.123233995736766e-17,DB04
202108261000,105,24.0,0,0,0.9396926207859084,-0.3420201433256687,DB04
202108261100,105,25.4,0,0,-0.34202014332566866,-0.9396926207859084,DB04
202108261200,105,26.8,0,0,-0.34202014332566866,-0.9396926207859084,DB04
202108261300,105,26.9,0,0,-0.7660444431189779,-0.6427876096865395,DB04
202108261400,105,26.2,0,0,1.2246467991473532e-16,-1.0,DB04
202108261500,105,25.8,0,0,0.6427876096865395,-0.7660444431189779,DB04
202108261600,105,25.9,0,0,-0.6427876096865396,0.7660444431189778,DB04
202108261700,105,25.8,0,0,1.0,6.123233995736766e-17,DB04
202108261800,105,27.9,0,0,-0.9396926207859084,-0.34202014332566855,DB04
202108261900,105,28.3,0,0,-0.7660444431189779,-0.6427876096865395,DB04
202108262000,105,27.8,0,0,-0.7660444431189779,-0.6427876096865395,DB04
202108262100,105,28.1,0,0,-0.9396926207859084,-0.34202014332566855,DB04
202108262200,105,27.5,0,0,-0.9396926207859084,-0.34202014332566855,DB04
202108262300,105,27.7,0,0,-0.7660444431189779,-0.6427876096865395,DB04
202108270000,105,27.2,0,0,0.6427876096865395,-0.7660444431189779,DB04
202108270100,105,26.7,0,0,1.2246467991473532e-16,-1.0,DB04
202108270200,105,26.6,0,0,-0.7660444431189779,-0.6427876096865395,DB04
202108270300,105,26.1,0,0,0.3420201433256687,0.9396926207859084,DB04
202108270400,105,25.7,0,0,-0.9396926207859084,-0.34202014332566855,DB04
202108270500,105,25.3,0,0,-1.0,-1.8369701987210297e-16,DB04
202108270600,105,25.1,0,0,0.6427876096865395,-0.7660444431189779,DB04
202108270700,105,24.8,0,0,-0.9396926207859083,0.342020143325669,DB04
202108270800,105,25.5,0,0,1.2246467991473532e-16,-1.0,DB04
202108270900,105,25.9,0,0,-0.34202014332566866,-0.9396926207859084,DB04
202108271000,105,26.2,0,0,-0.9396926207859083,0.342020143325669,DB04
202108271100,105,26.3,0,0,-0.6427876096865396,0.7660444431189778,DB04
202108271200,105,25.4,0,0,0.6427876096865395,-0.7660444431189779,DB04
202108271300,105,24.9,0,0,1.0,6.123233995736766e-17,DB04
202108271400,105,24.8,100,1,0.6427876096865395,-0.7660444431189779,DB04
202108271500,105,25.0,0,0,-0.3420201433256686,0.9396926207859084,DB04
202108271600,105,24.6,0,0,-1.0,-1.8369701987210297e-16,DB04
202108271700,105,24.3,100,1,-0.7660444431189779,-0.6427876096865395,DB04
202108271800,105,23.7,0,0,-0.34202014332566866,-0.9396926207859084,DB04
202108271900,105,23.9,0,0,-0.9396926207859084,-0.34202014332566855,DB04
202108272000,105,23.7,0,0,0.3420201433256689,-0.9396926207859083,DB04
202108272100,105,23.4,0,0,-0.34202014332566866,-0.9396926207859084,DB04
202108272200,105,23.0,0,0,-1.0,-1.8369701987210297e-16,DB04
202108272300,105,22.7,0,0,-0.7660444431189779,-0.6427876096865395,DB03
202108280000,105,22.3,0,0,-0.7660444431189779,-0.6427876096865395,DB03
202108280100,105,22.2,0,0,-0.7660444431189779,-0.6427876096865395,DB03
202108280200,105,21.8,0,0,-0.9396926207859084,-0.34202014332566855,DB02
202108280300,105,22.3,0,0,-0.9396926207859084,-0.34202014332566855,DB04
202108280400,105,22.4,0,0,-0.7660444431189779,-0.6427876096865395,DB04
202108280500,105,22.4,0,0,-0.7660444431189779,-0.6427876096865395,DB04
202108280600,105,22.6,0,0,-0.9396926207859084,-0.34202014332566855,DB03
202108280700,105,22.5,0,0,-0.7660444431189779,-0.6427876096865395,DB02
202108280800,105,24.1,0,0,-0.9396926207859084,-0.34202014332566855,DB03
202108280900,105,26.4,0,0,-0.9396926207859084,-0.34202014332566855,DB03
202108281000,105,28.0,0,0,-1.0,-1.8369701987210297e-16,DB03
202108281100,105,28.3,0,0,-0.9396926207859084,-0.34202014332566855,DB04
202108281200,105,29.3,0,0,-0.7660444431189779,-0.6427876096865395,DB03
202108281300,105,30.5,0,0,-0.7660444431189779,-0.6427876096865395,DB03
202108281400,105,31.1,0,0,-0.9396926207859084,-0.34202014332566855,DB02
202108281500,105,31.0,0,0,0.9396926207859083,0.3420201433256688,DB02
202108281600,105,30.3,0,0,0.9396926207859084,-0.3420201433256687,DB03
202108281700,105,30.1,0,0,-0.7660444431189779,-0.6427876096865395,DB03
202108281800,105,29.1,0,0,-0.9396926207859083,0.342020143325669,DB03
202108281900,105,27.7,0,0,-0.7660444431189779,-0.6427876096865395,DB02
202108282000,105,26.3,0,0,-0.7660444431189779,-0.6427876096865395,DB03
202108282100,105,25.4,0,0,-0.9396926207859084,-0.34202014332566855,DB02
202108282200,105,24.9,0,0,-0.9396926207859084,-0.34202014332566855,DB02
202108282300,105,24.7,0,0,-0.9396926207859084,-0.34202014332566855,DB02
202108290000,105,25.0,0,0,-0.7660444431189779,-0.6427876096865395,DB03
202108290100,105,24.8,0,0,-0.7660444431189779,-0.6427876096865395,DB02
202108290200,105,24.8,0,0,-0.9396926207859084,-0.34202014332566855,DB03
202108290300,105,24.6,0,0,-0.7660444431189779,-0.6427876096865395,DB04
202108290400,105,24.2,0,0,-0.7660444431189779,-0.6427876096865395,DB04
202108290500,105,23.1,0,0,-0.7660444431189779,-0.6427876096865395,DB04
202108290600,105,22.4,0,0,-0.9396926207859084,-0.34202014332566855,DB04
202108290700,105,22.0,0,0,-0.7660444431189779,-0.6427876096865395,DB04
202108290800,105,22.0,0,0,-0.9396926207859084,-0.34202014332566855,DB04
202108290900,105,22.5,0,0,-0.34202014332566866,-0.9396926207859084,DB04
202108291000,105,23.2,0,0,-0.9396926207859084,-0.34202014332566855,DB04
202108291100,105,23.7,0,0,-0.7660444431189779,-0.6427876096865395,DB04
202108291200,105,25.1,0,0,-0.34202014332566866,-0.9396926207859084,DB04
202108291300,105,27.5,0,0,-0.7660444431189779,-0.6427876096865395,DB03
202108291400,105,29.5,0,0,1.2246467991473532e-16,-1.0,DB03
202108291500,105,30.4,0,0,-0.3420201433256686,0.9396926207859084,DB02
202108291600,105,30.4,0,0,0.0,1.0,DB03
202108291700,105,29.8,0,0,-0.6427876096865396,0.7660444431189778,DB03
202108291800,105,29.0,0,0,0.9396926207859084,-0.3420201433256687,DB02
202108291900,105,27.0,0,0,-0.7660444431189779,-0.6427876096865395,DB02
202108292000,105,25.3,0,0,-0.7660444431189779,-0.6427876096865395,DB03
202108292100,105,24.3,0,0,-0.7660444431189779,-0.6427876096865395,DB02
202108292200,105,24.5,0,0,-0.7660444431189779,-0.6427876096865395,DB03
202108292300,105,24.6,0,0,-0.9396926207859084,-0.34202014332566855,DB04
202108300000,105,24.5,0,0,-0.7660444431189779,-0.6427876096865395,DB04
202108300100,105,24.2,0,0,-0.9396926207859084,-0.34202014332566855,DB03
202108300200,105,24.0,0,0,-0.9396926207859084,-0.34202014332566855,DB04
202108300300,105,23.9,0,0,-0.7660444431189779,-0.6427876096865395,DB04
202108300400,105,23.3,0,0,-0.7660444431189779,-0.6427876096865395,DB03
202108300500,105,22.8,0,0,-0.9396926207859084,-0.34202014332566855,DB04
202108300600,105,22.8,0,0,-0.7660444431189779,-0.6427876096865395,DB04
202108300700,105,23.0,0,0,-0.9396926207859084,-0.34202014332566855,DB04
202108300800,105,23.3,0,0,-0.7660444431189779,-0.6427876096865395,DB04
202108300900,105,24.5,0,0,-0.9396926207859084,-0.34202014332566855,DB04
202108301000,105,26.2,0,0,-0.9396926207859084,-0.34202014332566855,DB04
202108301100,105,27.9,0,0,-0.34202014332566866,-0.9396926207859084,DB03
202108301200,105,29.7,0,0,0.6427876096865395,-0.7660444431189779,DB03
202108301300,105,29.4,0,0,0.9396926207859083,0.3420201433256688,DB03
202108301400,105,29.8,0,0,0.9396926207859083,0.3420201433256688,DB04
202108301500,105,29.5,0,0,1.0,6.123233995736766e-17,DB04
202108301600,105,27.9,0,0,1.0,6.123233995736766e-17,DB04
202108301700,105,27.5,0,0,1.0,6.123233995736766e-17,DB04
202108301800,105,26.7,0,0,0.9396926207859083,0.3420201433256688,DB03
202108301900,105,25.7,0,0,0.3420201433256687,0.9396926207859084,DB04
202108302000,105,24.6,0,0,-1.0,-1.8369701987210297e-16,DB04
202108302100,105,23.9,0,0,1.2246467991473532e-16,-1.0,DB04
202108302200,105,23.2,0,0,-0.7660444431189779,-0.6427876096865395,DB02
202108302300,105,22.4,0,0,-0.9396926207859084,-0.34202014332566855,DB02
202108310000,105,22.2,0,0,1.2246467991473532e-16,-1.0,DB01
202108310100,105,21.7,0,0,1.2246467991473532e-16,-1.0,DB02
202108310200,105,21.6,0,0,-0.7660444431189779,-0.6427876096865395,DB03
202108310300,105,22.1,0,0,-0.9396926207859084,-0.34202014332566855,DB03
202108310400,105,21.8,0,0,-0.9396926207859084,-0.34202014332566855,DB04
202108310500,105,21.6,0,0,-0.7660444431189779,-0.6427876096865395,DB03
202108310600,105,21.5,0,0,-0.9396926207859084,-0.34202014332566855,DB04
202108310700,105,21.6,0,0,-0.7660444431189779,-0.6427876096865395,DB04
202108310800,105,21.8,0,0,-0.7660444431189779,-0.6427876096865395,DB04
202108310900,105,22.5,0,0,-0.7660444431189779,-0.6427876096865395,DB04
202108311000,105,23.5,0,0,-1.0,-1.8369701987210297e-16,DB04
202108311100,105,24.4,0,0,-0.3420201433256686,0.9396926207859084,DB04
202108311200,105,25.1,0,0,-0.3420201433256686,0.9396926207859084,DB04
202108311300,105,25.2,0,0,-0.3420201433256686,0.9396926207859084,DB04
202108311400,105,24.4,0,0,-0.3420201433256686,0.9396926207859084,DB04
202108311500,105,24.4,0,0,0.766044443118978,0.6427876096865394,DB04
202108311600,105,23.9,100,1,0.3420201433256689,-0.9396926207859083,DB04
202108311700,105,22.3,100,1,-0.34202014332566866,-0.9396926207859084,DB04
202108311800,105,20.7,100,1,-0.9396926207859084,-0.34202014332566855,DB04
202108311900,105,20.1,100,1,-1.0,-1.8369701987210297e-16,DB04
202108312000,105,19.0,100,1,-0.9396926207859084,-0.34202014332566855,DB04
202108312100,105,18.6,100,1,0.6427876096865395,-0.7660444431189779,DB04
202108312200,105,18.4,100,1,-0.7660444431189779,-0.6427876096865395,DB04
202108312300,105,18.6,100,1,-0.6427876096865396,0.7660444431189778,DB04
202109010000,105,18.5,100,1,0.0,1.0,DB01
202109010100,105,18.6,100,1,-0.6427876096865396,0.7660444431189778,DB04
202109010200,105,18.5,100,1,-0.6427876096865396,0.7660444431189778,DB04
202109010300,105,18.8,100,1,1.0,6.123233995736766e-17,DB04
202109010400,105,18.7,100,1,0.9396926207859083,0.3420201433256688,DB04
202109010500,105,19.0,100,1,0.766044443118978,0.6427876096865394,DB04
202109010600,105,19.1,100,1,1.0,6.123233995736766e-17,DB04
202109010700,105,19.1,100,1,0.0,1.0,DB04
202109010800,105,19.2,100,1,0.0,1.0,DB04
202109010900,105,19.4,100,1,0.0,1.0,DB04
202109011000,105,19.9,100,1,-0.3420201433256686,0.9396926207859084,DB04
202109011100,105,20.4,100,1,-0.6427876096865396,0.7660444431189778,DB04
202109011200,105,20.9,100,1,-0.3420201433256686,0.9396926207859084,DB04
202109011300,105,21.1,100,1,0.766044443118978,0.6427876096865394,DB04
202109011400,105,21.4,100,1,0.3420201433256687,0.9396926207859084,DB04
202109011500,105,20.9,100,1,0.9396926207859083,0.3420201433256688,DB04
202109011600,105,21.0,100,1,1.0,6.123233995736766e-17,DB04
202109011700,105,21.1,100,1,-0.3420201433256686,0.9396926207859084,DB01
202109011800,105,20.8,100,1,-0.6427876096865396,0.7660444431189778,DB01
202109011900,105,20.7,100,1,-0.9396926207859084,-0.34202014332566855,DB01
202109012000,105,20.6,100,1,-0.9396926207859083,0.342020143325669,DB04
202109012100,105,20.4,0,0,-0.34202014332566866,-0.9396926207859084,DB04
202109012200,105,20.3,0,0,0.0,1.0,DB03
202109012300,105,20.3,0,0,0.0,1.0,DB02
202109020000,105,20.0,0,0,-0.7660444431189779,-0.6427876096865395,DB04
202109020100,105,19.6,0,0,-0.7660444431189779,-0.6427876096865395,DB02
202109020200,105,19.3,0,0,-0.34202014332566866,-0.9396926207859084,DB02
202109020300,105,19.2,0,0,-0.34202014332566866,-0.9396926207859084,DB03
202109020400,105,19.0,0,0,-0.9396926207859084,-0.34202014332566855,DB02
202109020500,105,18.6,0,0,-0.34202014332566866,-0.9396926207859084,DB02
202109020600,105,18.3,0,0,-0.7660444431189779,-0.6427876096865395,DB02
202109020700,105,18.5,0,0,-0.7660444431189779,-0.6427876096865395,DB02
202109020800,105,20.2,0,0,-0.7660444431189779,-0.6427876096865395,DB02
202109020900,105,22.0,0,0,0.9396926207859084,-0.3420201433256687,DB02
202109021000,105,22.7,0,0,-0.3420201433256686,0.9396926207859084,DB02
202109021100,105,23.1,0,0,0.766044443118978,0.6427876096865394,DB02
202109021200,105,24.1,0,0,0.9396926207859083,0.3420201433256688,DB03
202109021300,105,24.3,0,0,0.9396926207859083,0.3420201433256688,DB03
202109021400,105,24.9,0,0,1.0,6.123233995736766e-17,DB03
202109021500,105,24.5,0,0,1.0,6.123233995736766e-17,DB03
202109021600,105,24.8,0,0,0.766044443118978,0.6427876096865394,DB03
202109021700,105,24.2,0,0,0.9396926207859083,0.3420201433256688,DB03
202109021800,105,23.6,0,0,1.0,6.123233995736766e-17,DB03
202109021900,105,23.1,0,0,0.9396926207859084,-0.3420201433256687,DB03
202109022000,105,22.5,0,0,0.6427876096865395,-0.7660444431189779,DB03
202109022100,105,21.9,0,0,-0.7660444431189779,-0.6427876096865395,DB03
202109022200,105,21.4,0,0,0.0,1.0,DB03
202109022300,105,20.7,0,0,-0.7660444431189779,-0.6427876096865395,DB02
202109030000,105,20.0,0,0,-0.7660444431189779,-0.6427876096865395,DB01
202109030100,105,19.4,0,0,-0.7660444431189779,-0.6427876096865395,DB03
202109030200,105,19.0,0,0,-0.9396926207859084,-0.34202014332566855,DB03
202109030300,105,18.9,0,0,-0.9396926207859084,-0.34202014332566855,DB03
202109030400,105,18.8,0,0,-0.7660444431189779,-0.6427876096865395,DB03
202109030500,105,18.6,0,0,-0.9396926207859084,-0.34202014332566855,DB02
202109030600,105,18.4,0,0,1.2246467991473532e-16,-1.0,DB03
202109030700,105,18.8,0,0,-0.34202014332566866,-0.9396926207859084,DB02
202109030800,105,20.9,0,0,-0.7660444431189779,-0.6427876096865395,DB01
202109030900,105,23.4,0,0,0.6427876096865395,-0.7660444431189779,DB02
202109031000,105,24.6,0,0,0.766044443118978,0.6427876096865394,DB02
202109031100,105,25.4,0,0,1.0,6.123233995736766e-17,DB02
202109031200,105,25.6,0,0,0.766044443118978,0.6427876096865394,DB02
202109031300,105,25.1,0,0,0.766044443118978,0.6427876096865394,DB02
202109031400,105,25.7,0,0,-0.3420201433256686,0.9396926207859084,DB01
202109031500,105,25.9,0,0,0.3420201433256687,0.9396926207859084,DB01
202109031600,105,25.9,0,0,0.0,1.0,DB01
202109031700,105,25.1,0,0,-0.6427876096865396,0.7660444431189778,DB01
202109031800,105,24.5,0,0,-0.6427876096865396,0.7660444431189778,DB01
202109031900,105,23.3,0,0,-0.6427876096865396,0.7660444431189778,DB01
202109032000,105,21.8,0,0,-0.7660444431189779,-0.6427876096865395,DB01
202109032100,105,20.5,0,0,-0.7660444431189779,-0.6427876096865395,DB01
202109032200,105,19.9,0,0,-0.9396926207859084,-0.34202014332566855,DB01
202109032300,105,19.4,0,0,-0.7660444431189779,-0.6427876096865395,DB02
202109040000,105,19.1,0,0,-0.9396926207859084,-0.34202014332566855,DB02
202109040100,105,18.8,0,0,-0.9396926207859084,-0.34202014332566855,DB02
202109040200,105,18.7,0,0,-0.9396926207859084,-0.34202014332566855,DB01
202109040300,105,18.6,0,0,-1.0,-1.8369701987210297e-16,DB01
202109040400,105,18.3,0,0,-0.9396926207859084,-0.34202014332566855,DB01
202109040500,105,18.2,0,0,-0.9396926207859084,-0.34202014332566855,DB02
202109040600,105,17.9,0,0,-0.7660444431189779,-0.6427876096865395,DB02
202109040700,105,18.5,0,0,-0.9396926207859083,0.342020143325669,DB01
202109040800,105,19.2,100,1,-0.9396926207859083,0.342020143325669,DB01
202109040900,105,19.7,0,0,-0.7660444431189779,-0.6427876096865395,DB02
202109041000,105,21.0,0,0,-0.7660444431189779,-0.6427876096865395,DB04
202109041100,105,23.4,0,0,-0.6427876096865396,0.7660444431189778,DB03
202109041200,105,24.5,0,0,0.0,1.0,DB03
202109041300,105,25.6,0,0,0.766044443118978,0.6427876096865394,DB03
202109041400,105,24.5,0,0,0.0,1.0,DB02
202109041500,105,25.0,0,0,0.766044443118978,0.6427876096865394,DB02
202109041600,105,25.0,0,0,-0.6427876096865396,0.7660444431189778,DB02
202109041700,105,24.8,0,0,0.0,1.0,DB01
202109041800,105,23.9,0,0,-0.6427876096865396,0.7660444431189778,DB02
202109041900,105,22.7,0,0,-0.9396926207859083,0.342020143325669,DB02
202109042000,105,20.8,0,0,-0.9396926207859084,-0.34202014332566855,DB02
202109042100,105,20.1,0,0,-0.7660444431189779,-0.6427876096865395,DB03
202109042200,105,19.9,0,0,-0.7660444431189779,-0.6427876096865395,DB04
202109042300,105,19.9,0,0,-0.34202014332566866,-0.9396926207859084,DB04
202109050000,105,19.5,0,0,-0.7660444431189779,-0.6427876096865395,DB04
202109050100,105,19.4,0,0,-0.9396926207859084,-0.34202014332566855,DB03
202109050200,105,19.5,0,0,-1.0,-1.8369701987210297e-16,DB04
202109050300,105,19.4,0,0,-0.7660444431189779,-0.6427876096865395,DB02
202109050400,105,19.4,0,0,-0.9396926207859084,-0.34202014332566855,DB04
202109050500,105,19.8,0,0,-0.6427876096865396,0.7660444431189778,DB04
202109050600,105,19.8,0,0,0.3420201433256689,-0.9396926207859083,DB04
202109050700,105,19.9,0,0,0.0,1.0,DB04
202109050800,105,20.2,0,0,-0.34202014332566866,-0.9396926207859084,DB04
202109050900,105,21.0,0,0,-0.9396926207859084,-0.34202014332566855,DB03
202109051000,105,23.4,0,0,-0.6427876096865396,0.7660444431189778,DB03
202109051100,105,24.6,0,0,-0.6427876096865396,0.7660444431189778,DB03
202109051200,105,24.9,0,0,-0.6427876096865396,0.7660444431189778,DB03
202109051300,105,25.1,0,0,-0.6427876096865396,0.7660444431189778,DB04
202109051400,105,25.0,0,0,0.0,1.0,DB03
202109051500,105,25.7,0,0,0.0,1.0,DB02
202109051600,105,25.2,0,0,-0.6427876096865396,0.7660444431189778,DB02
202109051700,105,24.4,0,0,-0.6427876096865396,0.7660444431189778,DB03
202109051800,105,23.7,0,0,-0.6427876096865396,0.7660444431189778,DB02
202109051900,105,22.7,0,0,-0.6427876096865396,0.7660444431189778,DB03
202109052000,105,21.8,0,0,-0.6427876096865396,0.7660444431189778,DB03
202109052100,105,21.5,0,0,-0.6427876096865396,0.7660444431189778,DB02
202109052200,105,21.2,0,0,-0.34202014332566866,-0.9396926207859084,DB03
202109052300,105,20.8,100,1,-0.34202014332566866,-0.9396926207859084,DB03
202109060000,105,20.7,0,0,-0.7660444431189779,-0.6427876096865395,DB02
202109060100,105,20.0,0,0,-0.7660444431189779,-0.6427876096865395,DB02
202109060200,105,19.5,0,0,-0.7660444431189779,-0.6427876096865395,DB02
202109060300,105,19.5,100,1,-0.7660444431189779,-0.6427876096865395,DB03
202109060400,105,19.4,0,0,0.3420201433256689,-0.9396926207859083,DB02
202109060500,105,19.3,0,0,-0.34202014332566866,-0.9396926207859084,DB02
202109060600,105,19.1,0,0,-0.7660444431189779,-0.6427876096865395,DB04
202109060700,105,19.3,0,0,-0.7660444431189779,-0.6427876096865395,DB04
202109060800,105,20.2,0,0,0.0,1.0,DB03
202109060900,105,22.7,0,0,0.9396926207859084,-0.3420201433256687,DB03
202109061000,105,23.7,0,0,1.0,6.123233995736766e-17,DB04
202109061100,105,25.1,0,0,1.0,6.123233995736766e-17,DB03
202109061200,105,25.3,0,0,1.0,6.123233995736766e-17,DB04
202109061300,105,25.8,0,0,1.0,6.123233995736766e-17,DB04
202109061400,105,25.5,0,0,1.0,6.123233995736766e-17,DB04
202109061500,105,24.9,0,0,1.0,6.123233995736766e-17,DB04
202109061600,105,24.6,0,0,1.0,6.123233995736766e-17,DB04
202109061700,105,23.7,0,0,0.9396926207859084,-0.3420201433256687,DB04
202109061800,105,23.3,0,0,0.6427876096865395,-0.7660444431189779,DB04
202109061900,105,22.8,0,0,0.9396926207859084,-0.3420201433256687,DB04
202109062000,105,22.4,0,0,0.3420201433256689,-0.9396926207859083,DB04
202109062100,105,22.0,0,0,-0.7660444431189779,-0.6427876096865395,DB04
202109062200,105,21.4,0,0,-0.7660444431189779,-0.6427876096865395,DB04
202109062300,105,20.9,0,0,-0.9396926207859084,-0.34202014332566855,DB04
202109070000,105,20.7,0,0,-0.7660444431189779,-0.6427876096865395,DB04
202109070100,105,20.4,0,0,-0.7660444431189779,-0.6427876096865395,DB04
202109070200,105,20.1,0,0,-0.7660444431189779,-0.6427876096865395,DB04
202109070300,105,19.9,100,1,-0.9396926207859084,-0.34202014332566855,DB04
202109070400,105,19.7,100,1,-0.7660444431189779,-0.6427876096865395,DB04
202109070500,105,19.4,100,1,-0.34202014332566866,-0.9396926207859084,DB04
202109070600,105,19.3,100,1,-0.34202014332566866,-0.9396926207859084,DB04
202109070700,105,18.8,100,1,0.6427876096865395,-0.7660444431189779,DB04
202109070800,105,18.8,100,1,0.0,1.0,DB04
202109070900,105,18.9,100,1,0.0,1.0,DB04
202109071000,105,19.4,100,1,-0.34202014332566866,-0.9396926207859084,DB04
202109071100,105,20.3,0,0,-0.6427876096865396,0.7660444431189778,DB04
202109071200,105,21.0,100,1,-0.9396926207859083,0.342020143325669,DB04
202109071300,105,21.4,0,0,-0.9396926207859084,-0.34202014332566855,DB04
202109071400,105,22.0,0,0,-0.6427876096865396,0.7660444431189778,DB04
202109071500,105,21.9,0,0,-0.6427876096865396,0.7660444431189778,DB04
202109071600,105,21.9,100,1,-0.6427876096865396,0.7660444431189778,DB04
202109071700,105,21.9,100,1,0.0,1.0,DB04
202109071800,105,21.6,100,1,-0.3420201433256686,0.9396926207859084,DB04
202109071900,105,21.4,0,0,0.0,1.0,DB03
202109072000,105,21.2,100,1,-0.34202014332566866,-0.9396926207859084,DB04
202109072100,105,21.3,0,0,-0.9396926207859083,0.342020143325669,DB04
202109072200,105,21.3,0,0,-0.9396926207859084,-0.34202014332566855,DB03
202109072300,105,21.2,100,1,-1.0,-1.8369701987210297e-16,DB03
202109080000,105,20.8,100,1,-0.6427876096865396,0.7660444431189778,DB04
202109080100,105,20.5,100,1,-0.9396926207859083,0.342020143325669,DB04
202109080200,105,20.3,100,1,-0.6427876096865396,0.7660444431189778,DB03
202109080300,105,20.1,100,1,-0.6427876096865396,0.7660444431189778,DB02
202109080400,105,20.1,0,0,-0.9396926207859083,0.342020143325669,DB03
202109080500,105,20.1,100,1,-0.6427876096865396,0.7660444431189778,DB01
202109080600,105,19.9,100,1,-0.9396926207859083,0.342020143325669,DB01
202109080700,105,20.0,100,1,-0.34202014332566866,-0.9396926207859084,DB01
202109080800,105,20.1,0,0,-0.9396926207859083,0.342020143325669,DB03
202109080900,105,20.5,100,1,-0.6427876096865396,0.7660444431189778,DB01
202109081000,105,21.6,0,0,-0.6427876096865396,0.7660444431189778,DB04
202109081100,105,22.6,0,0,-0.6427876096865396,0.7660444431189778,DB03
202109081200,105,23.2,0,0,-0.3420201433256686,0.9396926207859084,DB03
202109081300,105,23.8,0,0,0.3420201433256687,0.9396926207859084,DB02
202109081400,105,24.6,0,0,0.9396926207859083,0.3420201433256688,DB02
202109081500,105,24.4,0,0,0.3420201433256687,0.9396926207859084,DB02
202109081600,105,24.2,0,0,-0.3420201433256686,0.9396926207859084,DB02
202109081700,105,24.0,0,0,0.766044443118978,0.6427876096865394,DB02
202109081800,105,23.6,0,0,0.0,1.0,DB02
202109081900,105,22.7,0,0,0.6427876096865395,-0.7660444431189779,DB02
202109082000,105,21.8,0,0,-0.7660444431189779,-0.6427876096865395,DB02
202109082100,105,20.7,0,0,-0.7660444431189779,-0.6427876096865395,DB02
202109082200,105,20.0,0,0,-0.7660444431189779,-0.6427876096865395,DB02
202109082300,105,19.6,0,0,0.0,1.0,DB01
202109090000,105,19.2,0,0,-0.34202014332566866,-0.9396926207859084,DB01
202109090100,105,18.8,0,0,-0.7660444431189779,-0.6427876096865395,DB01
202109090200,105,18.5,0,0,0.6427876096865395,-0.7660444431189779,DB01
202109090300,105,18.2,0,0,-0.34202014332566866,-0.9396926207859084,DB02
202109090400,105,19.1,0,0,-0.7660444431189779,-0.6427876096865395,DB03
202109090500,105,19.7,0,0,-0.9396926207859084,-0.34202014332566855,DB03
202109090600,105,19.9,0,0,-0.9396926207859084,-0.34202014332566855,DB03
202109090700,105,20.1,0,0,-0.9396926207859083,0.342020143325669,DB02
202109090800,105,21.5,0,0,-0.7660444431189779,-0.6427876096865395,DB02
202109090900,105,23.0,0,0,0.3420201433256689,-0.9396926207859083,DB01
202109091000,105,25.2,0,0,0.6427876096865395,-0.7660444431189779,DB01
202109091100,105,26.3,0,0,0.766044443118978,0.6427876096865394,DB02
202109091200,105,27.8,0,0,0.766044443118978,0.6427876096865394,DB01
202109091300,105,28.1,0,0,0.9396926207859083,0.3420201433256688,DB03
202109091400,105,28.8,0,0,0.9396926207859083,0.3420201433256688,DB03
202109091500,105,29.1,0,0,0.9396926207859084,-0.3420201433256687,DB01
202109091600,105,29.4,0,0,0.9396926207859083,0.3420201433256688,DB02
202109091700,105,28.4,0,0,1.0,6.123233995736766e-17,DB03
202109091800,105,27.3,0,0,1.0,6.123233995736766e-17,DB03
202109091900,105,26.6,0,0,-0.6427876096865396,0.7660444431189778,DB03
202109092000,105,25.5,0,0,-0.9396926207859084,-0.34202014332566855,DB04
202109092100,105,24.6,0,0,-0.7660444431189779,-0.6427876096865395,DB04
202109092200,105,23.8,0,0,-0.7660444431189779,-0.6427876096865395,DB02
202109092300,105,23.1,0,0,-0.7660444431189779,-0.6427876096865395,DB03
202109100000,105,22.5,0,0,-0.34202014332566866,-0.9396926207859084,DB03
202109100100,105,22.2,0,0,0.0,1.0,DB03
202109100200,105,21.7,0,0,1.2246467991473532e-16,-1.0,DB03
202109100300,105,21.4,0,0,-0.7660444431189779,-0.6427876096865395,DB02
202109100400,105,21.6,0,0,-0.7660444431189779,-0.6427876096865395,DB03
202109100500,105,21.4,0,0,-0.7660444431189779,-0.6427876096865395,DB03
202109100600,105,21.2,0,0,-0.9396926207859084,-0.34202014332566855,DB03
202109100700,105,21.1,0,0,-0.9396926207859084,-0.34202014332566855,DB03
202109100800,105,21.9,0,0,-0.9396926207859084,-0.34202014332566855,DB03
202109100900,105,23.4,0,0,-0.9396926207859084,-0.34202014332566855,DB03
202109101000,105,25.2,0,0,-0.7660444431189779,-0.6427876096865395,DB03
202109101100,105,26.4,0,0,1.0,6.123233995736766e-17,DB03
202109101200,105,26.8,0,0,1.0,6.123233995736766e-17,DB04
202109101300,105,27.0,0,0,0.766044443118978,0.6427876096865394,DB03
202109101400,105,28.0,0,0,0.766044443118978,0.6427876096865394,DB03
202109101500,105,27.3,0,0,0.766044443118978,0.6427876096865394,DB03
202109101600,105,27.7,0,0,0.3420201433256687,0.9396926207859084,DB02
202109101700,105,27.5,0,0,-0.3420201433256686,0.9396926207859084,DB02
202109101800,105,26.5,0,0,-0.9396926207859083,0.342020143325669,DB02
202109101900,105,25.4,0,0,-0.9396926207859084,-0.34202014332566855,DB01
202109102000,105,23.9,0,0,-0.7660444431189779,-0.6427876096865395,DB01
202109102100,105,22.7,0,0,-0.34202014332566866,-0.9396926207859084,DB01
202109102200,105,22.6,0,0,-0.9396926207859084,-0.34202014332566855,DB01
202109102300,105,22.2,0,0,-0.9396926207859084,-0.34202014332566855,DB01
202109110000,105,21.6,0,0,1.2246467991473532e-16,-1.0,DB01
202109110100,105,21.6,0,0,-0.34202014332566866,-0.9396926207859084,DB01
202109110200,105,22.3,0,0,-0.9396926207859084,-0.34202014332566855,DB01
202109110300,105,23.2,0,0,-0.9396926207859084,-0.34202014332566855,DB01
202109110400,105,23.0,0,0,-0.7660444431189779,-0.6427876096865395,DB01
202109110500,105,22.1,0,0,-0.9396926207859084,-0.34202014332566855,DB01
202109110600,105,21.8,0,0,-0.9396926207859084,-0.34202014332566855,DB01
202109110700,105,21.5,0,0,-0.7660444431189779,-0.6427876096865395,DB01
202109110800,105,23.0,0,0,-0.7660444431189779,-0.6427876096865395,DB01
202109110900,105,25.3,0,0,-0.9396926207859084,-0.34202014332566855,DB01
202109111000,105,27.6,0,0,-0.9396926207859084,-0.34202014332566855,DB01
202109111100,105,29.2,0,0,0.9396926207859084,-0.3420201433256687,DB01
202109111200,105,29.6,0,0,1.0,6.123233995736766e-17,DB01
202109111300,105,29.3,0,0,1.0,6.123233995736766e-17,DB01
202109111400,105,29.2,0,0,0.9396926207859083,0.3420201433256688,DB01
202109111500,105,29.0,0,0,0.9396926207859083,0.3420201433256688,DB01
202109111600,105,28.9,0,0,0.9396926207859083,0.3420201433256688,DB01
202109111700,105,28.8,0,0,0.9396926207859084,-0.3420201433256687,DB01
202109111800,105,28.1,0,0,-0.9396926207859083,0.342020143325669,DB01
202109111900,105,26.0,0,0,-0.7660444431189779,-0.6427876096865395,DB02
202109112000,105,24.4,0,0,-0.9396926207859084,-0.34202014332566855,DB02
202109112100,105,22.9,0,0,-0.7660444431189779,-0.6427876096865395,DB03
202109112200,105,22.6,0,0,0.3420201433256687,0.9396926207859084,DB03
202109112300,105,26.2,0,0,-0.7660444431189779,-0.6427876096865395,DB02
202109120000,105,25.8,0,0,-1.0,-1.8369701987210297e-16,DB03
202109120100,105,25.2,0,0,-0.6427876096865396,0.7660444431189778,DB02
202109120200,105,23.6,0,0,-0.6427876096865396,0.7660444431189778,DB03
202109120300,105,22.3,0,0,-1.0,-1.8369701987210297e-16,DB01
202109120400,105,21.0,0,0,-0.9396926207859084,-0.34202014332566855,DB01
202109120500,105,20.3,0,0,-0.7660444431189779,-0.6427876096865395,DB02
202109120600,105,19.7,0,0,-0.9396926207859084,-0.34202014332566855,DB01
202109120700,105,19.6,0,0,-0.7660444431189779,-0.6427876096865395,DB01
202109120800,105,21.7,0,0,0.3420201433256689,-0.9396926207859083,DB01
202109120900,105,24.6,0,0,0.9396926207859083,0.3420201433256688,DB01
202109121000,105,26.3,0,0,0.3420201433256687,0.9396926207859084,DB01
202109121100,105,27.2,0,0,0.9396926207859083,0.3420201433256688,DB01
202109121200,105,26.6,0,0,1.0,6.123233995736766e-17,DB01
202109121300,105,26.9,0,0,-0.9396926207859083,0.342020143325669,DB02
202109121400,105,26.2,0,0,0.3420201433256687,0.9396926207859084,DB02
202109121500,105,26.4,0,0,0.766044443118978,0.6427876096865394,DB03
202109121600,105,25.8,0,0,-0.3420201433256686,0.9396926207859084,DB03
202109121700,105,25.3,0,0,-0.9396926207859083,0.342020143325669,DB03
202109121800,105,24.8,0,0,-0.9396926207859083,0.342020143325669,DB01
202109121900,105,23.8,0,0,-0.7660444431189779,-0.6427876096865395,DB03
202109122000,105,23.2,0,0,-0.34202014332566866,-0.9396926207859084,DB04
202109122100,105,22.7,0,0,-0.7660444431189779,-0.6427876096865395,DB03
202109122200,105,22.2,0,0,-0.7660444431189779,-0.6427876096865395,DB02
202109122300,105,21.8,0,0,-0.7660444431189779,-0.6427876096865395,DB03
202109130000,105,21.6,0,0,-0.7660444431189779,-0.6427876096865395,DB03
202109130100,105,21.4,0,0,-0.9396926207859084,-0.34202014332566855,DB02
202109130200,105,21.3,0,0,-0.7660444431189779,-0.6427876096865395,DB02
202109130300,105,21.2,0,0,-0.7660444431189779,-0.6427876096865395,DB03
202109130400,105,21.2,0,0,-0.7660444431189779,-0.6427876096865395,DB04
202109130500,105,21.0,0,0,-0.7660444431189779,-0.6427876096865395,DB04
202109130600,105,21.0,0,0,0.0,1.0,DB03
202109130700,105,21.1,0,0,0.0,1.0,DB03
202109130800,105,21.4,0,0,1.2246467991473532e-16,-1.0,DB03
202109130900,105,22.5,0,0,0.9396926207859084,-0.3420201433256687,DB04
202109131000,105,23.8,0,0,0.9396926207859084,-0.3420201433256687,DB03
202109131100,105,24.9,0,0,0.6427876096865395,-0.7660444431189779,DB03
202109131200,105,26.2,0,0,0.9396926207859084,-0.3420201433256687,DB03
202109131300,105,26.3,0,0,0.6427876096865395,-0.7660444431189779,DB02
202109131400,105,26.4,0,0,0.9396926207859084,-0.3420201433256687,DB03
202109131500,105,26.2,0,0,0.9396926207859084,-0.3420201433256687,DB03
202109131600,105,25.9,0,0,0.9396926207859084,-0.3420201433256687,DB03
202109131700,105,25.2,0,0,0.9396926207859084,-0.3420201433256687,DB03
202109131800,105,24.0,0,0,0.9396926207859084,-0.3420201433256687,DB03
202109131900,105,23.2,0,0,0.3420201433256689,-0.9396926207859083,DB03
202109132000,105,22.4,0,0,-0.7660444431189779,-0.6427876096865395,DB03
202109132100,105,21.6,0,0,-0.7660444431189779,-0.6427876096865395,DB03
202109132200,105,21.1,0,0,-0.7660444431189779,-0.6427876096865395,DB03
202109132300,105,20.3,0,0,-0.9396926207859084,-0.34202014332566855,DB04
202109140000,105,19.9,0,0,-0.9396926207859084,-0.34202014332566855,DB03
202109140100,105,19.5,0,0,-0.7660444431189779,-0.6427876096865395,DB04
202109140200,105,19.0,0,0,-0.7660444431189779,-0.6427876096865395,DB04
202109140300,105,18.7,0,0,-0.7660444431189779,-0.6427876096865395,DB03
202109140400,105,18.4,0,0,-0.34202014332566866,-0.9396926207859084,DB04
202109140500,105,18.2,0,0,-0.7660444431189779,-0.6427876096865395,DB03
202109140600,105,18.0,0,0,-0.9396926207859084,-0.34202014332566855,DB03
202109140700,105,18.0,0,0,-0.9396926207859084,-0.34202014332566855,DB03
202109140800,105,18.4,0,0,-0.7660444431189779,-0.6427876096865395,DB03
202109140900,105,20.4,0,0,-0.34202014332566866,-0.9396926207859084,DB03
202109141000,105,22.5,0,0,1.2246467991473532e-16,-1.0,DB03
202109141100,105,23.6,0,0,0.9396926207859083,0.3420201433256688,DB03
202109141200,105,25.0,0,0,1.0,6.123233995736766e-17,DB03
202109141300,105,25.3,0,0,0.9396926207859083,0.3420201433256688,DB03
202109141400,105,25.7,0,0,1.0,6.123233995736766e-17,DB03
202109141500,105,26.1,0,0,1.0,6.123233995736766e-17,DB03
202109141600,105,26.4,0,0,1.0,6.123233995736766e-17,DB01
202109141700,105,25.7,0,0,0.9396926207859083,0.3420201433256688,DB01
202109141800,105,24.7,0,0,1.0,6.123233995736766e-17,DB02
202109141900,105,23.3,0,0,0.9396926207859083,0.3420201433256688,DB02
202109142000,105,21.8,0,0,-0.7660444431189779,-0.6427876096865395,DB02
202109142100,105,20.9,0,0,-0.7660444431189779,-0.6427876096865395,DB02
202109142200,105,20.8,0,0,-0.7660444431189779,-0.6427876096865395,DB03
202109142300,105,20.8,0,0,-0.7660444431189779,-0.6427876096865395,DB04
202109150000,105,20.4,0,0,-0.7660444431189779,-0.6427876096865395,DB04
202109150100,105,20.3,0,0,-0.34202014332566866,-0.9396926207859084,DB02
202109150200,105,19.9,0,0,-0.7660444431189779,-0.6427876096865395,DB03
202109150300,105,19.7,0,0,-0.7660444431189779,-0.6427876096865395,DB04
202109150400,105,19.8,0,0,-0.9396926207859084,-0.34202014332566855,DB04
202109150500,105,19.6,0,0,-0.7660444431189779,-0.6427876096865395,DB02
202109150600,105,19.4,0,0,-0.7660444431189779,-0.6427876096865395,DB02
202109150700,105,19.4,0,0,-0.34202014332566866,-0.9396926207859084,DB03
202109150800,105,20.3,0,0,-0.34202014332566866,-0.9396926207859084,DB03
202109150900,105,22.8,0,0,1.0,6.123233995736766e-17,DB02
202109151000,105,23.9,0,0,0.9396926207859083,0.3420201433256688,DB02
202109151100,105,24.9,0,0,0.9396926207859083,0.3420201433256688,DB02
202109151200,105,25.6,0,0,1.0,6.123233995736766e-17,DB02
202109151300,105,25.7,0,0,1.0,6.123233995736766e-17,DB03
202109151400,105,25.4,0,0,0.9396926207859083,0.3420201433256688,DB02
202109151500,105,25.1,0,0,0.9396926207859083,0.3420201433256688,DB02
202109151600,105,24.2,0,0,0.9396926207859083,0.3420201433256688,DB03
202109151700,105,24.2,0,0,0.766044443118978,0.6427876096865394,DB02
202109151800,105,22.9,0,0,1.0,6.123233995736766e-17,DB03
202109151900,105,22.6,0,0,0.766044443118978,0.6427876096865394,DB03
202109152000,105,21.2,0,0,-0.7660444431189779,-0.6427876096865395,DB03
202109152100,105,20.6,0,0,-0.7660444431189779,-0.6427876096865395,DB02
202109152200,105,19.6,0,0,-0.7660444431189779,-0.6427876096865395,DB02
202109152300,105,19.2,0,0,-0.7660444431189779,-0.6427876096865395,DB03
202109160000,105,19.1,0,0,-0.9396926207859084,-0.34202014332566855,DB03
202109160100,105,19.1,0,0,-0.9396926207859084,-0.34202014332566855,DB03
202109160200,105,18.7,0,0,-0.7660444431189779,-0.6427876096865395,DB01
202109160300,105,18.3,0,0,-0.9396926207859084,-0.34202014332566855,DB02
202109160400,105,18.0,0,0,-0.9396926207859084,-0.34202014332566855,DB02
202109160500,105,17.5,0,0,-0.34202014332566866,-0.9396926207859084,DB02
202109160600,105,17.4,0,0,-0.7660444431189779,-0.6427876096865395,DB02
202109160700,105,17.7,0,0,-0.7660444431189779,-0.6427876096865395,DB03
202109160800,105,18.6,0,0,-0.7660444431189779,-0.6427876096865395,DB03
202109160900,105,19.6,0,0,0.0,1.0,DB04
202109161000,105,22.4,100,1,-0.3420201433256686,0.9396926207859084,DB04
202109161100,105,22.8,0,0,0.9396926207859084,-0.3420201433256687,DB04
202109161200,105,23.9,0,0,0.9396926207859083,0.3420201433256688,DB03
202109161300,105,24.8,0,0,0.766044443118978,0.6427876096865394,DB03
202109161400,105,24.5,0,0,0.9396926207859083,0.3420201433256688,DB03
202109161500,105,24.3,0,0,1.0,6.123233995736766e-17,DB03
202109161600,105,24.9,0,0,1.0,6.123233995736766e-17,DB03
202109161700,105,23.9,0,0,1.0,6.123233995736766e-17,DB03
202109161800,105,23.2,0,0,0.9396926207859084,-0.3420201433256687,DB03
202109161900,105,22.6,0,0,0.9396926207859084,-0.3420201433256687,DB04
202109162000,105,21.6,0,0,-0.7660444431189779,-0.6427876096865395,DB04
202109162100,105,21.0,0,0,-0.9396926207859084,-0.34202014332566855,DB04
202109162200,105,20.6,0,0,-0.9396926207859084,-0.34202014332566855,DB04
202109162300,105,20.4,0,0,-0.7660444431189779,-0.6427876096865395,DB04
202109170000,105,20.4,0,0,-0.9396926207859084,-0.34202014332566855,DB04
202109170100,105,20.3,0,0,-0.34202014332566866,-0.9396926207859084,DB04
202109170200,105,20.2,0,0,-0.7660444431189779,-0.6427876096865395,DB04
202109170300,105,20.0,0,0,-1.0,-1.8369701987210297e-16,DB04
202109170400,105,20.0,0,0,-1.0,-1.8369701987210297e-16,DB04
202109170500,105,19.9,0,0,-0.7660444431189779,-0.6427876096865395,DB04
202109170600,105,19.8,0,0,-0.7660444431189779,-0.6427876096865395,DB04
202109170700,105,19.8,0,0,0.3420201433256689,-0.9396926207859083,DB04
202109170800,105,19.8,100,1,-0.7660444431189779,-0.6427876096865395,DB04
202109170900,105,19.8,100,1,-0.9396926207859084,-0.34202014332566855,DB04
202109171000,105,20.1,100,1,-0.7660444431189779,-0.6427876096865395,DB04
202109171100,105,20.4,0,0,0.6427876096865395,-0.7660444431189779,DB04
202109171200,105,19.8,100,1,-0.34202014332566866,-0.9396926207859084,DB04
202109171300,105,19.9,100,1,-0.7660444431189779,-0.6427876096865395,DB04
202109171400,105,20.0,100,1,-0.7660444431189779,-0.6427876096865395,DB04
202109171500,105,20.0,100,1,-0.7660444431189779,-0.6427876096865395,DB04
202109171600,105,20.7,100,1,-0.9396926207859083,0.342020143325669,DB04
202109171700,105,20.0,100,1,-0.7660444431189779,-0.6427876096865395,DB02
202109171800,105,20.0,0,0,-0.34202014332566866,-0.9396926207859084,DB02
202109171900,105,19.8,100,1,-0.34202014332566866,-0.9396926207859084,DB02
202109172000,105,19.0,0,0,-0.9396926207859084,-0.34202014332566855,DB03
202109172100,105,18.5,0,0,-0.7660444431189779,-0.6427876096865395,DB02
202109172200,105,18.3,0,0,-0.7660444431189779,-0.6427876096865395,DB02
202109172300,105,18.2,0,0,-0.7660444431189779,-0.6427876096865395,DB03
202109180000,105,18.4,100,1,-0.7660444431189779,-0.6427876096865395,DB03
202109180100,105,18.3,0,0,-0.9396926207859083,0.342020143325669,DB02
202109180200,105,18.0,0,0,-0.7660444431189779,-0.6427876096865395,DB03
202109180300,105,18.2,0,0,-0.9396926207859084,-0.34202014332566855,DB03
202109180400,105,18.3,0,0,-0.9396926207859084,-0.34202014332566855,DB03
202109180500,105,18.5,0,0,0.0,1.0,DB02
202109180600,105,19.0,0,0,-0.9396926207859083,0.342020143325669,DB03
202109180700,105,18.9,0,0,-0.7660444431189779,-0.6427876096865395,DB03
202109180800,105,19.9,100,1,0.0,1.0,DB03
202109180900,105,20.9,100,1,-0.6427876096865396,0.7660444431189778,DB03
202109181000,105,22.3,0,0,0.0,1.0,DB04
202109181100,105,23.3,0,0,-0.6427876096865396,0.7660444431189778,DB04
202109181200,105,24.2,0,0,-0.6427876096865396,0.7660444431189778,DB03
202109181300,105,24.7,0,0,0.766044443118978,0.6427876096865394,DB03
202109181400,105,25.8,0,0,0.766044443118978,0.6427876096865394,DB03
202109181500,105,25.6,0,0,0.0,1.0,DB02
202109181600,105,25.7,0,0,0.766044443118978,0.6427876096865394,DB01
202109181700,105,25.4,0,0,-0.3420201433256686,0.9396926207859084,DB01
202109181800,105,24.0,0,0,0.0,1.0,DB01
202109181900,105,23.0,0,0,0.0,1.0,DB01
202109182000,105,21.7,0,0,-0.7660444431189779,-0.6427876096865395,DB01
202109182100,105,20.7,0,0,-0.34202014332566866,-0.9396926207859084,DB01
202109182200,105,19.8,0,0,-0.7660444431189779,-0.6427876096865395,DB02
202109182300,105,19.1,0,0,-0.9396926207859084,-0.34202014332566855,DB01
202109190000,105,18.6,0,0,-0.7660444431189779,-0.6427876096865395,DB02
202109190100,105,18.4,0,0,-0.7660444431189779,-0.6427876096865395,DB03
202109190200,105,18.4,0,0,-0.9396926207859084,-0.34202014332566855,DB03
202109190300,105,18.1,0,0,-0.7660444431189779,-0.6427876096865395,DB04
202109190400,105,17.9,0,0,-0.9396926207859084,-0.34202014332566855,DB02
202109190500,105,17.5,0,0,-0.7660444431189779,-0.6427876096865395,DB02
202109190600,105,17.3,0,0,-0.7660444431189779,-0.6427876096865395,DB04
202109190700,105,18.0,0,0,-0.9396926207859084,-0.34202014332566855,DB04
202109190800,105,19.0,0,0,-0.7660444431189779,-0.6427876096865395,DB03
202109190900,105,21.7,0,0,-0.7660444431189779,-0.6427876096865395,DB04
202109191000,105,24.0,0,0,0.9396926207859083,0.3420201433256688,DB02
202109191100,105,24.2,0,0,0.9396926207859083,0.3420201433256688,DB03
202109191200,105,25.5,0,0,0.9396926207859084,-0.3420201433256687,DB04
202109191300,105,26.3,0,0,1.0,6.123233995736766e-17,DB04
202109191400,105,25.3,0,0,1.0,6.123233995736766e-17,DB04
202109191500,105,25.2,0,0,0.9396926207859083,0.3420201433256688,DB04
202109191600,105,24.7,0,0,1.0,6.123233995736766e-17,DB04
202109191700,105,24.8,0,0,1.0,6.123233995736766e-17,DB03
202109191800,105,23.8,0,0,0.9396926207859084,-0.3420201433256687,DB02
202109191900,105,22.7,0,0,-0.34202014332566866,-0.9396926207859084,DB04
202109192000,105,21.4,0,0,-0.34202014332566866,-0.9396926207859084,DB03
202109192100,105,21.0,0,0,-0.7660444431189779,-0.6427876096865395,DB02
202109192200,105,20.7,0,0,-0.9396926207859084,-0.34202014332566855,DB03
202109192300,105,20.1,0,0,-0.7660444431189779,-0.6427876096865395,DB03
202109200000,105,19.7,0,0,-0.7660444431189779,-0.6427876096865395,DB03
202109200100,105,19.2,0,0,-0.7660444431189779,-0.6427876096865395,DB03
202109200200,105,19.0,0,0,-0.7660444431189779,-0.6427876096865395,DB03
202109200300,105,18.3,0,0,-0.7660444431189779,-0.6427876096865395,DB02
202109200400,105,17.9,0,0,-0.9396926207859084,-0.34202014332566855,DB02
202109200500,105,17.5,0,0,-0.7660444431189779,-0.6427876096865395,DB02
202109200600,105,17.1,0,0,-0.7660444431189779,-0.6427876096865395,DB02
202109200700,105,17.3,0,0,-0.9396926207859084,-0.34202014332566855,DB02
202109200800,105,19.1,0,0,-0.7660444431189779,-0.6427876096865395,DB02
202109200900,105,22.2,0,0,0.3420201433256687,0.9396926207859084,DB03
202109201000,105,23.0,0,0,0.3420201433256687,0.9396926207859084,DB03
202109201100,105,24.4,0,0,1.0,6.123233995736766e-17,DB02
202109201200,105,26.1,0,0,1.0,6.123233995736766e-17,DB02
202109201300,105,25.7,0,0,1.0,6.123233995736766e-17,DB03
202109201400,105,25.0,0,0,1.0,6.123233995736766e-17,DB03
202109201500,105,25.6,0,0,0.6427876096865395,-0.7660444431189779,DB03
202109201600,105,25.1,0,0,0.9396926207859084,-0.3420201433256687,DB03
202109201700,105,24.7,0,0,1.0,6.123233995736766e-17,DB03
202109201800,105,24.0,0,0,0.6427876096865395,-0.7660444431189779,DB03
202109201900,105,23.1,0,0,0.3420201433256689,-0.9396926207859083,DB03
202109202000,105,22.3,0,0,0.3420201433256689,-0.9396926207859083,DB03
202109202100,105,21.1,0,0,-0.7660444431189779,-0.6427876096865395,DB02
202109202200,105,20.6,0,0,-0.9396926207859084,-0.34202014332566855,DB03
202109202300,105,19.9,0,0,-0.7660444431189779,-0.6427876096865395,DB03
202109210000,105,19.4,0,0,-0.9396926207859084,-0.34202014332566855,DB02
202109210100,105,19.1,0,0,-0.9396926207859084,-0.34202014332566855,DB03
202109210200,105,18.6,0,0,-0.7660444431189779,-0.6427876096865395,DB02
202109210300,105,18.6,0,0,-0.7660444431189779,-0.6427876096865395,DB03
202109210400,105,18.4,0,0,-0.34202014332566866,-0.9396926207859084,DB02
202109210500,105,18.6,0,0,0.0,1.0,DB03
202109210600,105,18.9,0,0,-0.7660444431189779,-0.6427876096865395,DB04
202109210700,105,19.5,100,1,1.2246467991473532e-16,-1.0,DB04
202109210800,105,20.0,100,1,0.0,1.0,DB04
202109210900,105,20.5,100,1,-1.0,-1.8369701987210297e-16,DB04
202109211000,105,21.2,0,0,0.766044443118978,0.6427876096865394,DB04
202109211100,105,22.4,0,0,-0.34202014332566866,-0.9396926207859084,DB04
202109211200,105,23.4,0,0,-0.6427876096865396,0.7660444431189778,DB04
202109211300,105,24.4,0,0,0.3420201433256689,-0.9396926207859083,DB04
202109211400,105,26.2,0,0,1.2246467991473532e-16,-1.0,DB04
202109211500,105,27.9,0,0,-1.0,-1.8369701987210297e-16,DB02
202109211600,105,28.7,0,0,-0.9396926207859084,-0.34202014332566855,DB03
202109211700,105,26.3,0,0,-0.9396926207859084,-0.34202014332566855,DB03
202109211800,105,25.6,0,0,-0.34202014332566866,-0.9396926207859084,DB02
202109211900,105,24.9,0,0,-0.7660444431189779,-0.6427876096865395,DB02
202109212000,105,24.6,0,0,-0.34202014332566866,-0.9396926207859084,DB01
202109212100,105,24.1,0,0,-0.7660444431189779,-0.6427876096865395,DB01
202109212200,105,23.5,0,0,-0.7660444431189779,-0.6427876096865395,DB01
202109212300,105,22.1,0,0,-0.7660444431189779,-0.6427876096865395,DB01
202109220000,105,23.5,0,0,-1.0,-1.8369701987210297e-16,DB02
202109220100,105,23.1,0,0,-1.0,-1.8369701987210297e-16,DB02
202109220200,105,22.8,0,0,-0.9396926207859084,-0.34202014332566855,DB03
202109220300,105,22.2,0,0,-0.34202014332566866,-0.9396926207859084,DB04
202109220400,105,21.4,0,0,1.2246467991473532e-16,-1.0,DB04
202109220500,105,21.7,0,0,-0.9396926207859084,-0.34202014332566855,DB04
202109220600,105,22.2,0,0,-1.0,-1.8369701987210297e-16,DB04
202109220700,105,22.5,0,0,-1.0,-1.8369701987210297e-16,DB03
202109220800,105,23.7,0,0,-0.9396926207859084,-0.34202014332566855,DB02
202109220900,105,24.8,0,0,-0.9396926207859084,-0.34202014332566855,DB02
202109221000,105,26.1,0,0,-0.9396926207859084,-0.34202014332566855,DB03
202109221100,105,25.7,0,0,-0.7660444431189779,-0.6427876096865395,DB03
202109221200,105,24.8,0,0,-0.7660444431189779,-0.6427876096865395,DB03
202109221300,105,26.0,0,0,-0.34202014332566866,-0.9396926207859084,DB03
202109221400,105,26.6,0,0,-0.7660444431189779,-0.6427876096865395,DB03
202109221500,105,26.6,0,0,-0.9396926207859084,-0.34202014332566855,DB03
202109221600,105,26.4,0,0,-0.7660444431189779,-0.6427876096865395,DB02
202109221700,105,26.1,0,0,-0.9396926207859084,-0.34202014332566855,DB01
202109221800,105,24.7,0,0,-0.9396926207859084,-0.34202014332566855,DB01
202109221900,105,23.8,0,0,-0.7660444431189779,-0.6427876096865395,DB01
202109222000,105,23.1,0,0,-0.7660444431189779,-0.6427876096865395,DB01
202109222100,105,22.6,0,0,-0.9396926207859084,-0.34202014332566855,DB01
202109222200,105,21.9,0,0,-0.34202014332566866,-0.9396926207859084,DB01
202109222300,105,21.7,0,0,-0.7660444431189779,-0.6427876096865395,DB01
202109230000,105,21.1,0,0,-0.9396926207859084,-0.34202014332566855,DB01
202109230100,105,20.4,0,0,-0.7660444431189779,-0.6427876096865395,DB01
202109230200,105,20.4,0,0,-0.7660444431189779,-0.6427876096865395,DB01
202109230300,105,20.0,0,0,-1.0,-1.8369701987210297e-16,DB03
202109230400,105,20.1,0,0,-0.7660444431189779,-0.6427876096865395,DB02
202109230500,105,20.1,0,0,-0.9396926207859084,-0.34202014332566855,DB02
202109230600,105,20.0,0,0,-0.34202014332566866,-0.9396926207859084,DB02
202109230700,105,20.1,0,0,-0.7660444431189779,-0.6427876096865395,DB01
202109230800,105,21.6,0,0,0.3420201433256687,0.9396926207859084,DB01
202109230900,105,23.6,0,0,-0.6427876096865396,0.7660444431189778,DB01
202109231000,105,24.8,0,0,-0.9396926207859083,0.342020143325669,DB01
202109231100,105,25.3,0,0,-0.9396926207859084,-0.34202014332566855,DB01
202109231200,105,25.4,0,0,-0.7660444431189779,-0.6427876096865395,DB01
202109231300,105,25.9,0,0,-0.7660444431189779,-0.6427876096865395,DB02
202109231400,105,25.0,0,0,-0.7660444431189779,-0.6427876096865395,DB02
202109231500,105,26.0,0,0,-0.7660444431189779,-0.6427876096865395,DB02
202109231600,105,25.6,0,0,-0.34202014332566866,-0.9396926207859084,DB02
202109231700,105,25.0,0,0,-0.7660444431189779,-0.6427876096865395,DB02
202109231800,105,24.4,0,0,-0.9396926207859084,-0.34202014332566855,DB02
202109231900,105,22.8,0,0,0.6427876096865395,-0.7660444431189779,DB02
202109232000,105,21.5,0,0,-0.7660444431189779,-0.6427876096865395,DB03
202109232100,105,20.1,0,0,-0.7660444431189779,-0.6427876096865395,DB03
202109232200,105,19.8,0,0,-0.7660444431189779,-0.6427876096865395,DB03
202109232300,105,19.4,0,0,-0.7660444431189779,-0.6427876096865395,DB03
202109240000,105,19.0,0,0,-0.7660444431189779,-0.6427876096865395,DB02
202109240100,105,18.4,0,0,-0.34202014332566866,-0.9396926207859084,DB03
202109240200,105,17.8,0,0,-0.7660444431189779,-0.6427876096865395,DB02
202109240300,105,17.3,0,0,-0.7660444431189779,-0.6427876096865395,DB02
202109240400,105,17.1,0,0,-0.7660444431189779,-0.6427876096865395,DB02
202109240500,105,16.8,0,0,-0.7660444431189779,-0.6427876096865395,DB01
202109240600,105,16.6,0,0,-0.7660444431189779,-0.6427876096865395,DB02
202109240700,105,16.8,0,0,-0.7660444431189779,-0.6427876096865395,DB02
202109240800,105,18.7,0,0,-0.9396926207859084,-0.34202014332566855,DB02
202109240900,105,21.6,0,0,-0.3420201433256686,0.9396926207859084,DB02
202109241000,105,23.2,0,0,0.766044443118978,0.6427876096865394,DB03
202109241100,105,23.3,0,0,0.3420201433256687,0.9396926207859084,DB04
202109241200,105,22.6,0,0,1.0,6.123233995736766e-17,DB04
202109241300,105,22.0,0,0,0.3420201433256689,-0.9396926207859083,DB04
202109241400,105,22.0,0,0,0.9396926207859084,-0.3420201433256687,DB04
202109241500,105,22.0,0,0,0.6427876096865395,-0.7660444431189779,DB04
202109241600,105,20.7,100,1,-0.7660444431189779,-0.6427876096865395,DB03
202109241700,105,20.7,100,1,-0.9396926207859084,-0.34202014332566855,DB01
202109241800,105,20.2,0,0,-0.34202014332566866,-0.9396926207859084,DB02
202109241900,105,19.6,100,1,-0.7660444431189779,-0.6427876096865395,DB02
202109242000,105,19.2,0,0,-0.9396926207859084,-0.34202014332566855,DB03
202109242100,105,19.1,0,0,-0.34202014332566866,-0.9396926207859084,DB02
202109242200,105,19.0,0,0,-0.7660444431189779,-0.6427876096865395,DB02
202109242300,105,18.9,0,0,-1.0,-1.8369701987210297e-16,DB02
202109250000,105,18.6,0,0,-0.7660444431189779,-0.6427876096865395,DB03
202109250100,105,18.8,100,1,1.2246467991473532e-16,-1.0,DB01
202109250200,105,18.7,100,1,-1.0,-1.8369701987210297e-16,DB01
202109250300,105,18.8,0,0,-0.7660444431189779,-0.6427876096865395,DB02
202109250400,105,18.7,0,0,0.0,1.0,DB02
202109250500,105,18.7,100,1,-0.9396926207859084,-0.34202014332566855,DB02
202109250600,105,18.7,0,0,0.0,1.0,DB02
202109250700,105,18.7,100,1,-0.9396926207859084,-0.34202014332566855,DB04
202109250800,105,18.9,100,1,-0.9396926207859084,-0.34202014332566855,DB04
202109250900,105,19.5,0,0,0.766044443118978,0.6427876096865394,DB04
202109251000,105,20.5,100,1,-0.6427876096865396,0.7660444431189778,DB04
202109251100,105,20.3,100,1,-0.9396926207859084,-0.34202014332566855,DB04
202109251200,105,20.5,100,1,1.2246467991473532e-16,-1.0,DB04
202109251300,105,20.3,100,1,-0.6427876096865396,0.7660444431189778,DB04
202109251400,105,20.2,100,1,-0.6427876096865396,0.7660444431189778,DB04
202109251500,105,20.0,100,1,-0.6427876096865396,0.7660444431189778,DB04
202109251600,105,19.8,100,1,-0.6427876096865396,0.7660444431189778,DB04
202109251700,105,19.8,0,0,-0.6427876096865396,0.7660444431189778,DB04
202109251800,105,19.8,0,0,1.2246467991473532e-16,-1.0,DB04
202109251900,105,19.6,0,0,0.0,1.0,DB04
202109252000,105,19.3,0,0,-0.7660444431189779,-0.6427876096865395,DB02
202109252100,105,19.0,0,0,0.0,1.0,DB03
202109252200,105,18.6,0,0,-1.0,-1.8369701987210297e-16,DB02
202109252300,105,18.3,0,0,-0.7660444431189779,-0.6427876096865395,DB02
202109260000,105,18.1,0,0,-0.7660444431189779,-0.6427876096865395,DB03
202109260100,105,18.0,0,0,-0.7660444431189779,-0.6427876096865395,DB03
202109260200,105,17.8,0,0,-0.9396926207859084,-0.34202014332566855,DB03
202109260300,105,17.8,0,0,-0.7660444431189779,-0.6427876096865395,DB03
202109260400,105,17.5,0,0,-0.7660444431189779,-0.6427876096865395,DB03
202109260500,105,17.3,0,0,-0.7660444431189779,-0.6427876096865395,DB03
202109260600,105,17.2,0,0,-0.7660444431189779,-0.6427876096865395,DB03
202109260700,105,17.3,0,0,-0.7660444431189779,-0.6427876096865395,DB03
202109260800,105,18.2,0,0,-0.7660444431189779,-0.6427876096865395,DB03
202109260900,105,20.7,0,0,-0.34202014332566866,-0.9396926207859084,DB01
202109261000,105,22.8,0,0,0.9396926207859083,0.3420201433256688,DB01
202109261100,105,23.9,0,0,1.0,6.123233995736766e-17,DB02
202109261200,105,23.9,0,0,0.9396926207859083,0.3420201433256688,DB02
202109261300,105,24.4,0,0,0.766044443118978,0.6427876096865394,DB02
202109261400,105,24.8,0,0,0.766044443118978,0.6427876096865394,DB02
202109261500,105,25.2,0,0,1.0,6.123233995736766e-17,DB01
202109261600,105,24.9,0,0,0.9396926207859083,0.3420201433256688,DB01
202109261700,105,23.2,0,0,0.9396926207859083,0.3420201433256688,DB01
202109261800,105,22.3,0,0,0.766044443118978,0.6427876096865394,DB02
202109261900,105,21.0,0,0,-0.7660444431189779,-0.6427876096865395,DB02
202109262000,105,19.8,0,0,-0.7660444431189779,-0.6427876096865395,DB03
202109262100,105,18.9,0,0,-0.7660444431189779,-0.6427876096865395,DB03
202109262200,105,18.4,0,0,-0.7660444431189779,-0.6427876096865395,DB03
202109262300,105,17.9,0,0,-0.7660444431189779,-0.6427876096865395,DB03
202109270000,105,17.7,0,0,-0.7660444431189779,-0.6427876096865395,DB03
202109270100,105,17.6,0,0,-0.7660444431189779,-0.6427876096865395,DB02
202109270200,105,17.5,0,0,-0.7660444431189779,-0.6427876096865395,DB03
202109270300,105,17.3,0,0,-0.7660444431189779,-0.6427876096865395,DB03
202109270400,105,17.5,0,0,-0.7660444431189779,-0.6427876096865395,DB03
202109270500,105,17.4,0,0,0.0,1.0,DB03
202109270600,105,17.4,0,0,-0.7660444431189779,-0.6427876096865395,DB04
202109270700,105,17.7,0,0,-0.7660444431189779,-0.6427876096865395,DB03
202109270800,105,18.2,0,0,-0.34202014332566866,-0.9396926207859084,DB04
202109270900,105,19.2,0,0,-0.34202014332566866,-0.9396926207859084,DB04
202109271000,105,20.4,0,0,1.2246467991473532e-16,-1.0,DB04
202109271100,105,21.8,0,0,0.9396926207859084,-0.3420201433256687,DB04
202109271200,105,22.2,0,0,0.0,1.0,DB04
202109271300,105,22.8,0,0,0.9396926207859083,0.3420201433256688,DB04
202109271400,105,23.3,0,0,0.9396926207859083,0.3420201433256688,DB04
202109271500,105,22.7,0,0,0.766044443118978,0.6427876096865394,DB04
202109271600,105,21.9,0,0,-0.6427876096865396,0.7660444431189778,DB04
202109271700,105,21.5,0,0,-0.9396926207859083,0.342020143325669,DB04
202109271800,105,20.7,100,1,-0.7660444431189779,-0.6427876096865395,DB04
202109271900,105,20.1,0,0,-0.9396926207859084,-0.34202014332566855,DB04
202109272000,105,19.6,0,0,-0.7660444431189779,-0.6427876096865395,DB04
202109272100,105,19.3,0,0,-0.7660444431189779,-0.6427876096865395,DB04
202109272200,105,19.1,0,0,-0.9396926207859084,-0.34202014332566855,DB04
202109272300,105,19.0,0,0,-0.34202014332566866,-0.9396926207859084,DB04
202109280000,105,18.9,0,0,-0.7660444431189779,-0.6427876096865395,DB04
202109280100,105,18.8,0,0,-0.7660444431189779,-0.6427876096865395,DB04
202109280200,105,18.6,0,0,-0.9396926207859084,-0.34202014332566855,DB04
202109280300,105,18.6,0,0,-0.7660444431189779,-0.6427876096865395,DB03
202109280400,105,18.5,0,0,-0.7660444431189779,-0.6427876096865395,DB03
202109280500,105,18.5,0,0,-0.9396926207859084,-0.34202014332566855,DB04
202109280600,105,18.3,0,0,-0.7660444431189779,-0.6427876096865395,DB03
202109280700,105,18.2,0,0,-0.7660444431189779,-0.6427876096865395,DB03
202109280800,105,19.1,0,0,-0.7660444431189779,-0.6427876096865395,DB03
202109280900,105,20.4,0,0,0.0,1.0,DB03
202109281000,105,23.1,0,0,1.0,6.123233995736766e-17,DB02
202109281100,105,23.4,0,0,0.9396926207859083,0.3420201433256688,DB03
202109281200,105,23.7,0,0,0.9396926207859084,-0.3420201433256687,DB03
202109281300,105,23.0,0,0,0.9396926207859083,0.3420201433256688,DB04
202109281400,105,22.2,0,0,1.0,6.123233995736766e-17,DB04
202109281500,105,22.2,0,0,0.9396926207859084,-0.3420201433256687,DB04
202109281600,105,22.2,0,0,1.0,6.123233995736766e-17,DB04
202109281700,105,22.0,0,0,0.6427876096865395,-0.7660444431189779,DB03
202109281800,105,21.7,0,0,0.3420201433256689,-0.9396926207859083,DB03
202109281900,105,21.2,0,0,-0.9396926207859084,-0.34202014332566855,DB03
202109282000,105,20.8,0,0,-0.7660444431189779,-0.6427876096865395,DB03
202109282100,105,20.5,0,0,0.0,1.0,DB04
202109282200,105,20.3,0,0,-0.7660444431189779,-0.6427876096865395,DB04
202109282300,105,20.1,0,0,-0.34202014332566866,-0.9396926207859084,DB04
202109290000,105,20.0,0,0,-0.7660444431189779,-0.6427876096865395,DB04
202109290100,105,19.9,0,0,-1.0,-1.8369701987210297e-16,DB04
202109290200,105,19.6,100,1,1.2246467991473532e-16,-1.0,DB03
202109290300,105,19.4,100,1,0.0,1.0,DB04
202109290400,105,19.2,0,0,0.0,1.0,DB03
202109290500,105,19.1,0,0,0.0,1.0,DB03
202109290600,105,19.1,0,0,0.0,1.0,DB03
202109290700,105,19.1,0,0,0.0,1.0,DB03
202109290800,105,19.9,0,0,-0.9396926207859083,0.342020143325669,DB04
202109290900,105,20.8,0,0,-0.6427876096865396,0.7660444431189778,DB04
202109291000,105,21.6,0,0,-0.6427876096865396,0.7660444431189778,DB04
202109291100,105,21.7,100,1,-0.6427876096865396,0.7660444431189778,DB04
202109291200,105,21.9,100,1,-0.6427876096865396,0.7660444431189778,DB04
202109291300,105,22.4,0,0,0.0,1.0,DB04
202109291400,105,22.9,0,0,0.0,1.0,DB04
202109291500,105,21.9,0,0,-0.6427876096865396,0.7660444431189778,DB04
202109291600,105,20.7,0,0,-0.6427876096865396,0.7660444431189778,DB04
202109291700,105,19.9,0,0,-0.6427876096865396,0.7660444431189778,DB04
202109291800,105,19.3,100,1,-0.9396926207859083,0.342020143325669,DB04
202109291900,105,18.8,100,1,-0.9396926207859083,0.342020143325669,DB04
202109292000,105,18.8,100,1,-0.7660444431189779,-0.6427876096865395,DB04
202109292100,105,18.7,100,1,-0.7660444431189779,-0.6427876096865395,DB03
202109292200,105,18.6,100,1,-0.7660444431189779,-0.6427876096865395,DB04
202109292300,105,18.6,0,0,-0.9396926207859084,-0.34202014332566855,DB04
202109300000,105,18.5,0,0,-0.9396926207859084,-0.34202014332566855,DB03
202109300100,105,18.3,0,0,-0.34202014332566866,-0.9396926207859084,DB03
202109300200,105,17.8,0,0,-0.9396926207859084,-0.34202014332566855,DB03
202109300300,105,17.3,0,0,-0.7660444431189779,-0.6427876096865395,DB02
202109300400,105,16.9,0,0,-0.34202014332566866,-0.9396926207859084,DB03
202109300500,105,16.4,0,0,1.2246467991473532e-16,-1.0,DB01
202109300600,105,16.0,0,0,-0.34202014332566866,-0.9396926207859084,DB01
202109300700,105,15.9,0,0,-0.34202014332566866,-0.9396926207859084,DB01
202109300800,105,17.5,0,0,-0.7660444431189779,-0.6427876096865395,DB01
202109300900,105,20.3,0,0,1.0,6.123233995736766e-17,DB01
202109301000,105,23.1,0,0,0.3420201433256689,-0.9396926207859083,DB01
202109301100,105,25.1,0,0,1.0,6.123233995736766e-17,DB01
202109301200,105,26.2,0,0,1.0,6.123233995736766e-17,DB01
202109301300,105,26.8,0,0,1.0,6.123233995736766e-17,DB01
202109301400,105,27.2,0,0,1.0,6.123233995736766e-17,DB01
202109301500,105,27.1,0,0,0.9396926207859084,-0.3420201433256687,DB01
202109301600,105,26.3,0,0,0.9396926207859083,0.3420201433256688,DB01
202109301700,105,25.4,0,0,0.9396926207859083,0.3420201433256688,DB01
202109301800,105,24.2,0,0,1.0,6.123233995736766e-17,DB01
202109301900,105,22.0,0,0,-0.9396926207859084,-0.34202014332566855,DB01
202109302000,105,20.5,0,0,-0.7660444431189779,-0.6427876096865395,DB01
202109302100,105,19.6,0,0,-0.7660444431189779,-0.6427876096865395,DB01
202109302200,105,19.1,0,0,-0.9396926207859084,-0.34202014332566855,DB01
202109302300,105,18.2,0,0,-0.34202014332566866,-0.9396926207859084,DB01
202110010000,105,17.7,0,0,0.0,1.0,DB01
202110010100,105,16.9,0,0,-0.34202014332566866,-0.9396926207859084,DB01
202110010200,105,16.6,0,0,-0.9396926207859084,-0.34202014332566855,DB01
202110010300,105,16.2,0,0,-0.34202014332566866,-0.9396926207859084,DB01
202110010400,105,15.8,0,0,-0.34202014332566866,-0.9396926207859084,DB01
202110010500,105,15.9,0,0,-0.9396926207859084,-0.34202014332566855,DB01
202110010600,105,16.7,0,0,-0.9396926207859084,-0.34202014332566855,DB01
202110010700,105,16.7,0,0,-0.34202014332566866,-0.9396926207859084,DB01
202110010800,105,18.4,0,0,-0.9396926207859084,-0.34202014332566855,DB01
202110010900,105,21.1,0,0,-0.6427876096865396,0.7660444431189778,DB04
202110011000,105,22.7,0,0,-0.3420201433256686,0.9396926207859084,DB03
202110011100,105,24.9,0,0,1.2246467991473532e-16,-1.0,DB01
202110011200,105,26.5,0,0,1.0,6.123233995736766e-17,DB01
202110011300,105,26.7,0,0,0.766044443118978,0.6427876096865394,DB01
202110011400,105,26.3,0,0,0.0,1.0,DB01
202110011500,105,25.7,0,0,0.766044443118978,0.6427876096865394,DB01
202110011600,105,25.1,0,0,-0.6427876096865396,0.7660444431189778,DB01
202110011700,105,24.6,0,0,-0.3420201433256686,0.9396926207859084,DB01
202110011800,105,23.3,0,0,-0.3420201433256686,0.9396926207859084,DB01
202110011900,105,21.4,0,0,-0.7660444431189779,-0.6427876096865395,DB01
202110012000,105,19.8,0,0,-0.7660444431189779,-0.6427876096865395,DB01
202110012100,105,18.9,0,0,-0.7660444431189779,-0.6427876096865395,DB01
202110012200,105,18.5,0,0,-0.9396926207859084,-0.34202014332566855,DB01
202110012300,105,18.2,0,0,-0.34202014332566866,-0.9396926207859084,DB03
202110020000,105,17.9,0,0,1.2246467991473532e-16,-1.0,DB02
202110020100,105,19.7,0,0,-0.9396926207859084,-0.34202014332566855,DB04
202110020200,105,19.0,100,1,1.2246467991473532e-16,-1.0,DB04
202110020300,105,18.3,0,0,-1.0,-1.8369701987210297e-16,DB04
202110020400,105,18.4,0,0,-0.7660444431189779,-0.6427876096865395,DB03
202110020500,105,17.9,0,0,-0.9396926207859083,0.342020143325669,DB03
202110020600,105,17.6,0,0,-0.7660444431189779,-0.6427876096865395,DB03
202110020700,105,17.2,0,0,0.3420201433256689,-0.9396926207859083,DB03
202110020800,105,18.0,0,0,0.0,1.0,DB02
202110020900,105,21.0,0,0,-0.34202014332566866,-0.9396926207859084,DB01
202110021000,105,23.4,0,0,-0.7660444431189779,-0.6427876096865395,DB01
202110021100,105,25.2,0,0,-0.7660444431189779,-0.6427876096865395,DB01
202110021200,105,25.5,0,0,0.3420201433256687,0.9396926207859084,DB01
202110021300,105,26.7,0,0,0.9396926207859083,0.3420201433256688,DB01
202110021400,105,26.3,0,0,0.9396926207859083,0.3420201433256688,DB01
202110021500,105,25.8,0,0,0.9396926207859083,0.3420201433256688,DB01
202110021600,105,25.9,0,0,1.0,6.123233995736766e-17,DB01
202110021700,105,25.5,0,0,0.9396926207859083,0.3420201433256688,DB01
202110021800,105,24.4,0,0,-0.6427876096865396,0.7660444431189778,DB01
202110021900,105,22.7,0,0,-0.34202014332566866,-0.9396926207859084,DB02
202110022000,105,21.8,0,0,-0.6427876096865396,0.7660444431189778,DB01
202110022100,105,21.1,0,0,0.6427876096865395,-0.7660444431189779,DB01
202110022200,105,20.3,0,0,1.2246467991473532e-16,-1.0,DB01
202110022300,105,19.6,0,0,0.3420201433256687,0.9396926207859084,DB01
202110030000,105,19.2,0,0,1.0,6.123233995736766e-17,DB01
202110030100,105,19.3,0,0,0.3420201433256687,0.9396926207859084,DB01
202110030200,105,19.8,0,0,-0.7660444431189779,-0.6427876096865395,DB01
202110030300,105,20.7,0,0,-0.9396926207859084,-0.34202014332566855,DB01
202110030400,105,20.1,0,0,-0.34202014332566866,-0.9396926207859084,DB01
202110030500,105,19.8,0,0,-0.34202014332566866,-0.9396926207859084,DB02
202110030600,105,20.3,0,0,-0.7660444431189779,-0.6427876096865395,DB01
202110030700,105,19.8,0,0,-0.7660444431189779,-0.6427876096865395,DB01
202110030800,105,20.8,0,0,-0.9396926207859084,-0.34202014332566855,DB04
202110030900,105,23.3,0,0,0.3420201433256689,-0.9396926207859083,DB04
202110031000,105,25.4,0,0,-0.3420201433256686,0.9396926207859084,DB04
202110031100,105,27.5,0,0,0.9396926207859084,-0.3420201433256687,DB01
202110031200,105,28.4,0,0,0.9396926207859083,0.3420201433256688,DB01
202110031300,105,28.9,0,0,0.6427876096865395,-0.7660444431189779,DB03
202110031400,105,29.5,0,0,-0.7660444431189779,-0.6427876096865395,DB03
202110031500,105,31.5,0,0,0.3420201433256689,-0.9396926207859083,DB04
202110031600,105,32.0,0,0,-0.34202014332566866,-0.9396926207859084,DB03
202110031700,105,30.5,0,0,1.2246467991473532e-16,-1.0,DB03
202110031800,105,27.8,0,0,-0.7660444431189779,-0.6427876096865395,DB03
202110031900,105,25.6,0,0,-1.0,-1.8369701987210297e-16,DB04
202110032000,105,24.0,0,0,-0.7660444431189779,-0.6427876096865395,DB04
202110032100,105,23.1,0,0,-0.7660444431189779,-0.6427876096865395,DB04
202110032200,105,22.4,0,0,-0.7660444431189779,-0.6427876096865395,DB04
202110032300,105,21.9,0,0,-0.34202014332566866,-0.9396926207859084,DB04
202110040000,105,21.9,0,0,-1.0,-1.8369701987210297e-16,DB04
202110040100,105,21.3,0,0,-0.9396926207859084,-0.34202014332566855,DB04
202110040200,105,21.6,0,0,1.2246467991473532e-16,-1.0,DB04
202110040300,105,23.1,0,0,0.9396926207859084,-0.3420201433256687,DB04
202110040400,105,24.2,0,0,-0.7660444431189779,-0.6427876096865395,DB04
202110040500,105,25.5,0,0,-0.7660444431189779,-0.6427876096865395,DB04
202110040600,105,25.9,0,0,-0.7660444431189779,-0.6427876096865395,DB04
202110040700,105,25.4,0,0,0.766044443118978,0.6427876096865394,DB04
202110040800,105,25.5,0,0,1.2246467991473532e-16,-1.0,DB04
202110040900,105,25.7,0,0,-0.34202014332566866,-0.9396926207859084,DB04
202110041000,105,26.1,0,0,1.2246467991473532e-16,-1.0,DB04
202110041100,105,26.1,0,0,-0.9396926207859084,-0.34202014332566855,DB04
202110041200,105,25.6,0,0,0.3420201433256689,-0.9396926207859083,DB04
202110041300,105,25.6,0,0,1.2246467991473532e-16,-1.0,DB04
202110041400,105,26.9,0,0,-0.34202014332566866,-0.9396926207859084,DB04
202110041500,105,27.1,0,0,0.6427876096865395,-0.7660444431189779,DB04
202110041600,105,26.8,0,0,0.6427876096865395,-0.7660444431189779,DB04
202110041700,105,27.1,0,0,-0.34202014332566866,-0.9396926207859084,DB04
202110041800,105,27.1,0,0,-0.34202014332566866,-0.9396926207859084,DB04
202110041900,105,27.4,0,0,-0.7660444431189779,-0.6427876096865395,DB04
202110042000,105,27.5,0,0,-0.7660444431189779,-0.6427876096865395,DB04
202110042100,105,27.4,0,0,-0.34202014332566866,-0.9396926207859084,DB04
202110042200,105,25.9,0,0,0.3420201433256689,-0.9396926207859083,DB04
202110042300,105,25.5,0,0,0.3420201433256689,-0.9396926207859083,DB04
202110050000,105,25.6,0,0,0.9396926207859084,-0.3420201433256687,DB04
202110050100,105,26.2,0,0,1.2246467991473532e-16,-1.0,DB04
202110050200,105,26.7,0,0,-1.0,-1.8369701987210297e-16,DB04
202110050300,105,26.5,0,0,-0.7660444431189779,-0.6427876096865395,DB04
202110050400,105,26.3,0,0,-1.0,-1.8369701987210297e-16,DB02
202110050500,105,26.2,0,0,-1.0,-1.8369701987210297e-16,DB03
202110050600,105,23.6,0,0,-0.3420201433256686,0.9396926207859084,DB03
202110050700,105,22.7,0,0,-0.3420201433256686,0.9396926207859084,DB02
202110050800,105,23.4,0,0,0.0,1.0,DB03
202110050900,105,22.6,0,0,-0.6427876096865396,0.7660444431189778,DB03
202110051000,105,21.9,0,0,-0.6427876096865396,0.7660444431189778,DB03
202110051100,105,21.6,0,0,-0.9396926207859083,0.342020143325669,DB03
202110051200,105,20.8,0,0,-0.6427876096865396,0.7660444431189778,DB03
202110051300,105,20.1,0,0,-0.6427876096865396,0.7660444431189778,DB03
202110051400,105,20.0,0,0,-0.6427876096865396,0.7660444431189778,DB03
202110051500,105,19.5,0,0,-0.6427876096865396,0.7660444431189778,DB04
202110051600,105,19.1,100,1,-0.6427876096865396,0.7660444431189778,DB04
202110051700,105,18.9,100,1,-0.6427876096865396,0.7660444431189778,DB04
202110051800,105,18.5,0,0,-0.6427876096865396,0.7660444431189778,DB03
202110051900,105,18.1,100,1,-0.6427876096865396,0.7660444431189778,DB04
202110052000,105,18.0,0,0,-0.6427876096865396,0.7660444431189778,DB04
202110052100,105,17.9,100,1,-1.0,-1.8369701987210297e-16,DB04
202110052200,105,17.9,100,1,-0.7660444431189779,-0.6427876096865395,DB04
202110052300,105,17.9,100,1,-0.9396926207859084,-0.34202014332566855,DB04
202110060000,105,17.9,100,1,-0.7660444431189779,-0.6427876096865395,DB04
202110060100,105,17.9,100,1,-0.9396926207859084,-0.34202014332566855,DB04
202110060200,105,18.1,100,1,-0.3420201433256686,0.9396926207859084,DB04
202110060300,105,18.1,100,1,-0.6427876096865396,0.7660444431189778,DB04
202110060400,105,18.0,100,1,-0.6427876096865396,0.7660444431189778,DB03
202110060500,105,18.1,100,1,-0.6427876096865396,0.7660444431189778,DB04
202110060600,105,18.2,100,1,-0.6427876096865396,0.7660444431189778,DB04
202110060700,105,18.3,100,1,-0.6427876096865396,0.7660444431189778,DB01
202110060800,105,18.4,100,1,0.9396926207859084,-0.3420201433256687,DB04
202110060900,105,18.3,100,1,0.9396926207859084,-0.3420201433256687,DB04
202110061000,105,18.6,100,1,1.0,6.123233995736766e-17,DB04
202110061100,105,18.7,100,1,0.9396926207859084,-0.3420201433256687,DB04
202110061200,105,18.7,100,1,0.9396926207859084,-0.3420201433256687,DB04
202110061300,105,18.4,100,1,1.0,6.123233995736766e-17,DB04
202110061400,105,18.1,100,1,1.0,6.123233995736766e-17,DB04
202110061500,105,18.1,100,1,0.9396926207859083,0.3420201433256688,DB04
202110061600,105,17.9,100,1,0.3420201433256687,0.9396926207859084,DB04
202110061700,105,17.8,100,1,0.766044443118978,0.6427876096865394,DB03
202110061800,105,17.6,100,1,0.0,1.0,DB04
202110061900,105,17.4,100,1,0.0,1.0,DB04
202110062000,105,17.3,100,1,-0.6427876096865396,0.7660444431189778,DB04
202110062100,105,17.2,100,1,-0.6427876096865396,0.7660444431189778,DB04
202110062200,105,17.1,100,1,1.2246467991473532e-16,-1.0,DB03
202110062300,105,17.2,100,1,-0.6427876096865396,0.7660444431189778,DB03
202110070000,105,17.2,0,0,0.0,1.0,DB03
202110070100,105,17.2,0,0,-0.7660444431189779,-0.6427876096865395,DB02
202110070200,105,16.7,0,0,-0.9396926207859084,-0.34202014332566855,DB03
202110070300,105,16.4,0,0,1.2246467991473532e-16,-1.0,DB03
202110070400,105,16.3,0,0,0.0,1.0,DB03
202110070500,105,16.4,0,0,-0.34202014332566866,-0.9396926207859084,DB02
202110070600,105,16.2,0,0,0.6427876096865395,-0.7660444431189779,DB04
202110070700,105,16.6,0,0,-0.34202014332566866,-0.9396926207859084,DB02
202110070800,105,17.8,0,0,-0.9396926207859083,0.342020143325669,DB03
202110070900,105,18.9,0,0,-0.6427876096865396,0.7660444431189778,DB03
202110071000,105,20.1,0,0,-0.3420201433256686,0.9396926207859084,DB03
202110071100,105,19.9,0,0,-0.3420201433256686,0.9396926207859084,DB04
202110071200,105,20.0,0,0,0.3420201433256687,0.9396926207859084,DB03
202110071300,105,20.4,0,0,-0.6427876096865396,0.7660444431189778,DB03
202110071400,105,20.6,0,0,-0.6427876096865396,0.7660444431189778,DB04
202110071500,105,19.6,0,0,-0.6427876096865396,0.7660444431189778,DB04
202110071600,105,19.2,0,0,-0.6427876096865396,0.7660444431189778,DB04
202110071700,105,18.7,100,1,-1.0,-1.8369701987210297e-16,DB04
202110071800,105,18.4,0,0,-0.6427876096865396,0.7660444431189778,DB04
202110071900,105,18.0,0,0,-0.6427876096865396,0.7660444431189778,DB04
202110072000,105,17.7,0,0,-0.9396926207859083,0.342020143325669,DB04
202110072100,105,17.5,100,1,-0.9396926207859083,0.342020143325669,DB04
202110072200,105,17.2,100,1,-0.9396926207859083,0.342020143325669,DB04
202110072300,105,17.3,100,1,-0.9396926207859084,-0.34202014332566855,DB04
202110080000,105,17.2,100,1,-0.7660444431189779,-0.6427876096865395,DB04
202110080100,105,17.2,100,1,-0.7660444431189779,-0.6427876096865395,DB04
202110080200,105,17.2,100,1,0.0,1.0,DB04
202110080300,105,17.2,100,1,-0.9396926207859084,-0.34202014332566855,DB04
202110080400,105,17.2,100,1,-0.9396926207859084,-0.34202014332566855,DB04
202110080500,105,17.2,100,1,0.0,1.0,DB04
202110080600,105,17.3,0,0,-0.7660444431189779,-0.6427876096865395,DB02
202110080700,105,17.3,0,0,-0.7660444431189779,-0.6427876096865395,DB04
202110080800,105,17.4,0,0,-0.7660444431189779,-0.6427876096865395,DB04
202110080900,105,17.8,0,0,-0.9396926207859084,-0.34202014332566855,DB04
202110081000,105,18.4,0,0,-0.6427876096865396,0.7660444431189778,DB04
202110081100,105,19.0,0,0,-0.6427876096865396,0.7660444431189778,DB04
202110081200,105,19.2,0,0,0.0,1.0,DB04
202110081300,105,19.4,100,1,-0.3420201433256686,0.9396926207859084,DB04
202110081400,105,19.3,100,1,-0.6427876096865396,0.7660444431189778,DB04
202110081500,105,19.1,100,1,-0.9396926207859083,0.342020143325669,DB04
202110081600,105,19.1,100,1,-0.9396926207859083,0.342020143325669,DB04
202110081700,105,19.0,100,1,-0.9396926207859083,0.342020143325669,DB04
202110081800,105,19.0,100,1,-0.34202014332566866,-0.9396926207859084,DB04
202110081900,105,18.9,100,1,0.0,1.0,DB03
202110082000,105,18.8,100,1,0.0,1.0,DB04
202110082100,105,18.8,0,0,-0.6427876096865396,0.7660444431189778,DB04
202110082200,105,18.7,0,0,1.2246467991473532e-16,-1.0,DB04
202110082300,105,18.6,0,0,0.0,1.0,DB04
202110090000,105,18.6,0,0,-0.34202014332566866,-0.9396926207859084,DB04
202110090100,105,18.4,0,0,-0.9396926207859084,-0.34202014332566855,DB03
202110090200,105,18.1,0,0,0.3420201433256689,-0.9396926207859083,DB03
202110090300,105,18.0,0,0,-0.34202014332566866,-0.9396926207859084,DB03
202110090400,105,17.7,0,0,-0.7660444431189779,-0.6427876096865395,DB03
202110090500,105,17.7,0,0,-0.9396926207859084,-0.34202014332566855,DB04
202110090600,105,17.9,100,1,0.0,1.0,DB04
202110090700,105,18.0,0,0,-0.7660444431189779,-0.6427876096865395,DB04
202110090800,105,18.6,0,0,-0.34202014332566866,-0.9396926207859084,DB04
202110090900,105,19.1,100,1,0.0,1.0,DB04
202110091000,105,19.7,0,0,-0.6427876096865396,0.7660444431189778,DB04
202110091100,105,20.0,100,1,0.0,1.0,DB04
202110091200,105,20.5,100,1,0.0,1.0,DB04
202110091300,105,20.6,100,1,-0.3420201433256686,0.9396926207859084,DB04
202110091400,105,20.8,100,1,-0.3420201433256686,0.9396926207859084,DB04
202110091500,105,21.1,100,1,0.9396926207859083,0.3420201433256688,DB04
202110091600,105,21.3,100,1,0.6427876096865395,-0.7660444431189779,DB03
202110091700,105,21.2,100,1,0.0,1.0,DB02
202110091800,105,21.1,100,1,0.0,1.0,DB04
202110091900,105,21.0,0,0,0.0,1.0,DB04
202110092000,105,20.8,0,0,1.2246467991473532e-16,-1.0,DB04
202110092100,105,20.7,0,0,-0.9396926207859083,0.342020143325669,DB04
202110092200,105,20.5,0,0,-0.7660444431189779,-0.6427876096865395,DB04
202110092300,105,20.2,0,0,1.2246467991473532e-16,-1.0,DB03
202110100000,105,19.9,0,0,1.2246467991473532e-16,-1.0,DB02
202110100100,105,19.4,0,0,-0.34202014332566866,-0.9396926207859084,DB02
202110100200,105,18.8,0,0,-0.34202014332566866,-0.9396926207859084,DB02
202110100300,105,18.4,0,0,-0.34202014332566866,-0.9396926207859084,DB03
202110100400,105,18.1,0,0,-0.34202014332566866,-0.9396926207859084,DB03
202110100500,105,18.0,0,0,-0.34202014332566866,-0.9396926207859084,DB02
202110100600,105,18.0,0,0,1.2246467991473532e-16,-1.0,DB03
202110100700,105,18.5,0,0,-0.34202014332566866,-0.9396926207859084,DB03
202110100800,105,20.5,0,0,0.3420201433256689,-0.9396926207859083,DB03
202110100900,105,25.2,0,0,-0.9396926207859084,-0.34202014332566855,DB03
202110101000,105,25.8,0,0,-0.7660444431189779,-0.6427876096865395,DB04
202110101100,105,26.8,0,0,-0.9396926207859084,-0.34202014332566855,DB03
202110101200,105,27.9,0,0,-0.9396926207859084,-0.34202014332566855,DB03
202110101300,105,27.7,0,0,-0.7660444431189779,-0.6427876096865395,DB04
202110101400,105,27.8,0,0,-0.34202014332566866,-0.9396926207859084,DB04
202110101500,105,27.3,0,0,0.766044443118978,0.6427876096865394,DB04
202110101600,105,27.7,0,0,-0.9396926207859084,-0.34202014332566855,DB03
202110101700,105,28.2,0,0,-1.0,-1.8369701987210297e-16,DB04
202110101800,105,26.9,0,0,-1.0,-1.8369701987210297e-16,DB04
202110101900,105,26.2,0,0,-1.0,-1.8369701987210297e-16,DB03
202110102000,105,25.7,0,0,-1.0,-1.8369701987210297e-16,DB03
202110102100,105,25.2,0,0,-0.7660444431189779,-0.6427876096865395,DB04
202110102200,105,24.7,0,0,-0.9396926207859083,0.342020143325669,DB04
202110102300,105,24.0,0,0,-0.3420201433256686,0.9396926207859084,DB04
202110110000,105,23.6,0,0,0.3420201433256689,-0.9396926207859083,DB04
202110110100,105,22.6,0,0,0.0,1.0,DB04
202110110200,105,20.1,100,1,-0.6427876096865396,0.7660444431189778,DB04
202110110300,105,19.3,0,0,-1.0,-1.8369701987210297e-16,DB04
202110110400,105,19.0,0,0,-0.34202014332566866,-0.9396926207859084,DB04
202110110500,105,18.5,100,1,-1.0,-1.8369701987210297e-16,DB04
202110110600,105,17.0,100,1,-0.7660444431189779,-0.6427876096865395,DB04
202110110700,105,16.6,100,1,-0.9396926207859083,0.342020143325669,DB04
202110110800,105,16.1,0,0,-0.9396926207859084,-0.34202014332566855,DB04
202110110900,105,16.0,0,0,-0.6427876096865396,0.7660444431189778,DB04
202110111000,105,16.3,0,0,-0.9396926207859083,0.342020143325669,DB04
202110111100,105,16.7,0,0,-0.9396926207859084,-0.34202014332566855,DB04
202110111200,105,17.6,0,0,-1.0,-1.8369701987210297e-16,DB04
202110111300,105,17.9,0,0,-0.9396926207859083,0.342020143325669,DB04
202110111400,105,17.7,0,0,-0.6427876096865396,0.7660444431189778,DB04
202110111500,105,16.6,0,0,-0.6427876096865396,0.7660444431189778,DB04
202110111600,105,15.9,100,1,0.0,1.0,DB04
202110111700,105,15.0,100,1,-0.9396926207859083,0.342020143325669,DB04
202110111800,105,14.9,100,1,-0.7660444431189779,-0.6427876096865395,DB04
202110111900,105,14.8,0,0,-0.7660444431189779,-0.6427876096865395,DB04
202110112000,105,14.9,100,1,-0.6427876096865396,0.7660444431189778,DB04
202110112100,105,14.9,100,1,-0.34202014332566866,-0.9396926207859084,DB03
202110112200,105,15.0,0,0,-1.0,-1.8369701987210297e-16,DB04
202110112300,105,15.2,0,0,0.0,1.0,DB04
202110120000,105,15.2,0,0,-0.7660444431189779,-0.6427876096865395,DB04
202110120100,105,15.2,0,0,-0.7660444431189779,-0.6427876096865395,DB03
202110120200,105,15.3,0,0,-1.0,-1.8369701987210297e-16,DB04
202110120300,105,15.3,0,0,-0.34202014332566866,-0.9396926207859084,DB04
202110120400,105,15.2,0,0,0.0,1.0,DB04
202110120500,105,15.2,0,0,-0.34202014332566866,-0.9396926207859084,DB04
202110120600,105,15.1,0,0,-0.34202014332566866,-0.9396926207859084,DB04
202110120700,105,15.1,0,0,-0.7660444431189779,-0.6427876096865395,DB03
202110120800,105,15.2,0,0,-0.34202014332566866,-0.9396926207859084,DB04
202110120900,105,15.5,0,0,-0.7660444431189779,-0.6427876096865395,DB04
202110121000,105,16.1,0,0,-0.7660444431189779,-0.6427876096865395,DB04
202110121100,105,17.2,0,0,-0.7660444431189779,-0.6427876096865395,DB03
202110121200,105,18.7,0,0,0.6427876096865395,-0.7660444431189779,DB03
202110121300,105,18.9,0,0,0.9396926207859084,-0.3420201433256687,DB04
202110121400,105,18.7,0,0,0.3420201433256689,-0.9396926207859083,DB04
202110121500,105,18.9,0,0,-0.7660444431189779,-0.6427876096865395,DB04
202110121600,105,18.9,0,0,-0.7660444431189779,-0.6427876096865395,DB04
202110121700,105,18.6,0,0,-0.34202014332566866,-0.9396926207859084,DB03
202110121800,105,17.9,0,0,-0.7660444431189779,-0.6427876096865395,DB03
202110121900,105,17.4,0,0,-0.7660444431189779,-0.6427876096865395,DB04
202110122000,105,17.0,0,0,-0.7660444431189779,-0.6427876096865395,DB04
202110122100,105,16.7,0,0,-0.34202014332566866,-0.9396926207859084,DB03
202110122200,105,16.4,0,0,-0.7660444431189779,-0.6427876096865395,DB04
202110122300,105,16.2,0,0,-0.7660444431189779,-0.6427876096865395,DB04
202110130000,105,16.1,0,0,-0.9396926207859084,-0.34202014332566855,DB04
202110130100,105,15.9,0,0,-0.34202014332566866,-0.9396926207859084,DB04
202110130200,105,15.8,0,0,-0.7660444431189779,-0.6427876096865395,DB02
202110130300,105,15.7,0,0,-0.7660444431189779,-0.6427876096865395,DB02
202110130400,105,15.4,0,0,-0.7660444431189779,-0.6427876096865395,DB03
202110130500,105,15.2,0,0,-0.7660444431189779,-0.6427876096865395,DB02
202110130600,105,15.3,0,0,-0.7660444431189779,-0.6427876096865395,DB03
202110130700,105,15.4,0,0,-0.34202014332566866,-0.9396926207859084,DB04
202110130800,105,15.7,0,0,1.2246467991473532e-16,-1.0,DB01
202110130900,105,16.5,0,0,-0.7660444431189779,-0.6427876096865395,DB02
202110131000,105,19.1,0,0,-0.9396926207859084,-0.34202014332566855,DB04
202110131100,105,19.4,0,0,-0.6427876096865396,0.7660444431189778,DB04
202110131200,105,19.2,0,0,-0.3420201433256686,0.9396926207859084,DB04
202110131300,105,19.3,0,0,-0.9396926207859084,-0.34202014332566855,DB04
202110131400,105,20.3,0,0,-0.6427876096865396,0.7660444431189778,DB04
202110131500,105,20.2,0,0,0.9396926207859083,0.3420201433256688,DB04
202110131600,105,19.9,0,0,0.9396926207859083,0.3420201433256688,DB03
202110131700,105,19.5,0,0,0.766044443118978,0.6427876096865394,DB04
202110131800,105,18.9,0,0,-0.7660444431189779,-0.6427876096865395,DB04
202110131900,105,18.1,0,0,-0.7660444431189779,-0.6427876096865395,DB04
202110132000,105,17.7,0,0,-0.7660444431189779,-0.6427876096865395,DB04
202110132100,105,17.4,0,0,-0.7660444431189779,-0.6427876096865395,DB04
202110132200,105,17.1,0,0,-0.7660444431189779,-0.6427876096865395,DB04
202110132300,105,16.8,0,0,-0.9396926207859084,-0.34202014332566855,DB04
202110140000,105,16.5,0,0,0.3420201433256689,-0.9396926207859083,DB04
202110140100,105,15.7,0,0,-0.7660444431189779,-0.6427876096865395,DB02
202110140200,105,15.1,0,0,0.3420201433256689,-0.9396926207859083,DB02
202110140300,105,14.5,0,0,-0.34202014332566866,-0.9396926207859084,DB02
202110140400,105,14.2,0,0,-0.34202014332566866,-0.9396926207859084,DB02
202110140500,105,13.9,0,0,0.0,1.0,DB03
202110140600,105,13.7,0,0,-0.34202014332566866,-0.9396926207859084,DB02
202110140700,105,13.5,0,0,1.2246467991473532e-16,-1.0,DB02
202110140800,105,15.9,0,0,0.0,1.0,DB02
202110140900,105,18.2,0,0,0.766044443118978,0.6427876096865394,DB02
202110141000,105,21.5,0,0,0.766044443118978,0.6427876096865394,DB02
202110141100,105,23.8,0,0,-0.34202014332566866,-0.9396926207859084,DB01
202110141200,105,24.6,0,0,0.9396926207859083,0.3420201433256688,DB01
202110141300,105,25.3,0,0,1.0,6.123233995736766e-17,DB01
202110141400,105,25.8,0,0,1.0,6.123233995736766e-17,DB01
202110141500,105,26.1,0,0,0.9396926207859083,0.3420201433256688,DB01
202110141600,105,25.4,0,0,1.0,6.123233995736766e-17,DB01
202110141700,105,24.7,0,0,0.9396926207859083,0.3420201433256688,DB02
202110141800,105,23.1,0,0,-0.6427876096865396,0.7660444431189778,DB02
202110141900,105,21.8,0,0,-1.0,-1.8369701987210297e-16,DB02
202110142000,105,20.9,0,0,-0.9396926207859083,0.342020143325669,DB02
202110142100,105,20.3,0,0,-0.9396926207859084,-0.34202014332566855,DB02
202110142200,105,20.2,0,0,-0.9396926207859084,-0.34202014332566855,DB04
202110142300,105,20.3,0,0,-0.7660444431189779,-0.6427876096865395,DB04
202110150000,105,20.1,0,0,-0.9396926207859084,-0.34202014332566855,DB04
202110150100,105,19.8,0,0,-1.0,-1.8369701987210297e-16,DB04
202110150200,105,19.7,0,0,-0.7660444431189779,-0.6427876096865395,DB04
202110150300,105,19.6,0,0,-0.9396926207859084,-0.34202014332566855,DB04
202110150400,105,19.5,0,0,-0.7660444431189779,-0.6427876096865395,DB04
202110150500,105,19.1,0,0,-0.3420201433256686,0.9396926207859084,DB04
202110150600,105,18.4,100,1,-0.6427876096865396,0.7660444431189778,DB04
202110150700,105,17.9,0,0,-0.6427876096865396,0.7660444431189778,DB04
202110150800,105,17.9,0,0,-0.9396926207859083,0.342020143325669,DB04
202110150900,105,17.7,0,0,-0.9396926207859084,-0.34202014332566855,DB04
202110151000,105,17.3,100,1,-1.0,-1.8369701987210297e-16,DB04
202110151100,105,17.5,100,1,-0.7660444431189779,-0.6427876096865395,DB04
202110151200,105,17.4,100,1,-0.3420201433256686,0.9396926207859084,DB04
202110151300,105,17.6,100,1,0.9396926207859083,0.3420201433256688,DB04
202110151400,105,17.2,100,1,1.0,6.123233995736766e-17,DB04
202110151500,105,16.9,100,1,0.9396926207859083,0.3420201433256688,DB04
202110151600,105,16.8,100,1,0.9396926207859083,0.3420201433256688,DB04
202110151700,105,16.6,100,1,0.9396926207859084,-0.3420201433256687,DB04
202110151800,105,16.4,100,1,-0.7660444431189779,-0.6427876096865395,DB04
202110151900,105,16.1,100,1,0.0,1.0,DB04
202110152000,105,16.1,100,1,-0.6427876096865396,0.7660444431189778,DB04
202110152100,105,16.0,100,1,0.0,1.0,DB04
202110152200,105,15.9,100,1,0.0,1.0,DB04
202110152300,105,15.7,0,0,-0.7660444431189779,-0.6427876096865395,DB04
202110160000,105,15.6,100,1,-0.7660444431189779,-0.6427876096865395,DB04
202110160100,105,15.4,100,1,-0.7660444431189779,-0.6427876096865395,DB04
202110160200,105,15.1,100,1,0.0,1.0,DB04
202110160300,105,15.0,100,1,-0.7660444431189779,-0.6427876096865395,DB04
202110160400,105,14.9,100,1,0.0,1.0,DB04
202110160500,105,14.7,100,1,-0.34202014332566866,-0.9396926207859084,DB04
202110160600,105,14.6,100,1,-0.7660444431189779,-0.6427876096865395,DB04
202110160700,105,14.5,0,0,-1.0,-1.8369701987210297e-16,DB04
202110160800,105,14.2,0,0,-0.9396926207859084,-0.34202014332566855,DB04
202110160900,105,14.1,0,0,-0.7660444431189779,-0.6427876096865395,DB03
202110161000,105,14.9,0,0,-0.9396926207859084,-0.34202014332566855,DB03
202110161100,105,16.9,0,0,-0.34202014332566866,-0.9396926207859084,DB04
202110161200,105,17.5,0,0,-0.6427876096865396,0.7660444431189778,DB04
202110161300,105,17.5,0,0,-1.0,-1.8369701987210297e-16,DB04
202110161400,105,17.4,0,0,-0.9396926207859083,0.342020143325669,DB04
202110161500,105,15.8,0,0,-0.6427876096865396,0.7660444431189778,DB04
202110161600,105,14.8,0,0,-0.6427876096865396,0.7660444431189778,DB04
202110161700,105,14.0,0,0,-0.9396926207859083,0.342020143325669,DB04
202110161800,105,13.2,0,0,-0.9396926207859083,0.342020143325669,DB04
202110161900,105,13.0,0,0,-0.9396926207859083,0.342020143325669,DB04
202110162000,105,12.7,0,0,-0.9396926207859083,0.342020143325669,DB04
202110162100,105,11.8,0,0,-0.9396926207859084,-0.34202014332566855,DB04
202110162200,105,10.3,0,0,-0.9396926207859083,0.342020143325669,DB03
202110162300,105,9.5,0,0,-1.0,-1.8369701987210297e-16,DB03
202110170000,105,8.3,0,0,-1.0,-1.8369701987210297e-16,DB03
202110170100,105,7.1,0,0,-1.0,-1.8369701987210297e-16,DB02
202110170200,105,6.2,0,0,-1.0,-1.8369701987210297e-16,DB01
202110170300,105,5.4,0,0,-0.9396926207859084,-0.34202014332566855,DB01
202110170400,105,4.3,0,0,-0.7660444431189779,-0.6427876096865395,DB01
202110170500,105,3.7,0,0,-0.9396926207859084,-0.34202014332566855,DB01
202110170600,105,3.1,0,0,-0.9396926207859084,-0.34202014332566855,DB01
202110170700,105,2.7,0,0,-0.7660444431189779,-0.6427876096865395,DB02
202110170800,105,4.4,0,0,-0.9396926207859084,-0.34202014332566855,DB02
202110170900,105,6.5,0,0,-0.9396926207859083,0.342020143325669,DB02
202110171000,105,7.8,0,0,-0.6427876096865396,0.7660444431189778,DB02
202110171100,105,9.6,0,0,-0.6427876096865396,0.7660444431189778,DB02
202110171200,105,10.6,0,0,0.766044443118978,0.6427876096865394,DB01
202110171300,105,11.0,0,0,0.766044443118978,0.6427876096865394,DB01
202110171400,105,12.1,0,0,0.3420201433256687,0.9396926207859084,DB01
202110171500,105,12.5,0,0,1.0,6.123233995736766e-17,DB01
202110171600,105,12.4,0,0,0.9396926207859083,0.3420201433256688,DB01
202110171700,105,11.6,0,0,0.9396926207859084,-0.3420201433256687,DB01
202110171800,105,9.9,0,0,1.2246467991473532e-16,-1.0,DB01
202110171900,105,7.7,0,0,-0.9396926207859084,-0.34202014332566855,DB01
202110172000,105,6.6,0,0,1.2246467991473532e-16,-1.0,DB01
202110172100,105,6.1,0,0,-0.9396926207859084,-0.34202014332566855,DB01
202110172200,105,6.1,0,0,-0.7660444431189779,-0.6427876096865395,DB01
202110172300,105,6.3,0,0,-0.9396926207859084,-0.34202014332566855,DB01
202110180000,105,6.2,0,0,-0.9396926207859084,-0.34202014332566855,DB01
202110180100,105,5.9,0,0,-0.9396926207859084,-0.34202014332566855,DB01
202110180200,105,5.8,0,0,-0.9396926207859084,-0.34202014332566855,DB01
202110180300,105,5.6,0,0,-0.9396926207859084,-0.34202014332566855,DB01
202110180400,105,5.5,0,0,-0.9396926207859084,-0.34202014332566855,DB01
202110180500,105,5.4,0,0,-0.9396926207859084,-0.34202014332566855,DB01
202110180600,105,5.2,0,0,-0.9396926207859084,-0.34202014332566855,DB01
202110180700,105,5.2,0,0,-0.9396926207859084,-0.34202014332566855,DB01
202110180800,105,7.1,0,0,-0.9396926207859084,-0.34202014332566855,DB01
202110180900,105,10.0,0,0,-0.9396926207859084,-0.34202014332566855,DB01
202110181000,105,13.7,0,0,-0.34202014332566866,-0.9396926207859084,DB01
202110181100,105,16.0,0,0,0.9396926207859084,-0.3420201433256687,DB01
202110181200,105,17.8,0,0,0.9396926207859084,-0.3420201433256687,DB01
202110181300,105,18.2,0,0,0.9396926207859083,0.3420201433256688,DB01
202110181400,105,18.8,0,0,1.0,6.123233995736766e-17,DB01
202110181500,105,18.9,0,0,1.0,6.123233995736766e-17,DB01
202110181600,105,18.2,0,0,1.0,6.123233995736766e-17,DB02
202110181700,105,17.1,0,0,0.6427876096865395,-0.7660444431189779,DB02
202110181800,105,15.1,0,0,-0.34202014332566866,-0.9396926207859084,DB03
202110181900,105,13.0,0,0,-0.7660444431189779,-0.6427876096865395,DB03
202110182000,105,11.7,0,0,-0.7660444431189779,-0.6427876096865395,DB03
202110182100,105,11.3,0,0,-0.7660444431189779,-0.6427876096865395,DB03
202110182200,105,11.5,0,0,-0.7660444431189779,-0.6427876096865395,DB04
202110182300,105,12.2,0,0,-0.7660444431189779,-0.6427876096865395,DB04
202110190000,105,12.2,0,0,-0.7660444431189779,-0.6427876096865395,DB04
202110190100,105,12.5,0,0,-0.7660444431189779,-0.6427876096865395,DB04
202110190200,105,12.9,0,0,-0.9396926207859083,0.342020143325669,DB04
202110190300,105,13.4,0,0,-0.7660444431189779,-0.6427876096865395,DB04
202110190400,105,13.3,0,0,-0.9396926207859084,-0.34202014332566855,DB04
202110190500,105,12.5,100,1,-0.7660444431189779,-0.6427876096865395,DB04
202110190600,105,12.0,100,1,-0.7660444431189779,-0.6427876096865395,DB04
202110190700,105,11.6,0,0,-1.0,-1.8369701987210297e-16,DB04
202110190800,105,11.9,0,0,-0.9396926207859084,-0.34202014332566855,DB03
202110190900,105,12.8,0,0,-0.7660444431189779,-0.6427876096865395,DB03
202110191000,105,15.7,0,0,-0.7660444431189779,-0.6427876096865395,DB01
202110191100,105,16.3,0,0,-0.9396926207859083,0.342020143325669,DB03
202110191200,105,16.8,0,0,-0.6427876096865396,0.7660444431189778,DB03
202110191300,105,15.3,0,0,-0.9396926207859083,0.342020143325669,DB03
202110191400,105,15.0,0,0,0.0,1.0,DB03
202110191500,105,13.0,100,1,0.0,1.0,DB03
202110191600,105,11.6,0,0,-0.9396926207859083,0.342020143325669,DB04
202110191700,105,10.6,0,0,-0.6427876096865396,0.7660444431189778,DB04
202110191800,105,10.1,0,0,-0.6427876096865396,0.7660444431189778,DB04
202110191900,105,10.1,0,0,-0.6427876096865396,0.7660444431189778,DB03
202110192000,105,9.6,100,1,-0.9396926207859083,0.342020143325669,DB04
202110192100,105,9.2,100,1,-0.9396926207859083,0.342020143325669,DB04
202110192200,105,9.1,100,1,-0.6427876096865396,0.7660444431189778,DB04
202110192300,105,8.9,100,1,-0.9396926207859084,-0.34202014332566855,DB02
202110200000,105,8.5,0,0,-0.9396926207859083,0.342020143325669,DB03
202110200100,105,8.5,100,1,-0.7660444431189779,-0.6427876096865395,DB04
202110200200,105,8.5,100,1,-0.9396926207859084,-0.34202014332566855,DB03
202110200300,105,8.4,0,0,-0.7660444431189779,-0.6427876096865395,DB03
202110200400,105,8.2,0,0,-0.6427876096865396,0.7660444431189778,DB04
202110200500,105,8.1,0,0,-1.0,-1.8369701987210297e-16,DB04
202110200600,105,7.6,0,0,-0.7660444431189779,-0.6427876096865395,DB02
202110200700,105,7.3,0,0,-0.7660444431189779,-0.6427876096865395,DB03
202110200800,105,7.9,0,0,-0.7660444431189779,-0.6427876096865395,DB03
202110200900,105,10.8,0,0,-0.9396926207859084,-0.34202014332566855,DB03
202110201000,105,12.6,0,0,-0.3420201433256686,0.9396926207859084,DB02
202110201100,105,14.1,0,0,0.766044443118978,0.6427876096865394,DB02
202110201200,105,15.0,0,0,-0.3420201433256686,0.9396926207859084,DB02
202110201300,105,16.1,0,0,1.0,6.123233995736766e-17,DB02
202110201400,105,16.0,0,0,1.0,6.123233995736766e-17,DB03
202110201500,105,15.0,0,0,1.0,6.123233995736766e-17,DB03
202110201600,105,14.0,0,0,1.0,6.123233995736766e-17,DB04
202110201700,105,13.5,0,0,0.6427876096865395,-0.7660444431189779,DB04
202110201800,105,12.9,0,0,1.2246467991473532e-16,-1.0,DB04
202110201900,105,12.5,0,0,-0.7660444431189779,-0.6427876096865395,DB03
202110202000,105,11.8,0,0,-0.7660444431189779,-0.6427876096865395,DB03
202110202100,105,10.5,0,0,-0.9396926207859084,-0.34202014332566855,DB02
202110202200,105,9.6,0,0,-0.9396926207859084,-0.34202014332566855,DB02
202110202300,105,9.4,0,0,-0.7660444431189779,-0.6427876096865395,DB03
202110210000,105,8.6,0,0,-0.7660444431189779,-0.6427876096865395,DB03
202110210100,105,8.0,0,0,-0.7660444431189779,-0.6427876096865395,DB02
202110210200,105,7.7,0,0,-0.9396926207859084,-0.34202014332566855,DB02
202110210300,105,7.6,0,0,-0.7660444431189779,-0.6427876096865395,DB02
202110210400,105,7.4,0,0,-0.7660444431189779,-0.6427876096865395,DB02
202110210500,105,7.1,0,0,-0.9396926207859084,-0.34202014332566855,DB02
202110210600,105,7.2,0,0,-0.9396926207859084,-0.34202014332566855,DB03
202110210700,105,7.1,0,0,-0.9396926207859084,-0.34202014332566855,DB02
202110210800,105,8.3,0,0,-0.7660444431189779,-0.6427876096865395,DB01
202110210900,105,10.8,0,0,-0.7660444431189779,-0.6427876096865395,DB01
202110211000,105,14.0,0,0,1.2246467991473532e-16,-1.0,DB02
202110211100,105,15.9,0,0,0.766044443118978,0.6427876096865394,DB01
202110211200,105,17.3,0,0,0.3420201433256689,-0.9396926207859083,DB02
202110211300,105,16.6,0,0,0.9396926207859083,0.3420201433256688,DB03
202110211400,105,15.9,0,0,1.0,6.123233995736766e-17,DB04
202110211500,105,15.6,0,0,0.6427876096865395,-0.7660444431189779,DB03
202110211600,105,16.6,0,0,-0.6427876096865396,0.7660444431189778,DB03
202110211700,105,15.2,0,0,-0.6427876096865396,0.7660444431189778,DB03
202110211800,105,13.6,0,0,-0.9396926207859083,0.342020143325669,DB03
202110211900,105,12.7,0,0,-0.9396926207859084,-0.34202014332566855,DB03
202110212000,105,11.9,0,0,-0.9396926207859084,-0.34202014332566855,DB04
202110212100,105,11.4,0,0,-0.9396926207859084,-0.34202014332566855,DB03
202110212200,105,10.9,0,0,-0.7660444431189779,-0.6427876096865395,DB02
202110212300,105,10.2,0,0,-0.9396926207859084,-0.34202014332566855,DB03
202110220000,105,9.9,0,0,-0.9396926207859084,-0.34202014332566855,DB03
202110220100,105,10.2,0,0,-0.7660444431189779,-0.6427876096865395,DB03
202110220200,105,9.9,0,0,-0.7660444431189779,-0.6427876096865395,DB04
202110220300,105,9.4,0,0,-0.9396926207859084,-0.34202014332566855,DB03
202110220400,105,9.6,0,0,1.2246467991473532e-16,-1.0,DB03
202110220500,105,9.6,0,0,0.3420201433256689,-0.9396926207859083,DB04
202110220600,105,9.7,0,0,-0.7660444431189779,-0.6427876096865395,DB04
202110220700,105,9.5,0,0,-0.7660444431189779,-0.6427876096865395,DB03
202110220800,105,9.6,100,1,-1.0,-1.8369701987210297e-16,DB04
202110220900,105,10.1,100,1,-0.9396926207859084,-0.34202014332566855,DB04
202110221000,105,10.8,100,1,-0.7660444431189779,-0.6427876096865395,DB04
202110221100,105,12.6,0,0,-0.6427876096865396,0.7660444431189778,DB03
202110221200,105,14.3,0,0,-0.6427876096865396,0.7660444431189778,DB04
202110221300,105,12.4,0,0,-0.6427876096865396,0.7660444431189778,DB04
202110221400,105,11.6,100,1,-1.0,-1.8369701987210297e-16,DB04
202110221500,105,11.7,100,1,-0.9396926207859084,-0.34202014332566855,DB04
202110221600,105,12.4,100,1,0.6427876096865395,-0.7660444431189779,DB04
202110221700,105,11.8,100,1,-0.34202014332566866,-0.9396926207859084,DB04
202110221800,105,11.4,100,1,1.2246467991473532e-16,-1.0,DB04
202110221900,105,10.6,100,1,-0.34202014332566866,-0.9396926207859084,DB02
202110222000,105,10.1,0,0,-0.9396926207859084,-0.34202014332566855,DB02
202110222100,105,9.6,0,0,-0.7660444431189779,-0.6427876096865395,DB02
202110222200,105,9.2,0,0,-0.7660444431189779,-0.6427876096865395,DB01
202110222300,105,8.8,0,0,-0.9396926207859084,-0.34202014332566855,DB01
202110230000,105,8.7,0,0,-0.9396926207859084,-0.34202014332566855,DB01
202110230100,105,8.6,0,0,-0.9396926207859084,-0.34202014332566855,DB01
202110230200,105,8.5,0,0,-0.7660444431189779,-0.6427876096865395,DB02
202110230300,105,8.5,0,0,-0.9396926207859084,-0.34202014332566855,DB03
202110230400,105,8.6,0,0,-0.9396926207859084,-0.34202014332566855,DB03
202110230500,105,8.3,0,0,-0.9396926207859084,-0.34202014332566855,DB03
202110230600,105,8.2,0,0,-0.9396926207859084,-0.34202014332566855,DB02
202110230700,105,8.1,0,0,-0.9396926207859084,-0.34202014332566855,DB02
202110230800,105,9.1,0,0,-0.9396926207859084,-0.34202014332566855,DB01
202110230900,105,11.7,0,0,-0.9396926207859084,-0.34202014332566855,DB01
202110231000,105,14.9,0,0,-0.7660444431189779,-0.6427876096865395,DB01
202110231100,105,17.5,0,0,0.6427876096865395,-0.7660444431189779,DB01
202110231200,105,18.8,0,0,0.9396926207859083,0.3420201433256688,DB01
202110231300,105,19.6,0,0,1.0,6.123233995736766e-17,DB01
202110231400,105,19.9,0,0,0.9396926207859084,-0.3420201433256687,DB01
202110231500,105,20.1,0,0,1.0,6.123233995736766e-17,DB01
202110231600,105,19.4,0,0,0.9396926207859084,-0.3420201433256687,DB01
202110231700,105,18.0,0,0,0.9396926207859084,-0.3420201433256687,DB01
202110231800,105,15.7,0,0,1.2246467991473532e-16,-1.0,DB01
202110231900,105,13.4,0,0,-0.7660444431189779,-0.6427876096865395,DB01
202110232000,105,12.1,0,0,-0.7660444431189779,-0.6427876096865395,DB01
202110232100,105,11.2,0,0,-0.34202014332566866,-0.9396926207859084,DB01
202110232200,105,10.7,0,0,-0.7660444431189779,-0.6427876096865395,DB01
202110232300,105,10.4,0,0,-0.7660444431189779,-0.6427876096865395,DB01
202110240000,105,10.7,0,0,-0.9396926207859084,-0.34202014332566855,DB01
202110240100,105,10.6,0,0,-0.9396926207859084,-0.34202014332566855,DB01
202110240200,105,10.7,0,0,-0.7660444431189779,-0.6427876096865395,DB01
202110240300,105,9.8,0,0,-0.9396926207859084,-0.34202014332566855,DB01
202110240400,105,9.6,0,0,-0.9396926207859084,-0.34202014332566855,DB01
202110240500,105,9.6,0,0,-0.7660444431189779,-0.6427876096865395,DB01
202110240600,105,9.2,0,0,-0.9396926207859084,-0.34202014332566855,DB01
202110240700,105,9.0,0,0,-0.9396926207859084,-0.34202014332566855,DB01
202110240800,105,10.3,0,0,-0.7660444431189779,-0.6427876096865395,DB01
202110240900,105,13.2,0,0,-0.9396926207859084,-0.34202014332566855,DB01
202110241000,105,16.1,0,0,-0.9396926207859084,-0.34202014332566855,DB01
202110241100,105,17.9,0,0,-0.9396926207859084,-0.34202014332566855,DB01
202110241200,105,19.9,0,0,-0.9396926207859084,-0.34202014332566855,DB01
202110241300,105,20.5,0,0,0.766044443118978,0.6427876096865394,DB01
202110241400,105,20.4,0,0,0.766044443118978,0.6427876096865394,DB01
202110241500,105,21.0,0,0,1.0,6.123233995736766e-17,DB01
202110241600,105,20.5,0,0,1.0,6.123233995736766e-17,DB01
202110241700,105,19.3,0,0,1.0,6.123233995736766e-17,DB01
202110241800,105,15.4,0,0,-0.7660444431189779,-0.6427876096865395,DB01
202110241900,105,12.9,0,0,-0.7660444431189779,-0.6427876096865395,DB01
202110242000,105,11.8,0,0,-0.7660444431189779,-0.6427876096865395,DB01
202110242100,105,11.2,0,0,-0.7660444431189779,-0.6427876096865395,DB01
202110242200,105,11.3,0,0,-0.9396926207859084,-0.34202014332566855,DB01
202110242300,105,10.9,0,0,-0.9396926207859084,-0.34202014332566855,DB02
202110250000,105,10.9,0,0,-0.9396926207859084,-0.34202014332566855,DB02
202110250100,105,10.7,0,0,-0.7660444431189779,-0.6427876096865395,DB01
202110250200,105,10.4,0,0,-0.7660444431189779,-0.6427876096865395,DB01
202110250300,105,10.1,0,0,-0.9396926207859084,-0.34202014332566855,DB01
202110250400,105,10.0,0,0,-0.9396926207859084,-0.34202014332566855,DB01
202110250500,105,9.8,0,0,-0.7660444431189779,-0.6427876096865395,DB02
202110250600,105,9.6,0,0,-0.9396926207859084,-0.34202014332566855,DB02
202110250700,105,9.8,0,0,-0.9396926207859084,-0.34202014332566855,DB02
202110250800,105,10.7,0,0,-0.9396926207859084,-0.34202014332566855,DB03
202110250900,105,13.1,0,0,-0.9396926207859084,-0.34202014332566855,DB02
202110251000,105,15.7,0,0,-0.9396926207859084,-0.34202014332566855,DB01
202110251100,105,18.4,0,0,0.6427876096865395,-0.7660444431189779,DB01
202110251200,105,19.5,0,0,0.9396926207859083,0.3420201433256688,DB01
202110251300,105,20.2,0,0,0.766044443118978,0.6427876096865394,DB01
202110251400,105,20.9,0,0,1.0,6.123233995736766e-17,DB01
202110251500,105,21.0,0,0,1.0,6.123233995736766e-17,DB01
202110251600,105,20.0,0,0,0.9396926207859084,-0.3420201433256687,DB01
202110251700,105,18.6,0,0,0.6427876096865395,-0.7660444431189779,DB01
202110251800,105,16.0,0,0,-0.7660444431189779,-0.6427876096865395,DB01
202110251900,105,13.4,0,0,-0.9396926207859084,-0.34202014332566855,DB01
202110252000,105,12.3,0,0,-0.7660444431189779,-0.6427876096865395,DB01
202110252100,105,11.7,0,0,-0.9396926207859084,-0.34202014332566855,DB01
202110252200,105,11.5,0,0,-0.9396926207859084,-0.34202014332566855,DB01
202110252300,105,11.3,0,0,-0.7660444431189779,-0.6427876096865395,DB01
202110260000,105,10.8,0,0,-0.9396926207859084,-0.34202014332566855,DB01
202110260100,105,10.6,0,0,-0.7660444431189779,-0.6427876096865395,DB01
202110260200,105,10.3,0,0,-0.9396926207859084,-0.34202014332566855,DB01
202110260300,105,10.3,0,0,-0.9396926207859084,-0.34202014332566855,DB01
202110260400,105,10.2,0,0,-0.9396926207859084,-0.34202014332566855,DB01
202110260500,105,10.0,0,0,-0.9396926207859084,-0.34202014332566855,DB02
202110260600,105,9.8,0,0,-0.9396926207859084,-0.34202014332566855,DB01
202110260700,105,9.8,0,0,-0.9396926207859084,-0.34202014332566855,DB01
202110260800,105,10.9,0,0,-0.9396926207859084,-0.34202014332566855,DB02
202110260900,105,13.1,0,0,-0.9396926207859084,-0.34202014332566855,DB01
202110261000,105,16.2,0,0,-0.7660444431189779,-0.6427876096865395,DB01
202110261100,105,18.8,0,0,0.3420201433256689,-0.9396926207859083,DB01
202110261200,105,21.1,0,0,0.6427876096865395,-0.7660444431189779,DB01
202110261300,105,22.4,0,0,0.9396926207859084,-0.3420201433256687,DB01
202110261400,105,22.6,0,0,1.0,6.123233995736766e-17,DB01
202110261500,105,22.7,0,0,1.0,6.123233995736766e-17,DB01
202110261600,105,22.4,0,0,1.0,6.123233995736766e-17,DB01
202110261700,105,20.6,0,0,-0.7660444431189779,-0.6427876096865395,DB01
202110261800,105,17.2,0,0,-0.7660444431189779,-0.6427876096865395,DB01
202110261900,105,16.2,0,0,-0.9396926207859084,-0.34202014332566855,DB02
202110262000,105,16.0,0,0,-0.7660444431189779,-0.6427876096865395,DB02
202110262100,105,16.4,0,0,-0.7660444431189779,-0.6427876096865395,DB02
202110262200,105,16.3,0,0,-0.7660444431189779,-0.6427876096865395,DB03
202110262300,105,16.5,0,0,-0.9396926207859084,-0.34202014332566855,DB04
202110270000,105,16.6,0,0,-0.7660444431189779,-0.6427876096865395,DB04
202110270200,105,16.4,0,0,-0.7660444431189779,-0.6427876096865395,DB04
202110270300,105,16.0,0,0,-0.9396926207859084,-0.34202014332566855,DB04
202110270400,105,15.6,0,0,-0.7660444431189779,-0.6427876096865395,DB04
202110270500,105,15.0,0,0,-0.7660444431189779,-0.6427876096865395,DB03
202110270600,105,14.2,0,0,-0.34202014332566866,-0.9396926207859084,DB03
202110270700,105,13.0,0,0,-0.9396926207859084,-0.34202014332566855,DB01
202110270800,105,14.7,0,0,-0.7660444431189779,-0.6427876096865395,DB01
202110270900,105,16.7,0,0,-0.9396926207859084,-0.34202014332566855,DB01
202110271000,105,19.1,0,0,0.3420201433256689,-0.9396926207859083,DB01
202110271100,105,20.0,0,0,0.0,1.0,DB01
202110271200,105,21.4,0,0,-0.6427876096865396,0.7660444431189778,DB01
202110271300,105,21.3,0,0,0.766044443118978,0.6427876096865394,DB01
202110271400,105,21.3,0,0,0.0,1.0,DB01
202110271500,105,21.0,0,0,0.0,1.0,DB01
202110271600,105,20.4,0,0,0.3420201433256687,0.9396926207859084,DB01
202110271700,105,19.1,0,0,0.0,1.0,DB01
202110271800,105,16.5,0,0,-0.7660444431189779,-0.6427876096865395,DB01
202110271900,105,14.4,0,0,-0.7660444431189779,-0.6427876096865395,DB01
202110272000,105,13.0,0,0,-0.7660444431189779,-0.6427876096865395,DB01
202110272100,105,12.7,0,0,-0.7660444431189779,-0.6427876096865395,DB01
202110272200,105,13.5,0,0,-0.7660444431189779,-0.6427876096865395,DB01
202110272300,105,14.2,0,0,-0.7660444431189779,-0.6427876096865395,DB01
202110280000,105,14.0,0,0,-0.9396926207859084,-0.34202014332566855,DB01
202110280100,105,13.3,0,0,-0.9396926207859084,-0.34202014332566855,DB01
202110280200,105,12.5,0,0,-0.7660444431189779,-0.6427876096865395,DB01
202110280300,105,12.1,0,0,-0.7660444431189779,-0.6427876096865395,DB01
202110280400,105,11.7,0,0,-0.9396926207859084,-0.34202014332566855,DB01
202110280500,105,11.2,0,0,-0.9396926207859084,-0.34202014332566855,DB01
202110280600,105,10.7,0,0,-0.9396926207859084,-0.34202014332566855,DB01
202110280700,105,10.0,0,0,-0.7660444431189779,-0.6427876096865395,DB01
202110280800,105,11.1,0,0,-0.9396926207859084,-0.34202014332566855,DB01
202110280900,105,13.9,0,0,-0.7660444431189779,-0.6427876096865395,DB01
202110281000,105,17.2,0,0,-0.6427876096865396,0.7660444431189778,DB01
202110281100,105,18.7,0,0,-0.6427876096865396,0.7660444431189778,DB01
202110281200,105,19.3,0,0,-0.6427876096865396,0.7660444431189778,DB01
202110281300,105,19.8,0,0,0.3420201433256687,0.9396926207859084,DB01
202110281400,105,19.8,0,0,-0.3420201433256686,0.9396926207859084,DB01
202110281500,105,19.2,0,0,0.766044443118978,0.6427876096865394,DB02
202110281600,105,19.9,0,0,0.3420201433256687,0.9396926207859084,DB01
202110281700,105,18.1,0,0,-0.6427876096865396,0.7660444431189778,DB01
202110281800,105,16.1,0,0,-0.7660444431189779,-0.6427876096865395,DB01
202110281900,105,13.9,0,0,-0.7660444431189779,-0.6427876096865395,DB01
202110282000,105,12.6,0,0,-0.7660444431189779,-0.6427876096865395,DB01
202110282100,105,11.8,0,0,-0.7660444431189779,-0.6427876096865395,DB01
202110282200,105,11.1,0,0,-0.9396926207859084,-0.34202014332566855,DB01
202110282300,105,10.7,0,0,-0.34202014332566866,-0.9396926207859084,DB01
202110290000,105,10.4,0,0,-0.7660444431189779,-0.6427876096865395,DB02
202110290100,105,10.3,0,0,-0.7660444431189779,-0.6427876096865395,DB01
202110290200,105,10.0,0,0,-0.34202014332566866,-0.9396926207859084,DB01
202110290300,105,9.7,0,0,-0.7660444431189779,-0.6427876096865395,DB02
202110290400,105,9.5,0,0,-0.7660444431189779,-0.6427876096865395,DB02
202110290500,105,9.3,0,0,-0.7660444431189779,-0.6427876096865395,DB01
202110290600,105,9.4,0,0,-0.7660444431189779,-0.6427876096865395,DB02
202110290700,105,9.5,0,0,-0.7660444431189779,-0.6427876096865395,DB03
202110290800,105,10.7,0,0,-0.7660444431189779,-0.6427876096865395,DB03
202110290900,105,12.9,0,0,-0.7660444431189779,-0.6427876096865395,DB03
202110291000,105,16.0,0,0,-0.9396926207859084,-0.34202014332566855,DB03
202110291100,105,17.0,0,0,0.3420201433256689,-0.9396926207859083,DB04
202110291200,105,17.8,0,0,0.9396926207859084,-0.3420201433256687,DB04
202110291300,105,18.7,0,0,1.2246467991473532e-16,-1.0,DB03
202110291400,105,18.7,0,0,0.6427876096865395,-0.7660444431189779,DB03
202110291500,105,18.6,0,0,0.6427876096865395,-0.7660444431189779,DB03
202110291600,105,18.8,0,0,0.9396926207859084,-0.3420201433256687,DB02
202110291700,105,17.4,0,0,0.9396926207859084,-0.3420201433256687,DB01
202110291800,105,15.6,0,0,0.3420201433256689,-0.9396926207859083,DB01
202110291900,105,13.4,0,0,-0.7660444431189779,-0.6427876096865395,DB01
202110292000,105,12.2,0,0,-0.7660444431189779,-0.6427876096865395,DB01
202110292100,105,11.5,0,0,-0.7660444431189779,-0.6427876096865395,DB01
202110292200,105,11.2,0,0,-0.7660444431189779,-0.6427876096865395,DB01
202110292300,105,10.9,0,0,-0.7660444431189779,-0.6427876096865395,DB01
202110300000,105,10.9,0,0,-0.9396926207859084,-0.34202014332566855,DB02
202110300100,105,10.8,0,0,-0.9396926207859084,-0.34202014332566855,DB03
202110300200,105,11.0,0,0,-0.9396926207859084,-0.34202014332566855,DB03
202110300300,105,11.4,0,0,-0.9396926207859084,-0.34202014332566855,DB03
202110300400,105,11.4,0,0,-0.9396926207859084,-0.34202014332566855,DB03
202110300500,105,11.3,0,0,-0.9396926207859084,-0.34202014332566855,DB03
202110300600,105,11.2,0,0,-0.7660444431189779,-0.6427876096865395,DB03
202110300700,105,11.2,0,0,-0.7660444431189779,-0.6427876096865395,DB03
202110300800,105,12.0,0,0,-0.9396926207859084,-0.34202014332566855,DB04
202110300900,105,13.8,0,0,-0.9396926207859084,-0.34202014332566855,DB03
202110301000,105,16.2,0,0,-0.9396926207859084,-0.34202014332566855,DB03
202110301100,105,19.0,0,0,1.2246467991473532e-16,-1.0,DB03
202110301200,105,20.8,0,0,0.6427876096865395,-0.7660444431189779,DB03
202110301300,105,20.6,0,0,1.0,6.123233995736766e-17,DB03
202110301400,105,21.1,0,0,1.0,6.123233995736766e-17,DB03
202110301500,105,20.5,0,0,1.0,6.123233995736766e-17,DB02
202110301600,105,19.2,0,0,0.9396926207859084,-0.3420201433256687,DB04
202110301700,105,18.4,0,0,0.0,1.0,DB04
202110301800,105,17.0,0,0,-0.7660444431189779,-0.6427876096865395,DB04
202110301900,105,15.4,0,0,-0.7660444431189779,-0.6427876096865395,DB03
202110302000,105,14.0,0,0,-0.9396926207859084,-0.34202014332566855,DB01
202110302100,105,13.3,0,0,-0.7660444431189779,-0.6427876096865395,DB01
202110302200,105,12.9,0,0,-0.9396926207859084,-0.34202014332566855,DB01
202110302300,105,12.6,0,0,-0.9396926207859084,-0.34202014332566855,DB01
202110310000,105,12.5,0,0,-0.9396926207859084,-0.34202014332566855,DB01
202110310100,105,12.4,0,0,-0.9396926207859084,-0.34202014332566855,DB01
202110310200,105,12.1,0,0,-0.9396926207859084,-0.34202014332566855,DB01
202110310300,105,11.9,0,0,-0.9396926207859084,-0.34202014332566855,DB01
202110310400,105,11.9,0,0,-0.9396926207859084,-0.34202014332566855,DB01
202110310500,105,11.5,0,0,-0.9396926207859084,-0.34202014332566855,DB01
202110310600,105,11.6,0,0,-0.9396926207859084,-0.34202014332566855,DB01
202110310700,105,11.5,0,0,-0.9396926207859084,-0.34202014332566855,DB01
202110310800,105,12.5,0,0,-0.9396926207859084,-0.34202014332566855,DB01
202110310900,105,14.9,0,0,-0.7660444431189779,-0.6427876096865395,DB01
202110311000,105,17.7,0,0,-0.7660444431189779,-0.6427876096865395,DB01
202110311100,105,19.8,0,0,-0.9396926207859084,-0.34202014332566855,DB01
202110311200,105,21.7,0,0,1.0,6.123233995736766e-17,DB01
202110311300,105,21.9,0,0,1.0,6.123233995736766e-17,DB01
202110311400,105,21.9,0,0,1.0,6.123233995736766e-17,DB01
202110311500,105,21.8,0,0,1.0,6.123233995736766e-17,DB02
202110311600,105,20.8,0,0,1.0,6.123233995736766e-17,DB02
202110311700,105,19.4,0,0,0.6427876096865395,-0.7660444431189779,DB02
202110311800,105,17.1,0,0,-0.7660444431189779,-0.6427876096865395,DB01
202110311900,105,15.4,0,0,-0.9396926207859084,-0.34202014332566855,DB01
202110312000,105,14.3,0,0,-0.7660444431189779,-0.6427876096865395,DB01
202110312100,105,13.5,0,0,-0.7660444431189779,-0.6427876096865395,DB01
202110312200,105,13.6,0,0,-0.9396926207859084,-0.34202014332566855,DB01
202110312300,105,13.2,0,0,-0.9396926207859084,-0.34202014332566855,DB02
202111010000,105,13.0,0,0,-0.7660444431189779,-0.6427876096865395,DB03
202111010100,105,12.9,0,0,-0.9396926207859084,-0.34202014332566855,DB02
202111010200,105,13.1,0,0,0.3420201433256689,-0.9396926207859083,DB03
202111010300,105,12.2,0,0,-0.7660444431189779,-0.6427876096865395,DB03
202111010400,105,11.5,0,0,0.0,1.0,DB03
202111010500,105,11.3,0,0,-0.7660444431189779,-0.6427876096865395,DB02
202111010600,105,13.5,0,0,-0.7660444431189779,-0.6427876096865395,DB02
202111010700,105,13.2,0,0,-0.9396926207859084,-0.34202014332566855,DB01
202111010800,105,13.4,0,0,-0.7660444431189779,-0.6427876096865395,DB01
202111010900,105,15.3,0,0,-0.9396926207859083,0.342020143325669,DB01
202111011000,105,17.6,0,0,-0.9396926207859084,-0.34202014332566855,DB01
202111011100,105,18.9,0,0,-0.6427876096865396,0.7660444431189778,DB01
202111011200,105,20.2,0,0,0.0,1.0,DB01
202111011300,105,21.0,0,0,0.9396926207859083,0.3420201433256688,DB01
202111011400,105,19.6,0,0,0.9396926207859083,0.3420201433256688,DB01
202111011500,105,20.1,0,0,1.0,6.123233995736766e-17,DB03
202111011600,105,19.0,0,0,-0.6427876096865396,0.7660444431189778,DB03
202111011700,105,17.1,0,0,-0.6427876096865396,0.7660444431189778,DB02
202111011800,105,16.2,0,0,-0.9396926207859083,0.342020143325669,DB03
202111011900,105,15.7,0,0,-0.9396926207859083,0.342020143325669,DB03
202111012000,105,14.4,0,0,-0.9396926207859084,-0.34202014332566855,DB02
202111012100,105,12.9,0,0,-0.9396926207859084,-0.34202014332566855,DB03
202111012200,105,12.4,0,0,-0.9396926207859084,-0.34202014332566855,DB02
202111012300,105,11.6,0,0,-0.9396926207859084,-0.34202014332566855,DB02
202111020000,105,11.4,0,0,-0.9396926207859084,-0.34202014332566855,DB02
202111020100,105,10.8,0,0,-0.9396926207859084,-0.34202014332566855,DB03
202111020200,105,10.1,0,0,-0.9396926207859084,-0.34202014332566855,DB02
202111020300,105,10.1,0,0,-0.9396926207859084,-0.34202014332566855,DB03
202111020400,105,9.9,0,0,-0.7660444431189779,-0.6427876096865395,DB02
202111020500,105,9.8,0,0,-0.9396926207859084,-0.34202014332566855,DB03
202111020600,105,9.6,0,0,-0.9396926207859084,-0.34202014332566855,DB02
202111020700,105,9.7,0,0,-0.9396926207859084,-0.34202014332566855,DB02
202111020800,105,10.8,0,0,-0.9396926207859084,-0.34202014332566855,DB02
202111020900,105,13.0,0,0,-0.7660444431189779,-0.6427876096865395,DB02
202111021000,105,15.8,0,0,-0.6427876096865396,0.7660444431189778,DB03
202111021100,105,16.4,0,0,-0.6427876096865396,0.7660444431189778,DB03
202111021200,105,16.2,0,0,-0.6427876096865396,0.7660444431189778,DB03
202111021300,105,17.1,0,0,-0.6427876096865396,0.7660444431189778,DB03
202111021400,105,15.8,0,0,-0.6427876096865396,0.7660444431189778,DB03
202111021500,105,15.5,100,1,-1.0,-1.8369701987210297e-16,DB02
202111021600,105,15.8,0,0,-0.6427876096865396,0.7660444431189778,DB03
202111021700,105,15.1,0,0,-0.6427876096865396,0.7660444431189778,DB02
202111021800,105,14.4,0,0,-0.6427876096865396,0.7660444431189778,DB02
202111021900,105,14.1,0,0,-1.0,-1.8369701987210297e-16,DB04
202111022000,105,13.6,0,0,-0.6427876096865396,0.7660444431189778,DB04
202111022100,105,12.9,100,1,-0.34202014332566866,-0.9396926207859084,DB04
202111022200,105,12.5,0,0,-0.7660444431189779,-0.6427876096865395,DB04
202111022300,105,12.4,0,0,1.2246467991473532e-16,-1.0,DB03
202111030000,105,12.4,100,1,-0.9396926207859083,0.342020143325669,DB03
202111030100,105,12.2,0,0,-0.7660444431189779,-0.6427876096865395,DB02
202111030200,105,12.1,0,0,-0.7660444431189779,-0.6427876096865395,DB02
202111030300,105,12.1,100,1,-0.9396926207859084,-0.34202014332566855,DB04
202111030400,105,12.1,0,0,-0.7660444431189779,-0.6427876096865395,DB03
202111030500,105,12.0,0,0,-0.34202014332566866,-0.9396926207859084,DB02
202111030600,105,11.9,0,0,-1.0,-1.8369701987210297e-16,DB02
202111030700,105,11.9,0,0,-0.7660444431189779,-0.6427876096865395,DB03
202111030800,105,12.4,0,0,-0.7660444431189779,-0.6427876096865395,DB04
202111030900,105,13.3,0,0,-0.7660444431189779,-0.6427876096865395,DB03
202111031000,105,16.5,0,0,-0.34202014332566866,-0.9396926207859084,DB03
202111031100,105,18.5,0,0,0.6427876096865395,-0.7660444431189779,DB03
202111031200,105,18.5,0,0,0.0,1.0,DB03
202111031300,105,19.3,0,0,1.0,6.123233995736766e-17,DB02
202111031400,105,19.5,0,0,0.766044443118978,0.6427876096865394,DB02
202111031500,105,19.3,0,0,0.766044443118978,0.6427876096865394,DB03
202111031600,105,18.8,0,0,0.6427876096865395,-0.7660444431189779,DB02
202111031700,105,17.5,0,0,0.3420201433256689,-0.9396926207859083,DB02
202111031800,105,15.4,0,0,-0.7660444431189779,-0.6427876096865395,DB02
202111031900,105,13.8,0,0,-0.7660444431189779,-0.6427876096865395,DB02
202111032000,105,12.8,0,0,-0.7660444431189779,-0.6427876096865395,DB02
202111032100,105,12.1,0,0,-0.7660444431189779,-0.6427876096865395,DB01
202111032200,105,11.8,0,0,-0.9396926207859084,-0.34202014332566855,DB01
202111032300,105,12.3,0,0,-0.7660444431189779,-0.6427876096865395,DB01
202111040000,105,12.6,0,0,-0.7660444431189779,-0.6427876096865395,DB01
202111040100,105,12.8,0,0,-0.7660444431189779,-0.6427876096865395,DB01
202111040200,105,13.3,0,0,-0.7660444431189779,-0.6427876096865395,DB01
202111040300,105,13.0,0,0,-0.7660444431189779,-0.6427876096865395,DB02
202111040400,105,12.8,0,0,-0.7660444431189779,-0.6427876096865395,DB02
202111040500,105,12.5,0,0,-0.9396926207859084,-0.34202014332566855,DB02
202111040600,105,12.2,0,0,-0.7660444431189779,-0.6427876096865395,DB01
202111040700,105,11.6,0,0,-0.9396926207859084,-0.34202014332566855,DB01
202111040800,105,12.4,0,0,-0.9396926207859084,-0.34202014332566855,DB01
202111040900,105,14.5,0,0,-0.9396926207859084,-0.34202014332566855,DB01
202111041000,105,16.8,0,0,-0.34202014332566866,-0.9396926207859084,DB01
202111041100,105,19.2,0,0,0.9396926207859084,-0.3420201433256687,DB01
202111041200,105,21.1,0,0,1.0,6.123233995736766e-17,DB02
202111041300,105,19.1,0,0,0.9396926207859083,0.3420201433256688,DB03
202111041400,105,19.9,0,0,0.6427876096865395,-0.7660444431189779,DB03
202111041500,105,20.2,0,0,0.0,1.0,DB03
202111041600,105,19.7,0,0,0.9396926207859084,-0.3420201433256687,DB02
202111041700,105,18.4,0,0,0.0,1.0,DB01
202111041800,105,15.9,0,0,1.2246467991473532e-16,-1.0,DB01
202111041900,105,14.0,0,0,-0.9396926207859084,-0.34202014332566855,DB01
202111042000,105,13.2,0,0,-0.7660444431189779,-0.6427876096865395,DB01
202111042100,105,12.5,0,0,-0.7660444431189779,-0.6427876096865395,DB01
202111042200,105,12.5,0,0,-0.7660444431189779,-0.6427876096865395,DB01
202111042300,105,12.1,0,0,-0.7660444431189779,-0.6427876096865395,DB01
202111050000,105,12.0,0,0,-0.7660444431189779,-0.6427876096865395,DB01
202111050100,105,11.9,0,0,-0.9396926207859084,-0.34202014332566855,DB01
202111050200,105,11.8,0,0,-0.7660444431189779,-0.6427876096865395,DB01
202111050300,105,11.7,0,0,-0.9396926207859084,-0.34202014332566855,DB01
202111050400,105,11.3,0,0,-0.9396926207859084,-0.34202014332566855,DB01
202111050500,105,11.1,0,0,-0.9396926207859084,-0.34202014332566855,DB01
202111050600,105,10.8,0,0,-0.9396926207859084,-0.34202014332566855,DB01
202111050700,105,10.7,0,0,-0.9396926207859084,-0.34202014332566855,DB01
202111050800,105,11.5,0,0,-0.9396926207859084,-0.34202014332566855,DB01
202111050900,105,13.6,0,0,-0.9396926207859084,-0.34202014332566855,DB01
202111051000,105,16.3,0,0,-0.7660444431189779,-0.6427876096865395,DB01
202111051100,105,19.1,0,0,0.766044443118978,0.6427876096865394,DB01
202111051200,105,20.5,0,0,0.766044443118978,0.6427876096865394,DB01
202111051300,105,21.4,0,0,0.9396926207859083,0.3420201433256688,DB01
202111051400,105,21.9,0,0,1.0,6.123233995736766e-17,DB01
202111051500,105,21.9,0,0,1.0,6.123233995736766e-17,DB01
202111051600,105,21.1,0,0,1.0,6.123233995736766e-17,DB01
202111051700,105,19.4,0,0,1.0,6.123233995736766e-17,DB01
202111051800,105,16.4,0,0,-0.7660444431189779,-0.6427876096865395,DB01
202111051900,105,14.6,0,0,-0.7660444431189779,-0.6427876096865395,DB01
202111052000,105,13.6,0,0,-0.7660444431189779,-0.6427876096865395,DB01
202111052100,105,13.2,0,0,-0.7660444431189779,-0.6427876096865395,DB01
202111052200,105,12.3,0,0,-0.7660444431189779,-0.6427876096865395,DB01
202111052300,105,12.0,0,0,-0.7660444431189779,-0.6427876096865395,DB01
202111060000,105,12.0,0,0,-0.7660444431189779,-0.6427876096865395,DB01
202111060100,105,11.5,0,0,-0.7660444431189779,-0.6427876096865395,DB01
202111060200,105,11.8,0,0,-0.7660444431189779,-0.6427876096865395,DB01
202111060300,105,11.9,0,0,-0.7660444431189779,-0.6427876096865395,DB01
202111060400,105,11.7,0,0,-0.9396926207859084,-0.34202014332566855,DB01
202111060500,105,11.4,0,0,-0.9396926207859084,-0.34202014332566855,DB01
202111060600,105,10.9,0,0,-0.7660444431189779,-0.6427876096865395,DB01
202111060700,105,10.9,0,0,-0.7660444431189779,-0.6427876096865395,DB02
202111060800,105,11.5,0,0,-0.7660444431189779,-0.6427876096865395,DB03
202111060900,105,13.4,0,0,-0.7660444431189779,-0.6427876096865395,DB02
202111061000,105,17.0,0,0,-0.3420201433256686,0.9396926207859084,DB04
202111061100,105,17.2,0,0,-1.0,-1.8369701987210297e-16,DB03
202111061200,105,19.2,0,0,0.0,1.0,DB03
202111061300,105,20.2,0,0,0.0,1.0,DB02
202111061400,105,20.9,0,0,0.766044443118978,0.6427876096865394,DB01
202111061500,105,20.6,0,0,0.9396926207859083,0.3420201433256688,DB03
202111061600,105,19.4,0,0,0.3420201433256687,0.9396926207859084,DB03
202111061700,105,18.3,0,0,-0.6427876096865396,0.7660444431189778,DB03
202111061800,105,16.4,0,0,-0.34202014332566866,-0.9396926207859084,DB01
202111061900,105,14.6,0,0,-0.7660444431189779,-0.6427876096865395,DB01
202111062000,105,13.6,0,0,-0.7660444431189779,-0.6427876096865395,DB01
202111062100,105,12.9,0,0,-0.7660444431189779,-0.6427876096865395,DB01
202111062200,105,12.8,0,0,-0.7660444431189779,-0.6427876096865395,DB01
202111062300,105,12.4,0,0,-0.7660444431189779,-0.6427876096865395,DB01
202111070000,105,12.2,0,0,-0.7660444431189779,-0.6427876096865395,DB01
202111070100,105,12.0,0,0,-0.34202014332566866,-0.9396926207859084,DB01
202111070200,105,11.8,0,0,-0.7660444431189779,-0.6427876096865395,DB01
202111070300,105,11.8,0,0,-0.9396926207859084,-0.34202014332566855,DB01
202111070400,105,11.7,0,0,-0.9396926207859084,-0.34202014332566855,DB01
202111070500,105,11.3,0,0,-0.7660444431189779,-0.6427876096865395,DB01
202111070600,105,10.8,0,0,-0.7660444431189779,-0.6427876096865395,DB01
202111070700,105,11.1,0,0,-0.9396926207859084,-0.34202014332566855,DB01
202111070800,105,11.5,0,0,-0.7660444431189779,-0.6427876096865395,DB02
202111070900,105,14.0,0,0,-0.7660444431189779,-0.6427876096865395,DB02
202111071000,105,16.2,0,0,-0.34202014332566866,-0.9396926207859084,DB03
202111071100,105,17.1,0,0,0.9396926207859083,0.3420201433256688,DB03
202111071200,105,18.9,0,0,1.0,6.123233995736766e-17,DB03
202111071300,105,19.6,0,0,0.9396926207859084,-0.3420201433256687,DB03
202111071400,105,19.7,0,0,0.9396926207859084,-0.3420201433256687,DB03
202111071500,105,20.1,0,0,0.9396926207859084,-0.3420201433256687,DB03
202111071600,105,19.0,0,0,0.9396926207859084,-0.3420201433256687,DB03
202111071700,105,17.6,0,0,0.6427876096865395,-0.7660444431189779,DB03
202111071800,105,16.2,0,0,-0.34202014332566866,-0.9396926207859084,DB03
202111071900,105,14.9,0,0,-0.7660444431189779,-0.6427876096865395,DB03
202111072000,105,14.7,0,0,-0.34202014332566866,-0.9396926207859084,DB03
202111072100,105,14.5,0,0,-0.7660444431189779,-0.6427876096865395,DB04
202111072200,105,14.2,0,0,-0.9396926207859084,-0.34202014332566855,DB04
202111072300,105,14.2,0,0,-0.9396926207859084,-0.34202014332566855,DB03
202111080000,105,13.9,0,0,-0.7660444431189779,-0.6427876096865395,DB04
202111080100,105,13.6,0,0,0.0,1.0,DB04
202111080200,105,13.4,0,0,-0.9396926207859084,-0.34202014332566855,DB04
202111080300,105,12.9,0,0,-0.34202014332566866,-0.9396926207859084,DB04
202111080400,105,12.7,0,0,-0.34202014332566866,-0.9396926207859084,DB04
202111080500,105,12.4,0,0,-0.34202014332566866,-0.9396926207859084,DB04
202111080600,105,12.4,0,0,-0.34202014332566866,-0.9396926207859084,DB04
202111080700,105,12.2,0,0,-0.7660444431189779,-0.6427876096865395,DB04
202111080800,105,13.0,0,0,1.0,6.123233995736766e-17,DB04
202111080900,105,15.5,0,0,0.9396926207859084,-0.3420201433256687,DB04
202111081000,105,16.8,0,0,0.9396926207859084,-0.3420201433256687,DB04
202111081100,105,17.5,0,0,1.2246467991473532e-16,-1.0,DB04
202111081200,105,14.8,100,1,-0.7660444431189779,-0.6427876096865395,DB04
202111081300,105,12.3,0,0,-0.7660444431189779,-0.6427876096865395,DB04
202111081400,105,11.7,0,0,-0.7660444431189779,-0.6427876096865395,DB04
202111081500,105,12.2,100,1,-0.9396926207859084,-0.34202014332566855,DB04
202111081600,105,12.1,0,0,-1.0,-1.8369701987210297e-16,DB04
202111081700,105,10.5,0,0,-1.0,-1.8369701987210297e-16,DB03
202111081800,105,10.1,0,0,-0.9396926207859084,-0.34202014332566855,DB01
202111081900,105,10.0,0,0,-1.0,-1.8369701987210297e-16,DB01
202111082000,105,9.9,0,0,-0.9396926207859084,-0.34202014332566855,DB03
202111082100,105,9.3,0,0,-0.9396926207859084,-0.34202014332566855,DB02
202111082200,105,8.7,0,0,-0.9396926207859084,-0.34202014332566855,DB03
202111082300,105,8.3,0,0,-0.7660444431189779,-0.6427876096865395,DB03
202111090000,105,8.0,0,0,-0.7660444431189779,-0.6427876096865395,DB02
202111090100,105,7.8,0,0,-0.7660444431189779,-0.6427876096865395,DB03
202111090200,105,7.6,0,0,-0.34202014332566866,-0.9396926207859084,DB03
202111090300,105,7.4,0,0,-0.34202014332566866,-0.9396926207859084,DB03
202111090400,105,7.1,0,0,-0.34202014332566866,-0.9396926207859084,DB02
202111090500,105,6.5,0,0,-0.7660444431189779,-0.6427876096865395,DB01
202111090600,105,6.1,0,0,-0.34202014332566866,-0.9396926207859084,DB01
202111090700,105,6.3,0,0,-0.34202014332566866,-0.9396926207859084,DB01
202111090800,105,7.0,0,0,-0.7660444431189779,-0.6427876096865395,DB02
202111090900,105,7.8,0,0,-0.9396926207859084,-0.34202014332566855,DB03
202111091000,105,9.0,0,0,-0.7660444431189779,-0.6427876096865395,DB04
202111091100,105,8.7,0,0,-0.7660444431189779,-0.6427876096865395,DB04
202111091200,105,9.3,0,0,-0.9396926207859084,-0.34202014332566855,DB04
202111091300,105,9.0,0,0,-0.7660444431189779,-0.6427876096865395,DB04
202111091400,105,9.5,0,0,-0.7660444431189779,-0.6427876096865395,DB04
202111091500,105,9.0,0,0,-0.9396926207859084,-0.34202014332566855,DB04
202111091600,105,8.8,0,0,-1.0,-1.8369701987210297e-16,DB04
202111091700,105,8.6,0,0,-0.9396926207859083,0.342020143325669,DB04
202111091800,105,8.3,0,0,-1.0,-1.8369701987210297e-16,DB03
202111091900,105,8.2,0,0,-0.9396926207859084,-0.34202014332566855,DB04
202111092000,105,8.0,0,0,-1.0,-1.8369701987210297e-16,DB04
202111092100,105,7.8,0,0,-0.7660444431189779,-0.6427876096865395,DB04
202111092200,105,7.7,0,0,-0.7660444431189779,-0.6427876096865395,DB04
202111092300,105,7.1,0,0,-0.7660444431189779,-0.6427876096865395,DB04
202111100000,105,7.3,0,0,-0.7660444431189779,-0.6427876096865395,DB04
202111100100,105,7.3,0,0,-0.7660444431189779,-0.6427876096865395,DB04
202111100200,105,7.1,0,0,-0.7660444431189779,-0.6427876096865395,DB04
202111100300,105,6.9,0,0,-0.7660444431189779,-0.6427876096865395,DB03
202111100400,105,6.4,0,0,-0.7660444431189779,-0.6427876096865395,DB04
202111100500,105,5.8,0,0,-0.7660444431189779,-0.6427876096865395,DB03
202111100600,105,5.2,0,0,-0.34202014332566866,-0.9396926207859084,DB04
202111100700,105,4.8,0,0,-0.9396926207859083,0.342020143325669,DB03
202111100800,105,4.9,0,0,-1.0,-1.8369701987210297e-16,DB03
202111100900,105,6.2,0,0,-0.7660444431189779,-0.6427876096865395,DB02
202111101000,105,7.3,0,0,-0.34202014332566866,-0.9396926207859084,DB03
202111101100,105,8.0,0,0,-0.7660444431189779,-0.6427876096865395,DB03
202111101200,105,9.2,0,0,-0.9396926207859084,-0.34202014332566855,DB03
202111101300,105,9.2,0,0,-0.7660444431189779,-0.6427876096865395,DB03
202111101400,105,8.7,0,0,-0.7660444431189779,-0.6427876096865395,DB03
202111101500,105,9.1,0,0,-0.9396926207859084,-0.34202014332566855,DB02
202111101600,105,9.0,0,0,-0.9396926207859084,-0.34202014332566855,DB02
202111101700,105,8.3,0,0,-1.0,-1.8369701987210297e-16,DB02
202111101800,105,8.5,0,0,-1.0,-1.8369701987210297e-16,DB03
202111101900,105,8.0,0,0,-1.0,-1.8369701987210297e-16,DB03
202111102000,105,7.7,0,0,-0.9396926207859083,0.342020143325669,DB02
202111102100,105,7.8,0,0,-0.9396926207859084,-0.34202014332566855,DB02
202111102200,105,7.7,0,0,-0.7660444431189779,-0.6427876096865395,DB03
202111102300,105,7.2,0,0,-1.0,-1.8369701987210297e-16,DB02
202111110000,105,7.0,0,0,-1.0,-1.8369701987210297e-16,DB01
202111110100,105,6.8,0,0,-0.7660444431189779,-0.6427876096865395,DB01
202111110200,105,6.4,0,0,-0.7660444431189779,-0.6427876096865395,DB01
202111110300,105,6.0,0,0,-0.9396926207859084,-0.34202014332566855,DB01
202111110400,105,5.7,0,0,-0.7660444431189779,-0.6427876096865395,DB01
202111110500,105,5.6,0,0,-0.7660444431189779,-0.6427876096865395,DB01
202111110600,105,5.0,0,0,-0.9396926207859084,-0.34202014332566855,DB01
202111110700,105,5.0,0,0,-1.0,-1.8369701987210297e-16,DB01
202111110800,105,5.9,0,0,-0.9396926207859084,-0.34202014332566855,DB01
202111110900,105,7.5,0,0,-0.9396926207859083,0.342020143325669,DB01
202111111000,105,9.2,0,0,-0.7660444431189779,-0.6427876096865395,DB01
202111111100,105,10.4,0,0,-0.9396926207859084,-0.34202014332566855,DB01
202111111200,105,10.7,0,0,-1.0,-1.8369701987210297e-16,DB01
202111111300,105,10.2,0,0,-0.7660444431189779,-0.6427876096865395,DB02
202111111400,105,10.1,0,0,-1.0,-1.8369701987210297e-16,DB03
202111111500,105,10.5,0,0,-0.9396926207859083,0.342020143325669,DB03
202111111600,105,11.3,0,0,-1.0,-1.8369701987210297e-16,DB02
202111111700,105,10.3,0,0,-0.9396926207859084,-0.34202014332566855,DB04
202111111800,105,9.1,0,0,-0.9396926207859083,0.342020143325669,DB02
202111111900,105,8.1,0,0,-0.9396926207859084,-0.34202014332566855,DB01
202111112000,105,7.4,0,0,-0.9396926207859084,-0.34202014332566855,DB01
202111112100,105,7.0,0,0,-0.9396926207859084,-0.34202014332566855,DB01
202111112200,105,6.8,0,0,-0.7660444431189779,-0.6427876096865395,DB01
202111112300,105,6.2,0,0,-0.7660444431189779,-0.6427876096865395,DB01
202111120000,105,5.9,0,0,-0.9396926207859084,-0.34202014332566855,DB01
202111120100,105,5.3,0,0,-0.7660444431189779,-0.6427876096865395,DB01
202111120200,105,5.4,0,0,-0.9396926207859084,-0.34202014332566855,DB01
202111120300,105,5.2,0,0,-1.0,-1.8369701987210297e-16,DB01
202111120400,105,4.6,0,0,-0.9396926207859084,-0.34202014332566855,DB01
202111120500,105,4.2,0,0,-1.0,-1.8369701987210297e-16,DB01
202111120600,105,4.3,0,0,-0.9396926207859084,-0.34202014332566855,DB01
202111120700,105,3.8,0,0,-0.7660444431189779,-0.6427876096865395,DB01
202111120800,105,4.5,0,0,-0.7660444431189779,-0.6427876096865395,DB01
202111120900,105,6.1,0,0,-0.7660444431189779,-0.6427876096865395,DB01
202111121000,105,7.3,0,0,-0.7660444431189779,-0.6427876096865395,DB01
202111121100,105,8.5,0,0,-0.7660444431189779,-0.6427876096865395,DB01
202111121200,105,9.5,0,0,-0.7660444431189779,-0.6427876096865395,DB01
202111121300,105,10.2,0,0,-0.9396926207859084,-0.34202014332566855,DB01
202111121400,105,10.8,0,0,-0.7660444431189779,-0.6427876096865395,DB01
202111121500,105,11.6,0,0,-0.7660444431189779,-0.6427876096865395,DB04
202111121600,105,11.2,0,0,-0.7660444431189779,-0.6427876096865395,DB01
202111121700,105,9.6,0,0,-0.7660444431189779,-0.6427876096865395,DB01
202111121800,105,8.2,0,0,-0.9396926207859084,-0.34202014332566855,DB01
202111121900,105,7.7,0,0,-0.7660444431189779,-0.6427876096865395,DB01
202111122000,105,6.9,0,0,-0.7660444431189779,-0.6427876096865395,DB01
202111122100,105,6.5,0,0,-0.7660444431189779,-0.6427876096865395,DB01
202111122200,105,6.2,0,0,-0.7660444431189779,-0.6427876096865395,DB01
202111122300,105,5.9,0,0,-0.7660444431189779,-0.6427876096865395,DB01
202111130000,105,5.7,0,0,-0.7660444431189779,-0.6427876096865395,DB01
202111130100,105,5.6,0,0,-0.7660444431189779,-0.6427876096865395,DB01
202111130200,105,5.3,0,0,-0.7660444431189779,-0.6427876096865395,DB01
202111130300,105,5.3,0,0,-0.7660444431189779,-0.6427876096865395,DB01
202111130400,105,5.2,0,0,-0.7660444431189779,-0.6427876096865395,DB01
202111130500,105,5.3,0,0,-0.7660444431189779,-0.6427876096865395,DB01
202111130600,105,5.6,0,0,-0.7660444431189779,-0.6427876096865395,DB01
202111130700,105,5.8,0,0,-0.9396926207859084,-0.34202014332566855,DB01
202111130800,105,7.1,0,0,-0.7660444431189779,-0.6427876096865395,DB01
202111130900,105,9.6,0,0,-0.7660444431189779,-0.6427876096865395,DB01
202111131000,105,12.0,0,0,-0.7660444431189779,-0.6427876096865395,DB01
202111131100,105,13.7,0,0,-0.9396926207859084,-0.34202014332566855,DB01
202111131200,105,15.3,0,0,-0.7660444431189779,-0.6427876096865395,DB01
202111131300,105,16.5,0,0,-0.34202014332566866,-0.9396926207859084,DB01
202111131400,105,17.4,0,0,-0.9396926207859083,0.342020143325669,DB01
202111131500,105,16.6,0,0,-0.34202014332566866,-0.9396926207859084,DB01
202111131600,105,15.8,0,0,-0.7660444431189779,-0.6427876096865395,DB01
202111131700,105,14.0,0,0,-0.34202014332566866,-0.9396926207859084,DB01
202111131800,105,12.5,0,0,-0.34202014332566866,-0.9396926207859084,DB01
202111131900,105,11.8,0,0,-0.7660444431189779,-0.6427876096865395,DB01
202111132000,105,11.4,0,0,-0.34202014332566866,-0.9396926207859084,DB01
202111132100,105,11.3,0,0,-0.34202014332566866,-0.9396926207859084,DB01
202111132200,105,11.5,0,0,-0.7660444431189779,-0.6427876096865395,DB01
202111132300,105,11.0,0,0,-0.7660444431189779,-0.6427876096865395,DB01
202111140000,105,10.9,0,0,-0.7660444431189779,-0.6427876096865395,DB01
202111140100,105,10.8,0,0,-0.7660444431189779,-0.6427876096865395,DB01
202111140200,105,11.4,0,0,-0.7660444431189779,-0.6427876096865395,DB01
202111140300,105,12.1,0,0,-0.7660444431189779,-0.6427876096865395,DB02
202111140400,105,12.2,0,0,-0.34202014332566866,-0.9396926207859084,DB03
202111140500,105,11.9,0,0,-0.34202014332566866,-0.9396926207859084,DB02
202111140600,105,12.0,0,0,-0.34202014332566866,-0.9396926207859084,DB02
202111140700,105,10.7,0,0,0.0,1.0,DB03
202111140800,105,10.5,0,0,1.2246467991473532e-16,-1.0,DB02
202111140900,105,13.7,0,0,-0.7660444431189779,-0.6427876096865395,DB02
202111141000,105,15.2,0,0,-0.7660444431189779,-0.6427876096865395,DB03
202111141100,105,15.4,0,0,-0.34202014332566866,-0.9396926207859084,DB03
202111141200,105,16.7,0,0,-0.7660444431189779,-0.6427876096865395,DB03
202111141300,105,17.9,0,0,-0.7660444431189779,-0.6427876096865395,DB03
202111141400,105,18.0,0,0,-0.7660444431189779,-0.6427876096865395,DB03
202111141500,105,17.5,0,0,-0.7660444431189779,-0.6427876096865395,DB01
202111141600,105,17.3,0,0,-0.9396926207859084,-0.34202014332566855,DB01
202111141700,105,16.1,0,0,-0.7660444431189779,-0.6427876096865395,DB01
202111141800,105,15.0,0,0,-0.9396926207859084,-0.34202014332566855,DB01
202111141900,105,13.7,0,0,-0.7660444431189779,-0.6427876096865395,DB01
202111142000,105,12.5,0,0,-0.9396926207859083,0.342020143325669,DB01
202111142100,105,11.1,0,0,0.0,1.0,DB01
202111142200,105,9.8,0,0,0.0,1.0,DB01
202111142300,105,9.0,0,0,-0.9396926207859083,0.342020143325669,DB01
202111150000,105,8.8,0,0,0.3420201433256687,0.9396926207859084,DB01
202111150100,105,8.6,0,0,-0.34202014332566866,-0.9396926207859084,DB01
202111150200,105,9.7,0,0,-0.6427876096865396,0.7660444431189778,DB01
202111150300,105,8.5,0,0,-1.0,-1.8369701987210297e-16,DB01
202111150400,105,9.5,0,0,-0.7660444431189779,-0.6427876096865395,DB01
202111150500,105,10.0,0,0,-0.6427876096865396,0.7660444431189778,DB01
202111150600,105,8.5,0,0,0.0,1.0,DB01
202111150700,105,9.9,0,0,-0.9396926207859084,-0.34202014332566855,DB01
202111150800,105,10.8,0,0,-0.7660444431189779,-0.6427876096865395,DB01
202111150900,105,12.8,0,0,-0.7660444431189779,-0.6427876096865395,DB01
202111151000,105,14.9,0,0,-0.7660444431189779,-0.6427876096865395,DB01
202111151100,105,15.9,0,0,0.3420201433256687,0.9396926207859084,DB01
202111151200,105,17.0,0,0,0.9396926207859083,0.3420201433256688,DB01
202111151300,105,17.0,0,0,0.3420201433256687,0.9396926207859084,DB01
202111151400,105,16.5,0,0,0.0,1.0,DB03
202111151500,105,16.6,0,0,0.3420201433256687,0.9396926207859084,DB02
202111151600,105,15.9,0,0,0.0,1.0,DB03
202111151700,105,14.6,0,0,0.0,1.0,DB03
202111151800,105,12.9,0,0,-0.34202014332566866,-0.9396926207859084,DB03
202111151900,105,11.5,0,0,-0.7660444431189779,-0.6427876096865395,DB03
202111152000,105,10.7,0,0,-0.7660444431189779,-0.6427876096865395,DB03
202111152100,105,10.1,0,0,-0.9396926207859084,-0.34202014332566855,DB03
202111152200,105,9.5,0,0,-0.7660444431189779,-0.6427876096865395,DB03
202111152300,105,9.0,0,0,-0.7660444431189779,-0.6427876096865395,DB03
202111160000,105,8.8,0,0,-0.7660444431189779,-0.6427876096865395,DB03
202111160100,105,9.3,0,0,-0.7660444431189779,-0.6427876096865395,DB03
202111160200,105,9.2,0,0,-0.34202014332566866,-0.9396926207859084,DB03
202111160300,105,9.2,0,0,-0.9396926207859084,-0.34202014332566855,DB03
202111160400,105,10.6,0,0,-0.7660444431189779,-0.6427876096865395,DB04
202111160500,105,11.4,0,0,-0.9396926207859084,-0.34202014332566855,DB03
202111160600,105,10.6,0,0,-0.9396926207859084,-0.34202014332566855,DB02
202111160700,105,9.8,0,0,-0.9396926207859084,-0.34202014332566855,DB01
202111160800,105,9.8,0,0,-0.9396926207859084,-0.34202014332566855,DB01
202111160900,105,11.9,0,0,-0.7660444431189779,-0.6427876096865395,DB01
202111161000,105,14.0,0,0,-0.9396926207859084,-0.34202014332566855,DB01
202111161100,105,15.4,0,0,0.3420201433256687,0.9396926207859084,DB01
202111161200,105,16.3,0,0,0.0,1.0,DB01
202111161300,105,17.0,0,0,0.3420201433256687,0.9396926207859084,DB01
202111161400,105,17.0,0,0,-0.3420201433256686,0.9396926207859084,DB01
202111161500,105,16.8,0,0,0.766044443118978,0.6427876096865394,DB01
202111161600,105,16.0,0,0,-0.3420201433256686,0.9396926207859084,DB01
202111161700,105,14.3,0,0,-0.3420201433256686,0.9396926207859084,DB01
202111161800,105,12.4,0,0,-0.9396926207859083,0.342020143325669,DB01
202111161900,105,10.4,0,0,-0.7660444431189779,-0.6427876096865395,DB01
202111162000,105,9.2,0,0,-0.7660444431189779,-0.6427876096865395,DB01
202111162100,105,8.5,0,0,-0.9396926207859084,-0.34202014332566855,DB01
202111162200,105,8.0,0,0,-0.7660444431189779,-0.6427876096865395,DB01
202111162300,105,7.2,0,0,-0.7660444431189779,-0.6427876096865395,DB01
202111170000,105,7.1,0,0,-0.7660444431189779,-0.6427876096865395,DB01
202111170100,105,6.8,0,0,-0.7660444431189779,-0.6427876096865395,DB01
202111170200,105,6.5,0,0,-0.7660444431189779,-0.6427876096865395,DB01
202111170300,105,6.4,0,0,-0.7660444431189779,-0.6427876096865395,DB01
202111170400,105,6.3,0,0,-0.7660444431189779,-0.6427876096865395,DB01
202111170500,105,6.2,0,0,-0.9396926207859084,-0.34202014332566855,DB01
202111170600,105,6.1,0,0,-0.9396926207859084,-0.34202014332566855,DB01
202111170700,105,5.9,0,0,-0.9396926207859084,-0.34202014332566855,DB01
202111170800,105,6.5,0,0,-0.9396926207859084,-0.34202014332566855,DB01
202111170900,105,8.6,0,0,-0.9396926207859084,-0.34202014332566855,DB01
202111171000,105,11.4,0,0,-0.7660444431189779,-0.6427876096865395,DB01
202111171100,105,13.4,0,0,-0.9396926207859084,-0.34202014332566855,DB01
202111171200,105,15.6,0,0,1.2246467991473532e-16,-1.0,DB01
202111171300,105,17.0,0,0,0.9396926207859083,0.3420201433256688,DB01
202111171400,105,17.2,0,0,1.0,6.123233995736766e-17,DB01
202111171500,105,16.3,0,0,1.0,6.123233995736766e-17,DB01
202111171600,105,15.0,0,0,0.9396926207859083,0.3420201433256688,DB03
202111171700,105,13.6,0,0,-1.0,-1.8369701987210297e-16,DB03
202111171800,105,12.5,0,0,-0.7660444431189779,-0.6427876096865395,DB03
202111171900,105,11.5,0,0,-0.9396926207859084,-0.34202014332566855,DB03
202111172000,105,11.1,0,0,-0.9396926207859084,-0.34202014332566855,DB02
202111172100,105,11.0,0,0,-0.7660444431189779,-0.6427876096865395,DB03
202111172200,105,11.1,0,0,-0.7660444431189779,-0.6427876096865395,DB03
202111172300,105,10.9,0,0,-0.7660444431189779,-0.6427876096865395,DB03
202111180000,105,10.7,0,0,-0.7660444431189779,-0.6427876096865395,DB03
202111180100,105,10.5,0,0,-0.7660444431189779,-0.6427876096865395,DB01
202111180200,105,10.6,0,0,-0.34202014332566866,-0.9396926207859084,DB01
202111180300,105,10.3,0,0,-0.34202014332566866,-0.9396926207859084,DB01
202111180400,105,10.2,0,0,-0.34202014332566866,-0.9396926207859084,DB01
202111180500,105,11.4,0,0,-0.34202014332566866,-0.9396926207859084,DB01
202111180600,105,12.1,0,0,-0.34202014332566866,-0.9396926207859084,DB01
202111180700,105,12.6,0,0,-0.34202014332566866,-0.9396926207859084,DB01
202111180800,105,12.1,0,0,-0.34202014332566866,-0.9396926207859084,DB01
202111180900,105,13.6,0,0,-0.7660444431189779,-0.6427876096865395,DB01
202111181000,105,14.7,0,0,-0.7660444431189779,-0.6427876096865395,DB01
202111181100,105,16.1,0,0,-0.34202014332566866,-0.9396926207859084,DB02
202111181200,105,16.2,0,0,-0.34202014332566866,-0.9396926207859084,DB02
202111181300,105,17.9,0,0,-0.34202014332566866,-0.9396926207859084,DB02
202111181400,105,17.6,0,0,-0.7660444431189779,-0.6427876096865395,DB01
202111181500,105,17.1,0,0,-0.7660444431189779,-0.6427876096865395,DB01
202111181600,105,16.4,0,0,-0.34202014332566866,-0.9396926207859084,DB01
202111181700,105,15.7,0,0,-0.34202014332566866,-0.9396926207859084,DB02
202111181800,105,15.3,0,0,-0.7660444431189779,-0.6427876096865395,DB01
202111181900,105,15.0,0,0,-0.34202014332566866,-0.9396926207859084,DB01
202111182000,105,15.0,0,0,-0.34202014332566866,-0.9396926207859084,DB02
202111182100,105,15.1,0,0,-0.34202014332566866,-0.9396926207859084,DB02
202111182200,105,15.0,0,0,-0.34202014332566866,-0.9396926207859084,DB02
202111182300,105,14.8,0,0,-0.34202014332566866,-0.9396926207859084,DB03
202111190000,105,14.5,0,0,-0.7660444431189779,-0.6427876096865395,DB03
202111190100,105,15.1,0,0,-0.9396926207859084,-0.34202014332566855,DB04
202111190200,105,14.8,0,0,-0.7660444431189779,-0.6427876096865395,DB04
202111190300,105,14.8,0,0,-0.7660444431189779,-0.6427876096865395,DB04
202111190400,105,15.0,0,0,-0.7660444431189779,-0.6427876096865395,DB03
202111190500,105,14.9,0,0,-0.7660444431189779,-0.6427876096865395,DB03
202111190600,105,15.0,0,0,-0.34202014332566866,-0.9396926207859084,DB03
202111190700,105,14.8,0,0,-0.9396926207859084,-0.34202014332566855,DB03
202111190800,105,14.8,0,0,-1.0,-1.8369701987210297e-16,DB03
202111190900,105,15.8,0,0,-0.34202014332566866,-0.9396926207859084,DB03
202111191000,105,16.0,0,0,-0.34202014332566866,-0.9396926207859084,DB02
202111191100,105,17.7,0,0,1.2246467991473532e-16,-1.0,DB02
202111191200,105,18.9,0,0,-0.34202014332566866,-0.9396926207859084,DB03
202111191300,105,20.3,0,0,-0.7660444431189779,-0.6427876096865395,DB01
202111191400,105,20.5,0,0,-0.7660444431189779,-0.6427876096865395,DB01
202111191500,105,20.8,0,0,-0.9396926207859084,-0.34202014332566855,DB02
202111191600,105,19.4,0,0,-0.34202014332566866,-0.9396926207859084,DB03
202111191700,105,17.8,0,0,-0.9396926207859084,-0.34202014332566855,DB02
202111191800,105,16.4,0,0,0.0,1.0,DB02
202111191900,105,15.5,0,0,-1.0,-1.8369701987210297e-16,DB02
202111192000,105,14.3,0,0,-0.7660444431189779,-0.6427876096865395,DB02
202111192100,105,13.7,0,0,-0.9396926207859084,-0.34202014332566855,DB03
202111192200,105,12.8,0,0,-0.7660444431189779,-0.6427876096865395,DB02
202111192300,105,12.5,0,0,-0.9396926207859084,-0.34202014332566855,DB02
202111200000,105,12.3,0,0,-0.9396926207859084,-0.34202014332566855,DB03
202111200100,105,12.5,0,0,-1.0,-1.8369701987210297e-16,DB04
202111200200,105,12.7,0,0,-0.9396926207859084,-0.34202014332566855,DB04
202111200300,105,12.0,100,1,-0.9396926207859084,-0.34202014332566855,DB04
202111200400,105,12.5,0,0,-0.9396926207859084,-0.34202014332566855,DB04
202111200500,105,12.9,0,0,-0.9396926207859084,-0.34202014332566855,DB04
202111200600,105,12.7,0,0,-1.0,-1.8369701987210297e-16,DB03
202111200700,105,11.5,0,0,-0.7660444431189779,-0.6427876096865395,DB02
202111200800,105,11.0,0,0,-0.7660444431189779,-0.6427876096865395,DB01
202111200900,105,12.1,0,0,-0.9396926207859084,-0.34202014332566855,DB03
202111201000,105,14.3,0,0,-0.9396926207859084,-0.34202014332566855,DB02
202111201100,105,15.9,0,0,-0.9396926207859084,-0.34202014332566855,DB01
202111201200,105,18.3,0,0,0.9396926207859083,0.3420201433256688,DB01
202111201300,105,18.3,0,0,0.0,1.0,DB01
202111201400,105,18.6,0,0,0.0,1.0,DB01
202111201500,105,17.2,0,0,-0.6427876096865396,0.7660444431189778,DB01
202111201600,105,15.1,0,0,-0.6427876096865396,0.7660444431189778,DB02
202111201700,105,14.3,0,0,-0.6427876096865396,0.7660444431189778,DB03
202111201800,105,13.7,0,0,-0.9396926207859083,0.342020143325669,DB03
202111201900,105,13.4,0,0,0.0,1.0,DB04
202111202000,105,12.4,0,0,-0.7660444431189779,-0.6427876096865395,DB01
202111202100,105,11.4,0,0,0.0,1.0,DB03
202111202200,105,10.7,0,0,-0.34202014332566866,-0.9396926207859084,DB03
202111202300,105,10.2,0,0,0.3420201433256689,-0.9396926207859083,DB03
202111210000,105,10.1,0,0,0.3420201433256689,-0.9396926207859083,DB04
202111210100,105,9.8,0,0,0.0,1.0,DB04
202111210200,105,10.0,0,0,-0.7660444431189779,-0.6427876096865395,DB04
202111210300,105,10.2,0,0,-0.6427876096865396,0.7660444431189778,DB04
202111210400,105,10.1,0,0,-0.34202014332566866,-0.9396926207859084,DB04
202111210500,105,10.0,0,0,-0.7660444431189779,-0.6427876096865395,DB04
202111210600,105,10.3,0,0,-0.7660444431189779,-0.6427876096865395,DB04
202111210700,105,10.3,0,0,-0.7660444431189779,-0.6427876096865395,DB04
202111210800,105,10.3,0,0,-0.7660444431189779,-0.6427876096865395,DB04
202111210900,105,10.6,0,0,-0.7660444431189779,-0.6427876096865395,DB04
202111211000,105,12.4,0,0,0.0,1.0,DB04
202111211100,105,14.0,0,0,0.0,1.0,DB04
202111211200,105,14.6,0,0,-0.6427876096865396,0.7660444431189778,DB04
202111211300,105,16.0,0,0,0.9396926207859084,-0.3420201433256687,DB04
202111211400,105,19.0,0,0,1.0,6.123233995736766e-17,DB04
202111211500,105,18.1,0,0,0.9396926207859083,0.3420201433256688,DB03
202111211600,105,17.4,0,0,1.0,6.123233995736766e-17,DB04
202111211700,105,16.5,0,0,0.0,1.0,DB03
202111211800,105,15.5,0,0,-0.9396926207859084,-0.34202014332566855,DB04
202111211900,105,14.9,0,0,-1.0,-1.8369701987210297e-16,DB02
202111212000,105,13.2,0,0,-0.34202014332566866,-0.9396926207859084,DB03
202111212100,105,12.4,0,0,0.0,1.0,DB03
202111212200,105,11.4,0,0,1.2246467991473532e-16,-1.0,DB04
202111212300,105,10.7,0,0,-0.7660444431189779,-0.6427876096865395,DB04
202111220000,105,10.5,0,0,-1.0,-1.8369701987210297e-16,DB04
202111220100,105,12.5,0,0,-0.9396926207859083,0.342020143325669,DB04
202111220200,105,14.6,0,0,-0.9396926207859084,-0.34202014332566855,DB03
202111220300,105,13.3,0,0,-0.9396926207859084,-0.34202014332566855,DB03
202111220400,105,11.3,0,0,-0.7660444431189779,-0.6427876096865395,DB03
202111220500,105,10.1,0,0,-0.7660444431189779,-0.6427876096865395,DB03
202111220600,105,9.3,0,0,-1.0,-1.8369701987210297e-16,DB03
202111220700,105,8.6,0,0,-0.6427876096865396,0.7660444431189778,DB03
202111220800,105,7.6,0,0,-0.9396926207859084,-0.34202014332566855,DB02
202111220900,105,6.8,0,0,-0.9396926207859084,-0.34202014332566855,DB02
202111221000,105,8.4,0,0,-0.7660444431189779,-0.6427876096865395,DB03
202111221100,105,8.1,0,0,-0.9396926207859084,-0.34202014332566855,DB03
202111221200,105,8.0,0,0,-1.0,-1.8369701987210297e-16,DB02
202111221300,105,8.4,0,0,-1.0,-1.8369701987210297e-16,DB02
202111221400,105,8.4,0,0,-1.0,-1.8369701987210297e-16,DB02
202111221500,105,7.6,0,0,-1.0,-1.8369701987210297e-16,DB02
202111221600,105,7.0,0,0,-1.0,-1.8369701987210297e-16,DB02
202111221700,105,5.2,0,0,-0.9396926207859084,-0.34202014332566855,DB01
202111221800,105,4.4,0,0,-0.7660444431189779,-0.6427876096865395,DB01
202111221900,105,3.8,0,0,-0.9396926207859084,-0.34202014332566855,DB01
202111222000,105,3.3,0,0,-0.9396926207859084,-0.34202014332566855,DB01
202111222100,105,2.8,0,0,-0.7660444431189779,-0.6427876096865395,DB01
202111222200,105,2.5,0,0,-0.7660444431189779,-0.6427876096865395,DB01
202111222300,105,2.2,0,0,-0.7660444431189779,-0.6427876096865395,DB01
202111230000,105,2.0,0,0,-0.7660444431189779,-0.6427876096865395,DB01
202111230100,105,1.8,0,0,-0.7660444431189779,-0.6427876096865395,DB01
202111230200,105,1.6,0,0,-0.9396926207859084,-0.34202014332566855,DB01
202111230300,105,1.1,0,0,-0.9396926207859084,-0.34202014332566855,DB01
202111230400,105,0.7,0,0,-0.9396926207859084,-0.34202014332566855,DB01
202111230500,105,0.5,0,0,-0.9396926207859084,-0.34202014332566855,DB01
202111230600,105,0.1,0,0,-0.9396926207859084,-0.34202014332566855,DB01
202111230700,105,-0.1,0,0,-0.9396926207859084,-0.34202014332566855,DB01
202111230800,105,0.5,0,0,-0.7660444431189779,-0.6427876096865395,DB01
202111230900,105,2.1,0,0,0.766044443118978,0.6427876096865394,DB01
202111231000,105,4.4,0,0,-0.9396926207859084,-0.34202014332566855,DB01
202111231100,105,5.0,0,0,-0.9396926207859084,-0.34202014332566855,DB01
202111231200,105,6.1,0,0,-0.9396926207859084,-0.34202014332566855,DB02
202111231300,105,6.0,0,0,-0.7660444431189779,-0.6427876096865395,DB01
202111231400,105,5.8,0,0,-0.7660444431189779,-0.6427876096865395,DB01
202111231500,105,5.1,0,0,-0.9396926207859084,-0.34202014332566855,DB01
202111231600,105,5.2,0,0,-0.9396926207859084,-0.34202014332566855,DB01
202111231700,105,3.7,0,0,-0.7660444431189779,-0.6427876096865395,DB01
202111231800,105,2.9,0,0,-0.7660444431189779,-0.6427876096865395,DB01
202111231900,105,2.5,0,0,-0.7660444431189779,-0.6427876096865395,DB01
202111232000,105,2.4,0,0,-0.7660444431189779,-0.6427876096865395,DB01
202111232100,105,2.4,0,0,-0.9396926207859084,-0.34202014332566855,DB01
202111232200,105,2.4,0,0,-0.7660444431189779,-0.6427876096865395,DB01
202111232300,105,2.5,0,0,-0.9396926207859084,-0.34202014332566855,DB01
202111240000,105,2.2,0,0,-0.34202014332566866,-0.9396926207859084,DB01
202111240100,105,1.9,0,0,-0.7660444431189779,-0.6427876096865395,DB01
202111240200,105,1.9,0,0,-0.9396926207859084,-0.34202014332566855,DB01
202111240300,105,1.3,0,0,-0.9396926207859084,-0.34202014332566855,DB01
202111240400,105,0.7,0,0,-0.7660444431189779,-0.6427876096865395,DB01
202111240500,105,0.2,0,0,-0.7660444431189779,-0.6427876096865395,DB01
202111240600,105,0.6,0,0,-0.7660444431189779,-0.6427876096865395,DB01
202111240700,105,1.7,0,0,-0.7660444431189779,-0.6427876096865395,DB01
202111240800,105,3.4,0,0,-0.7660444431189779,-0.6427876096865395,DB01
202111240900,105,5.4,0,0,-0.7660444431189779,-0.6427876096865395,DB01
202111241000,105,6.7,0,0,-0.7660444431189779,-0.6427876096865395,DB02
202111241100,105,7.7,0,0,-0.34202014332566866,-0.9396926207859084,DB02
202111241200,105,8.7,0,0,-0.7660444431189779,-0.6427876096865395,DB02
202111241300,105,8.9,0,0,-0.7660444431189779,-0.6427876096865395,DB02
202111241400,105,9.8,0,0,-0.9396926207859084,-0.34202014332566855,DB02
202111241500,105,9.3,0,0,-0.9396926207859084,-0.34202014332566855,DB01
202111241600,105,9.8,0,0,0.9396926207859084,-0.3420201433256687,DB02
202111241700,105,9.2,0,0,-0.34202014332566866,-0.9396926207859084,DB02
202111241800,105,8.6,0,0,-0.34202014332566866,-0.9396926207859084,DB02
202111241900,105,8.6,0,0,1.2246467991473532e-16,-1.0,DB03
202111242000,105,9.3,0,0,-0.7660444431189779,-0.6427876096865395,DB04
202111242100,105,9.3,0,0,-0.7660444431189779,-0.6427876096865395,DB03
202111242200,105,8.8,0,0,1.2246467991473532e-16,-1.0,DB02
202111242300,105,8.1,0,0,-0.34202014332566866,-0.9396926207859084,DB01
202111250000,105,8.1,0,0,-0.7660444431189779,-0.6427876096865395,DB01
202111250100,105,8.3,0,0,-0.34202014332566866,-0.9396926207859084,DB02
202111250200,105,8.5,0,0,-0.7660444431189779,-0.6427876096865395,DB01
202111250300,105,8.6,0,0,-0.34202014332566866,-0.9396926207859084,DB02
202111250400,105,8.7,0,0,-0.34202014332566866,-0.9396926207859084,DB02
202111250500,105,8.8,0,0,-0.7660444431189779,-0.6427876096865395,DB03
202111250600,105,8.7,0,0,-0.7660444431189779,-0.6427876096865395,DB03
202111250700,105,7.7,0,0,-0.9396926207859083,0.342020143325669,DB02
202111250800,105,7.2,0,0,0.0,1.0,DB01
202111250900,105,9.4,0,0,0.9396926207859083,0.3420201433256688,DB01
202111251000,105,11.7,0,0,0.9396926207859083,0.3420201433256688,DB01
202111251100,105,12.6,0,0,-0.9396926207859084,-0.34202014332566855,DB01
202111251200,105,13.4,0,0,-0.9396926207859084,-0.34202014332566855,DB01
202111251300,105,13.5,0,0,-0.9396926207859084,-0.34202014332566855,DB01
202111251400,105,13.2,0,0,-0.9396926207859084,-0.34202014332566855,DB01
202111251500,105,13.2,0,0,-0.9396926207859084,-0.34202014332566855,DB01
202111251600,105,13.0,0,0,-0.9396926207859084,-0.34202014332566855,DB01
202111251700,105,10.9,0,0,-0.9396926207859084,-0.34202014332566855,DB01
202111251800,105,9.9,0,0,-0.9396926207859084,-0.34202014332566855,DB01
202111251900,105,8.8,0,0,-1.0,-1.8369701987210297e-16,DB01
202111252000,105,8.4,0,0,-0.9396926207859084,-0.34202014332566855,DB01
202111252100,105,8.1,0,0,-0.9396926207859084,-0.34202014332566855,DB01
202111252200,105,7.8,0,0,-0.9396926207859084,-0.34202014332566855,DB01
202111252300,105,7.1,0,0,-0.9396926207859084,-0.34202014332566855,DB01
202111260000,105,6.4,0,0,-1.0,-1.8369701987210297e-16,DB01
202111260100,105,6.2,0,0,-0.9396926207859084,-0.34202014332566855,DB01
202111260200,105,5.9,0,0,-0.7660444431189779,-0.6427876096865395,DB01
202111260300,105,5.6,0,0,-0.9396926207859084,-0.34202014332566855,DB01
202111260400,105,5.2,0,0,-0.9396926207859084,-0.34202014332566855,DB01
202111260500,105,4.9,0,0,-0.9396926207859084,-0.34202014332566855,DB01
202111260600,105,4.2,0,0,-0.7660444431189779,-0.6427876096865395,DB01
202111260700,105,4.1,0,0,-0.7660444431189779,-0.6427876096865395,DB01
202111260800,105,4.9,0,0,-0.7660444431189779,-0.6427876096865395,DB01
202111260900,105,6.7,0,0,-0.9396926207859084,-0.34202014332566855,DB01
202111261000,105,8.9,0,0,-0.6427876096865396,0.7660444431189778,DB01
202111261100,105,10.1,0,0,-0.9396926207859083,0.342020143325669,DB01
202111261200,105,11.1,0,0,-0.9396926207859083,0.342020143325669,DB01
202111261300,105,10.5,0,0,-0.6427876096865396,0.7660444431189778,DB01
202111261400,105,10.6,0,0,-0.9396926207859083,0.342020143325669,DB01
202111261500,105,11.1,0,0,-0.9396926207859083,0.342020143325669,DB01
202111261600,105,10.8,0,0,-1.0,-1.8369701987210297e-16,DB01
202111261700,105,9.0,0,0,-1.0,-1.8369701987210297e-16,DB01
202111261800,105,7.7,0,0,-0.9396926207859084,-0.34202014332566855,DB01
202111261900,105,6.8,0,0,-0.7660444431189779,-0.6427876096865395,DB01
202111262000,105,6.3,0,0,-0.7660444431189779,-0.6427876096865395,DB01
202111262100,105,5.7,0,0,-0.7660444431189779,-0.6427876096865395,DB01
202111262200,105,5.4,0,0,-0.7660444431189779,-0.6427876096865395,DB01
202111262300,105,5.2,0,0,-0.9396926207859084,-0.34202014332566855,DB01
202111270000,105,4.6,0,0,-0.9396926207859084,-0.34202014332566855,DB01
202111270100,105,4.1,0,0,-0.9396926207859084,-0.34202014332566855,DB01
202111270200,105,3.5,0,0,-0.9396926207859084,-0.34202014332566855,DB01
202111270300,105,2.9,0,0,-0.9396926207859084,-0.34202014332566855,DB01
202111270400,105,2.4,0,0,-0.9396926207859084,-0.34202014332566855,DB01
202111270500,105,2.1,0,0,-0.9396926207859084,-0.34202014332566855,DB01
202111270600,105,1.6,0,0,-0.9396926207859084,-0.34202014332566855,DB01
202111270700,105,1.5,0,0,-0.9396926207859084,-0.34202014332566855,DB01
202111270800,105,1.7,0,0,-0.9396926207859084,-0.34202014332566855,DB01
202111270900,105,3.7,0,0,-0.9396926207859084,-0.34202014332566855,DB01
202111271000,105,6.5,0,0,-0.9396926207859084,-0.34202014332566855,DB01
202111271100,105,8.3,0,0,-0.9396926207859083,0.342020143325669,DB01
202111271200,105,11.0,0,0,0.6427876096865395,-0.7660444431189779,DB01
202111271300,105,11.5,0,0,0.9396926207859083,0.3420201433256688,DB01
202111271400,105,12.1,0,0,0.766044443118978,0.6427876096865394,DB01
202111271500,105,12.2,0,0,0.9396926207859084,-0.3420201433256687,DB01
202111271600,105,11.7,0,0,1.0,6.123233995736766e-17,DB01
202111271700,105,9.5,0,0,0.0,1.0,DB01
202111271800,105,6.7,0,0,-0.7660444431189779,-0.6427876096865395,DB01
202111271900,105,5.3,0,0,-0.7660444431189779,-0.6427876096865395,DB01
202111272000,105,4.4,0,0,-0.7660444431189779,-0.6427876096865395,DB01
202111272100,105,4.0,0,0,-0.7660444431189779,-0.6427876096865395,DB01
202111272200,105,3.2,0,0,-0.7660444431189779,-0.6427876096865395,DB01
202111272300,105,2.9,0,0,-0.7660444431189779,-0.6427876096865395,DB01
202111280000,105,2.1,0,0,1.2246467991473532e-16,-1.0,DB01
202111280100,105,1.4,0,0,1.2246467991473532e-16,-1.0,DB01
202111280200,105,0.7,0,0,1.2246467991473532e-16,-1.0,DB01
202111280300,105,0.6,0,0,-0.7660444431189779,-0.6427876096865395,DB01
202111280400,105,2.5,0,0,-0.9396926207859084,-0.34202014332566855,DB01
202111280500,105,4.5,0,0,-0.9396926207859084,-0.34202014332566855,DB01
202111280600,105,4.8,0,0,-0.9396926207859084,-0.34202014332566855,DB01
202111280700,105,4.5,0,0,-0.9396926207859084,-0.34202014332566855,DB01
202111280800,105,4.3,0,0,-0.7660444431189779,-0.6427876096865395,DB01
202111280900,105,7.6,0,0,-0.7660444431189779,-0.6427876096865395,DB01
202111281000,105,11.0,0,0,0.0,1.0,DB01
202111281100,105,15.0,0,0,0.9396926207859084,-0.3420201433256687,DB01
202111281200,105,15.4,0,0,0.9396926207859083,0.3420201433256688,DB01
202111281300,105,17.3,0,0,1.0,6.123233995736766e-17,DB01
202111281400,105,19.1,0,0,1.0,6.123233995736766e-17,DB01
202111281500,105,18.9,0,0,0.3420201433256687,0.9396926207859084,DB01
202111281600,105,16.6,0,0,-0.9396926207859084,-0.34202014332566855,DB01
202111281700,105,14.1,0,0,-0.7660444431189779,-0.6427876096865395,DB03
202111281800,105,12.5,0,0,-0.7660444431189779,-0.6427876096865395,DB03
202111281900,105,12.0,0,0,-0.7660444431189779,-0.6427876096865395,DB03
202111282000,105,11.5,0,0,-0.7660444431189779,-0.6427876096865395,DB03
202111282100,105,10.9,0,0,-0.9396926207859084,-0.34202014332566855,DB03
202111282200,105,10.4,0,0,-0.7660444431189779,-0.6427876096865395,DB03
202111282300,105,10.6,0,0,-0.7660444431189779,-0.6427876096865395,DB03
202111290000,105,11.0,0,0,-0.7660444431189779,-0.6427876096865395,DB03
202111290100,105,10.7,0,0,-0.7660444431189779,-0.6427876096865395,DB03
202111290200,105,11.1,0,0,-0.7660444431189779,-0.6427876096865395,DB03
202111290300,105,11.3,0,0,-0.7660444431189779,-0.6427876096865395,DB03
202111290400,105,11.4,0,0,-0.7660444431189779,-0.6427876096865395,DB03
202111290500,105,11.6,0,0,-0.7660444431189779,-0.6427876096865395,DB04
202111290600,105,12.0,0,0,-0.9396926207859084,-0.34202014332566855,DB04
202111290700,105,11.5,0,0,-0.9396926207859084,-0.34202014332566855,DB03
202111290800,105,11.6,0,0,-0.9396926207859084,-0.34202014332566855,DB03
202111290900,105,14.4,0,0,-0.7660444431189779,-0.6427876096865395,DB03
202111291000,105,15.5,0,0,-0.7660444431189779,-0.6427876096865395,DB03
202111291100,105,16.0,0,0,-0.7660444431189779,-0.6427876096865395,DB03
202111291200,105,15.7,0,0,-0.9396926207859084,-0.34202014332566855,DB03
202111291300,105,17.4,0,0,-0.7660444431189779,-0.6427876096865395,DB03
202111291400,105,18.2,0,0,-0.7660444431189779,-0.6427876096865395,DB03
202111291500,105,17.5,0,0,-0.7660444431189779,-0.6427876096865395,DB03
202111291600,105,16.0,0,0,-0.7660444431189779,-0.6427876096865395,DB02
202111291700,105,14.6,0,0,-0.7660444431189779,-0.6427876096865395,DB02
202111291800,105,13.6,0,0,-0.7660444431189779,-0.6427876096865395,DB02
202111291900,105,13.0,0,0,-0.7660444431189779,-0.6427876096865395,DB02
202111292000,105,12.8,0,0,-0.7660444431189779,-0.6427876096865395,DB03
202111292100,105,12.3,0,0,-0.7660444431189779,-0.6427876096865395,DB03
202111292200,105,11.9,0,0,-0.7660444431189779,-0.6427876096865395,DB01
202111292300,105,11.4,0,0,-0.7660444431189779,-0.6427876096865395,DB01
202111300000,105,10.7,0,0,-0.7660444431189779,-0.6427876096865395,DB02
202111300100,105,9.9,0,0,-0.7660444431189779,-0.6427876096865395,DB03
202111300200,105,10.9,0,0,-0.7660444431189779,-0.6427876096865395,DB03
202111300300,105,11.6,0,0,-0.9396926207859084,-0.34202014332566855,DB04
202111300400,105,11.4,0,0,-0.34202014332566866,-0.9396926207859084,DB03
202111300500,105,10.8,0,0,-0.7660444431189779,-0.6427876096865395,DB04
202111300600,105,10.9,0,0,-0.9396926207859084,-0.34202014332566855,DB04
202111300700,105,10.7,0,0,-0.7660444431189779,-0.6427876096865395,DB04
202111300800,105,10.5,0,0,-1.0,-1.8369701987210297e-16,DB04
202111300900,105,10.7,0,0,-0.9396926207859083,0.342020143325669,DB04
202111301000,105,11.0,0,0,0.0,1.0,DB04
202111301100,105,11.1,0,0,-0.3420201433256686,0.9396926207859084,DB04
202111301200,105,10.8,100,1,0.0,1.0,DB04
202111301300,105,10.9,0,0,-0.9396926207859084,-0.34202014332566855,DB04
202111301400,105,10.9,0,0,-0.9396926207859083,0.342020143325669,DB04
202111301500,105,14.6,100,1,-0.7660444431189779,-0.6427876096865395,DB03
202111301600,105,13.3,0,0,1.2246467991473532e-16,-1.0,DB02
202111301700,105,11.8,0,0,-0.9396926207859084,-0.34202014332566855,DB03
202111301800,105,10.6,0,0,-0.9396926207859084,-0.34202014332566855,DB03
202111301900,105,10.1,0,0,-0.9396926207859084,-0.34202014332566855,DB03
202111302000,105,8.4,0,0,-0.9396926207859084,-0.34202014332566855,DB02
202111302100,105,6.7,0,0,-0.7660444431189779,-0.6427876096865395,DB02
202111302200,105,6.0,0,0,-0.9396926207859084,-0.34202014332566855,DB04
202111302300,105,5.0,0,0,-0.9396926207859084,-0.34202014332566855,DB02
202112010000,105,3.9,0,0,-0.9396926207859084,-0.34202014332566855,DB02
202112010100,105,3.3,0,0,-0.6427876096865396,0.7660444431189778,DB01
202112010200,105,3.0,0,0,0.3420201433256689,-0.9396926207859083,DB01
202112010300,105,2.7,0,0,-0.7660444431189779,-0.6427876096865395,DB01
202112010400,105,1.7,0,0,-0.9396926207859084,-0.34202014332566855,DB01
202112010500,105,1.1,0,0,-0.9396926207859084,-0.34202014332566855,DB01
202112010600,105,0.7,0,0,-0.9396926207859084,-0.34202014332566855,DB01
202112010700,105,0.2,0,0,-0.9396926207859084,-0.34202014332566855,DB01
202112010800,105,0.2,0,0,-0.7660444431189779,-0.6427876096865395,DB01
202112010900,105,1.4,0,0,-0.34202014332566866,-0.9396926207859084,DB02
202112011000,105,2.2,0,0,-0.7660444431189779,-0.6427876096865395,DB01
202112011100,105,2.6,0,0,-0.7660444431189779,-0.6427876096865395,DB01
202112011200,105,3.0,0,0,-0.9396926207859084,-0.34202014332566855,DB01
202112011300,105,3.6,0,0,-0.9396926207859084,-0.34202014332566855,DB01
202112011400,105,4.2,0,0,-0.9396926207859084,-0.34202014332566855,DB01
202112011500,105,4.3,0,0,-0.9396926207859084,-0.34202014332566855,DB01
202112011600,105,3.8,0,0,-0.9396926207859084,-0.34202014332566855,DB01
202112011700,105,2.0,0,0,-0.9396926207859084,-0.34202014332566855,DB01
202112011800,105,1.1,0,0,-0.9396926207859084,-0.34202014332566855,DB01
202112011900,105,0.6,0,0,-0.9396926207859084,-0.34202014332566855,DB01
202112012000,105,0.2,0,0,-0.9396926207859084,-0.34202014332566855,DB01
202112012100,105,0.0,0,0,-0.7660444431189779,-0.6427876096865395,DB01
202112012200,105,-0.4,0,0,-0.7660444431189779,-0.6427876096865395,DB01
202112012300,105,-0.3,0,0,-0.7660444431189779,-0.6427876096865395,DB01
202112020000,105,-0.4,0,0,-0.7660444431189779,-0.6427876096865395,DB01
202112020100,105,-0.7,0,0,-0.7660444431189779,-0.6427876096865395,DB01
202112020200,105,-0.8,0,0,-0.7660444431189779,-0.6427876096865395,DB01
202112020300,105,-0.6,0,0,-0.7660444431189779,-0.6427876096865395,DB01
202112020400,105,-0.7,0,0,-0.7660444431189779,-0.6427876096865395,DB01
202112020500,105,-0.6,0,0,-0.7660444431189779,-0.6427876096865395,DB01
202112020600,105,-0.6,0,0,-0.7660444431189779,-0.6427876096865395,DB01
202112020700,105,-0.7,0,0,-0.7660444431189779,-0.6427876096865395,DB01
202112020800,105,0.1,0,0,-0.9396926207859084,-0.34202014332566855,DB01
202112020900,105,1.7,0,0,-0.7660444431189779,-0.6427876096865395,DB01
202112021000,105,3.9,0,0,-0.9396926207859084,-0.34202014332566855,DB01
202112021100,105,6.3,0,0,-0.7660444431189779,-0.6427876096865395,DB01
202112021200,105,7.5,0,0,-0.7660444431189779,-0.6427876096865395,DB01
202112021300,105,8.5,0,0,-0.7660444431189779,-0.6427876096865395,DB01
202112021400,105,8.7,0,0,-0.34202014332566866,-0.9396926207859084,DB01
202112021500,105,7.3,0,0,-0.7660444431189779,-0.6427876096865395,DB01
202112021600,105,6.7,0,0,-0.7660444431189779,-0.6427876096865395,DB02
202112021700,105,5.9,0,0,-1.0,-1.8369701987210297e-16,DB01
202112021800,105,5.9,0,0,-0.9396926207859084,-0.34202014332566855,DB02
202112021900,105,6.0,0,0,-1.0,-1.8369701987210297e-16,DB03
202112022000,105,6.4,0,0,-0.9396926207859084,-0.34202014332566855,DB03
202112022100,105,6.5,0,0,-0.9396926207859084,-0.34202014332566855,DB03
202112022200,105,6.5,0,0,-0.9396926207859084,-0.34202014332566855,DB03
202112022300,105,6.5,0,0,-0.7660444431189779,-0.6427876096865395,DB03
202112030000,105,7.4,0,0,-0.9396926207859084,-0.34202014332566855,DB04
202112030100,105,7.6,0,0,-0.9396926207859084,-0.34202014332566855,DB04
202112030200,105,7.6,0,0,-0.7660444431189779,-0.6427876096865395,DB04
202112030300,105,7.7,0,0,-0.7660444431189779,-0.6427876096865395,DB03
202112030400,105,7.9,0,0,-0.9396926207859084,-0.34202014332566855,DB04
202112030500,105,7.7,0,0,-0.9396926207859084,-0.34202014332566855,DB04
202112030600,105,7.4,0,0,-0.7660444431189779,-0.6427876096865395,DB04
202112030700,105,6.3,0,0,-1.0,-1.8369701987210297e-16,DB03
202112030800,105,5.6,0,0,-0.9396926207859084,-0.34202014332566855,DB01
202112030900,105,7.3,0,0,-0.9396926207859084,-0.34202014332566855,DB01
202112031000,105,8.1,0,0,-0.7660444431189779,-0.6427876096865395,DB01
202112031100,105,8.0,0,0,-0.9396926207859084,-0.34202014332566855,DB01
202112031200,105,8.6,0,0,-0.9396926207859084,-0.34202014332566855,DB01
202112031300,105,9.1,0,0,-0.9396926207859084,-0.34202014332566855,DB01
202112031400,105,8.9,0,0,-0.9396926207859084,-0.34202014332566855,DB01
202112031500,105,8.4,0,0,-0.9396926207859083,0.342020143325669,DB01
202112031600,105,7.4,0,0,-1.0,-1.8369701987210297e-16,DB01
202112031700,105,5.5,0,0,-0.9396926207859084,-0.34202014332566855,DB01
202112031800,105,4.4,0,0,-1.0,-1.8369701987210297e-16,DB01
202112031900,105,3.5,0,0,-0.9396926207859084,-0.34202014332566855,DB01
202112032000,105,3.0,0,0,-0.9396926207859084,-0.34202014332566855,DB01
202112032100,105,2.3,0,0,-0.9396926207859084,-0.34202014332566855,DB01
202112032200,105,1.9,0,0,-0.9396926207859084,-0.34202014332566855,DB01
202112032300,105,1.4,0,0,-0.7660444431189779,-0.6427876096865395,DB01
202112040000,105,1.1,0,0,-0.7660444431189779,-0.6427876096865395,DB01
202112040100,105,0.5,0,0,1.0,6.123233995736766e-17,DB01
202112040200,105,0.7,0,0,-0.9396926207859084,-0.34202014332566855,DB01
202112040300,105,0.3,0,0,-0.9396926207859083,0.342020143325669,DB01
202112040400,105,0.6,0,0,-0.6427876096865396,0.7660444431189778,DB01
202112040500,105,1.8,0,0,-0.9396926207859083,0.342020143325669,DB01
202112040600,105,1.8,0,0,-0.9396926207859083,0.342020143325669,DB01
202112040700,105,1.7,0,0,-0.9396926207859083,0.342020143325669,DB01
202112040800,105,0.1,0,0,-0.7660444431189779,-0.6427876096865395,DB01
202112040900,105,2.5,0,0,0.0,1.0,DB01
202112041000,105,7.8,0,0,0.9396926207859084,-0.3420201433256687,DB01
202112041100,105,9.1,0,0,-0.34202014332566866,-0.9396926207859084,DB01
202112041200,105,9.6,0,0,-0.9396926207859084,-0.34202014332566855,DB01
202112041300,105,9.5,0,0,-0.7660444431189779,-0.6427876096865395,DB01
202112041400,105,9.7,0,0,-0.7660444431189779,-0.6427876096865395,DB01
202112041500,105,9.7,0,0,-0.34202014332566866,-0.9396926207859084,DB01
202112041600,105,9.1,0,0,-0.7660444431189779,-0.6427876096865395,DB01
202112041700,105,7.3,0,0,-0.9396926207859084,-0.34202014332566855,DB01
202112041800,105,5.9,0,0,-0.9396926207859084,-0.34202014332566855,DB01
202112041900,105,4.4,0,0,-0.7660444431189779,-0.6427876096865395,DB01
202112042000,105,3.3,0,0,-0.7660444431189779,-0.6427876096865395,DB01
202112042100,105,2.5,0,0,-0.7660444431189779,-0.6427876096865395,DB02
202112042200,105,2.3,0,0,-0.9396926207859084,-0.34202014332566855,DB01
202112042300,105,2.3,0,0,-0.9396926207859084,-0.34202014332566855,DB01
202112050000,105,2.2,0,0,-0.9396926207859084,-0.34202014332566855,DB01
202112050100,105,2.2,0,0,-0.9396926207859084,-0.34202014332566855,DB02
202112050200,105,2.1,0,0,-0.9396926207859084,-0.34202014332566855,DB01
202112050300,105,2.0,0,0,-0.9396926207859084,-0.34202014332566855,DB01
202112050400,105,1.9,0,0,-0.9396926207859084,-0.34202014332566855,DB01
202112050500,105,1.8,0,0,-0.9396926207859084,-0.34202014332566855,DB01
202112050600,105,1.6,0,0,-0.9396926207859084,-0.34202014332566855,DB01
202112050700,105,1.5,0,0,-0.9396926207859084,-0.34202014332566855,DB01
202112050800,105,1.6,0,0,-0.7660444431189779,-0.6427876096865395,DB01
202112050900,105,3.5,0,0,-0.7660444431189779,-0.6427876096865395,DB01
202112051000,105,6.6,0,0,-0.7660444431189779,-0.6427876096865395,DB01
202112051100,105,10.7,0,0,0.0,1.0,DB01
202112051200,105,12.6,0,0,1.0,6.123233995736766e-17,DB01
202112051300,105,13.4,0,0,1.0,6.123233995736766e-17,DB01
202112051400,105,13.7,0,0,0.9396926207859084,-0.3420201433256687,DB01
202112051500,105,13.2,0,0,0.9396926207859084,-0.3420201433256687,DB01
202112051600,105,12.5,0,0,0.9396926207859084,-0.3420201433256687,DB01
202112051700,105,10.7,0,0,0.9396926207859084,-0.3420201433256687,DB01
202112051800,105,8.5,0,0,-0.7660444431189779,-0.6427876096865395,DB01
202112051900,105,6.8,0,0,-0.7660444431189779,-0.6427876096865395,DB01
202112052000,105,5.9,0,0,-0.7660444431189779,-0.6427876096865395,DB01
202112052100,105,5.5,0,0,-0.7660444431189779,-0.6427876096865395,DB01
202112052200,105,5.2,0,0,-0.7660444431189779,-0.6427876096865395,DB01
202112052300,105,5.8,0,0,-0.9396926207859084,-0.34202014332566855,DB01
202112060000,105,5.7,0,0,-0.9396926207859084,-0.34202014332566855,DB01
202112060100,105,5.5,0,0,-0.9396926207859084,-0.34202014332566855,DB01
202112060200,105,5.5,0,0,-0.9396926207859084,-0.34202014332566855,DB01
202112060300,105,5.5,0,0,-0.9396926207859084,-0.34202014332566855,DB01
202112060400,105,5.8,0,0,-0.9396926207859084,-0.34202014332566855,DB01
202112060500,105,6.0,0,0,-0.9396926207859084,-0.34202014332566855,DB01
202112060600,105,5.8,0,0,-0.9396926207859084,-0.34202014332566855,DB01
202112060700,105,5.8,0,0,-0.9396926207859084,-0.34202014332566855,DB01
202112060800,105,5.9,0,0,-0.9396926207859084,-0.34202014332566855,DB01
202112060900,105,7.8,0,0,-0.9396926207859084,-0.34202014332566855,DB01
202112061000,105,10.9,0,0,-0.9396926207859084,-0.34202014332566855,DB01
202112061100,105,13.4,0,0,-0.7660444431189779,-0.6427876096865395,DB01
202112061200,105,15.0,0,0,0.0,1.0,DB01
202112061300,105,15.8,0,0,0.766044443118978,0.6427876096865394,DB01
202112061400,105,15.9,0,0,0.9396926207859083,0.3420201433256688,DB03
202112061500,105,15.8,0,0,0.9396926207859083,0.3420201433256688,DB02
202112061600,105,14.8,0,0,1.0,6.123233995736766e-17,DB03
202112061700,105,13.1,0,0,0.0,1.0,DB03
202112061800,105,11.0,0,0,-0.7660444431189779,-0.6427876096865395,DB03
202112061900,105,9.6,0,0,-0.9396926207859084,-0.34202014332566855,DB03
202112062000,105,8.7,0,0,-0.7660444431189779,-0.6427876096865395,DB03
202112062100,105,8.0,0,0,-0.7660444431189779,-0.6427876096865395,DB04
202112062200,105,7.4,0,0,-0.7660444431189779,-0.6427876096865395,DB03
202112062300,105,7.2,0,0,-0.34202014332566866,-0.9396926207859084,DB03
202112070000,105,7.7,0,0,-0.9396926207859084,-0.34202014332566855,DB03
202112070100,105,7.5,0,0,-0.7660444431189779,-0.6427876096865395,DB03
202112070200,105,7.0,0,0,-0.9396926207859084,-0.34202014332566855,DB03
202112070300,105,6.6,0,0,-0.9396926207859084,-0.34202014332566855,DB02
202112070400,105,6.8,0,0,-0.9396926207859084,-0.34202014332566855,DB03
202112070500,105,6.1,0,0,-0.7660444431189779,-0.6427876096865395,DB03
202112070600,105,5.8,0,0,-0.7660444431189779,-0.6427876096865395,DB03
202112070700,105,5.5,0,0,-0.9396926207859084,-0.34202014332566855,DB02
202112070800,105,5.9,0,0,-0.9396926207859084,-0.34202014332566855,DB03
202112070900,105,7.8,0,0,-0.9396926207859083,0.342020143325669,DB03
202112071000,105,8.5,0,0,-0.9396926207859083,0.342020143325669,DB04
202112071100,105,7.8,0,0,-0.9396926207859083,0.342020143325669,DB04
202112071200,105,7.5,100,1,-0.7660444431189779,-0.6427876096865395,DB04
202112071300,105,7.5,0,0,-0.7660444431189779,-0.6427876096865395,DB04
202112071400,105,7.9,0,0,-0.9396926207859083,0.342020143325669,DB04
202112071500,105,8.0,100,1,-0.9396926207859084,-0.34202014332566855,DB04
202112071600,105,8.0,0,0,-0.7660444431189779,-0.6427876096865395,DB04
202112071700,105,8.2,0,0,-0.6427876096865396,0.7660444431189778,DB04
202112071800,105,8.2,100,1,-0.9396926207859083,0.342020143325669,DB04
202112071900,105,8.1,0,0,-0.9396926207859083,0.342020143325669,DB04
202112072000,105,7.4,0,0,-0.7660444431189779,-0.6427876096865395,DB03
202112072100,105,7.1,0,0,-0.9396926207859084,-0.34202014332566855,DB04
202112072200,105,6.8,0,0,-0.7660444431189779,-0.6427876096865395,DB04
202112072300,105,6.5,0,0,-0.9396926207859084,-0.34202014332566855,DB03
202112080000,105,5.9,0,0,-0.9396926207859084,-0.34202014332566855,DB03
202112080100,105,5.2,0,0,-0.9396926207859084,-0.34202014332566855,DB01
202112080200,105,4.9,0,0,-0.9396926207859084,-0.34202014332566855,DB02
202112080300,105,4.4,0,0,-0.9396926207859084,-0.34202014332566855,DB03
202112080400,105,4.6,0,0,-0.9396926207859084,-0.34202014332566855,DB04
202112080500,105,4.3,0,0,-0.9396926207859084,-0.34202014332566855,DB03
202112080600,105,4.3,0,0,-0.9396926207859084,-0.34202014332566855,DB03
202112080700,105,4.1,0,0,-0.9396926207859084,-0.34202014332566855,DB02
202112080800,105,4.2,0,0,-0.9396926207859084,-0.34202014332566855,DB03
202112080900,105,4.8,0,0,-0.7660444431189779,-0.6427876096865395,DB01
202112081000,105,6.7,0,0,-0.7660444431189779,-0.6427876096865395,DB03
202112081100,105,10.6,0,0,0.0,1.0,DB01
202112081200,105,12.7,0,0,0.9396926207859084,-0.3420201433256687,DB01
202112081300,105,13.5,0,0,0.766044443118978,0.6427876096865394,DB01
202112081400,105,14.9,0,0,1.0,6.123233995736766e-17,DB01
202112081500,105,14.6,0,0,0.9396926207859083,0.3420201433256688,DB01
202112081600,105,13.7,0,0,1.0,6.123233995736766e-17,DB01
202112081700,105,11.5,0,0,0.9396926207859084,-0.3420201433256687,DB01
202112081800,105,9.0,0,0,-0.7660444431189779,-0.6427876096865395,DB01
202112081900,105,7.5,0,0,-0.7660444431189779,-0.6427876096865395,DB01
202112082000,105,6.4,0,0,-0.7660444431189779,-0.6427876096865395,DB01
202112082100,105,5.7,0,0,-0.34202014332566866,-0.9396926207859084,DB01
202112082200,105,4.8,0,0,-0.34202014332566866,-0.9396926207859084,DB02
202112082300,105,4.4,0,0,-0.7660444431189779,-0.6427876096865395,DB02
202112090000,105,4.0,0,0,-0.7660444431189779,-0.6427876096865395,DB01
202112090100,105,3.4,0,0,0.0,1.0,DB03
202112090200,105,3.1,0,0,0.0,1.0,DB03
202112090300,105,2.7,0,0,0.0,1.0,DB03
202112090400,105,2.9,0,0,-0.34202014332566866,-0.9396926207859084,DB03
202112090500,105,2.6,0,0,-0.34202014332566866,-0.9396926207859084,DB02
202112090600,105,2.5,0,0,-0.34202014332566866,-0.9396926207859084,DB02
202112090700,105,2.7,0,0,-0.7660444431189779,-0.6427876096865395,DB01
202112090800,105,2.5,0,0,-0.34202014332566866,-0.9396926207859084,DB01
202112090900,105,5.5,0,0,-0.7660444431189779,-0.6427876096865395,DB01
202112091000,105,8.2,0,0,-0.7660444431189779,-0.6427876096865395,DB03
202112091100,105,10.6,0,0,0.0,1.0,DB03
202112091200,105,12.0,0,0,0.0,1.0,DB03
202112091300,105,13.2,0,0,0.0,1.0,DB03
202112091400,105,14.1,0,0,0.0,1.0,DB04
202112091500,105,13.8,0,0,0.0,1.0,DB03
202112091600,105,13.1,0,0,0.0,1.0,DB04
202112091700,105,12.0,0,0,0.0,1.0,DB04
202112091800,105,10.6,0,0,-0.7660444431189779,-0.6427876096865395,DB04
202112091900,105,9.5,0,0,-0.7660444431189779,-0.6427876096865395,DB03
202112092000,105,8.9,0,0,-0.34202014332566866,-0.9396926207859084,DB04
202112092100,105,8.6,0,0,-0.9396926207859084,-0.34202014332566855,DB03
202112092200,105,8.1,0,0,1.2246467991473532e-16,-1.0,DB03
202112092300,105,8.1,0,0,-0.7660444431189779,-0.6427876096865395,DB03
202112100000,105,8.0,0,0,-0.9396926207859084,-0.34202014332566855,DB01
202112100100,105,7.6,0,0,-0.9396926207859084,-0.34202014332566855,DB01
202112100200,105,7.5,0,0,-0.7660444431189779,-0.6427876096865395,DB02
202112100300,105,7.0,0,0,-0.9396926207859084,-0.34202014332566855,DB01
202112100400,105,7.2,0,0,-0.7660444431189779,-0.6427876096865395,DB02
202112100500,105,6.9,0,0,-0.9396926207859084,-0.34202014332566855,DB01
202112100600,105,6.5,0,0,-0.9396926207859084,-0.34202014332566855,DB01
202112100700,105,6.9,0,0,-0.9396926207859084,-0.34202014332566855,DB03
202112100800,105,7.7,0,0,-0.7660444431189779,-0.6427876096865395,DB04
202112100900,105,8.3,0,0,-0.34202014332566866,-0.9396926207859084,DB03
202112101000,105,10.4,0,0,0.0,1.0,DB02
202112101100,105,13.7,0,0,0.9396926207859083,0.3420201433256688,DB02
202112101200,105,16.0,0,0,0.9396926207859083,0.3420201433256688,DB01
202112101300,105,15.3,0,0,0.0,1.0,DB03
202112101400,105,14.9,0,0,0.766044443118978,0.6427876096865394,DB04
202112101500,105,14.8,0,0,-1.0,-1.8369701987210297e-16,DB04
202112101600,105,15.0,0,0,-0.9396926207859084,-0.34202014332566855,DB03
202112101700,105,13.8,0,0,-0.9396926207859083,0.342020143325669,DB04
202112101800,105,13.0,0,0,-0.7660444431189779,-0.6427876096865395,DB04
202112101900,105,12.6,0,0,-0.9396926207859084,-0.34202014332566855,DB03
202112102000,105,11.8,0,0,-0.9396926207859084,-0.34202014332566855,DB02
202112102100,105,11.5,0,0,-0.7660444431189779,-0.6427876096865395,DB01
202112102200,105,10.8,0,0,-0.7660444431189779,-0.6427876096865395,DB01
202112102300,105,10.3,0,0,-0.9396926207859084,-0.34202014332566855,DB01
202112110000,105,9.9,0,0,-0.7660444431189779,-0.6427876096865395,DB01
202112110100,105,9.7,0,0,-0.7660444431189779,-0.6427876096865395,DB03
202112110200,105,9.5,0,0,-0.7660444431189779,-0.6427876096865395,DB01
202112110300,105,9.1,0,0,-0.7660444431189779,-0.6427876096865395,DB02
202112110400,105,8.5,0,0,-0.7660444431189779,-0.6427876096865395,DB03
202112110500,105,8.1,0,0,-0.9396926207859084,-0.34202014332566855,DB02
202112110600,105,7.7,0,0,-0.7660444431189779,-0.6427876096865395,DB02
202112110700,105,7.1,0,0,-0.7660444431189779,-0.6427876096865395,DB02
202112110800,105,7.3,0,0,-0.9396926207859084,-0.34202014332566855,DB02
202112110900,105,8.5,0,0,-0.9396926207859084,-0.34202014332566855,DB02
202112111000,105,9.7,0,0,-0.7660444431189779,-0.6427876096865395,DB03
202112111100,105,11.2,0,0,-0.7660444431189779,-0.6427876096865395,DB03
202112111200,105,11.6,0,0,-0.7660444431189779,-0.6427876096865395,DB04
202112111300,105,13.6,0,0,-1.0,-1.8369701987210297e-16,DB02
202112111400,105,14.4,0,0,0.766044443118978,0.6427876096865394,DB02
202112111500,105,14.0,0,0,0.3420201433256687,0.9396926207859084,DB04
202112111600,105,14.5,0,0,0.9396926207859083,0.3420201433256688,DB03
202112111700,105,12.7,0,0,0.0,1.0,DB03
202112111800,105,11.2,0,0,-0.34202014332566866,-0.9396926207859084,DB03
202112111900,105,9.7,0,0,-0.34202014332566866,-0.9396926207859084,DB03
202112112000,105,9.2,0,0,-0.7660444431189779,-0.6427876096865395,DB03
202112112100,105,10.2,0,0,-0.34202014332566866,-0.9396926207859084,DB03
202112112200,105,10.2,0,0,-0.7660444431189779,-0.6427876096865395,DB04
202112112300,105,10.1,0,0,-0.7660444431189779,-0.6427876096865395,DB04
202112120000,105,9.8,0,0,-0.7660444431189779,-0.6427876096865395,DB04
202112120100,105,9.7,0,0,-0.34202014332566866,-0.9396926207859084,DB03
202112120200,105,9.6,0,0,-0.9396926207859084,-0.34202014332566855,DB04
202112120300,105,9.3,0,0,-0.7660444431189779,-0.6427876096865395,DB04
202112120400,105,8.9,0,0,-0.7660444431189779,-0.6427876096865395,DB04
202112120500,105,8.6,0,0,-0.7660444431189779,-0.6427876096865395,DB04
202112120600,105,8.0,0,0,-0.9396926207859084,-0.34202014332566855,DB04
202112120700,105,7.7,0,0,-0.7660444431189779,-0.6427876096865395,DB04
202112120800,105,7.0,0,0,-0.7660444431189779,-0.6427876096865395,DB04
202112120900,105,6.6,0,0,-0.9396926207859083,0.342020143325669,DB04
202112121000,105,8.3,0,0,-0.34202014332566866,-0.9396926207859084,DB03
202112121100,105,11.1,0,0,0.9396926207859084,-0.3420201433256687,DB02
202112121200,105,11.4,0,0,-0.7660444431189779,-0.6427876096865395,DB01
202112121300,105,10.5,0,0,-0.9396926207859084,-0.34202014332566855,DB01
202112121400,105,9.7,0,0,-0.9396926207859084,-0.34202014332566855,DB01
202112121500,105,9.4,0,0,-0.9396926207859084,-0.34202014332566855,DB01
202112121600,105,8.6,0,0,-0.9396926207859084,-0.34202014332566855,DB01
202112121700,105,6.8,0,0,-0.9396926207859084,-0.34202014332566855,DB01
202112121800,105,5.7,0,0,-0.9396926207859084,-0.34202014332566855,DB01
202112121900,105,4.6,0,0,-1.0,-1.8369701987210297e-16,DB01
202112122000,105,3.5,0,0,-0.9396926207859084,-0.34202014332566855,DB01
202112122100,105,2.5,0,0,-0.7660444431189779,-0.6427876096865395,DB01
202112122200,105,1.7,0,0,-0.7660444431189779,-0.6427876096865395,DB01
202112122300,105,1.0,0,0,-0.9396926207859084,-0.34202014332566855,DB01
202112130000,105,0.4,0,0,-0.9396926207859084,-0.34202014332566855,DB01
202112130100,105,-0.1,0,0,-0.7660444431189779,-0.6427876096865395,DB01
202112130200,105,-0.6,0,0,-0.7660444431189779,-0.6427876096865395,DB01
202112130300,105,-1.1,0,0,-0.7660444431189779,-0.6427876096865395,DB01
202112130400,105,-1.5,0,0,-0.7660444431189779,-0.6427876096865395,DB01
202112130500,105,-1.6,0,0,-0.7660444431189779,-0.6427876096865395,DB01
202112130600,105,-1.6,0,0,-0.7660444431189779,-0.6427876096865395,DB01
202112130700,105,-1.7,0,0,-0.7660444431189779,-0.6427876096865395,DB01
202112130800,105,-1.5,0,0,-0.7660444431189779,-0.6427876096865395,DB01
202112130900,105,0.4,0,0,-0.7660444431189779,-0.6427876096865395,DB01
202112131000,105,2.4,0,0,-0.7660444431189779,-0.6427876096865395,DB01
202112131100,105,4.3,0,0,-0.9396926207859084,-0.34202014332566855,DB01
202112131200,105,6.8,0,0,0.3420201433256689,-0.9396926207859083,DB01
202112131300,105,8.6,0,0,0.6427876096865395,-0.7660444431189779,DB01
202112131400,105,8.8,0,0,0.766044443118978,0.6427876096865394,DB01
202112131500,105,9.0,0,0,0.766044443118978,0.6427876096865394,DB01
202112131600,105,8.5,0,0,0.9396926207859083,0.3420201433256688,DB01
202112131700,105,6.2,0,0,-0.34202014332566866,-0.9396926207859084,DB01
202112131800,105,4.0,0,0,-0.9396926207859084,-0.34202014332566855,DB01
202112131900,105,3.0,0,0,-0.7660444431189779,-0.6427876096865395,DB01
202112132000,105,2.4,0,0,-0.7660444431189779,-0.6427876096865395,DB01
202112132100,105,2.3,0,0,-0.7660444431189779,-0.6427876096865395,DB01
202112132200,105,2.2,0,0,-0.7660444431189779,-0.6427876096865395,DB01
202112132300,105,2.0,0,0,-0.7660444431189779,-0.6427876096865395,DB01
202112140000,105,1.9,0,0,-0.7660444431189779,-0.6427876096865395,DB01
202112140100,105,1.8,0,0,-0.7660444431189779,-0.6427876096865395,DB01
202112140200,105,2.2,0,0,-0.7660444431189779,-0.6427876096865395,DB01
202112140300,105,2.6,0,0,-0.7660444431189779,-0.6427876096865395,DB01
202112140400,105,2.9,0,0,-0.7660444431189779,-0.6427876096865395,DB01
202112140500,105,3.1,0,0,-0.7660444431189779,-0.6427876096865395,DB01
202112140600,105,3.3,0,0,-0.7660444431189779,-0.6427876096865395,DB01
202112140700,105,3.6,0,0,-0.7660444431189779,-0.6427876096865395,DB01
202112140800,105,3.9,0,0,-0.7660444431189779,-0.6427876096865395,DB01
202112140900,105,5.1,0,0,-0.7660444431189779,-0.6427876096865395,DB01
202112141000,105,6.2,0,0,-0.7660444431189779,-0.6427876096865395,DB01
202112141100,105,7.4,0,0,-0.7660444431189779,-0.6427876096865395,DB01
202112141200,105,8.6,0,0,-0.7660444431189779,-0.6427876096865395,DB01
202112141300,105,9.2,0,0,-0.7660444431189779,-0.6427876096865395,DB01
202112141400,105,9.3,0,0,-0.7660444431189779,-0.6427876096865395,DB01
202112141500,105,9.1,0,0,-0.7660444431189779,-0.6427876096865395,DB01
202112141600,105,7.9,0,0,-0.7660444431189779,-0.6427876096865395,DB01
202112141700,105,7.0,0,0,-0.34202014332566866,-0.9396926207859084,DB01
202112141800,105,6.2,0,0,1.2246467991473532e-16,-1.0,DB01
202112141900,105,6.4,0,0,-0.34202014332566866,-0.9396926207859084,DB01
202112142000,105,6.6,0,0,-0.34202014332566866,-0.9396926207859084,DB01
202112142100,105,6.9,0,0,-0.7660444431189779,-0.6427876096865395,DB01
202112142200,105,7.3,0,0,-0.34202014332566866,-0.9396926207859084,DB03
202112142300,105,7.7,0,0,-0.34202014332566866,-0.9396926207859084,DB02
202112150000,105,6.6,0,0,0.0,1.0,DB01
202112150100,105,6.3,0,0,1.2246467991473532e-16,-1.0,DB03
202112150200,105,8.2,0,0,-0.7660444431189779,-0.6427876096865395,DB03
202112150300,105,8.4,0,0,-0.7660444431189779,-0.6427876096865395,DB04
202112150400,105,8.7,0,0,-0.9396926207859084,-0.34202014332566855,DB04
202112150500,105,9.2,0,0,-0.34202014332566866,-0.9396926207859084,DB04
202112150600,105,9.4,0,0,-0.7660444431189779,-0.6427876096865395,DB04
202112150700,105,9.5,0,0,-0.9396926207859084,-0.34202014332566855,DB04
202112150800,105,9.7,0,0,-0.34202014332566866,-0.9396926207859084,DB04
202112150900,105,10.0,0,0,-0.34202014332566866,-0.9396926207859084,DB04
202112151000,105,10.4,0,0,-0.7660444431189779,-0.6427876096865395,DB04
202112151100,105,10.3,0,0,-0.34202014332566866,-0.9396926207859084,DB03
202112151200,105,10.4,0,0,-0.7660444431189779,-0.6427876096865395,DB04
202112151300,105,10.7,0,0,1.2246467991473532e-16,-1.0,DB04
202112151400,105,10.9,0,0,-0.34202014332566866,-0.9396926207859084,DB03
202112151500,105,11.3,0,0,-0.34202014332566866,-0.9396926207859084,DB02
202112151600,105,11.3,0,0,-0.7660444431189779,-0.6427876096865395,DB01
202112151700,105,10.4,0,0,-0.34202014332566866,-0.9396926207859084,DB01
202112151800,105,9.7,0,0,-0.7660444431189779,-0.6427876096865395,DB01
202112151900,105,9.6,0,0,-0.7660444431189779,-0.6427876096865395,DB01
202112152000,105,9.2,0,0,-0.7660444431189779,-0.6427876096865395,DB03
202112152100,105,8.8,0,0,-0.7660444431189779,-0.6427876096865395,DB01
202112152200,105,8.6,0,0,-0.7660444431189779,-0.6427876096865395,DB01
202112152300,105,8.0,0,0,-0.7660444431189779,-0.6427876096865395,DB02
202112160000,105,7.7,0,0,-0.34202014332566866,-0.9396926207859084,DB02
202112160100,105,6.9,0,0,1.2246467991473532e-16,-1.0,DB03
202112160200,105,8.1,0,0,-0.7660444431189779,-0.6427876096865395,DB03
202112160300,105,8.5,0,0,-0.7660444431189779,-0.6427876096865395,DB03
202112160400,105,8.5,0,0,-0.7660444431189779,-0.6427876096865395,DB04
202112160500,105,8.3,0,0,-0.34202014332566866,-0.9396926207859084,DB04
202112160600,105,8.4,0,0,-0.7660444431189779,-0.6427876096865395,DB04
202112160700,105,8.1,0,0,-0.9396926207859084,-0.34202014332566855,DB04
202112160800,105,7.8,0,0,-0.9396926207859084,-0.34202014332566855,DB04
202112160900,105,8.0,0,0,-0.9396926207859084,-0.34202014332566855,DB04
202112161000,105,8.8,0,0,-0.7660444431189779,-0.6427876096865395,DB04
202112161100,105,9.8,0,0,-0.34202014332566866,-0.9396926207859084,DB04
202112161200,105,10.3,0,0,-0.7660444431189779,-0.6427876096865395,DB04
202112161300,105,12.5,0,0,-0.7660444431189779,-0.6427876096865395,DB01
202112161400,105,13.8,0,0,-0.7660444431189779,-0.6427876096865395,DB01
202112161500,105,13.0,0,0,-0.34202014332566866,-0.9396926207859084,DB03
202112161600,105,11.8,0,0,-0.7660444431189779,-0.6427876096865395,DB03
202112161700,105,10.4,0,0,-0.7660444431189779,-0.6427876096865395,DB03
202112161800,105,9.5,0,0,-0.7660444431189779,-0.6427876096865395,DB03
202112161900,105,8.9,0,0,-0.7660444431189779,-0.6427876096865395,DB03
202112162000,105,8.7,0,0,-0.7660444431189779,-0.6427876096865395,DB04
202112162100,105,8.9,0,0,-0.7660444431189779,-0.6427876096865395,DB04
202112162200,105,8.7,0,0,-0.7660444431189779,-0.6427876096865395,DB03
202112162300,105,8.1,0,0,-0.7660444431189779,-0.6427876096865395,DB03
202112170000,105,7.7,0,0,-0.9396926207859083,0.342020143325669,DB03
202112170100,105,7.7,0,0,-0.7660444431189779,-0.6427876096865395,DB03
202112170200,105,7.9,0,0,-1.0,-1.8369701987210297e-16,DB03
202112170300,105,7.2,0,0,-0.7660444431189779,-0.6427876096865395,DB03
202112170400,105,6.3,0,0,-0.9396926207859084,-0.34202014332566855,DB03
202112170500,105,5.1,0,0,-1.0,-1.8369701987210297e-16,DB03
202112170600,105,3.9,0,0,-0.9396926207859083,0.342020143325669,DB01
202112170700,105,2.6,0,0,-1.0,-1.8369701987210297e-16,DB01
202112170800,105,1.6,0,0,1.2246467991473532e-16,-1.0,DB01
202112170900,105,2.3,0,0,-0.9396926207859084,-0.34202014332566855,DB01
202112171000,105,2.8,0,0,-0.9396926207859084,-0.34202014332566855,DB01
202112171100,105,2.8,0,0,-1.0,-1.8369701987210297e-16,DB01
202112171200,105,2.5,0,0,-0.9396926207859084,-0.34202014332566855,DB01
202112171300,105,1.5,0,0,-0.9396926207859084,-0.34202014332566855,DB01
202112171400,105,0.6,0,0,-0.9396926207859084,-0.34202014332566855,DB01
202112171500,105,1.2,0,0,-0.7660444431189779,-0.6427876096865395,DB01
202112171600,105,-0.5,0,0,-0.9396926207859084,-0.34202014332566855,DB01
202112171700,105,-2.0,0,0,-1.0,-1.8369701987210297e-16,DB01
202112171800,105,-3.3,0,0,-0.9396926207859084,-0.34202014332566855,DB01
202112171900,105,-4.1,0,0,-0.9396926207859084,-0.34202014332566855,DB01
202112172000,105,-4.7,0,0,-1.0,-1.8369701987210297e-16,DB01
202112172100,105,-5.3,0,0,-0.9396926207859084,-0.34202014332566855,DB01
202112172200,105,-6.1,0,0,-0.9396926207859084,-0.34202014332566855,DB01
202112172300,105,-6.8,0,0,-0.7660444431189779,-0.6427876096865395,DB01
202112180000,105,-7.1,0,0,-0.9396926207859084,-0.34202014332566855,DB01
202112180100,105,-7.4,0,0,-0.7660444431189779,-0.6427876096865395,DB01
202112180200,105,-7.6,0,0,-0.7660444431189779,-0.6427876096865395,DB01
202112180300,105,-7.3,0,0,-0.7660444431189779,-0.6427876096865395,DB01
202112180400,105,-7.2,0,0,-0.7660444431189779,-0.6427876096865395,DB01
202112180500,105,-7.2,0,0,-0.7660444431189779,-0.6427876096865395,DB01
202112180600,105,-6.7,0,0,-0.7660444431189779,-0.6427876096865395,DB01
202112180700,105,-6.5,0,0,-0.7660444431189779,-0.6427876096865395,DB01
202112180800,105,-5.8,0,0,-0.7660444431189779,-0.6427876096865395,DB01
202112180900,105,-3.6,0,0,-0.7660444431189779,-0.6427876096865395,DB01
202112181000,105,-1.3,0,0,-0.7660444431189779,-0.6427876096865395,DB01
202112181100,105,1.5,0,0,0.3420201433256689,-0.9396926207859083,DB01
202112181200,105,3.4,0,0,0.3420201433256689,-0.9396926207859083,DB01
202112181300,105,4.6,0,0,0.766044443118978,0.6427876096865394,DB01
202112181400,105,5.9,0,0,-1.0,-1.8369701987210297e-16,DB01
202112181500,105,3.5,0,0,-0.7660444431189779,-0.6427876096865395,DB03
202112181600,105,2.5,0,0,-0.7660444431189779,-0.6427876096865395,DB03
202112181700,105,1.1,0,0,-0.9396926207859084,-0.34202014332566855,DB02
202112181800,105,0.7,0,0,-0.9396926207859084,-0.34202014332566855,DB02
202112181900,105,0.5,0,0,-0.9396926207859084,-0.34202014332566855,DB02
202112182000,105,0.7,0,0,-0.9396926207859084,-0.34202014332566855,DB01
202112182100,105,0.7,0,0,-0.7660444431189779,-0.6427876096865395,DB02
202112182200,105,1.0,0,0,-0.7660444431189779,-0.6427876096865395,DB02
202112182300,105,1.5,0,0,-1.0,-1.8369701987210297e-16,DB03
202112190000,105,1.7,0,0,-0.7660444431189779,-0.6427876096865395,DB03
202112190100,105,2.0,0,0,-0.7660444431189779,-0.6427876096865395,DB04
202112190200,105,1.6,0,0,1.2246467991473532e-16,-1.0,DB03
202112190300,105,1.5,0,0,0.3420201433256689,-0.9396926207859083,DB03
202112190400,105,1.9,0,0,-0.9396926207859084,-0.34202014332566855,DB02
202112190500,105,1.2,0,0,-0.9396926207859084,-0.34202014332566855,DB01
202112190600,105,0.2,0,0,-0.9396926207859084,-0.34202014332566855,DB02
202112190700,105,-0.5,0,0,-0.7660444431189779,-0.6427876096865395,DB01
202112190800,105,-0.6,0,0,-0.7660444431189779,-0.6427876096865395,DB01
202112190900,105,0.2,0,0,-0.7660444431189779,-0.6427876096865395,DB01
202112191000,105,1.3,0,0,-0.7660444431189779,-0.6427876096865395,DB01
202112191100,105,3.3,0,0,-0.7660444431189779,-0.6427876096865395,DB01
202112191200,105,4.2,0,0,-0.7660444431189779,-0.6427876096865395,DB01
202112191300,105,4.9,0,0,-0.9396926207859084,-0.34202014332566855,DB01
202112191400,105,6.2,0,0,-1.0,-1.8369701987210297e-16,DB01
202112191500,105,6.7,0,0,-0.9396926207859084,-0.34202014332566855,DB01
202112191600,105,5.7,0,0,-0.7660444431189779,-0.6427876096865395,DB01
202112191700,105,4.1,0,0,-0.7660444431189779,-0.6427876096865395,DB01
202112191800,105,3.6,0,0,-0.7660444431189779,-0.6427876096865395,DB01
202112191900,105,3.5,0,0,-0.7660444431189779,-0.6427876096865395,DB01
202112192000,105,3.4,0,0,-0.9396926207859084,-0.34202014332566855,DB02
202112192100,105,4.2,0,0,-0.9396926207859084,-0.34202014332566855,DB03
202112192200,105,4.2,0,0,-0.34202014332566866,-0.9396926207859084,DB02
202112192300,105,3.9,0,0,-0.7660444431189779,-0.6427876096865395,DB01
202112200000,105,4.2,0,0,-0.9396926207859084,-0.34202014332566855,DB01
202112200100,105,4.5,0,0,-0.34202014332566866,-0.9396926207859084,DB01
202112200200,105,4.7,0,0,-0.7660444431189779,-0.6427876096865395,DB01
202112200300,105,5.5,0,0,-0.34202014332566866,-0.9396926207859084,DB01
202112200400,105,5.9,0,0,-0.34202014332566866,-0.9396926207859084,DB03
202112200500,105,6.2,0,0,1.2246467991473532e-16,-1.0,DB03
202112200600,105,6.8,0,0,1.2246467991473532e-16,-1.0,DB03
202112200700,105,6.7,0,0,-0.34202014332566866,-0.9396926207859084,DB01
202112200800,105,7.4,0,0,-0.34202014332566866,-0.9396926207859084,DB03
202112200900,105,8.2,0,0,-0.34202014332566866,-0.9396926207859084,DB02
202112201000,105,9.1,0,0,-0.34202014332566866,-0.9396926207859084,DB02
202112201100,105,10.4,0,0,-0.34202014332566866,-0.9396926207859084,DB01
202112201200,105,11.1,0,0,-0.7660444431189779,-0.6427876096865395,DB01
202112201300,105,11.6,0,0,-0.7660444431189779,-0.6427876096865395,DB01
202112201400,105,10.7,0,0,-0.9396926207859084,-0.34202014332566855,DB01
202112201500,105,10.4,0,0,-0.9396926207859084,-0.34202014332566855,DB01
202112201600,105,10.5,0,0,-0.7660444431189779,-0.6427876096865395,DB01
202112201700,105,10.3,0,0,-0.7660444431189779,-0.6427876096865395,DB01
202112201800,105,10.1,0,0,-0.9396926207859084,-0.34202014332566855,DB01
202112201900,105,10.0,0,0,-0.7660444431189779,-0.6427876096865395,DB01
202112202000,105,10.2,0,0,-0.9396926207859084,-0.34202014332566855,DB01
202112202100,105,10.5,0,0,-0.7660444431189779,-0.6427876096865395,DB01
202112202200,105,10.6,0,0,-0.7660444431189779,-0.6427876096865395,DB01
202112202300,105,10.5,0,0,-0.7660444431189779,-0.6427876096865395,DB01
202112210000,105,10.6,0,0,-0.9396926207859084,-0.34202014332566855,DB01
202112210100,105,10.4,0,0,-0.9396926207859084,-0.34202014332566855,DB01
202112210200,105,10.5,0,0,-0.9396926207859084,-0.34202014332566855,DB01
202112210300,105,10.5,0,0,-0.9396926207859084,-0.34202014332566855,DB01
202112210400,105,10.3,0,0,-0.7660444431189779,-0.6427876096865395,DB01
202112210500,105,10.2,0,0,-0.7660444431189779,-0.6427876096865395,DB01
202112210600,105,10.0,0,0,-0.7660444431189779,-0.6427876096865395,DB01
202112210700,105,9.8,0,0,-0.34202014332566866,-0.9396926207859084,DB01
202112210800,105,9.8,0,0,-0.7660444431189779,-0.6427876096865395,DB01
202112210900,105,10.6,0,0,-0.7660444431189779,-0.6427876096865395,DB01
202112211000,105,11.5,0,0,-0.7660444431189779,-0.6427876096865395,DB01
202112211100,105,12.7,0,0,-0.7660444431189779,-0.6427876096865395,DB01
202112211200,105,13.4,0,0,-0.7660444431189779,-0.6427876096865395,DB01
202112211300,105,13.7,0,0,-0.7660444431189779,-0.6427876096865395,DB01
202112211400,105,14.2,0,0,-0.7660444431189779,-0.6427876096865395,DB01
202112211500,105,14.1,0,0,-0.7660444431189779,-0.6427876096865395,DB01
202112211600,105,13.4,0,0,-0.7660444431189779,-0.6427876096865395,DB01
202112211700,105,12.1,0,0,-0.9396926207859084,-0.34202014332566855,DB04
202112211800,105,11.2,0,0,-0.7660444431189779,-0.6427876096865395,DB01
202112211900,105,10.5,0,0,-0.7660444431189779,-0.6427876096865395,DB04
202112212000,105,9.8,0,0,-0.9396926207859084,-0.34202014332566855,DB01
202112212100,105,8.9,0,0,-0.7660444431189779,-0.6427876096865395,DB01
202112212200,105,7.7,0,0,-0.7660444431189779,-0.6427876096865395,DB01
202112212300,105,7.1,0,0,-1.0,-1.8369701987210297e-16,DB01
202112220000,105,6.1,0,0,0.3420201433256689,-0.9396926207859083,DB01
202112220100,105,5.7,0,0,-1.0,-1.8369701987210297e-16,DB01
202112220200,105,4.1,0,0,-0.9396926207859084,-0.34202014332566855,DB01
202112220300,105,3.4,0,0,-0.7660444431189779,-0.6427876096865395,DB01
202112220400,105,2.9,0,0,-0.7660444431189779,-0.6427876096865395,DB01
202112220500,105,2.4,0,0,-0.7660444431189779,-0.6427876096865395,DB01
202112220600,105,2.4,0,0,-0.9396926207859084,-0.34202014332566855,DB01
202112220700,105,2.1,0,0,-0.7660444431189779,-0.6427876096865395,DB02
202112220800,105,1.9,0,0,-0.9396926207859084,-0.34202014332566855,DB03
202112220900,105,3.4,0,0,-0.9396926207859084,-0.34202014332566855,DB04
202112221000,105,4.4,0,0,-0.9396926207859084,-0.34202014332566855,DB03
202112221100,105,6.2,0,0,-0.6427876096865396,0.7660444431189778,DB04
202112221200,105,8.6,0,0,-0.6427876096865396,0.7660444431189778,DB03
202112221300,105,8.7,0,0,-0.6427876096865396,0.7660444431189778,DB04
202112221400,105,7.4,0,0,-0.6427876096865396,0.7660444431189778,DB04
202112221500,105,7.3,0,0,-0.6427876096865396,0.7660444431189778,DB04
202112221600,105,6.5,0,0,-0.6427876096865396,0.7660444431189778,DB03
202112221700,105,6.3,0,0,-0.9396926207859083,0.342020143325669,DB03
202112221800,105,6.2,100,1,0.0,1.0,DB02
202112221900,105,6.2,0,0,-1.0,-1.8369701987210297e-16,DB01
202112222000,105,5.9,0,0,-0.7660444431189779,-0.6427876096865395,DB03
202112222100,105,5.3,0,0,-0.9396926207859084,-0.34202014332566855,DB02
202112222200,105,4.3,0,0,-0.9396926207859084,-0.34202014332566855,DB01
202112222300,105,3.9,0,0,-0.7660444431189779,-0.6427876096865395,DB01
202112230000,105,3.3,0,0,-0.7660444431189779,-0.6427876096865395,DB01
202112230100,105,3.1,0,0,-0.7660444431189779,-0.6427876096865395,DB01
202112230200,105,2.6,0,0,-0.7660444431189779,-0.6427876096865395,DB01
202112230300,105,2.5,0,0,-0.7660444431189779,-0.6427876096865395,DB01
202112230400,105,2.8,0,0,-0.7660444431189779,-0.6427876096865395,DB01
202112230500,105,2.2,0,0,-0.7660444431189779,-0.6427876096865395,DB01
202112230600,105,1.9,0,0,-0.9396926207859084,-0.34202014332566855,DB01
202112230700,105,1.9,0,0,-0.7660444431189779,-0.6427876096865395,DB01
202112230800,105,1.8,0,0,-0.7660444431189779,-0.6427876096865395,DB01
202112230900,105,3.3,0,0,-0.7660444431189779,-0.6427876096865395,DB01
202112231000,105,6.3,0,0,-0.7660444431189779,-0.6427876096865395,DB01
202112231100,105,8.6,0,0,1.2246467991473532e-16,-1.0,DB01
202112231200,105,10.6,0,0,1.0,6.123233995736766e-17,DB01
202112231300,105,10.4,0,0,0.0,1.0,DB01
202112231400,105,10.8,0,0,0.9396926207859083,0.3420201433256688,DB01
202112231500,105,10.4,0,0,-0.6427876096865396,0.7660444431189778,DB01
202112231600,105,9.5,0,0,0.0,1.0,DB01
202112231700,105,8.1,0,0,-0.6427876096865396,0.7660444431189778,DB02
202112231800,105,6.7,0,0,-1.0,-1.8369701987210297e-16,DB01
202112231900,105,4.8,0,0,-0.7660444431189779,-0.6427876096865395,DB01
202112232000,105,3.6,0,0,-0.9396926207859084,-0.34202014332566855,DB03
202112232100,105,3.1,0,0,-0.7660444431189779,-0.6427876096865395,DB02
202112232200,105,2.9,0,0,-0.7660444431189779,-0.6427876096865395,DB03
202112232300,105,3.3,0,0,-0.7660444431189779,-0.6427876096865395,DB03
202112240000,105,3.3,0,0,0.0,1.0,DB03
202112240100,105,3.6,0,0,-0.7660444431189779,-0.6427876096865395,DB03
202112240200,105,3.3,0,0,-0.34202014332566866,-0.9396926207859084,DB03
202112240300,105,3.6,0,0,-0.7660444431189779,-0.6427876096865395,DB03
202112240400,105,3.4,0,0,-0.7660444431189779,-0.6427876096865395,DB03
202112240500,105,4.1,0,0,-0.9396926207859084,-0.34202014332566855,DB03
202112240600,105,4.5,0,0,-0.9396926207859084,-0.34202014332566855,DB03
202112240700,105,4.3,0,0,-0.9396926207859084,-0.34202014332566855,DB04
202112240800,105,4.7,0,0,-0.9396926207859084,-0.34202014332566855,DB04
202112240900,105,4.9,0,0,-0.9396926207859084,-0.34202014332566855,DB04
202112241000,105,6.3,0,0,-0.9396926207859084,-0.34202014332566855,DB04
202112241100,105,7.7,0,0,-0.3420201433256686,0.9396926207859084,DB03
202112241200,105,8.5,0,0,0.3420201433256687,0.9396926207859084,DB03
202112241300,105,7.9,0,0,-0.3420201433256686,0.9396926207859084,DB04
202112241400,105,7.7,0,0,-0.6427876096865396,0.7660444431189778,DB04
202112241500,105,7.2,0,0,-0.6427876096865396,0.7660444431189778,DB04
202112241600,105,6.4,0,0,-0.6427876096865396,0.7660444431189778,DB04
202112241700,105,5.1,0,0,-0.6427876096865396,0.7660444431189778,DB04
202112241800,105,4.4,0,0,-1.0,-1.8369701987210297e-16,DB03
202112241900,105,4.5,0,0,-0.9396926207859084,-0.34202014332566855,DB03
202112242000,105,4.7,0,0,-0.6427876096865396,0.7660444431189778,DB03
202112242100,105,2.1,100,1,-0.9396926207859083,0.342020143325669,DB04
202112242200,105,1.3,0,0,-0.6427876096865396,0.7660444431189778,DB01
202112242300,105,1.1,0,0,-0.6427876096865396,0.7660444431189778,DB04
202112250000,105,0.8,100,1,-0.6427876096865396,0.7660444431189778,DB04
202112250100,105,0.8,0,0,-0.6427876096865396,0.7660444431189778,DB04
202112250200,105,0.5,0,0,-0.6427876096865396,0.7660444431189778,DB03
202112250300,105,0.2,100,1,-0.6427876096865396,0.7660444431189778,DB01
202112250400,105,0.1,0,0,-0.6427876096865396,0.7660444431189778,DB04
202112250500,105,-0.5,0,0,-0.7660444431189779,-0.6427876096865395,DB04
202112250600,105,-1.3,100,1,-0.7660444431189779,-0.6427876096865395,DB04
202112250700,105,-2.5,0,0,-0.9396926207859084,-0.34202014332566855,DB04
202112250800,105,-3.6,0,0,-0.9396926207859084,-0.34202014332566855,DB04
202112250900,105,-4.1,0,0,-0.7660444431189779,-0.6427876096865395,DB04
202112251000,105,-4.4,0,0,-0.7660444431189779,-0.6427876096865395,DB03
202112251100,105,-3.8,0,0,-0.7660444431189779,-0.6427876096865395,DB03
202112251200,105,-1.5,0,0,-0.9396926207859084,-0.34202014332566855,DB03
202112251300,105,-0.7,0,0,-0.7660444431189779,-0.6427876096865395,DB01
202112251400,105,-0.2,0,0,-0.9396926207859084,-0.34202014332566855,DB01
202112251500,105,-1.1,0,0,-1.0,-1.8369701987210297e-16,DB01
202112251600,105,-1.5,0,0,-1.0,-1.8369701987210297e-16,DB01
202112251700,105,-4.1,0,0,-1.0,-1.8369701987210297e-16,DB02
202112251800,105,-5.5,0,0,-1.0,-1.8369701987210297e-16,DB01
202112251900,105,-6.2,0,0,-0.9396926207859084,-0.34202014332566855,DB01
202112252000,105,-6.9,0,0,-0.9396926207859084,-0.34202014332566855,DB02
202112252100,105,-7.8,0,0,-0.7660444431189779,-0.6427876096865395,DB02
202112252200,105,-8.4,0,0,-0.7660444431189779,-0.6427876096865395,DB02
202112252300,105,-8.9,0,0,-0.7660444431189779,-0.6427876096865395,DB02
202112260000,105,-9.4,0,0,-0.9396926207859084,-0.34202014332566855,DB02
202112260100,105,-10.0,0,0,-0.9396926207859084,-0.34202014332566855,DB02
202112260200,105,-10.3,0,0,-0.7660444431189779,-0.6427876096865395,DB02
202112260300,105,-10.7,0,0,-0.7660444431189779,-0.6427876096865395,DB02
202112260400,105,-11.1,0,0,-0.7660444431189779,-0.6427876096865395,DB02
202112260500,105,-11.4,0,0,-0.7660444431189779,-0.6427876096865395,DB02
202112260600,105,-11.5,0,0,-0.7660444431189779,-0.6427876096865395,DB02
202112260700,105,-11.9,0,0,-0.7660444431189779,-0.6427876096865395,DB03
202112260800,105,-11.9,0,0,-0.9396926207859084,-0.34202014332566855,DB02
202112260900,105,-10.3,0,0,-0.7660444431189779,-0.6427876096865395,DB02
202112261000,105,-8.6,0,0,-0.7660444431189779,-0.6427876096865395,DB02
202112261100,105,-6.7,0,0,-0.7660444431189779,-0.6427876096865395,DB01
202112261200,105,-4.6,0,0,-0.9396926207859084,-0.34202014332566855,DB01
202112261300,105,-2.7,0,0,0.3420201433256689,-0.9396926207859083,DB01
202112261400,105,-1.0,0,0,1.0,6.123233995736766e-17,DB01
202112261500,105,-0.5,0,0,0.6427876096865395,-0.7660444431189779,DB01
202112261600,105,-2.8,0,0,1.2246467991473532e-16,-1.0,DB01
202112261700,105,-5.7,0,0,-0.34202014332566866,-0.9396926207859084,DB01
202112261800,105,-6.5,0,0,-0.9396926207859084,-0.34202014332566855,DB01
202112261900,105,-7.0,0,0,1.2246467991473532e-16,-1.0,DB01
202112262000,105,-7.2,0,0,1.2246467991473532e-16,-1.0,DB01
202112262100,105,-7.5,0,0,-0.34202014332566866,-0.9396926207859084,DB02
202112262200,105,-7.3,0,0,-0.7660444431189779,-0.6427876096865395,DB02
202112262300,105,-7.5,0,0,-0.7660444431189779,-0.6427876096865395,DB01
202112270000,105,-7.9,0,0,-0.9396926207859084,-0.34202014332566855,DB01
202112270100,105,-8.2,0,0,-0.7660444431189779,-0.6427876096865395,DB01
202112270200,105,-8.4,0,0,-0.7660444431189779,-0.6427876096865395,DB02
202112270300,105,-8.4,0,0,-0.7660444431189779,-0.6427876096865395,DB01
202112270400,105,-8.0,0,0,-0.9396926207859084,-0.34202014332566855,DB01
202112270500,105,-8.0,0,0,-0.7660444431189779,-0.6427876096865395,DB01
202112270600,105,-7.5,0,0,-0.9396926207859084,-0.34202014332566855,DB02
202112270700,105,-7.3,0,0,-0.7660444431189779,-0.6427876096865395,DB01
202112270800,105,-6.8,0,0,-0.7660444431189779,-0.6427876096865395,DB02
202112270900,105,-5.2,0,0,-0.7660444431189779,-0.6427876096865395,DB01
202112271000,105,-3.6,0,0,-0.7660444431189779,-0.6427876096865395,DB01
202112271100,105,-1.4,0,0,-0.9396926207859084,-0.34202014332566855,DB01
202112271200,105,2.2,0,0,0.6427876096865395,-0.7660444431189779,DB01
202112271300,105,3.3,0,0,0.3420201433256689,-0.9396926207859083,DB01
202112271400,105,5.2,0,0,0.6427876096865395,-0.7660444431189779,DB01
202112271500,105,3.8,0,0,-0.9396926207859084,-0.34202014332566855,DB01
202112271600,105,2.0,0,0,-0.9396926207859084,-0.34202014332566855,DB01
202112271700,105,0.2,0,0,-1.0,-1.8369701987210297e-16,DB01
202112271800,105,-0.3,0,0,-1.0,-1.8369701987210297e-16,DB01
202112271900,105,-0.2,0,0,1.2246467991473532e-16,-1.0,DB01
202112272000,105,-0.5,0,0,-0.7660444431189779,-0.6427876096865395,DB01
202112272100,105,-0.8,0,0,-1.0,-1.8369701987210297e-16,DB01
202112272200,105,-0.7,0,0,-0.7660444431189779,-0.6427876096865395,DB01
202112272300,105,-0.7,0,0,-0.7660444431189779,-0.6427876096865395,DB01
202112280000,105,-1.3,0,0,-0.7660444431189779,-0.6427876096865395,DB01
202112280100,105,-1.7,0,0,-0.7660444431189779,-0.6427876096865395,DB01
202112280200,105,-1.8,0,0,-0.7660444431189779,-0.6427876096865395,DB01
202112280300,105,-1.9,0,0,-0.7660444431189779,-0.6427876096865395,DB01
202112280400,105,-2.4,0,0,-0.7660444431189779,-0.6427876096865395,DB01
202112280500,105,-2.6,0,0,-0.9396926207859084,-0.34202014332566855,DB01
202112280600,105,-2.5,0,0,-0.7660444431189779,-0.6427876096865395,DB01
202112280700,105,-2.4,0,0,-0.7660444431189779,-0.6427876096865395,DB01
202112280800,105,-1.4,0,0,-0.7660444431189779,-0.6427876096865395,DB01
202112280900,105,0.4,0,0,-0.7660444431189779,-0.6427876096865395,DB01
202112281000,105,2.4,0,0,-0.34202014332566866,-0.9396926207859084,DB01
202112281100,105,4.3,0,0,-0.7660444431189779,-0.6427876096865395,DB01
202112281200,105,5.6,0,0,-0.9396926207859084,-0.34202014332566855,DB01
202112281300,105,6.9,0,0,-0.7660444431189779,-0.6427876096865395,DB01
202112281400,105,7.9,0,0,-0.7660444431189779,-0.6427876096865395,DB01
202112281500,105,6.8,0,0,-0.7660444431189779,-0.6427876096865395,DB01
202112281600,105,4.9,0,0,-0.7660444431189779,-0.6427876096865395,DB01
202112281700,105,3.7,0,0,-0.7660444431189779,-0.6427876096865395,DB01
202112281800,105,3.3,0,0,-0.7660444431189779,-0.6427876096865395,DB02
202112281900,105,3.5,0,0,-0.7660444431189779,-0.6427876096865395,DB03
202112282000,105,3.8,0,0,-0.7660444431189779,-0.6427876096865395,DB03
202112282100,105,3.8,0,0,-0.7660444431189779,-0.6427876096865395,DB02
202112282200,105,3.6,0,0,-0.7660444431189779,-0.6427876096865395,DB02
202112282300,105,3.7,0,0,-0.9396926207859084,-0.34202014332566855,DB04
202112290000,105,3.8,0,0,-0.34202014332566866,-0.9396926207859084,DB04
202112290100,105,3.6,0,0,-0.7660444431189779,-0.6427876096865395,DB04
202112290200,105,3.3,0,0,-0.7660444431189779,-0.6427876096865395,DB04
202112290300,105,3.2,0,0,-0.7660444431189779,-0.6427876096865395,DB04
202112290400,105,3.3,0,0,-0.7660444431189779,-0.6427876096865395,DB04
202112290500,105,3.6,0,0,-0.7660444431189779,-0.6427876096865395,DB04
202112290600,105,3.6,0,0,-0.7660444431189779,-0.6427876096865395,DB02
202112290700,105,3.8,0,0,-0.9396926207859084,-0.34202014332566855,DB02
202112290800,105,4.8,0,0,-0.9396926207859084,-0.34202014332566855,DB03
202112290900,105,5.1,0,0,-0.9396926207859084,-0.34202014332566855,DB02
202112291000,105,7.0,0,0,-0.9396926207859084,-0.34202014332566855,DB02
202112291100,105,7.9,0,0,-0.7660444431189779,-0.6427876096865395,DB01
202112291200,105,7.9,0,0,-0.34202014332566866,-0.9396926207859084,DB01
202112291300,105,7.2,0,0,-0.9396926207859084,-0.34202014332566855,DB03
202112291400,105,7.0,0,0,-0.7660444431189779,-0.6427876096865395,DB03
202112291500,105,7.2,0,0,-0.9396926207859084,-0.34202014332566855,DB03
202112291600,105,6.8,0,0,-0.7660444431189779,-0.6427876096865395,DB03
202112291700,105,6.2,0,0,-0.9396926207859084,-0.34202014332566855,DB03
202112291800,105,5.5,0,0,-0.9396926207859084,-0.34202014332566855,DB03
202112291900,105,5.3,0,0,-0.9396926207859084,-0.34202014332566855,DB03
202112292000,105,5.2,0,0,-0.9396926207859084,-0.34202014332566855,DB02
202112292100,105,4.9,0,0,-1.0,-1.8369701987210297e-16,DB03
202112292200,105,4.6,0,0,-0.9396926207859084,-0.34202014332566855,DB01
202112292300,105,3.7,0,0,-0.7660444431189779,-0.6427876096865395,DB02
202112300000,105,2.6,0,0,-0.7660444431189779,-0.6427876096865395,DB01
202112300100,105,1.8,0,0,-0.7660444431189779,-0.6427876096865395,DB01
202112300200,105,1.2,0,0,-0.7660444431189779,-0.6427876096865395,DB01
202112300300,105,0.5,0,0,-0.9396926207859084,-0.34202014332566855,DB01
202112300400,105,-0.4,0,0,-0.9396926207859084,-0.34202014332566855,DB01
202112300500,105,-1.0,0,0,-0.9396926207859084,-0.34202014332566855,DB01
202112300600,105,-1.5,0,0,-0.7660444431189779,-0.6427876096865395,DB01
202112300700,105,-2.0,0,0,-0.9396926207859084,-0.34202014332566855,DB01
202112300800,105,-2.4,0,0,-0.7660444431189779,-0.6427876096865395,DB01
202112300900,105,-1.6,0,0,-0.9396926207859084,-0.34202014332566855,DB01
202112301000,105,-0.1,0,0,-0.9396926207859084,-0.34202014332566855,DB01
202112301100,105,1.1,0,0,-0.6427876096865396,0.7660444431189778,DB01
202112301200,105,1.9,0,0,-0.9396926207859083,0.342020143325669,DB01
202112301300,105,2.5,0,0,-0.9396926207859083,0.342020143325669,DB01
202112301400,105,2.7,0,0,-0.6427876096865396,0.7660444431189778,DB02
202112301500,105,2.2,0,0,-1.0,-1.8369701987210297e-16,DB02
202112301600,105,1.7,0,0,-1.0,-1.8369701987210297e-16,DB01
202112301700,105,0.5,0,0,-1.0,-1.8369701987210297e-16,DB01
202112301800,105,-0.3,0,0,-1.0,-1.8369701987210297e-16,DB01
202112301900,105,-0.9,0,0,-0.9396926207859084,-0.34202014332566855,DB01
202112302000,105,-1.1,0,0,-0.9396926207859084,-0.34202014332566855,DB01
202112302100,105,-1.5,0,0,-0.9396926207859084,-0.34202014332566855,DB01
202112302200,105,-2.1,0,0,-0.9396926207859084,-0.34202014332566855,DB02
202112302300,105,-2.8,0,0,-1.0,-1.8369701987210297e-16,DB01
202112310000,105,-3.5,0,0,-0.9396926207859084,-0.34202014332566855,DB01
202112310100,105,-4.3,0,0,-0.7660444431189779,-0.6427876096865395,DB01
202112310200,105,-4.9,0,0,-0.34202014332566866,-0.9396926207859084,DB01
202112310300,105,-5.3,0,0,-0.7660444431189779,-0.6427876096865395,DB01
202112310400,105,-5.7,0,0,-0.7660444431189779,-0.6427876096865395,DB01
202112310500,105,-5.8,0,0,-0.7660444431189779,-0.6427876096865395,DB01
202112310600,105,-6.1,0,0,-0.7660444431189779,-0.6427876096865395,DB01
202112310700,105,-6.4,0,0,-0.7660444431189779,-0.6427876096865395,DB02
202112310800,105,-6.5,0,0,-0.34202014332566866,-0.9396926207859084,DB01
202112310900,105,-5.3,0,0,-0.7660444431189779,-0.6427876096865395,DB02
202112311000,105,-4.0,0,0,-0.7660444431189779,-0.6427876096865395,DB01
202112311100,105,-2.3,0,0,-0.7660444431189779,-0.6427876096865395,DB01
202112311200,105,-0.7,0,0,-0.34202014332566866,-0.9396926207859084,DB01
202112311300,105,0.3,0,0,-1.0,-1.8369701987210297e-16,DB01
202112311400,105,1.9,0,0,-1.0,-1.8369701987210297e-16,DB01
202112311500,105,1.5,0,0,-0.9396926207859084,-0.34202014332566855,DB01
202112311600,105,0.6,0,0,-0.9396926207859084,-0.34202014332566855,DB01
202112311700,105,-0.6,0,0,-0.7660444431189779,-0.6427876096865395,DB01
202112311800,105,-1.6,0,0,-0.7660444431189779,-0.6427876096865395,DB01
202112311900,105,-2.1,0,0,-0.7660444431189779,-0.6427876096865395,DB01
202112312000,105,-2.5,0,0,-0.7660444431189779,-0.6427876096865395,DB01
202112312100,105,-2.8,0,0,-0.7660444431189779,-0.6427876096865395,DB01
202112312200,105,-3.4,0,0,-0.7660444431189779,-0.6427876096865395,DB01
202112312300,105,-3.7,0,0,-0.7660444431189779,-0.6427876096865395,DB01
